ply
format ascii 1.0
element vertex 22122
property float x
property float y
property float z
property uchar red
property uchar green
property uchar blue
end_header
-21.8993 0.965185 169.647 0 255 0
-7.63084 1.80724 168.178 0 255 0
-82.6171 -36.3031 150.127 0 255 0
-94.0213 -37.7568 152.965 0 255 0
-41.6619 -8.90985 161.844 0 255 0
-60.3522 -5.84303 182.38 0 255 0
-73.9668 -5.33365 180.44 0 255 0
-34.6753 -5.77795 164.908 0 255 0
-73.385 -31.6536 152.821 0 255 0
-90.5202 -37.28 153.26 0 255 0
-21.1486 1.02605 165.85 0 255 0
-13.9763 1.14269 169.188 0 255 0
-49.1496 -14.9535 158.768 0 255 0
-57.4048 -5.59059 181.066 0 255 0
-57.5588 -5.13481 180.701 0 255 0
-18.8284 0.154873 167.404 0 255 0
-67.5251 42.0384 -52.6187  255 255 255
23.9129 -12.427 23.9082  255 255 255
59.4075 3.03652 -5.29265  255 255 255
59.6721 1.71529 -5.63546  255 255 255
57.7752 83.1453 -103.742  255 255 255
-13.759 -0.861843 31.5739  255 255 255
26.9221 40.1113 -89.6211  255 255 255
-12.6901 -3.84148 34.495  255 255 255
-17.4873 -0.761754 28.4585  255 255 255
-53.8239 48.6345 -59.0054  255 255 255
29.5078 66.6359 -98.7789  255 255 255
-57.768 41.8345 -61.3749  255 255 255
-36.5204 -55.8373 33.5525  255 255 255
-57.5439 45.3557 -57.995  255 255 255
-79.4983 18.4711 -61.8781  255 255 255
-70.8788 31.5573 -60.8416  255 255 255
-67.1007 34.3358 -61.052  255 255 255
-88.0678 47.0239 -38.5774  255 255 255
-73.2316 46.9124 -46.5785  255 255 255
-84.8878 34.1604 -50.6074  255 255 255
-90.1341 27.7638 -51.6133  255 255 255
-89.3005 26.4724 -53.4165  255 255 255
-79.7684 44.173 -45.9503  255 255 255
-73.8115 44.3936 -49.1429  255 255 255
-85.4632 39.1008 -46.5389  255 255 255
-72.8554 46.5435 -48.1241  255 255 255
-83.3888 43.012 -44.7295  255 255 255
-76.2009 37.9208 -49.6937  255 255 255
-67.1508 35.4397 -60.3962  255 255 255
11.1186 -31.7815 38.2336  255 255 255
-44.9435 53.4895 -61.1408  255 255 255
-78.0586 36.6069 -51.9259  255 255 255
-66.7149 38.0286 -58.4833  255 255 255
-64.9881 46.9607 -52.8256  255 255 255
-73.2912 45.9956 -47.7539  255 255 255
-59.2674 44.8022 -58.0957  255 255 255
-59.0203 45.5015 -57.9105  255 255 255
-79.7594 29.7013 -61.2143  255 255 255
-86.069 46.6209 -39.5614  255 255 255
-62.238 55.5996 -47.9456  255 255 255
-26.3782 63.1295 -65.5848  255 255 255
-8.80599 70.8532 -70.4829  255 255 255
16.9266 77.0819 -83.0448  255 255 255
-28.0133 65.5774 -62.8841  255 255 255
-40.7027 61.7223 -57.498  255 255 255
2.85557 75.5979 -74.9369  255 255 255
-0.0152237 -12.5729 39.9076  255 255 255
-7.06431 -1.39571 36.3388  255 255 255
-23.7466 -0.00275279 11.8192  255 255 255
55.4528 12.9107 -9.49676  255 255 255
-12.3153 3.33991 28.5312  255 255 255
3.44369 -2.01765 34.932  255 255 255
-3.09166 -2.96028 36.7324  255 255 255
-6.8485 -2.848 36.2451  255 255 255
30.2955 65.9809 -99.1961  255 255 255
-12.736 1.83689 29.748  255 255 255
-10.182 -4.44644 36.1176  255 255 255
30.297 65.9815 -99.1971  255 255 255
58.5118 35.0102 -38.0535  255 255 255
30.4413 60.0176 -104.033  255 255 255
-19.027 -9.20471 31.5279  255 255 255
-3.53799 54.7767 -86.2583  255 255 255
54.469 12.0972 -11.9697  255 255 255
-11.7153 -23.1493 39.3506  255 255 255
-24.7832 -30.9645 30.0371  255 255 255
-0.682526 -30.3411 43.1993  255 255 255
-2.56216 -3.5777 37.2833  255 255 255
-9.69644 -16.8267 38.2232  255 255 255
-9.12389 -20.4423 38.32  255 255 255
57.6776 10.5971 -4.91529  255 255 255
-4.796 -17.3024 39.242  255 255 255
66.6858 -20.7382 -2.94395  255 255 255
-12.0198 -18.3096 36.9491  255 255 255
5.80477 5.19049 24.2461  255 255 255
26.6802 35.8656 -81.5562  255 255 255
-0.905196 -19.2568 38.8583  255 255 255
-11.9789 -17.618 37.1511  255 255 255
-12.2018 -19.221 36.7313  255 255 255
34.9352 73.963 -96.6788  255 255 255
53.5459 75.8156 -105.691  255 255 255
59.0002 5.54437 -4.23789  255 255 255
-3.35594 -19.0299 38.9242  255 255 255
13.0961 56.2606 -96.0975  255 255 255
1.21106 -8.16001 38.6233  255 255 255
-6.64177 -13.5079 39.2462  255 255 255
-6.69508 -14.7144 39.3921  255 255 255
0.639711 -16.9239 39.2368  255 255 255
-15.1989 -13.7864 35.4319  255 255 255
-16.9357 -13.9716 34.2167  255 255 255
8.07361 49.6216 -97.8274  255 255 255
55.141 16.5831 -7.29359  255 255 255
-89.8043 41.2409 -41.4225  255 255 255
-42.5948 -54.1694 31.6998  255 255 255
-82.4118 40.3591 -47.1417  255 255 255
-88.9991 36.8483 -45.5693  255 255 255
-61.8784 53.5707 -49.881  255 255 255
-65.6653 50.9762 -48.6727  255 255 255
-62.9871 44.5336 -56.1033  255 255 255
-82.3694 43.5542 -45.1177  255 255 255
-86.9539 45.9511 -39.5106  255 255 255
-73.3925 43.3472 -50.2841  255 255 255
-71.9862 52.8112 -43.8097  255 255 255
-75.9745 42.3953 -49.709  255 255 255
-82.7936 48.2072 -40.329  255 255 255
-71.5617 50.8339 -45.5257  255 255 255
-75.6634 43.3718 -48.4655  255 255 255
-79.9556 40.4925 -44.1238  255 255 255
-86.3372 47.3205 -39.0608  255 255 255
-27.4581 0.466008 5.58502  255 255 255
-72.488 47.2925 -47.6154  255 255 255
-57.7301 47.3551 -56.995  255 255 255
-12.3665 -29.4446 41.5436  255 255 255
-15.9366 -28.875 40.0005  255 255 255
-12.0047 -29.4447 41.7722  255 255 255
-12.8132 0.437794 31.0473  255 255 255
-20.6821 -3.46669 26.7643  255 255 255
1.85668 67.1085 -80.6711  255 255 255
-3.86778 -8.13362 39.0159  255 255 255
-14.8345 61.8622 -74.0902  255 255 255
55.3104 17.3676 -6.80462  255 255 255
-8.61365 63.0504 -77.1572  255 255 255
-15.6243 62.0158 -72.9533  255 255 255
-5.0255 -9.31732 39.1027  255 255 255
56.9719 5.73012 -9.23709  255 255 255
-13.3338 64.0541 -73.0852  255 255 255
14.4223 59.8102 -93.9085  255 255 255
49.1152 84.291 -97.7603  255 255 255
-27.0972 61.3302 -66.011  255 255 255
-4.56667 -12.4091 39.6101  255 255 255
-0.789747 -8.0482 39.0148  255 255 255
58.3559 36.7734 -37.3461  255 255 255
49.1608 79.6083 -101.079  255 255 255
-2.38106 -2.32819 36.1985  255 255 255
23.6257 80.4403 -83.9916  255 255 255
-0.0805235 76.1823 -72.7306  255 255 255
58.3756 43.5768 -34.1243  255 255 255
-0.418728 -4.86004 37.8948  255 255 255
61.2015 34.0922 -31.4158  255 255 255
-16.2246 -10.6016 34.4246  255 255 255
59.2083 1.1494 -7.40033  255 255 255
64.5743 76.9438 -112.493  255 255 255
-17.5273 54.9731 -70.3175  255 255 255
-18.6802 1.43269 24.6504  255 255 255
30.3215 69.0423 -96.3264  255 255 255
26.1163 80.2997 -85.953  255 255 255
-15.5786 -11.4775 35.3064  255 255 255
-12.5205 -9.39835 36.7184  255 255 255
-7.92954 -12.2575 38.9243  255 255 255
-11.5396 -8.21166 36.8985  255 255 255
29.6839 73.3014 -93.7613  255 255 255
-1.72443 63.9511 -80.8003  255 255 255
52.0694 82.7835 -100.478  255 255 255
13.6949 70.6569 -84.3227  255 255 255
37.8094 81.7049 -92.8717  255 255 255
49.1471 80.9835 -100.204  255 255 255
2.42994 -7.67046 38.3753  255 255 255
-1.872 -8.30514 39.191  255 255 255
48.1357 79.3297 -100.929  255 255 255
68.4349 87.492 -107.742  255 255 255
-11.5775 -8.93237 37.0896  255 255 255
-3.46712 -7.54694 38.8827  255 255 255
74.8884 89.4123 -109.381  255 255 255
58.5693 37.811 -37.1039  255 255 255
36.1334 68.2815 -101.529  255 255 255
41.1482 68.2949 -104.583  255 255 255
-13.2513 -12.4664 36.6604  255 255 255
48.3384 81.945 -99.2357  255 255 255
58.2377 84.4025 -102.954  255 255 255
-11.5377 -8.20138 36.9466  255 255 255
60.4573 31.1444 -35.3681  255 255 255
-25.2784 61.4638 -67.4787  255 255 255
7.00816 67.5935 -83.4977  255 255 255
-3.13586 -13.7957 39.8123  255 255 255
-26.5645 67.3608 -62.3117  255 255 255
0.355385 75.0318 -73.9019  255 255 255
-22.8693 58.672 -71.0492  255 255 255
-25.2339 62.5338 -66.8155  255 255 255
56.9254 6.47669 -9.42264  255 255 255
59.0647 35.7461 -35.9275  255 255 255
-12.5957 -0.693884 31.9646  255 255 255
-5.09896 60.2763 -81.1592  255 255 255
-7.36612 -4.68975 37.1141  255 255 255
-9.44751 -10.1823 38.1624  255 255 255
-17.4311 55.698 -70.5397  255 255 255
21.5919 72.8734 -88.7142  255 255 255
14.4695 60.8152 -93.1183  255 255 255
-20.7131 -6.23589 28.4618  255 255 255
-13.2577 -0.800892 31.8104  255 255 255
-27.0591 53.9511 -72.2909  255 255 255
-26.3898 63.1105 -65.4764  255 255 255
-13.1727 60.4381 -76.3906  255 255 255
-17.3631 -5.0424 31.5733  255 255 255
46.1838 83.8346 -96.0212  255 255 255
-8.28118 -9.3933 38.2756  255 255 255
-9.38523 61.5833 -77.9041  255 255 255
-14.6415 -1.97824 31.4198  255 255 255
7.48021 75.9843 -77.3713  255 255 255
-8.9479 -11.9848 38.6069  255 255 255
-14.126 64.5108 -72.861  255 255 255
57.9612 11.2904 -3.29945  255 255 255
3.73626 -10.5712 38.9113  255 255 255
-11.4661 -4.16604 35.2947  255 255 255
55.8766 15.1509 -7.05907  255 255 255
3.39404 -4.77098 36.9824  255 255 255
56.9719 5.73012 -9.2371  255 255 255
-10.3121 -11.3496 38.0482  255 255 255
-5.24617 -4.91725 37.8484  255 255 255
-6.19613 66.642 -75.558  255 255 255
-4.94116 55.2064 -85.2051  255 255 255
-1.77271 75.7094 -71.9128  255 255 255
-5.72166 -5.55707 37.8755  255 255 255
0.86152 66.4446 -80.1644  255 255 255
-12.3904 67.4725 -71.2474  255 255 255
-1.71023 69.7562 -76.0919  255 255 255
-10.2201 -9.28276 37.7083  255 255 255
-1.77363 75.6711 -71.7917  255 255 255
-12.0703 -11.3814 37.2317  255 255 255
-4.60986 -4.97788 37.9067  255 255 255
-0.898442 71.5528 -75.3655  255 255 255
47.4924 83.8871 -97.0377  255 255 255
-10.1249 -1.7386 34.7928  255 255 255
-7.75794 -0.786084 34.1841  255 255 255
-7.38352 -9.51693 38.6714  255 255 255
60.2131 36.559 -32.6876  255 255 255
-15.3863 -0.581004 30.1805  255 255 255
59.2493 -1.025 -8.58661  255 255 255
29.0273 67.4862 -97.4496  255 255 255
7.00792 68.3959 -81.4748  255 255 255
-23.6861 57.9489 -71.4342  255 255 255
59.3108 3.42841 -5.20138  255 255 255
74.7343 89.5154 -111.111  255 255 255
56.7649 40.5341 -39.0973  255 255 255
59.4535 86.0034 -103.043  255 255 255
-18.1524 -0.456992 27.5786  255 255 255
6.71147 -7.98542 37.1397  255 255 255
-16.0696 -9.5239 34.4053  255 255 255
-17.5644 -6.64391 32.3766  255 255 255
-5.82284 -8.87807 38.8622  255 255 255
62.4596 76.8577 -111.309  255 255 255
-39.3354 61.1689 -58.6143  255 255 255
-9.92332 60.6157 -78.172  255 255 255
-23.5865 58.7578 -70.8941  255 255 255
-14.1257 71.7232 -67.0441  255 255 255
-12.8873 72.7235 -66.9826  255 255 255
28.8315 77.5379 -90.0892  255 255 255
-0.177422 71.4856 -75.7924  255 255 255
-26.2642 66.1341 -63.5349  255 255 255
43.6338 81.6417 -96.7263  255 255 255
-25.8922 65.5709 -64.3954  255 255 255
-50.3382 52.9221 -57.9039  255 255 255
-10.4168 -23.7614 39.5523  255 255 255
-12.7619 -23.4748 38.7546  255 255 255
-22.6854 -30.7964 32.5767  255 255 255
-17.2159 -29.2967 39.186  255 255 255
-23.3258 -33.21 31.0211  255 255 255
-32.4408 65.2223 -60.1997  255 255 255
-3.01839 73.2306 -72.938  255 255 255
60.3571 86.7237 -103.32  255 255 255
9.74006 56.4255 -93.9878  255 255 255
-41.0454 44.6702 -70.0708  255 255 255
-9.28981 -3.76982 35.9938  255 255 255
-17.8032 0.57473 26.8316  255 255 255
-12.0709 -7.78787 36.5074  255 255 255
34.7545 81.422 -91.0323  255 255 255
30.6456 73.5522 -94.5328  255 255 255
10.4665 56.0482 -94.2506  255 255 255
0.322586 7.91198 21.3117  255 255 255
-11.8863 -1.33987 33.088  255 255 255
-0.257418 -5.17364 37.9331  255 255 255
-6.63793 -5.86316 37.6962  255 255 255
3.93361 -9.5268 38.6395  255 255 255
-8.88401 -7.10834 37.6709  255 255 255
-13.5119 -6.28183 35.193  255 255 255
-7.80136 -16.8958 38.8223  255 255 255
7.1837 -20.8997 38.4347  255 255 255
-7.13444 65.8842 -75.9641  255 255 255
0.628521 64.6723 -81.7613  255 255 255
-22.6516 61.35 -69.3616  255 255 255
58.8584 33.6919 -38.2254  255 255 255
9.53067 58.3748 -92.2499  255 255 255
-0.588911 7.79185 21.2301  255 255 255
3.98184 -3.3516 36.1765  255 255 255
-1.51965 -3.34104 37.1219  255 255 255
-33.5347 42.5613 -76.2858  255 255 255
58.4913 0.561363 -9.68097  255 255 255
-35.5207 38.579 -78.2558  255 255 255
4.14144 -8.66844 38.2929  255 255 255
4.8925 -9.25957 38.0566  255 255 255
6.22501 -10.4114 38.0391  255 255 255
-9.99559 -10.2763 38.0178  255 255 255
-9.16636 -10.6031 38.2855  255 255 255
-29.4552 -1.43161 7.89825  255 255 255
51.9452 76.1262 -103.308  255 255 255
57.7902 41.1595 -36.6225  255 255 255
15.544 67.7555 -82.1782  255 255 255
-4.81163 66.221 -76.3681  255 255 255
-7.5222 64.5495 -76.8361  255 255 255
-4.94793 64.006 -78.3648  255 255 255
-4.89234 62.8659 -79.3514  255 255 255
-20.457 60.6661 -71.3491  255 255 255
10.7195 57.8307 -94.2976  255 255 255
-4.83505 52.4604 -87.673  255 255 255
-30.6567 44.5772 -77.0764  255 255 255
-14.6887 1.0244 29.0309  255 255 255
5.29713 -9.70335 38.0482  255 255 255
-9.4479 -8.18764 37.7139  255 255 255
-7.90832 -9.92307 38.5853  255 255 255
-36.0855 60.6567 -61.4311  255 255 255
55.9579 6.28332 -12.3173  255 255 255
-16.8012 -2.82984 30.5736  255 255 255
-0.670205 -10.3837 39.4674  255 255 255
-14.0949 -11.966 36.1962  255 255 255
-15.8471 -12.2566 34.9231  255 255 255
-35.4419 59.3311 -62.6371  255 255 255
-0.427641 -2.84291 36.7323  255 255 255
-13.8191 -8.31964 35.7071  255 255 255
-10.6653 -16.8885 37.8464  255 255 255
-0.4363 -7.28909 38.605  255 255 255
-1.775 -11.5901 39.7062  255 255 255
2.38906 -9.27787 38.5523  255 255 255
48.3664 82.9691 -98.4316  255 255 255
48.9253 82.377 -98.9562  255 255 255
30.5538 77.7665 -90.8799  255 255 255
27.5229 79.1278 -87.7022  255 255 255
33.4046 78.3456 -92.0068  255 255 255
1.75016 75.5253 -74.3674  255 255 255
4.62624 76.4407 -75.5885  255 255 255
-31.639 66.189 -60.0735  255 255 255
33.4838 78.4069 -92.2264  255 255 255
54.7109 13.3226 -8.85301  255 255 255
-51.8111 51.6547 -58.0733  255 255 255
-67.7257 37.7927 -57.9682  255 255 255
-57.2214 43.888 -59.9548  255 255 255
-88.625 33.5686 -48.2352  255 255 255
-55.1546 43.0452 -62.0988  255 255 255
-62.4015 44.0464 -56.7286  255 255 255
-85.6565 48.1927 -38.5301  255 255 255
-72.3936 49.8227 -45.8805  255 255 255
-70.7242 50.0259 -46.7157  255 255 255
-50.1223 50.7959 -59.3829  255 255 255
-92.2205 34.9321 -45.1874  255 255 255
-88.4769 28.1026 -52.8796  255 255 255
-50.8245 48.7298 -60.4639  255 255 255
-53.6498 50.9985 -57.2896  255 255 255
-79.2053 36.4603 -49.0257  255 255 255
-74.1349 43.2007 -50.2347  255 255 255
-89.5805 39.8856 -41.2841  255 255 255
-56.5622 44.8204 -59.9848  255 255 255
-67.4634 41.608 -53.5319  255 255 255
-57.9664 39.4949 -63.1981  255 255 255
-69.8319 46.8939 -49.4732  255 255 255
-63.2251 48.9542 -52.6886  255 255 255
57.4742 29.4267 -43.8681  255 255 255
-41.6274 43.9596 -70.7683  255 255 255
-43.7604 39.1912 -72.3434  255 255 255
-39.2215 36.7571 -77.6444  255 255 255
58.0616 27.1956 -43.9275  255 255 255
-27.8785 7.68723 -46.8675  255 255 255
57.372 5.66745 -8.70855  255 255 255
-28.4588 -0.559327 7.05547  255 255 255
1.08447 -2.64038 35.8101  255 255 255
3.57764 -7.26321 37.6708  255 255 255
5.56819 -7.96484 37.108  255 255 255
6.10585 -8.89269 37.6462  255 255 255
5.91563 -9.21436 37.8178  255 255 255
11.0865 -9.37987 35.2577  255 255 255
5.44004 -10.058 37.9549  255 255 255
60.8482 -16.2165 -14.679  255 255 255
6.18826 -11.3934 37.8171  255 255 255
-3.07103 -12.2138 39.7056  255 255 255
4.52151 -12.8093 38.7437  255 255 255
63.8724 -20.3488 -9.6493  255 255 255
-10.6245 -15.6501 38.198  255 255 255
66.4506 -23.9258 -5.77832  255 255 255
-7.85216 -18.1997 38.6722  255 255 255
67.6931 -24.7674 -2.64847  255 255 255
-3.66639 -19.6356 38.7689  255 255 255
-3.34458 -30.741 42.9418  255 255 255
-2.57348 -33.2975 40.8094  255 255 255
14.9227 -58.3616 38.0635  255 255 255
-41.036 43.3723 -71.4502  255 255 255
-41.036 43.3723 -71.4502  255 255 255
58.7064 36.1988 -36.6707  255 255 255
-41.7745 39.2136 -73.5919  255 255 255
56.9583 31.8434 -44.0654  255 255 255
-71.5879 31.5116 -60.3909  255 255 255
58.4777 27.5221 -42.6967  255 255 255
-4.22952 7.77119 21.1865  255 255 255
-29.1547 -0.44525 6.80054  255 255 255
55.8685 0.0275123 -16.6311  255 255 255
-50.0521 -3.81012 -33.8547  255 255 255
-8.78726 -1.97033 35.0701  255 255 255
58.2084 -3.19166 -13.2577  255 255 255
57.4945 -3.51432 -14.7007  255 255 255
59.3371 -3.25614 -9.54143  255 255 255
-4.76973 -3.33957 37.0125  255 255 255
2.7095 -3.49794 36.5593  255 255 255
4.01485 -3.88221 36.5333  255 255 255
-15.2923 -7.51405 34.4144  255 255 255
6.93035 -8.69539 36.964  255 255 255
-4.32547 -10.0454 39.2996  255 255 255
60.0808 -15.8231 -15.8482  255 255 255
17.3114 -12.1447 30.0892  255 255 255
60.3872 -16.9062 -15.7244  255 255 255
2.83285 -13.8577 39.2963  255 255 255
-0.642255 -14.3673 39.7934  255 255 255
-14.4687 -15.6603 36.04  255 255 255
6.24301 -16.5077 38.2824  255 255 255
-15.8865 -17.4091 35.24  255 255 255
7.96983 -17.5259 37.3944  255 255 255
6.9095 -17.6172 37.8374  255 255 255
4.13831 -18.4441 38.3142  255 255 255
25.7375 -20.7497 32.3317  255 255 255
23.0929 -26.3093 31.2106  255 255 255
11.5539 -32.0664 37.6732  255 255 255
7.56782 -32.9704 39.3198  255 255 255
7.68281 -33.3949 38.9257  255 255 255
54.693 -41.8221 15.415  255 255 255
52.0729 -47.4305 22.9966  255 255 255
-31.7114 -58.5519 37.3251  255 255 255
-32.0863 -58.8903 37.8093  255 255 255
-23.4761 -59.7549 38.8827  255 255 255
-3.16368 -59.5647 39.4649  255 255 255
-23.7141 -60.12 39.5941  255 255 255
57.6228 38.4004 -38.299  255 255 255
57.6071 38.4018 -38.2599  255 255 255
-53.8534 39.4422 -65.3719  255 255 255
60.9026 33.9381 -32.148  255 255 255
57.9213 32.3626 -41.5431  255 255 255
57.9213 32.3626 -41.5432  255 255 255
-71.1267 30.8166 -61.3053  255 255 255
31.1233 26.6501 -71.6666  255 255 255
3.27651 24.751 -69.8464  255 255 255
26.3178 18.4617 -61.8063  255 255 255
54.6073 13.3023 -8.45615  255 255 255
-19.2423 10.4507 -50.6746  255 255 255
-29.0164 7.20152 -47.5234  255 255 255
59.0382 5.44392 -4.19355  255 255 255
-24.7783 -0.327567 12.0368  255 255 255
-47.1047 -5.2056 -31.3989  255 255 255
-6.41653 -5.33336 37.6527  255 255 255
59.9634 -14.7258 -15.6031  255 255 255
60.5211 -16.3629 -15.2682  255 255 255
3.19003 -11.8403 39.148  255 255 255
16.4742 -12.9585 31.2566  255 255 255
62.2677 -19.5722 -12.3616  255 255 255
-10.3202 -16.0389 38.1933  255 255 255
-10.1421 -17.423 38.0047  255 255 255
-48.8353 -26.7045 -3.79315  255 255 255
-48.5814 -27.3304 -4.41349  255 255 255
-50.0876 -29.1972 -0.254714  255 255 255
-25.2859 -57.2061 35.8879  255 255 255
-40.5471 39.5525 -73.7332  255 255 255
60.9432 30.7939 -34.3528  255 255 255
60.9067 22.6816 -38.5893  255 255 255
23.0739 20.1424 -63.7883  255 255 255
58.9031 3.45459 -6.19418  255 255 255
57.8521 1.39832 -10.8222  255 255 255
56.1065 -0.968555 -17.7199  255 255 255
10.0283 -0.518735 31.5874  255 255 255
-51.133 -4.91376 -31.5255  255 255 255
-47.6132 -7.22802 -28.6058  255 255 255
58.4335 -8.89473 -16.2078  255 255 255
61.8191 -8.39877 -7.4456  255 255 255
64.679 -15.3927 -3.05824  255 255 255
65.4738 -16.2897 -2.59462  255 255 255
64.6891 -16.521 -4.66479  255 255 255
3.62993 -12.172 38.9616  255 255 255
67.9727 -27.6362 -2.32801  255 255 255
-2.48568 -36.1619 38.6694  255 255 255
-22.7096 -61.0612 40.6981  255 255 255
-70.4547 31.8787 -60.8597  255 255 255
58.8706 30.2385 -39.9599  255 255 255
-18.5446 30.3756 -76.3498  255 255 255
58.2615 26.4671 -43.8862  255 255 255
59.8049 26.0688 -39.8937  255 255 255
61.4755 22.6516 -36.7386  255 255 255
-1.80336 22.0012 -66.8664  255 255 255
35.6527 12.8892 -54.4368  255 255 255
35.6527 12.8892 -54.4368  255 255 255
56.1606 9.54363 -9.5488  255 255 255
-6.4821 -0.974709 34.6487  255 255 255
-5.04641 -4.00884 37.1946  255 255 255
58.2977 -6.7025 -14.3833  255 255 255
17.6778 -9.49155 29.1693  255 255 255
16.7809 -9.46459 30.4437  255 255 255
1.81513 -17.207 39.1075  255 255 255
53.3906 -43.1782 16.8857  255 255 255
34.2575 -52.3019 30.826  255 255 255
57.1575 30.1564 -44.2293  255 255 255
60.9866 25.9299 -37.1338  255 255 255
61.9663 23.5417 -35.9452  255 255 255
-1.71147 20.5249 -65.3413  255 255 255
-0.713137 2.65048 36.4004  255 255 255
58.8816 1.06648 -8.3176  255 255 255
64.2907 -17.1582 -5.82694  255 255 255
-8.96603 -16.0477 38.648  255 255 255
2.69078 -16.6569 38.769  255 255 255
28.7563 37.2721 -84.755  255 255 255
57.6348 -2.50792 -12.3427  255 255 255
52.7613 -42.1755 15.3792  255 255 255
-91.2778 26.3118 -52.6104  255 255 255
-62.9505 34.6439 -62.8224  255 255 255
-84.3123 48.4007 -39.9172  255 255 255
-83.6785 48.4583 -39.6658  255 255 255
-87.2492 35.6742 -45.6368  255 255 255
13.4065 77.0716 -80.2547  255 255 255
72.5781 89.1451 -108.509  255 255 255
44.5044 80.9393 -97.7276  255 255 255
52.725 86.2174 -100.245  255 255 255
46.8324 82.5277 -97.8101  255 255 255
19.4726 79.7384 -82.7557  255 255 255
-4.74451 -46.4164 36.0204  255 255 255
56.573 13.3717 -5.95921  255 255 255
59.0658 40.7531 -33.7342  255 255 255
58.0853 67.4374 -115.021  255 255 255
64.768 75.2745 -113.667  255 255 255
61.1615 32.7516 -32.5088  255 255 255
58.8535 30.2198 -39.9001  255 255 255
56.6182 30.2533 -45.9757  255 255 255
49.9264 83.3139 -98.7244  255 255 255
59.171 40.9831 -32.6613  255 255 255
57.9681 43.1879 -34.3835  255 255 255
56.604 39.2984 -40.501  255 255 255
57.655 11.7868 -4.33519  255 255 255
-7.11012 72.1665 -71.8907  255 255 255
-17.2037 -8.52727 33.194  255 255 255
-51.2372 43.6426 -64.2119  255 255 255
-57.918 45.7754 -58.209  255 255 255
-93.1356 30.2184 -48.1152  255 255 255
-83.508 41.4339 -45.8481  255 255 255
-75.0428 31.6201 -58.9048  255 255 255
57.0142 68.1781 -113.921  255 255 255
13.0717 55.1771 -96.678  255 255 255
58.0864 67.4412 -115.025  255 255 255
-35.7199 6.01048 -46.0605  255 255 255
-6.19567 66.6381 -75.4764  255 255 255
-20.4349 58.0707 -73.0178  255 255 255
-0.685309 -6.22862 38.4508  255 255 255
59.262 64.0084 -118.056  255 255 255
-16.533 -13.0503 34.6189  255 255 255
-78.1008 43.1447 -47.4784  255 255 255
-25.2011 67.3079 -63.8015  255 255 255
-69.71 43.7864 -52.1994  255 255 255
-82.7614 40.7964 -46.7628  255 255 255
-77.2899 42.1607 -49.1103  255 255 255
-3.60503 67.6248 -76.5945  255 255 255
-17.1818 53.2282 -71.2857  255 255 255
-37.2702 54.9254 -64.8572  255 255 255
-7.53 47.4665 -89.8555  255 255 255
-0.330546 74.2626 -74.0375  255 255 255
14.6525 56.5828 -97.1449  255 255 255
-11.739 -0.0693467 32.2248  255 255 255
-28.6032 7.80606 -48.3795  255 255 255
2.69551 77.0037 -73.9285  255 255 255
-40.0038 56.1387 -62.296  255 255 255
-16.7881 -1.77895 30.0444  255 255 255
-4.8113 67.8947 -75.6568  255 255 255
-14.7358 63.6688 -72.7243  255 255 255
-17.2774 54.6382 -70.2469  255 255 255
-25.5015 11.1187 -51.7091  255 255 255
-8.37043 -0.306341 33.4998  255 255 255
-11.9584 -3.60014 34.6795  255 255 255
-5.12538 -5.46044 37.9313  255 255 255
-5.88351 71.764 -72.438  255 255 255
-8.83245 -1.49728 34.8239  255 255 255
-16.46 -4.70249 32.1487  255 255 255
-11.9552 -6.88403 36.3146  255 255 255
-6.10215 -2.73342 36.3688  255 255 255
-14.9371 -3.11555 32.5031  255 255 255
-11.3333 -4.69673 35.5756  255 255 255
-8.28734 -5.1299 37.0213  255 255 255
-14.6714 -7.62646 34.873  255 255 255
-2.15676 -7.647 38.9366  255 255 255
28.1781 75.8904 -90.9203  255 255 255
-12.335 -5.50216 35.819  255 255 255
-16.4054 -0.775744 29.5122  255 255 255
-12.4701 -1.72196 33.1053  255 255 255
-9.24996 -3.69521 36.15  255 255 255
-7.84146 -6.43875 37.5806  255 255 255
3.92245 77.3566 -74.3491  255 255 255
-4.70327 70.3985 -73.8781  255 255 255
6.09402 -0.231079 32.0762  255 255 255
-92.3847 40.5855 -40.0308  255 255 255
-86.3452 33.536 -50.1853  255 255 255
-54.4469 43.7819 -61.4826  255 255 255
-53.2638 43.047 -63.1482  255 255 255
-68.0293 34.8592 -60.4775  255 255 255
-4.90035 73.6129 -71.4966  255 255 255
-1.17361 75.1089 -74.2793  255 255 255
-4.65846 72.3946 -72.1147  255 255 255
-86.3774 32.8521 -50.5712  255 255 255
-63.3315 35.2655 -62.7427  255 255 255
-72.2184 51.7556 -44.3162  255 255 255
-86.3006 47.3283 -38.8434  255 255 255
-86.3006 47.3283 -38.8434  255 255 255
-81.4958 44.3546 -42.9784  255 255 255
-72.6596 45.3262 -49.0245  255 255 255
-88.693 26.4698 -53.5911  255 255 255
-85.3765 39.0403 -46.2449  255 255 255
-79.7923 15.1612 -57.7464  255 255 255
-79.7377 14.3853 -57.192  255 255 255
-77.4721 44.7292 -47.0216  255 255 255
-73.8084 45.62 -48.1002  255 255 255
-83.022 41.7624 -45.7308  255 255 255
-90.9672 41.0829 -40.6376  255 255 255
-64.909 44.366 -54.495  255 255 255
1.00429 -17.7642 39.1191  255 255 255
-63.2815 35.8507 -62.0324  255 255 255
-84.659 32.962 -51.7172  255 255 255
-78.4263 43.7594 -47.1122  255 255 255
-91.7498 29.8723 -49.4762  255 255 255
-90.6348 27.913 -51.3787  255 255 255
-65.3037 40.9704 -57.1286  255 255 255
-73.3559 44.9123 -49.6531  255 255 255
-78.8462 41.7887 -48.596  255 255 255
-70.5285 -8.89376 -26.4787  255 255 255
-90.7325 27.9733 -51.7713  255 255 255
-83.924 41.948 -45.78  255 255 255
-88.4961 27.2996 -53.6685  255 255 255
-51.3359 -4.18634 -32.7944  255 255 255
-67.8728 46.8952 -51.2159  255 255 255
-53.194 47.9625 -59.5109  255 255 255
-89.1976 33.5252 -48.5905  255 255 255
-88.4731 27.2938 -53.6034  255 255 255
-82.9778 41.0669 -45.9284  255 255 255
-54.3088 51.6839 -56.2158  255 255 255
-62.7441 37.7563 -60.8442  255 255 255
-81.8114 40.8773 -47.4944  255 255 255
-61.2183 49.0734 -54.0042  255 255 255
-90.3908 31.2876 -49.0469  255 255 255
-71.6152 51.7461 -44.7303  255 255 255
-11.0216 -16.5459 37.8598  255 255 255
58.89 41.6658 -32.7032  255 255 255
57.4905 32.2521 -42.5931  255 255 255
57.4731 32.2494 -42.555  255 255 255
57.5153 30.9732 -43.1824  255 255 255
58.836 33.6759 -38.1802  255 255 255
59.4177 1.54041 -6.56359  255 255 255
-1.57861 -12.6167 39.7643  255 255 255
59.0456 -0.218592 -8.74654  255 255 255
58.9994 -2.37839 -10.4704  255 255 255
58.785 39.515 -34.9054  255 255 255
58.0835 38.6929 -37.5777  255 255 255
59.504 32.8314 -36.7998  255 255 255
59.3018 4.14815 -4.92391  255 255 255
-3.16867 -11.6053 39.6266  255 255 255
-15.2198 -16.1688 35.4015  255 255 255
56.1018 13.35 -6.97251  255 255 255
-18.4385 -5.54467 30.8313  255 255 255
1.02434 -13.6087 40.0837  255 255 255
-0.219568 -14.804 39.9676  255 255 255
-18.4339 -9.08771 32.1266  255 255 255
-14.7487 -11.5263 35.6632  255 255 255
-14.0886 -11.9674 36.2018  255 255 255
-13.2654 -12.4589 36.6433  255 255 255
-2.66614 -15.9624 39.5953  255 255 255
-2.65048 -15.9624 39.5789  255 255 255
-16.7341 -11.7029 34.3451  255 255 255
-3.08632 -16.6411 39.5641  255 255 255
-21.222 -10.1779 29.1596  255 255 255
58.1321 41.8013 -34.9087  255 255 255
-16.9405 -10.3871 34.0317  255 255 255
-19.3714 -10.5973 31.4737  255 255 255
-10.3755 -14.8685 38.1978  255 255 255
-10.3778 -14.8546 38.1971  255 255 255
-8.19662 -16.5206 38.7661  255 255 255
-7.73031 -14.5321 39.1306  255 255 255
-57.0014 42.4949 -61.4605  255 255 255
-68.6889 47.4186 -50.2595  255 255 255
-78.5054 43.8652 -47.4095  255 255 255
-75.0254 42.5147 -49.6244  255 255 255
-58.3157 50.4614 -54.3324  255 255 255
-90.1167 33.3169 -47.4098  255 255 255
-58.5211 45.1071 -58.4346  255 255 255
-79.6488 42.1458 -47.7223  255 255 255
-90.7762 32.9529 -47.726  255 255 255
-63.3588 36.7264 -61.3289  255 255 255
-74.1941 44.6061 -48.6033  255 255 255
-90.7762 32.9529 -47.726  255 255 255
-90.3763 38.9551 -42.9385  255 255 255
-92.4951 34.4595 -44.8208  255 255 255
-69.7217 43.8097 -52.3162  255 255 255
-71.1992 42.989 -51.5963  255 255 255
-75.7805 42.8332 -49.5418  255 255 255
-67.8855 46.8796 -51.2125  255 255 255
-62.4431 45.545 -55.7307  255 255 255
-91.6554 34.9823 -45.8838  255 255 255
-76.4778 43.93 -48.2453  255 255 255
-64.9964 46.4189 -53.2676  255 255 255
-88.8151 32.98 -48.3167  255 255 255
-87.657 42.7983 -41.2407  255 255 255
-85.5835 10.6848 -51.5432  255 255 255
-83.6413 39.3682 -47.0297  255 255 255
-64.0161 47.7168 -52.9804  255 255 255
-90.5381 30.2858 -49.2012  255 255 255
-90.5739 30.3039 -49.2419  255 255 255
-92.6015 34.5061 -45.127  255 255 255
-81.3105 42.6711 -46.3001  255 255 255
-64.9936 46.426 -53.2757  255 255 255
-91.9852 34.2973 -45.618  255 255 255
-84.5183 42.7457 -44.2903  255 255 255
-62.0643 48.3712 -53.7806  255 255 255
-75.0407 44.9157 -47.6927  255 255 255
-61.3258 -13.7982 -21.4843  255 255 255
-24.739 -0.899267 13.1473  255 255 255
42.1138 72.5096 -100.849  255 255 255
-6.91864 -4.60847 37.0279  255 255 255
-2.9865 -8.27871 39.1447  255 255 255
0.654758 -10.3028 39.4236  255 255 255
6.76272 -16.1184 38.0242  255 255 255
69.5821 69.4756 -121.298  255 255 255
-47.505 -6.37288 -30.3726  255 255 255
-52.8406 -10.6332 -24.4084  255 255 255
-41.804 38.0702 -75.0453  255 255 255
-6.30966 60.5494 -79.8378  255 255 255
-76 45.5945 -46.8975  255 255 255
-26.8247 -56.8169 34.3743  255 255 255
46.2891 84.531 -96.369  255 255 255
-52.0099 48.4023 -60.0493  255 255 255
-49.6754 48.0963 -61.624  255 255 255
4.70247 -12.5866 38.8816  255 255 255
-8.26992 -10.8397 38.4967  255 255 255
-1.88985 -22.4129 40.9871  255 255 255
60.4573 31.1286 -35.2337  255 255 255
13.526 -19.5761 36.7312  255 255 255
2.02937 -18.5199 38.7453  255 255 255
-51.2982 49.599 -59.9557  255 255 255
-51.2767 49.606 -59.7021  255 255 255
-16.4627 -4.6872 32.1685  255 255 255
-12.7633 -23.4705 38.7555  255 255 255
-2.7729 -6.23253 38.5154  255 255 255
-2.78704 -6.23842 38.5433  255 255 255
59.1189 -1.36512 -9.6374  255 255 255
59.1137 -1.35319 -9.63847  255 255 255
-75.3126 43.5923 -48.1852  255 255 255
-50.9013 52.4407 -57.9087  255 255 255
-3.64851 -24.2734 40.9163  255 255 255
-46.7362 46.155 -64.8083  255 255 255
-31.2467 39.8408 -80.0668  255 255 255
-1.48626 73.8284 -73.3582  255 255 255
-41.4116 60.3926 -57.8518  255 255 255
-3.48854 71.338 -73.9581  255 255 255
-43.3781 47.1667 -66.3471  255 255 255
2.97506 -14.4761 39.1924  255 255 255
6.34391 -27.5161 41.3386  255 255 255
-9.29468 -16.2819 38.5066  255 255 255
-8.43426 -12.6707 38.8678  255 255 255
-28.8225 -0.799868 7.21108  255 255 255
17.6893 -16.2575 32.1264  255 255 255
65.8374 -15.9518 -1.85855  255 255 255
-3.34737 -32.1011 41.7832  255 255 255
55.9883 5.69281 -12.2028  255 255 255
-4.25855 -13.0934 39.6435  255 255 255
0.586868 -19.2885 38.7442  255 255 255
-9.45865 -15.9164 38.3668  255 255 255
-1.03933 -13.565 39.8934  255 255 255
-13.4339 -14.0052 36.6789  255 255 255
66.9242 -23.3854 -3.52623  255 255 255
0.743127 -12.5598 39.1239  255 255 255
-51.3359 -4.18634 -32.7945  255 255 255
-53.9062 -4.52353 -32.6575  255 255 255
-54.3086 -4.56525 -34.3628  255 255 255
-47.1006 49.0187 -62.9295  255 255 255
-45.9549 22.6391 -67.5462  255 255 255
-44.5316 16.7896 -59.9647  255 255 255
-65.5433 -4.24602 -33.6938  255 255 255
-64.4073 18.7253 -62.7651  255 255 255
-54.8401 45.5614 -60.3083  255 255 255
-51.6999 -3.58001 -33.4009  255 255 255
-79.3146 33.5491 -61.4216  255 255 255
-86.5332 41.8221 -42.3734  255 255 255
-43.4179 50.3339 -64.3594  255 255 255
-85.5872 35.8061 -44.2878  255 255 255
-45.7385 51.814 -62.0247  255 255 255
-44.7751 45.9849 -66.6321  255 255 255
-43.6932 49.9355 -64.7928  255 255 255
-50.4159 50.2793 -59.8529  255 255 255
-20.4621 -15.8481 32.83  255 255 255
-60.0177 37.4 -63.2345  255 255 255
-72.7102 45.3995 -49.2747  255 255 255
-58.9253 34.8564 -66.7469  255 255 255
-43.4093 50.3186 -64.3967  255 255 255
-26.009 -59.0249 38.015  255 255 255
-40.4957 -51.9537 28.8773  255 255 255
-29.9763 -58.1132 36.9366  255 255 255
-34.0743 -56.8521 35.1697  255 255 255
-30.9344 -57.7881 36.4388  255 255 255
-8.94963 -11.9841 38.609  255 255 255
-30.0679 -56.2282 34.5649  255 255 255
-31.7233 -55.7651 34.1941  255 255 255
-32.3727 -57.5918 35.9765  255 255 255
-25.656 -32.7781 27.4431  255 255 255
-7.08172 -2.47786 36.0375  255 255 255
-15.1389 -33.7115 36.5379  255 255 255
-58.2891 43.3309 -59.8035  255 255 255
-62.8125 36.7659 -60.1705  255 255 255
-64.0952 35.2933 -62.9798  255 255 255
-119.75 -4.87551 -29.3475  255 255 255
-54.6381 56.8641 -52.0219  255 255 255
-74.0459 33.129 -57.8185  255 255 255
-41.1779 53.5429 -63.5585  255 255 255
-47.0135 51.1249 -61.5442  255 255 255
-50.1445 45.5603 -62.9919  255 255 255
-48.8639 49.2173 -62.9657  255 255 255
-54.4427 42.9222 -62.2918  255 255 255
-88.2562 19.395 -60.0889  255 255 255
-47.5827 51.6045 -60.6337  255 255 255
-74.7063 25.6 -64.8217  255 255 255
-59.7092 38.067 -62.9276  255 255 255
-69.2166 46.2487 -50.6185  255 255 255
-93.1141 43.2742 -37.7606  255 255 255
-57.0271 36.6206 -64.9256  255 255 255
-11.4957 -15.6549 37.6551  255 255 255
-88.6072 34.2874 -50.5212  255 255 255
-42.6243 46.4796 -64.9732  255 255 255
-70.4781 39.7142 -52.7439  255 255 255
-49.6023 49.0598 -61.0078  255 255 255
65.3034 -18.0851 -4.81708  255 255 255
-58.9257 13.9645 -56.3286  255 255 255
-71.9879 52.8218 -43.8157  255 255 255
-72.1886 51.7723 -44.4018  255 255 255
-69.2551 46.2719 -50.6487  255 255 255
-67.1665 35.7507 -59.291  255 255 255
-56.4394 49.0266 -56.8072  255 255 255
-59.0281 55.773 -49.8561  255 255 255
-51.9831 0.354383 -38.5837  255 255 255
-57.2189 17.6247 -60.5027  255 255 255
-81.7648 7.56284 -50.951  255 255 255
-75.2907 7.32217 -47.7402  255 255 255
-81.0429 4.02351 -43.5596  255 255 255
-68.6153 30.2678 -63.8385  255 255 255
-78.3608 5.22869 -45.8571  255 255 255
-75.4431 8.04788 -49.1692  255 255 255
-55.4786 14.3538 -57.6377  255 255 255
-74.7149 5.57887 -45.5216  255 255 255
-69.3127 32.4899 -61.2502  255 255 255
-57.2311 48.9666 -56.3698  255 255 255
-80.7241 15.0229 -58.2312  255 255 255
-61.2963 48.2759 -53.5028  255 255 255
-57.2688 39.1176 -63.6645  255 255 255
-56.4214 49.0256 -56.8525  255 255 255
-70.8634 29.0544 -63.3718  255 255 255
12.7849 -8.76535 33.946  255 255 255
11.9347 -9.43336 34.7346  255 255 255
14.8136 -13.9337 32.9309  255 255 255
-11.2298 -28.1623 42.5493  255 255 255
32.2121 42.1305 -91.9603  255 255 255
61.9604 -4.32851 -3.70765  255 255 255
-17.0478 -3.89401 31.3108  255 255 255
-18.2855 -3.85211 29.9243  255 255 255
4.14951 -8.69982 38.2523  255 255 255
5.08811 -10.8802 38.3799  255 255 255
-4.93021 -2.76191 36.9507  255 255 255
13.319 -20.1907 36.9244  255 255 255
9.44904 54.8327 -95.1378  255 255 255
-35.9798 46.238 -73.5436  255 255 255
-48.4879 45.6764 -65.2184  255 255 255
-75.2284 6.07448 -46.1213  255 255 255
-52.3443 12.207 -53.4741  255 255 255
25.5365 40.9131 -90.5427  255 255 255
40.6728 38.9752 -87.8722  255 255 255
40.6728 38.9752 -87.8722  255 255 255
28.4246 42.7426 -92.9329  255 255 255
11.8496 57.915 -93.9691  255 255 255
41.8093 69.0397 -103.442  255 255 255
10.6191 51.5851 -98.8686  255 255 255
16.2916 61.2662 -93.3846  255 255 255
-4.79952 53.6343 -86.6072  255 255 255
-42.5783 59.0989 -58.1557  255 255 255
-34.8739 55.5437 -65.9592  255 255 255
-40.9902 47.7648 -67.6818  255 255 255
-20.9777 61.7838 -69.9295  255 255 255
-30.1091 50.2475 -73.1929  255 255 255
5.43985 75.904 -76.5434  255 255 255
-0.64555 77.0948 -71.6569  255 255 255
13.7136 54.58 -97.4096  255 255 255
7.7509 57.2937 -90.2961  255 255 255
-61.7588 41.4528 -58.8404  255 255 255
-64.6865 32.2088 -64.255  255 255 255
-16.9769 24.5563 -69.6286  255 255 255
-30.1524 -18.1085 30.1599  255 255 255
-28.8147 -18.6417 30.6988  255 255 255
-29.7808 -56.7688 35.2501  255 255 255
-12.4598 -14.8686 37.2973  255 255 255
-7.96711 -5.77049 37.4936  255 255 255
11.5756 -26.2405 39.5776  255 255 255
-40.1756 50.6265 -66.2369  255 255 255
-8.92632 60.4504 -78.7986  255 255 255
38.1755 72.9795 -92.1548  255 255 255
5.3139 -1.06967 33.9544  255 255 255
-1.83891 -13.789 39.74  255 255 255
4.45338 -14.2255 38.8921  255 255 255
0.972584 -24.8777 40.4435  255 255 255
10.8711 -31.42 38.7927  255 255 255
10.8711 -31.42 38.7927  255 255 255
4.8974 -1.89612 34.627  255 255 255
-3.13165 -13.7921 39.7956  255 255 255
-8.75096 -14.3183 38.866  255 255 255
-3.77446 -15.9285 39.6633  255 255 255
1.41048 -17.8762 38.9735  255 255 255
-0.180371 -19.1051 38.7449  255 255 255
-16.5395 -28.0714 40.4943  255 255 255
-4.29817 -33.5465 40.6191  255 255 255
18.5058 -43.3979 32.1279  255 255 255
-8.07076 -28.8554 43.544  255 255 255
64.8715 75.3711 -113.941  255 255 255
17.4109 63.4237 -89.9351  255 255 255
-15.3252 -33.931 36.4514  255 255 255
-69.9896 32.6108 -61.2678  255 255 255
-10.6111 -18.5338 37.5911  255 255 255
-11.8071 -11.8958 37.6396  255 255 255
-1.18396 -15.8927 39.4767  255 255 255
-59.3155 -2.96725 -36.112  255 255 255
-70.4812 31.895 -60.9159  255 255 255
-68.5045 32.5229 -61.6948  255 255 255
-70.5824 35.0817 -57.6517  255 255 255
-67.5228 31.0613 -63.662  255 255 255
-67.7316 32.8197 -61.798  255 255 255
-59.6177 50.5886 -54.6505  255 255 255
-85.014 47.1852 -41.0012  255 255 255
-48.3384 49.3976 -73.4821  255 255 255
-36.0024 46.153 -73.4194  255 255 255
26.1107 53.5862 -104.766  255 255 255
30.9829 55.8922 -107.599  255 255 255
58.6809 41.5221 -33.8803  255 255 255
39.3519 63.662 -106.978  255 255 255
56.8631 67.4028 -114.839  255 255 255
-2.18919 -19.5741 38.8441  255 255 255
7.14139 -16.8103 37.9124  255 255 255
-2.10378 -3.27389 37.097  255 255 255
-1.26075 -19.695 38.7373  255 255 255
-8.78522 -28.4643 43.0704  255 255 255
60.1111 -3.65568 -8.04415  255 255 255
5.37848 -17.5151 38.2906  255 255 255
15.8386 -26.16 39.2507  255 255 255
10.9574 -26.2082 39.6015  255 255 255
-13.6134 -32.0569 38.6553  255 255 255
-5.50328 -6.37532 38.2022  255 255 255
62.8578 -5.58681 -2.35718  255 255 255
-7.9203 -24.024 40.3618  255 255 255
4.86299 -17.9069 38.3504  255 255 255
6.63484 68.9105 -82.3931  255 255 255
-1.17359 -18.4336 39.0773  255 255 255
3.77243 -19.439 38.1206  255 255 255
59.7664 0.0217199 -6.38997  255 255 255
67.0127 -20.5177 -1.89617  255 255 255
-1.49287 -19.4313 38.8755  255 255 255
-3.90471 -17.8847 39.1942  255 255 255
68.3811 -27.2315 -2.61666  255 255 255
60.4003 2.39151 -3.12289  255 255 255
5.42651 -9.09992 38.0092  255 255 255
12.0793 -36.126 34.1819  255 255 255
1.45734 -17.5628 39.1195  255 255 255
52.1073 80.9633 -102.143  255 255 255
60.4006 2.39298 -3.12409  255 255 255
36.757 63.0047 -106.724  255 255 255
1.63727 -30.5835 42.9057  255 255 255
29.303 59.4047 -104.251  255 255 255
60.4829 69.648 -115.473  255 255 255
59.9342 78.1321 -108.571  255 255 255
60.8933 73.8842 -112.727  255 255 255
67.692 -26.0951 -2.71302  255 255 255
0.870293 -24.6104 40.5608  255 255 255
-0.476887 -15.6359 39.7003  255 255 255
61.9124 81.5671 -107.204  255 255 255
55.9784 82.7409 -102.96  255 255 255
60.4886 74.9165 -111.249  255 255 255
-4.74702 -23.8596 41.0147  255 255 255
2.06751 -16.6447 39.2734  255 255 255
58.109 32.6718 -40.4778  255 255 255
56.2443 9.54776 -9.7193  255 255 255
-7.50386 -19.4287 38.3847  255 255 255
8.76971 -27.2564 41.1394  255 255 255
3.32937 -15.387 39.1376  255 255 255
58.625 42.0859 -34.1208  255 255 255
67.6333 -24.3159 -2.73699  255 255 255
58.4562 31.8516 -39.9045  255 255 255
-6.27639 -17.0304 39.114  255 255 255
-9.94963 -23.4772 39.9457  255 255 255
4.22182 -19.179 38.1358  255 255 255
-7.50319 -19.4316 38.3841  255 255 255
56.7201 81.3464 -104.351  255 255 255
57.0735 11.4097 -5.52369  255 255 255
4.57359 -16.6909 38.6547  255 255 255
58.6826 31.3895 -40.0853  255 255 255
7.06414 -27.6477 41.6328  255 255 255
35.591 60.1233 -107.34  255 255 255
60.8567 -1.66669 -4.79959  255 255 255
24.8488 65.7139 -48.0131  255 255 255
-23.4245 0.48706 11.3594  255 255 255
-15.249 -26.3774 40.3155  255 255 255
-22.7089 -22.9199 36.179  255 255 255
2.4153 -35.2294 39.178  255 255 255
56.5674 16.6842 -5.2546  255 255 255
-25.3901 -9.60831 24.6952  255 255 255
-13.9635 -19.4878 37.347  255 255 255
-7.73781 -24.5354 40.2976  255 255 255
-17.5636 -26.4723 40.8096  255 255 255
1.3649 -41.1616 34.6352  255 255 255
-9.59325 -28.5233 42.8789  255 255 255
-14.8514 -27.6216 41.5732  255 255 255
-22.7359 -23.6655 37.1634  255 255 255
-13.3049 -29.6681 40.8766  255 255 255
-14.5259 -28.5394 41.1186  255 255 255
-24.0156 -25.1515 35.2971  255 255 255
54.3607 74.2204 -107.943  255 255 255
0.148917 -37.7303 36.9675  255 255 255
60.6586 2.29728 -2.43242  255 255 255
60.429 -42.9654 15.4759  255 255 255
-46.7005 52.7093 -60.1107  255 255 255
-65.98 47.4459 -52.0047  255 255 255
-39.6376 55.5377 -62.9611  255 255 255
-62.3062 55.7026 -48.3561  255 255 255
-17.5564 -15.1059 33.6699  255 255 255
-18.2307 -4.99723 30.7635  255 255 255
-15.4375 -33.6087 36.4619  255 255 255
-14.7254 -30.2867 39.6323  255 255 255
-19.8283 -19.6653 35.3458  255 255 255
-26.8584 -13.3357 26.3993  255 255 255
-23.1016 -19.0903 32.6223  255 255 255
-17.8535 -12.1329 33.4455  255 255 255
-24.3251 -31.6499 29.8262  255 255 255
-20.2581 -20.1792 35.0787  255 255 255
-14.5124 -31.7635 38.4556  255 255 255
-19.5402 -19.738 35.5234  255 255 255
-16.1659 -34.5389 35.5017  255 255 255
-17.204 -21.0347 37.4009  255 255 255
-21.701 -19.4648 33.7403  255 255 255
-12.0814 -22.1764 39.4439  255 255 255
-11.9998 -23.8193 38.9803  255 255 255
-19.4315 -20.9623 35.3378  255 255 255
-19.4313 -20.9607 35.3374  255 255 255
-10.3209 -23.3742 39.8103  255 255 255
-15.9265 -34.963 35.4096  255 255 255
-12.5703 -22.9782 38.999  255 255 255
-17.046 -34.6935 34.9182  255 255 255
-16.2836 -31.7904 37.5867  255 255 255
-23.6106 -33.9359 30.2426  255 255 255
-12.5384 -29.8208 41.2422  255 255 255
-8.63748 -24.1461 40.1054  255 255 255
-21.6373 -32.632 32.6237  255 255 255
45.7845 81.0963 -97.8406  255 255 255
-57.5848 57.3854 -49.7781  255 255 255
-56.3397 56.3851 -51.2563  255 255 255
-56.2508 42.6865 -61.7445  255 255 255
-87.9195 26.7612 -52.92  255 255 255
-57.6884 46.742 -57.8449  255 255 255
-77.3043 37.9229 -49.9706  255 255 255
-51.7774 51.6772 -58.1243  255 255 255
-54.8119 50.9784 -56.3003  255 255 255
-35.141 37.805 -79.8085  255 255 255
-46.7066 52.7164 -60.1227  255 255 255
-43.5698 18.31 -61.9324  255 255 255
-55.4795 47.9695 -58.3111  255 255 255
-44.4483 53.648 -61.2637  255 255 255
-44.2732 44.0497 -68.5399  255 255 255
-36.5852 41.7651 -75.082  255 255 255
-59.4816 47.5289 -56.0069  255 255 255
-65.9323 47.4062 -51.7862  255 255 255
-82.4051 40.3118 -47.03  255 255 255
-66.7027 31.655 -63.9574  255 255 255
-61.0681 15.7591 -58.3369  255 255 255
-111.387 -11.6791 -20.0102  255 255 255
-117.214 -10.0418 -24.2598  255 255 255
-118.793 -12.3387 -21.4599  255 255 255
-41.9087 43.3768 -69.9675  255 255 255
-39.6505 55.5574 -62.8731  255 255 255
-66.5435 48.7074 -49.8168  255 255 255
-47.7247 52.0801 -60.2017  255 255 255
-51.1496 51.2675 -58.8429  255 255 255
-43.2554 55.0308 -60.7721  255 255 255
-54.6171 12.1929 -54.343  255 255 255
-79.9554 22.7852 -63.865  255 255 255
-58.251 13.5357 -55.6976  255 255 255
-61.7494 41.4391 -58.8449  255 255 255
-38.6653 52.3016 -66.0346  255 255 255
-38.6647 52.3001 -66.0259  255 255 255
-57.2977 39.1524 -63.8561  255 255 255
-40.6091 38.298 -75.2675  255 255 255
-43.534 46.3295 -67.1366  255 255 255
-59.9966 54.2105 -50.4857  255 255 255
-53.9712 50.2799 -57.583  255 255 255
-59.9966 54.2105 -50.4857  255 255 255
-54.6776 44.7027 -60.056  255 255 255
-54.2946 41.3262 -63.9302  255 255 255
-49.615 52.6041 -58.6415  255 255 255
-45.0405 45.16 -67.0075  255 255 255
-55.1931 39.0931 -65.576  255 255 255
-49.6229 52.6021 -58.6657  255 255 255
-49.6937 50.7803 -59.6572  255 255 255
-59.7034 38.0624 -62.8593  255 255 255
-72.6964 45.3306 -49.0779  255 255 255
-66.5297 35.3284 -61.0869  255 255 255
-68.5941 32.5096 -61.8969  255 255 255
-69.0357 30.2736 -63.2372  255 255 255
-54.4372 38.8506 -65.7004  255 255 255
-45.733 51.7895 -61.781  255 255 255
-72.8414 49.9907 -45.7521  255 255 255
-45.5506 52.8315 -61.0351  255 255 255
-44.9453 53.4697 -61.1217  255 255 255
-13.2348 -32 38.9648  255 255 255
-23.0279 -31.0204 32.1097  255 255 255
-15.3682 -31.6414 38.2124  255 255 255
-22.7061 -31.7031 31.8005  255 255 255
-13.6695 -32.915 38.1644  255 255 255
-43.168 59.1806 -57.822  255 255 255
-40.9115 46.6341 -68.5299  255 255 255
-38.62 53.2332 -65.3848  255 255 255
-93.856 29.9673 -48.3886  255 255 255
-67.1608 35.4398 -60.3316  255 255 255
-75.153 28.5686 -60.7782  255 255 255
-77.2596 37.9106 -49.8329  255 255 255
-68.6231 37.4406 -57.9874  255 255 255
-25.8116 -11.478 27.6955  255 255 255
7.47456 -15.3247 37.7495  255 255 255
-2.68295 -27.1701 41.1543  255 255 255
8.34829 -26.199 39.5947  255 255 255
1.8363 -35.0735 40.6845  255 255 255
-26.3676 -9.59534 24.7216  255 255 255
-25.3957 -2.05961 14.8283  255 255 255
18.302 -15.7506 31.4503  255 255 255
3.26491 -27.9755 41.9434  255 255 255
-11.3592 -20.6554 39.2013  255 255 255
-18.0879 -25.6343 39.5872  255 255 255
-22.3334 -23.3646 36.6716  255 255 255
-33.1738 -6.62103 14.705  255 255 255
-35.05 -51.3751 28.005  255 255 255
2.70499 -8.59766 38.6827  255 255 255
1.01114 18.3762 -61.4903  255 255 255
4.99562 -11.5461 38.6234  255 255 255
-13.9745 5.50083 23.5174  255 255 255
58.8075 -6.63701 -13.494  255 255 255
-30.8152 -15.5195 26.5462  255 255 255
-1.48937 -19.4401 38.8532  255 255 255
-4.89757 -29.5133 43.912  255 255 255
7.81269 -1.6247 33.6835  255 255 255
1.5768 -41.5892 34.2783  255 255 255
-3.07667 -4.88649 37.8972  255 255 255
0.603179 -24.7192 40.5148  255 255 255
-8.29861 5.67642 24.4193  255 255 255
1.17465 19.0419 -62.34  255 255 255
-22.105 1.72646 9.15906  255 255 255
59.569 2.24113 -5.60626  255 255 255
-23.9831 -31.1506 30.8012  255 255 255
-20.6212 -23.5153 36.8368  255 255 255
29.8439 55.6435 -106.847  255 255 255
-50.6299 45.0876 -63.5333  255 255 255
-13.3843 65.0802 -72.385  255 255 255
-20.1352 58.9283 -72.8122  255 255 255
-10.4137 -5.02634 36.1919  255 255 255
-28.8473 60.0586 -66.2569  255 255 255
-1.2289 -6.05738 38.0451  255 255 255
4.28171 24.3766 -69.3579  255 255 255
-20.2838 -13.4245 30.8975  255 255 255
-10.9661 1.96664 30.6545  255 255 255
-72.6025 -4.70142 -32.5455  255 255 255
-65.5292 -13.5146 -22.803  255 255 255
7.06275 -32.2932 40.1551  255 255 255
-18.4332 -37.8426 32.5087  255 255 255
58.5161 9.61143 -3.67167  255 255 255
-69.1418 -11.7755 -24.9286  255 255 255
-70.5103 -13.9073 -19.1261  255 255 255
-45.4737 -54.7997 31.9666  255 255 255
61.4674 34.0108 -30.8221  255 255 255
55.5977 16.9069 -7.18586  255 255 255
65.3229 -15.3784 -2.69881  255 255 255
21.4659 -27.0138 32.7186  255 255 255
0.30207 24.7512 -69.6436  255 255 255
-82.4122 12.8642 -55.3409  255 255 255
19.643 -42.6837 31.435  255 255 255
-27.2527 -58.8947 37.7249  255 255 255
2.77083 -15.7435 39.0932  255 255 255
-14.1598 3.17814 27.3458  255 255 255
-8.26984 -21.153 39.3533  255 255 255
-88.9307 36.7951 -45.2841  255 255 255
-72.8044 31.9973 -58.1663  255 255 255
-7.75376 -28.2498 42.8057  255 255 255
-31.2928 8.05968 -47.4056  255 255 255
7.63471 -8.79814 37.0556  255 255 255
-15.0719 2.0197 27.6471  255 255 255
1.31358 -40.659 35.0273  255 255 255
55.2421 11.2539 -10.7695  255 255 255
-49.0645 44.1582 -65.3825  255 255 255
-13.9787 -19.4711 37.4414  255 255 255
9.49904 -36.6687 35.4713  255 255 255
13.2417 -1.32347 29.4233  255 255 255
-24.1467 -21.7848 34.7404  255 255 255
-13.9571 1.63476 29.2702  255 255 255
-10.361 -28.7643 43.0702  255 255 255
-6.4185 -11.3474 39.2574  255 255 255
-0.137984 -38.5761 36.9953  255 255 255
-13.4443 -13.3253 36.749  255 255 255
-26.0038 -59.0233 38.0733  255 255 255
-1.66545 -22.0905 40.482  255 255 255
-28.4176 -59.1027 37.2359  255 255 255
-44.8601 55.3115 -58.9874  255 255 255
-15.3816 62.9186 -72.8969  255 255 255
-34.0268 57.3553 -65.052  255 255 255
-16.3883 60.6571 -74.2108  255 255 255
-72.5556 48.7613 -45.6271  255 255 255
-9.30577 -23.4145 40.117  255 255 255
-30.6041 7.05631 -46.9586  255 255 255
-42.3433 15.5569 -58.6136  255 255 255
-9.86801 64.5631 -75.0681  255 255 255
0.975906 67.0653 -79.6375  255 255 255
-29.4146 -0.767961 7.01716  255 255 255
-13.6841 -5.12801 34.6873  255 255 255
56.2498 5.3974 -11.9956  255 255 255
-4.8618 -6.68223 38.5826  255 255 255
-4.8618 -6.68223 38.5826  255 255 255
-11.5119 -22.3976 39.754  255 255 255
-34.2481 -58.2817 37.0452  255 255 255
-34.6634 -58.2696 37.0967  255 255 255
-27.4947 -59.4793 38.7384  255 255 255
-6.24924 -3.8955 37.0088  255 255 255
58.3852 3.78732 -7.60826  255 255 255
-8.4909 -0.604317 34.0805  255 255 255
-9.44376 -46.9062 36.9365  255 255 255
-13.8791 -14.6723 36.2445  255 255 255
-6.44436 -17.5989 38.8384  255 255 255
-19.6921 -3.01924 27.711  255 255 255
-36.3766 -51.8827 29.0045  255 255 255
-30.0128 -17.4638 29.1086  255 255 255
-11.8241 -24.1095 38.7583  255 255 255
-14.1276 -10.8178 36.0607  255 255 255
2.2604 -22.9323 40.8122  255 255 255
-13.3406 -27.327 41.9979  255 255 255
-0.044584 -4.71762 37.8523  255 255 255
-32.3568 -57.5121 36.2141  255 255 255
22.665 -20.1727 31.4583  255 255 255
-63.696 49.4187 -52.9179  255 255 255
-17.391 63.1304 -71.4381  255 255 255
-8.30498 -27.8805 42.2715  255 255 255
-13.9782 -13.1818 36.3705  255 255 255
65.5391 -25.1648 -5.56982  255 255 255
-5.6331 -37.6211 37.4194  255 255 255
2.59385 -10.1 39.1395  255 255 255
-48.2982 -6.64798 -29.825  255 255 255
-30.2225 52.9069 -70.78  255 255 255
-31.996 54.147 -68.9349  255 255 255
-33.6126 58.2477 -64.4919  255 255 255
-37.4371 61.0222 -60.2296  255 255 255
-41.3707 59.6653 -58.5427  255 255 255
-11.3149 64.2139 -74.6336  255 255 255
-55.4252 35.5701 -67.6078  255 255 255
-55.0713 36.8712 -66.8818  255 255 255
-8.75928 70.8523 -70.7733  255 255 255
-31.6122 41.2494 -79.0131  255 255 255
20.3471 79.1234 -83.382  255 255 255
71.8022 89.3631 -107.987  255 255 255
-15.4513 -16.8653 35.1688  255 255 255
-12.3298 2.79028 29.0071  255 255 255
23.6134 -19.2181 30.1968  255 255 255
-29.1356 -1.15604 7.5895  255 255 255
-30.0959 -55.3911 33.5961  255 255 255
65.0101 -15.4499 -3.58598  255 255 255
-34.7518 -52.7804 30.2214  255 255 255
-46.7803 -37.1316 9.89663  255 255 255
-6.70781 -61.08 39.6675  255 255 255
-3.86811 -38.6375 36.7406  255 255 255
55.8101 83.1701 -102.562  255 255 255
-5.79782 -15.9157 39.343  255 255 255
-8.37098 -42.4555 35.3449  255 255 255
63.3733 -11.0636 -4.5527  255 255 255
55.7933 13.9757 -7.90943  255 255 255
60.3194 -6.07873 -8.99307  255 255 255
-20.9177 -24.9775 38.9829  255 255 255
-21.8635 -2.6178 23.7751  255 255 255
58.4379 -1.54741 -11.5555  255 255 255
58.974 -5.57907 -12.4703  255 255 255
57.2395 2.08322 -11.8146  255 255 255
13.1135 52.9011 -98.7808  255 255 255
-54.9814 53.4291 -54.5665  255 255 255
-4.02231 70.7657 -74.3139  255 255 255
-34.8297 39.4768 -78.2632  255 255 255
32.263 42.1469 -92.1537  255 255 255
-0.711316 74.619 -73.6962  255 255 255
40.1993 71.5943 -101.326  255 255 255
-48.1936 -12.0087 -23.5843  255 255 255
-13.2667 69.7766 -70.3254  255 255 255
-11.163 65.7109 -73.5309  255 255 255
-3.00517 54.1217 -86.0677  255 255 255
-30.9331 25.0795 -70.57  255 255 255
-8.2411 30.1864 -76.6436  255 255 255
3.85362 -8.51282 38.062  255 255 255
-33.4387 26.9348 -72.4291  255 255 255
53.1353 10.5195 -50.3146  255 255 255
-51.8697 -26.3863 -5.51374  255 255 255
-10.1599 -21.6476 40.3015  255 255 255
-36.554 18.0494 -61.1309  255 255 255
-3.82991 -21.0012 38.6932  255 255 255
24.2279 -21.1941 32.5482  255 255 255
-52.1735 -26.991 -4.88193  255 255 255
-40.9387 16.3744 -59.1492  255 255 255
7.89053 -1.23683 31.8609  255 255 255
-21.1541 62.8415 -71.4124  255 255 255
-79.1237 18.4834 -62.6683  255 255 255
-42.5292 16.4089 -58.6224  255 255 255
-72.8291 50.9552 -45.2904  255 255 255
-49.4593 -7.06417 -29.1422  255 255 255
-26.5048 -5.90228 19.78  255 255 255
-15.5885 59.7501 -75.5399  255 255 255
-116.257 -8.31605 -25.9848  255 255 255
-54.9524 -3.52157 -33.4938  255 255 255
-36.3497 18.6926 -61.7651  255 255 255
7.8373 -20.8547 38.3257  255 255 255
-63.7006 17.5764 -60.9322  255 255 255
-26.2351 28.7014 -74.6422  255 255 255
14.5273 -2.50195 28.0306  255 255 255
-16.2808 20.1381 -63.6793  255 255 255
67.0687 -24.4707 -2.97735  255 255 255
15.3079 -24.5442 37.1079  255 255 255
24.1818 -15.1291 25.1794  255 255 255
8.04272 29.6798 -76.2997  255 255 255
-70.9974 -6.84956 -29.0386  255 255 255
25.0586 -17.9698 28.5266  255 255 255
3.74648 -21.2409 39.3402  255 255 255
37.9062 -48.3135 24.6706  255 255 255
-9.09755 -21.1155 39.5503  255 255 255
-5.02118 -2.47067 36.1289  255 255 255
27.2327 50.8042 -102.359  255 255 255
1.77794 -5.00058 37.2995  255 255 255
-29.1237 -3.66714 10.8298  255 255 255
26.8094 49.0396 -100.7  255 255 255
1.00177 -2.21824 36.0316  255 255 255
45.0248 45.2135 -94.4734  255 255 255
-15.18 -2.87381 32.3286  255 255 255
-14.1666 -34.677 36.3749  255 255 255
-26.4163 -9.5993 25.2542  255 255 255
-14.9175 -19.4595 37.7801  255 255 255
-25.2803 21.4479 -65.5138  255 255 255
-45.0182 12.7887 -54.6119  255 255 255
-8.42936 -2.96455 35.7368  255 255 255
44.418 46.3341 -97.1527  255 255 255
-29.0882 27.7437 -73.0256  255 255 255
-27.8175 22.6447 -66.9525  255 255 255
4.25085 -34.3962 39.8995  255 255 255
-33.0397 -58.1098 36.7814  255 255 255
13.2345 -4.07024 31.7791  255 255 255
-3.37262 -21.7449 40.1071  255 255 255
-41.3011 -53.3999 30.361  255 255 255
16.0126 -3.21384 27.6531  255 255 255
-32.0042 -56.8672 35.5272  255 255 255
-79.071 4.4587 -44.2902  255 255 255
32.4157 46.5296 -96.1875  255 255 255
-57.5772 -5.36288 -33.533  255 255 255
0.936639 -21.1274 38.9812  255 255 255
-18.3787 -1.54794 28.1357  255 255 255
64.5858 -49.7826 20.7533  255 255 255
-31.4735 20.6128 -64.6059  255 255 255
-25.6736 2.8324 2.51651  255 255 255
-24.2123 17.4073 -60.0566  255 255 255
-29.8806 22.4788 -66.5715  255 255 255
14.9621 -25.7165 38.8076  255 255 255
-30.7338 -58.5698 36.2459  255 255 255
-12.8304 5.50889 24.6095  255 255 255
-3.31423 -60.9996 38.9806  255 255 255
-2.486 -28.1827 42.5157  255 255 255
22.4342 -7.68978 20.6491  255 255 255
-0.363619 -27.4207 41.321  255 255 255
-15.6701 4.04227 24.5005  255 255 255
-26.6284 -20.2538 32.7413  255 255 255
11.0573 -0.962743 30.3959  255 255 255
-33.078 -58.314 37.1322  255 255 255
14.2033 -24.4949 37.3286  255 255 255
24.2485 -19.3103 30.4842  255 255 255
-76.5508 3.27938 -42.7769  255 255 255
-45.9946 13.2799 -56.5784  255 255 255
-27.8483 -19.9624 32.4581  255 255 255
-72.3789 -9.21626 -27.952  255 255 255
6.69354 -13.8956 37.7044  255 255 255
0.048232 22.8651 -67.462  255 255 255
-29.7744 28.1712 -73.8129  255 255 255
57.8514 -5.79526 -15.6925  255 255 255
-56.9948 -6.06593 -30.7696  255 255 255
53.7547 40.3339 -88.2524  255 255 255
-24.3787 -12.0366 28.5962  255 255 255
-34.1258 28.4886 -76.6881  255 255 255
-39.89 -51.1531 27.5521  255 255 255
-39.3748 -56.0536 34.0992  255 255 255
-120.551 -6.38144 -28.4639  255 255 255
-118.109 -7.67126 -26.6748  255 255 255
-125.41 -15.9695 -18.0161  255 255 255
-117.998 -6.04019 -27.7674  255 255 255
9.90875 3.39045 27.0589  255 255 255
12.2441 -12.8452 35.1172  255 255 255
-100.412 -51.0693 27.2699  255 255 255
-38.6923 -54.4517 32.2285  255 255 255
-35.8653 -55.4033 33.7006  255 255 255
-11.4523 67.6866 -71.8949  255 255 255
5.84093 73.4096 -77.2548  255 255 255
-12.3943 67.5153 -71.2479  255 255 255
-86.1614 -53.9151 31.3658  255 255 255
-74.8244 32.1248 -59.5452  255 255 255
-74.8502 32.1423 -59.7166  255 255 255
-38.6385 53.2486 -65.409  255 255 255
45.9266 79.2654 -99.6561  255 255 255
63.6557 68.4463 -117.974  255 255 255
31.8537 56.2029 -108.15  255 255 255
8.12864 66.7987 -84.8256  255 255 255
7.92917 -20.269 37.6186  255 255 255
10.3455 -32.9724 37.7424  255 255 255
7.69762 -34.8363 38.0921  255 255 255
-34.9358 -59.3789 38.3851  255 255 255
-52.5479 13.0141 -55.4798  255 255 255
-14.0334 0.274866 30.2439  255 255 255
-25.2954 -10.1743 25.4545  255 255 255
62.2041 -20.1141 -12.1508  255 255 255
-33.0724 -57.5233 36.4245  255 255 255
54.6147 -42.1695 16.1557  255 255 255
-23.7121 -60.1197 39.5945  255 255 255
56.5534 29.1262 -45.1787  255 255 255
-21.4332 -7.80533 27.9944  255 255 255
1.3346 -4.09958 37.1664  255 255 255
14.6674 -1.29057 27.612  255 255 255
-18.7104 -23.6562 37.3503  255 255 255
3.77057 -17.043 38.7227  255 255 255
66.571 -24.4909 -6.08984  255 255 255
9.98436 -32.9192 37.9879  255 255 255
-34.9343 -53.447 30.9533  255 255 255
57.9189 -39.2879 12.8404  255 255 255
14.7492 -5.00269 30.6726  255 255 255
12.9826 -38.6158 32.2145  255 255 255
57.1414 -41.8503 15.4536  255 255 255
45.9126 -52.0592 29.2983  255 255 255
13.3476 -0.240171 27.8523  255 255 255
8.64975 -35.4776 36.7533  255 255 255
-35.9235 -56.4261 34.9395  255 255 255
6.90693 0.522499 32.2248  255 255 255
26.2845 -16.349 26.4823  255 255 255
11.7312 -31.5779 38.2184  255 255 255
11.7312 -31.5779 38.2184  255 255 255
12.0418 -37.8987 33.738  255 255 255
12.2031 -39.1248 32.6884  255 255 255
57.1006 -38.2689 11.408  255 255 255
-4.77229 -14.491 39.6379  255 255 255
-4.74433 -14.5266 39.264  255 255 255
65.3232 65.2082 -119.729  255 255 255
-77.5276 38.4503 -48.4469  255 255 255
58.8627 25.4824 -42.2707  255 255 255
59.3381 23.5274 -43.0269  255 255 255
8.03258 65.2791 -88.1889  255 255 255
-31.7525 65.6259 -60.517  255 255 255
37.4493 58.5063 -108.364  255 255 255
66.2315 -45.732 18.9923  255 255 255
56.2767 3.83489 -12.8803  255 255 255
11.3631 52.7013 -97.7705  255 255 255
56.3294 72.5338 -110.526  255 255 255
17.7915 76.5749 -83.7612  255 255 255
-71.362 -8.47261 -26.2683  255 255 255
-31.9328 38.2049 -80.8648  255 255 255
46.8369 84.0795 -96.3506  255 255 255
-3.64355 74.9399 -72.1114  255 255 255
-56.8832 47.1213 -57.9315  255 255 255
-37.0855 -58.5257 37.0496  255 255 255
8.59134 -19.8601 36.773  255 255 255
-27.117 -12.7786 26.1278  255 255 255
-27.5569 -13.6664 25.2985  255 255 255
-54.6381 56.8641 -52.0219  255 255 255
-57.4532 34.9689 -67.1191  255 255 255
60.1039 -10.1378 -12.5681  255 255 255
60.4667 -10.7828 -11.8129  255 255 255
60.8926 0.720841 -2.78652  255 255 255
2.84335 -23.7042 40.7212  255 255 255
61.8038 -12.4983 -8.6251  255 255 255
62.4423 -16.4286 -10.8242  255 255 255
-48.6152 44.796 -64.8131  255 255 255
67.0821 -25.5708 -4.17811  255 255 255
67.6081 -21.5126 -0.647645  255 255 255
-42.8503 47.3819 -66.2569  255 255 255
-63.2255 44.7367 -57.2106  255 255 255
-119.819 51.0008 -83.7567  255 255 255
-52.9682 38.3935 -67.2193  255 255 255
-30.0959 50.2661 -73.1359  255 255 255
-7.7864 57.5378 -82.057  255 255 255
-10.322 -19.8138 37.655  255 255 255
-37.0291 52.6291 -66.6878  255 255 255
61.3113 69.3959 -115.849  255 255 255
25.0786 73.916 -90.5126  255 255 255
61.3383 69.3785 -115.934  255 255 255
59.7914 72.4021 -112.88  255 255 255
-11.4389 67.6486 -71.8477  255 255 255
-29.4595 55.921 -69.0195  255 255 255
31.724 43.5618 -93.6156  255 255 255
58.6403 66.8401 -116.002  255 255 255
-23.8722 -23.2297 36.7134  255 255 255
-25.7594 -2.69313 15.2326  255 255 255
-32.8991 29.5128 -76.9129  255 255 255
8.43953 30.5098 -77.1887  255 255 255
33.5551 45.8072 -97.1036  255 255 255
-21.7046 -19.4588 33.7609  255 255 255
37.0015 64.4915 -104.887  255 255 255
-13.4055 -14.754 36.9241  255 255 255
-32.6796 30.9273 -78.0553  255 255 255
1.13778 -17.1465 39.28  255 255 255
-18.5805 -16.3952 33.6337  255 255 255
-4.20098 -18.6649 39.0129  255 255 255
-20.0318 -17.1127 34.2372  255 255 255
-1.12218 -4.07291 37.5211  255 255 255
10.8863 -36.9305 34.6751  255 255 255
64.9587 -12.7415 -1.31909  255 255 255
-28.8157 -0.80848 7.19254  255 255 255
60.7382 -10.2059 -9.37938  255 255 255
57.2292 2.07315 -11.7852  255 255 255
57.0587 -2.54478 -15.3843  255 255 255
-2.43113 -19.2037 38.9265  255 255 255
5.30012 -12.8894 38.4163  255 255 255
0.0484975 -17.7368 39.0792  255 255 255
11.1821 -20.4751 37.3333  255 255 255
9.95715 -19.2135 36.1677  255 255 255
-21.7985 -23.314 36.4968  255 255 255
24.7166 -19.8821 30.9302  255 255 255
1.90115 -22.1114 40.319  255 255 255
4.01107 -20.8934 38.5697  255 255 255
-5.48795 -21.4128 39.5042  255 255 255
-31.1285 -15.9304 27.209  255 255 255
-12.738 -31.5103 39.7607  255 255 255
-17.8842 -16.4783 33.9259  255 255 255
4.20204 -20.0487 38.022  255 255 255
56.3471 6.8642 -11.8138  255 255 255
1.71257 -27.702 41.7373  255 255 255
-23.4483 -20.7721 33.5523  255 255 255
-2.84943 -22.306 40.6112  255 255 255
-3.43875 -32.8844 41.162  255 255 255
10.8736 -25.3866 38.2742  255 255 255
-4.20204 -18.6669 39.0129  255 255 255
-13.8038 -17.9912 36.2277  255 255 255
-20.743 -15.2623 32.3904  255 255 255
-12.934 -16.2746 36.9643  255 255 255
18.5385 -43.0295 31.3868  255 255 255
-11.5932 -21.0562 39.37  255 255 255
-20.1754 -14.8597 31.5726  255 255 255
-12.8786 -10.5357 37.82  255 255 255
55.5383 13.8333 -8.18461  255 255 255
2.16995 -9.81874 39.1689  255 255 255
-18.8616 -12.6691 32.6449  255 255 255
-13.4314 -8.9695 36.1075  255 255 255
3.54898 -13.9646 39.2087  255 255 255
55.9825 13.853 -7.03462  255 255 255
59.6616 4.21683 -4.09264  255 255 255
65.1775 -13.9895 -2.15821  255 255 255
66.2326 -19.2702 -2.47845  255 255 255
31.2954 41.6712 -91.631  255 255 255
-0.48843 -58.5662 37.1534  255 255 255
-19.265 -26.9874 41.4841  255 255 255
11.3261 -23.852 37.3028  255 255 255
-17.8065 -15.8141 33.4752  255 255 255
5.03577 -27.9319 42.1555  255 255 255
-21.113 -13.1836 29.3737  255 255 255
5.92877 -2.57184 34.8564  255 255 255
1.65516 -3.10936 36.5764  255 255 255
-0.743315 -2.54589 36.4577  255 255 255
-13.9536 1.60273 29.2788  255 255 255
33.4359 59.5447 -106.449  255 255 255
4.98898 67.7965 -82.8806  255 255 255
58.7537 -13.9136 -16.4947  255 255 255
59.6047 -14.8944 -16.3285  255 255 255
-91.7838 -54.6739 32.1355  255 255 255
-31.2221 39.1053 -80.8744  255 255 255
-31.3405 27.9444 -72.4886  255 255 255
-28.3212 -19.3398 31.5891  255 255 255
-26.171 29.8108 -76.0805  255 255 255
3.59389 46.3319 -96.4197  255 255 255
25.4248 -16.3663 26.5489  255 255 255
62.5101 -48.9814 24.365  255 255 255
-2.90118 -4.6093 37.7374  255 255 255
3.00668 -27.517 41.3153  255 255 255
-14.5355 -20.8455 39.0813  255 255 255
57.4679 64.7449 -116.939  255 255 255
-11.271 -21.1885 39.5904  255 255 255
62.0218 21.9025 -37.4589  255 255 255
0.481512 -5.41327 38.0655  255 255 255
-30.8421 37.4239 -81.5123  255 255 255
-40.4059 56.6553 -60.5843  255 255 255
-16.5312 61.3274 -73.5892  255 255 255
-11.639 -19.9054 37.8537  255 255 255
9.38634 -37.732 35.0109  255 255 255
-30.6251 38.6438 -80.9095  255 255 255
-10.9925 -13.4778 38.02  255 255 255
-22.0795 -15.3707 32.3693  255 255 255
1.65625 -30.8899 42.5964  255 255 255
1.11004 -9.39463 39.1122  255 255 255
-34.0988 42.797 -76.0148  255 255 255
39.3825 65.5291 -105.221  255 255 255
15.2217 -18.7445 35.1059  255 255 255
-26.0953 45.5941 -79.118  255 255 255
-37.4205 60.9886 -60.2472  255 255 255
-42.5839 59.1209 -58.2046  255 255 255
-17.3978 -8.3776 33.1236  255 255 255
17.0159 63.2516 -92.4936  255 255 255
-15.632 64.6883 -70.1454  255 255 255
33.2967 45.5921 -95.7877  255 255 255
-41.423 60.4368 -57.9145  255 255 255
11.0601 -37.2348 34.5594  255 255 255
64.3793 -48.2049 22.1072  255 255 255
18.5432 63.7738 -93.2397  255 255 255
6.45763 4.89707 24.921  255 255 255
60.068 25.6717 -39.4832  255 255 255
10.3731 -26.2366 39.5967  255 255 255
-8.79319 -22.8945 40.5058  255 255 255
4.62199 -16.7212 38.3947  255 255 255
-18.211 -18.2899 35.8053  255 255 255
23.0258 -9.31343 22.6678  255 255 255
-21.4097 -22.675 35.885  255 255 255
15.1462 -17.4909 33.6568  255 255 255
28.7339 58.5857 -104.228  255 255 255
-5.38541 62.8641 -79.3576  255 255 255
-38.6049 50.3566 -67.2963  255 255 255
-33.6704 40.8506 -77.6453  255 255 255
13.0548 -33.4638 35.9381  255 255 255
-23.5542 18.0726 -61.3109  255 255 255
56.5568 28.0529 -47.3329  255 255 255
-28.8242 13.6606 -55.3985  255 255 255
-16.193 -20.3501 38.2911  255 255 255
-15.4271 -17.3837 35.1605  255 255 255
-45.7057 54.84 -59.1713  255 255 255
-0.925567 -20.8245 38.719  255 255 255
-68.1742 30.6349 -63.1946  255 255 255
-74.8785 39.5825 -49.312  255 255 255
-0.234631 -21.5688 39.4794  255 255 255
14.0019 -19.8243 36.4751  255 255 255
15.3764 -25.3042 38.4432  255 255 255
-25.0557 -22.5957 35.8781  255 255 255
38.0241 31.1061 -77.7703  255 255 255
-24.1987 61.8981 -67.2984  255 255 255
20.4469 -12.9043 27.6763  255 255 255
38.6955 64.972 -105.536  255 255 255
-29.832 -12.1116 22.0256  255 255 255
14.9018 63.4747 -92.7013  255 255 255
-14.1408 64.3996 -72.4769  255 255 255
10.817 58.6171 -92.1033  255 255 255
-21.0068 -22.3503 35.68  255 255 255
-20.6018 -20.8783 34.6482  255 255 255
37.84 17.0937 -59.212  255 255 255
-21.0795 -21.4333 34.2486  255 255 255
-13.222 -3.11323 33.7221  255 255 255
14.5806 -25.9201 39.0505  255 255 255
-48.4463 47.6453 -62.5522  255 255 255
-14.9595 64.5213 -71.8622  255 255 255
-43.6932 49.9355 -64.7928  255 255 255
-49.2752 34.2195 -74.0236  255 255 255
60.2078 23.9251 -40.0938  255 255 255
-49.6737 33.3094 -74.6142  255 255 255
-43.675 57.436 -58.5905  255 255 255
-54.1443 37.7686 -66.1374  255 255 255
27.3985 -12.6081 21.7126  255 255 255
-43.5641 58.9713 -57.8319  255 255 255
58.7814 33.5091 -38.3663  255 255 255
59.0492 -9.98391 -15.2579  255 255 255
59.3253 -14.8628 -15.7408  255 255 255
-1.30297 -8.42095 38.8922  255 255 255
0.794783 -10.4597 39.1651  255 255 255
8.00036 -27.2689 40.9333  255 255 255
-8.59964 -60.6746 40.1434  255 255 255
55.9285 -41.6709 15.9603  255 255 255
-27.2944 -59.1816 38.1827  255 255 255
62.7693 -7.5069 -2.99578  255 255 255
-24.8252 -21.4398 34.3016  255 255 255
63.2172 -15.6506 -7.28661  255 255 255
-20.6007 -20.9342 34.3236  255 255 255
63.8597 -15.0031 -5.57295  255 255 255
-15.8698 -17.181 34.7625  255 255 255
-19.1192 -12.5812 32.5795  255 255 255
61.4635 -8.08437 -7.9381  255 255 255
-28.6078 -55.5076 33.741  255 255 255
-13.4473 -9.51787 36.2935  255 255 255
-11.1843 -17.9081 37.5462  255 255 255
-5.83561 -19.0079 38.5869  255 255 255
-6.15674 -19.553 38.4747  255 255 255
-6.6177 -19.7597 38.4981  255 255 255
-16.2107 -20.276 38.6231  255 255 255
62.6137 -12.6689 -7.76776  255 255 255
67.2442 -23.3481 -3.0272  255 255 255
67.2686 -26.1194 -5.00469  255 255 255
66.1677 -22.4872 -4.7611  255 255 255
-24.9535 -57.4193 36.0765  255 255 255
50.8215 -38.7607 12.2971  255 255 255
-9.76319 -5.73584 36.7839  255 255 255
-37.1595 -51.1015 28.0779  255 255 255
-79.7242 2.55097 -42.1302  255 255 255
-2.20232 -22.7581 41.1989  255 255 255
0.560043 -27.555 41.4936  255 255 255
27.0355 -14.7911 24.5099  255 255 255
19.9892 -19.3365 31.4492  255 255 255
17.0628 -25.4475 38.2678  255 255 255
13.5559 -28.3147 39.653  255 255 255
-3.87693 -29.5749 43.6634  255 255 255
-34.3811 -54.1815 31.7649  255 255 255
-31.493 -58.0635 36.8059  255 255 255
-32.3102 -58.5294 37.3722  255 255 255
7.18993 3.08565 28.088  255 255 255
58.2308 -5.62953 -12.5028  255 255 255
12.2692 -6.70206 33.6171  255 255 255
2.70045 -27.1948 40.9807  255 255 255
-22.3397 -14.0377 30.9694  255 255 255
-28.0835 -13.5785 24.6057  255 255 255
-19.5053 -15.8039 32.9265  255 255 255
-16.6977 -19.0979 36.7825  255 255 255
-17.0043 -24.182 37.832  255 255 255
5.45924 -28.4159 42.5336  255 255 255
18.9445 -15.1498 30.5398  255 255 255
19.9659 -20.4065 32.1421  255 255 255
8.53521 -20.6202 38.0548  255 255 255
5.09191 -20.4927 38.2485  255 255 255
55.9643 -48.3452 23.7644  255 255 255
16.5418 -16.1922 31.9945  255 255 255
23.8696 -18.3068 28.7575  255 255 255
18.9267 -23.7144 36.304  255 255 255
15.6625 -24.4683 37.2426  255 255 255
15.6734 -24.4985 37.1672  255 255 255
-10.1502 -20.9311 38.5455  255 255 255
13.0784 -31.1912 37.7414  255 255 255
0.96763 -41.3505 34.4636  255 255 255
18.9818 -21.0252 32.9758  255 255 255
-13.4113 -27.2739 42.1165  255 255 255
-22.5969 -37.9259 27.7901  255 255 255
5.50637 -32.5149 42.8316  255 255 255
-24.1536 -4.45757 17.7003  255 255 255
-5.28288 -11.741 39.2121  255 255 255
-9.62172 60.0621 -78.7685  255 255 255
-36.7653 8.37571 -49.0338  255 255 255
-25.245 -4.7514 18.5743  255 255 255
-28.5362 -20.8848 33.5913  255 255 255
-16.3682 0.212164 28.5329  255 255 255
-24.9121 -2.75959 15.6835  255 255 255
-5.60453 53.0747 -86.7318  255 255 255
-5.08557 -4.05049 37.8724  255 255 255
-13.0414 3.40048 28.1252  255 255 255
-10.4347 -2.3826 34.6437  255 255 255
-51.3575 -25.193 -5.62017  255 255 255
-67.1844 35.7777 -59.3523  255 255 255
-65.591 49.0706 -50.1089  255 255 255
0.404854 -4.86432 37.8011  255 255 255
6.29096 -2.93162 34.7668  255 255 255
-11.7331 -5.7272 35.9038  255 255 255
37.4521 63.4831 -106.255  255 255 255
-1.05128 -7.62284 38.8119  255 255 255
-15.6885 -19.7922 37.8113  255 255 255
62.5939 72.0857 -114.892  255 255 255
-13.1571 -26.9838 41.2191  255 255 255
13.406 77.0869 -80.2816  255 255 255
-22.9544 60.363 -70.419  255 255 255
-25.9634 59.5025 -68.8567  255 255 255
-12.9657 -13.5419 37.002  255 255 255
22.3563 23.758 -68.4514  255 255 255
29.8532 25.1618 -70.0759  255 255 255
24.9636 24.6849 -69.5025  255 255 255
9.40237 -32.2282 38.8742  255 255 255
14.8136 -13.9337 32.9309  255 255 255
-52.796 -3.84051 -33.1273  255 255 255
-25.8848 -11.0187 26.6832  255 255 255
-69.9992 -13.7823 -20.3671  255 255 255
24.5721 -0.126347 4.16153  255 255 255
-19.3711 -39.8473 31.6316  255 255 255
-54.1355 0.0449984 -38.6681  255 255 255
59.9329 24.4778 -40.5802  255 255 255
22.6056 -18.1267 28.779  255 255 255
1.53725 18.0258 -61.19  255 255 255
9.50922 -26.9053 40.4141  255 255 255
15.9084 -32.8488 35.1575  255 255 255
7.48976 0.959518 31.5887  255 255 255
-8.94463 -46.6061 36.7143  255 255 255
-13.4225 -31.3232 39.5535  255 255 255
-0.212997 -39.4693 36.5551  255 255 255
-55.7136 39.1377 -64.779  255 255 255
-55.2528 43.9197 -61.4879  255 255 255
-74.9048 33.0017 -59.1929  255 255 255
-23.3762 -20.1734 33.1969  255 255 255
-51.6373 45.3197 -61.4492  255 255 255
-34.2833 35.2585 -81.6711  255 255 255
63.376 37.7885 -85.7619  255 255 255
-5.18987 6.57786 21.8497  255 255 255
-41.0109 49.4202 -66.0263  255 255 255
-36.7612 -53.0484 30.6288  255 255 255
21.7279 -11.3982 25.603  255 255 255
-52.94 -27.2012 -3.90275  255 255 255
-44.7378 -54.712 32.106  255 255 255
-26.4047 -3.75751 16.8216  255 255 255
58.4076 25.2003 -44.5987  255 255 255
-34.5935 4.28961 -43.4592  255 255 255
-22.1152 -10.674 28.0797  255 255 255
-24.4767 20.2701 -63.7376  255 255 255
38.5072 -52.7666 30.2867  255 255 255
53.2662 -32.4557 3.1285  255 255 255
62.5187 -12.0363 -7.6321  255 255 255
-44.6701 -51.4528 27.7017  255 255 255
31.4323 22.6461 -66.3544  255 255 255
-17.921 -3.09454 29.8464  255 255 255
-40.766 50.8674 -65.6142  255 255 255
61.8126 -19.0521 -12.9306  255 255 255
-31.0136 -58.1445 36.8777  255 255 255
-35.6657 37.2587 -78.8903  255 255 255
24.219 31.9694 -78.9808  255 255 255
53.3803 -42.4065 16.8742  255 255 255
-20.7222 30.9512 -77.8827  255 255 255
2.86996 -12.4166 39.0458  255 255 255
-23.58 9.42184 -49.1369  255 255 255
-0.451545 20.4077 -64.121  255 255 255
-31.4884 -58.0777 36.8232  255 255 255
61.7366 -49.2852 24.955  255 255 255
2.23668 -10.7301 39.1686  255 255 255
-75.671 34.9339 -55.681  255 255 255
54.3252 11.5614 -11.7589  255 255 255
60.7427 -9.60409 -9.62531  255 255 255
-10.9904 -8.53126 37.1709  255 255 255
-16.3159 -26.5913 40.6862  255 255 255
-2.65334 -9.76794 39.4269  255 255 255
-74.7109 30.1345 -61.089  255 255 255
-118.315 -7.09337 -26.3771  255 255 255
-70.9768 -0.676688 -38.243  255 255 255
-83.078 10.0204 -51.1918  255 255 255
-81.3224 9.07476 -49.7619  255 255 255
-68.3958 38.6777 -54.9179  255 255 255
12.088 -10.6004 34.85  255 255 255
-80.212 18.5065 -62.5928  255 255 255
-81.566 43.5759 -44.9995  255 255 255
-35.364 -54.2772 31.9759  255 255 255
-5.02098 -7.18038 38.6991  255 255 255
-53.621 32.0281 -69.2196  255 255 255
-79.3148 33.5491 -61.4221  255 255 255
-13.8691 60.7004 -75.7077  255 255 255
21.2055 67.2213 -89.9283  255 255 255
-50.32 36.4494 -72.9611  255 255 255
-52.5312 53.374 -55.782  255 255 255
-75.4231 44.7137 -47.5923  255 255 255
-17.3089 58.8317 -73.4463  255 255 255
-40.1623 50.5763 -66.1325  255 255 255
-67.1508 -11.8953 -22.7011  255 255 255
-73.8553 -0.211947 -37.7329  255 255 255
-39.6166 -59.9233 39.0942  255 255 255
-41.5403 -53.5929 31.0469  255 255 255
-8.42316 -1.65907 34.8681  255 255 255
-24.6795 -3.67004 16.8397  255 255 255
5.39747 -13.4248 38.1818  255 255 255
-20.4269 -19.8598 35.2852  255 255 255
14.1222 -32.8626 35.9006  255 255 255
24.8534 20.1883 -64.2928  255 255 255
-38.8786 17.711 -61.2685  255 255 255
-40.2534 16.136 -58.678  255 255 255
9.51028 2.89413 27.6787  255 255 255
-2.06555 -3.29293 36.6638  255 255 255
3.70097 -5.0522 36.6092  255 255 255
3.70084 -5.05802 36.6452  255 255 255
20.8245 -12.5687 27.2424  255 255 255
19.6742 -13.502 28.4225  255 255 255
4.46096 -11.913 38.5133  255 255 255
-26.8324 -13.2893 26.8377  255 255 255
3.62424 -16.194 38.941  255 255 255
-11.8118 -21.1442 39.6258  255 255 255
-3.61835 -30.4724 43.1372  255 255 255
60.794 -42.2996 14.7366  255 255 255
-30.448 19.8172 -63.2625  255 255 255
40.2592 14.6695 -56.2398  255 255 255
-39.0675 18.8756 -61.727  255 255 255
36.952 13.8756 -55.0241  255 255 255
32.9556 13.0162 -54.7097  255 255 255
32.569 11.9116 -53.2736  255 255 255
-4.23425 7.78432 21.287  255 255 255
9.94173 0.0716956 30.8632  255 255 255
-77.8256 -0.429111 -38.3511  255 255 255
28.8995 -8.06595 15.2095  255 255 255
-25.66 -4.83066 18.3273  255 255 255
3.3108 -18.4763 38.4852  255 255 255
0.283063 -22.0465 40.2739  255 255 255
13.6162 -32.1091 36.7356  255 255 255
-36.1145 -51.7021 28.4916  255 255 255
-56.796 -57.5631 37.4676  255 255 255
-2.69382 7.60981 20.652  255 255 255
12.4444 -3.85286 32.0446  255 255 255
12.7544 -20.0829 36.5054  255 255 255
-9.10378 -20.0637 37.9846  255 255 255
8.41417 -26.4471 39.8465  255 255 255
-4.88017 -27.6036 41.7631  255 255 255
38.8421 -45.934 22.3404  255 255 255
-41.7438 -50.971 26.6764  255 255 255
8.44671 2.46271 29.8408  255 255 255
-29.5678 -4.18535 11.8962  255 255 255
9.13143 -6.12888 35.0669  255 255 255
3.01532 -21.4679 39.2721  255 255 255
-2.28997 -22.0651 40.5257  255 255 255
-28.0823 -57.5648 36.6892  255 255 255
-47.9768 -8.71654 -27.1004  255 255 255
56.3544 -45.7228 21.0128  255 255 255
-40.2173 -51.5619 28.4803  255 255 255
15.8983 -5.16207 29.612  255 255 255
-47.6987 -10.0739 -25.1506  255 255 255
-35.5461 -59.6127 38.9377  255 255 255
26.191 -34.3742 23.0697  255 255 255
-26.5724 -57.6646 36.0557  255 255 255
21.7552 -32.2681 28.2738  255 255 255
-51.705 -58.0272 37.3591  255 255 255
2.28282 -11.9089 39.3466  255 255 255
-65.7123 -12.2625 -23.806  255 255 255
-62.14 -24.5799 -7.98382  255 255 255
61.9706 -2.26943 -2.27248  255 255 255
28.4922 -13.7116 22.7866  255 255 255
-4.31968 -26.6333 40.6274  255 255 255
40.0362 13.9679 -55.5992  255 255 255
19.89 -36.2039 28.0025  255 255 255
41.0521 -50.1056 27.1112  255 255 255
12.9685 -29.7245 38.8605  255 255 255
-33.6696 -26.5281 14.5861  255 255 255
-60.726 -29.2633 -1.94431  255 255 255
-28.2198 -20.5697 33.3182  255 255 255
-21.8574 -24.4753 38.1473  255 255 255
1.64849 -16.7818 39.2711  255 255 255
29.5249 58.3497 -104.83  255 255 255
-68.2653 -12.1902 -24.4475  255 255 255
-3.12674 -28.3828 42.6973  255 255 255
-14.1806 -35.04 36.156  255 255 255
-12.8805 -33.6393 37.5777  255 255 255
4.76819 -29.5177 44.0407  255 255 255
-22.6745 -61.4131 40.8961  255 255 255
-23.399 -60.3675 39.5306  255 255 255
-3.59343 72.7951 -73.0498  255 255 255
-89.8792 -11.2633 -23.6959  255 255 255
-7.8991 5.70258 23.9028  255 255 255
-6.54645 -7.4775 38.3063  255 255 255
-4.46911 -14.6596 39.6577  255 255 255
-3.77428 -15.9258 39.6634  255 255 255
-3.47632 -13.2661 39.7659  255 255 255
-16.0759 63.8766 -71.8446  255 255 255
55.3794 20.7884 -4.59995  255 255 255
5.18432 -8.84443 38.1719  255 255 255
-7.63078 -6.03575 37.6082  255 255 255
-25.3963 -3.28608 16.1316  255 255 255
63.8025 69.3303 -117.738  255 255 255
34.8391 69.0461 -100.488  255 255 255
20.3471 79.1234 -83.382  255 255 255
-19.299 -14.7221 32.0336  255 255 255
-11.1097 -11.2655 37.7028  255 255 255
-4.66589 -7.89385 38.8185  255 255 255
-8.58239 -9.58495 38.312  255 255 255
-55.3085 45.8042 -60.027  255 255 255
-55.54 47.0667 -57.1439  255 255 255
13.2579 -12.3589 34.1597  255 255 255
10.8346 -5.22169 33.8704  255 255 255
15.0184 -10.5588 32.6516  255 255 255
16.7086 -23.6477 36.1963  255 255 255
7.58832 -38.9023 34.6665  255 255 255
14.8601 -6.109 31.3494  255 255 255
13.2903 -5.70966 32.4441  255 255 255
14.5547 -4.08705 30.4423  255 255 255
11.054 -27.994 41.0791  255 255 255
8.36404 -4.69871 34.7612  255 255 255
1.09804 -4.38911 37.3912  255 255 255
-0.225111 -7.98424 38.7626  255 255 255
-40.6066 45.0009 -70.032  255 255 255
11.4284 51.1653 -98.5383  255 255 255
60.5091 -20.8017 -9.69942  255 255 255
16.3557 -16.5329 32.5305  255 255 255
-22.0837 -22.0308 35.4284  255 255 255
-9.16303 57.3901 -82.757  255 255 255
-9.16303 57.3901 -82.757  255 255 255
55.7364 29.0715 -48.2995  255 255 255
9.87594 51.1099 -98.0493  255 255 255
29.9674 21.1406 -64.1969  255 255 255
37.5951 18.6799 -60.877  255 255 255
57.2147 -3.50559 -14.0273  255 255 255
59.6792 -6.3597 -9.80074  255 255 255
56.6734 -5.60561 -14.5805  255 255 255
62.2166 -12.3703 -7.71991  255 255 255
56.9577 -20.2992 -10.8114  255 255 255
1.41979 -10.509 39.1171  255 255 255
69.0437 -29.2006 -2.12832  255 255 255
69.3591 -29.5329 -1.83705  255 255 255
-0.735138 -12.7652 39.8012  255 255 255
21.9927 -20.0869 31.5221  255 255 255
-16.9347 -11.0685 34.4462  255 255 255
17.7091 -23.2136 35.8452  255 255 255
16.3717 -23.2859 35.8087  255 255 255
13.7152 -25.8762 39.0353  255 255 255
-16.3741 -19.5606 37.65  255 255 255
-16.5022 -19.8494 37.8869  255 255 255
-12.0668 -21.2353 40.1821  255 255 255
50.4073 -43.1794 18.1723  255 255 255
40.0177 -47.9448 24.5721  255 255 255
25.7456 -56.3104 35.0243  255 255 255
-3.05552 -61.0364 40.3171  255 255 255
-25.0619 -56.9915 35.4838  255 255 255
-38.5764 -55.6397 33.5777  255 255 255
12.1675 52.7406 -98.3769  255 255 255
64.3126 38.4964 -86.9175  255 255 255
53.047 32.6122 -79.3424  255 255 255
56.5878 11.1128 -7.79077  255 255 255
-25.4343 20.8907 -64.7687  255 255 255
-58.4872 -3.33514 -35.5284  255 255 255
68.8966 -43.8869 12.9013  255 255 255
63.0793 -44.5486 17.8908  255 255 255
48.0949 -46.3294 21.9885  255 255 255
-15.4979 -31.9924 37.7363  255 255 255
-41.7891 -51.7499 28.4  255 255 255
-26.5645 54.1799 -72.213  255 255 255
-6.64742 53.2162 -86.2471  255 255 255
57.2179 10.8587 -5.90818  255 255 255
58.0561 -5.53372 -12.1639  255 255 255
-45.5573 -8.61347 -28.5857  255 255 255
2.64753 -22.1166 40.2599  255 255 255
-27.4935 -18.4304 30.1607  255 255 255
-20.5629 -22.9971 36.4667  255 255 255
37.1557 -49.283 25.4611  255 255 255
-6.21597 -61.722 41.5778  255 255 255
10.9712 53.1658 -96.6421  255 255 255
-11.6824 1.54718 30.6866  255 255 255
38.9382 -48.7854 24.5555  255 255 255
38.9054 21.7815 -64.4632  255 255 255
-23.5287 12.3299 -53.6085  255 255 255
41.8872 -50.3625 27.4762  255 255 255
55.6248 -44.3161 18.2232  255 255 255
-39.9692 -54.658 32.2816  255 255 255
51.2343 -45.6992 20.9838  255 255 255
51.4442 -46.3684 23.0663  255 255 255
38.6981 -47.5026 23.8198  255 255 255
-38.4541 -53.7308 30.9092  255 255 255
58.5416 -13.2679 -18.3774  255 255 255
4.66533 -19.7483 37.6486  255 255 255
38.9732 -48.8292 24.3892  255 255 255
-48.8707 51.2799 -60.9921  255 255 255
-11.9523 -27.4488 41.7731  255 255 255
59.5731 29.1122 -39.1073  255 255 255
-12.949 -6.6425 35.6765  255 255 255
-27.5292 -56.9216 34.4233  255 255 255
27.8553 36.1517 -84.0895  255 255 255
-2.8029 -21.1456 39.3209  255 255 255
-0.157829 25.2008 -70.0573  255 255 255
25.3213 -21.8662 32.7642  255 255 255
61.4236 -45.2938 17.1023  255 255 255
36.437 -51.3399 28.8102  255 255 255
-28.1467 -57.7833 36.6239  255 255 255
-23.8268 -58.1577 37.3013  255 255 255
-31.5122 -57.0128 35.4248  255 255 255
-34.9629 -56.8435 34.9204  255 255 255
-18.8711 -48.7826 30.8289  255 255 255
39.5473 18.9122 -62.0745  255 255 255
-9.35597 -24.6184 39.6666  255 255 255
-12.9198 -16.2894 36.9269  255 255 255
65.5232 -45.491 18.9635  255 255 255
-2.49748 -50.3779 34.4764  255 255 255
-41.8059 -53.5326 30.6809  255 255 255
-51.7725 -34.6648 6.65885  255 255 255
-72.6688 34.4015 -55.5516  255 255 255
13.7133 56.0812 -95.8309  255 255 255
15.531 67.7526 -82.1419  255 255 255
39.8962 69.9567 -102.356  255 255 255
48.3613 82.9844 -98.4733  255 255 255
54.1237 77.1793 -106.585  255 255 255
39.9491 70.009 -102.559  255 255 255
17.7683 -7.98722 28.3177  255 255 255
7.83187 -20.8495 38.3013  255 255 255
6.37848 -21.2221 38.9664  255 255 255
42.0311 82.7728 -94.7256  255 255 255
-31.3525 -59.2022 38.1254  255 255 255
-26.2031 47.9676 -77.0026  255 255 255
56.1299 84.9036 -101.655  255 255 255
54.5088 81.1577 -103.288  255 255 255
55.9756 34.6147 -45.0862  255 255 255
61.7873 -5.03493 -4.69732  255 255 255
-32.5717 39.3097 -80.0813  255 255 255
5.58114 73.2298 -78.2585  255 255 255
-32.9697 -57.2848 35.9169  255 255 255
-3.21044 -39.1229 36.9764  255 255 255
34.0277 65.9359 -102.152  255 255 255
-31.7293 37.1881 -81.4848  255 255 255
-6.61913 53.1434 -86.152  255 255 255
-35.4398 -58.5023 37.4596  255 255 255
-36.0497 -53.3343 30.8408  255 255 255
-26.5075 -57.3998 36.0041  255 255 255
67.6194 -25.186 -2.52881  255 255 255
-32.8066 -55.603 33.7887  255 255 255
-32.4205 -56.3414 34.8871  255 255 255
57.9579 -14.7625 -17.6333  255 255 255
-20.5279 11.4227 -52.2145  255 255 255
-24.1256 -1.0497 13.2564  255 255 255
58.7029 -15.6005 -15.247  255 255 255
55.5117 0.973567 -17.3873  255 255 255
-88.4236 33.2464 -48.6227  255 255 255
19.524 71.0685 -88.4295  255 255 255
36.6184 69.3975 -100.478  255 255 255
65.9903 44.4144 -94.7731  255 255 255
55.7724 38.6508 -84.6783  255 255 255
26.9921 34.0038 -81.7733  255 255 255
33.4735 25.6715 -70.4473  255 255 255
70.3462 73.8527 -118.354  255 255 255
28.9495 22.5565 -66.5195  255 255 255
32.9912 71.1395 -97.2698  255 255 255
21.2055 67.2212 -89.9282  255 255 255
31.8326 40.2187 -90.2986  255 255 255
-41.1645 42.3777 -72.1726  255 255 255
42.866 44.2254 -93.7248  255 255 255
26.9047 40.0478 -89.3362  255 255 255
31.848 68.3242 -98.2538  255 255 255
26.7696 38.7613 -86.8736  255 255 255
-47.1085 55.7518 -57.6803  255 255 255
-80.5018 32.997 -58.6296  255 255 255
-75.8044 31.1416 -61.1515  255 255 255
26.4544 79.6749 -86.4507  255 255 255
15.3653 -26.6253 39.8593  255 255 255
-32.6257 -55.0753 32.922  255 255 255
-41.0077 -50.6098 27.1516  255 255 255
-8.89452 -6.30726 37.3303  255 255 255
15.952 -12.8611 31.5981  255 255 255
15.4887 -0.190007 24.9178  255 255 255
59.1805 -13.63 -17.8791  255 255 255
24.2195 -34.1534 23.3058  255 255 255
-20.277 -23.3626 36.9094  255 255 255
-81.464 8.58324 -50.0108  255 255 255
47.7428 -46.1693 21.9318  255 255 255
6.04079 -5.56616 35.9129  255 255 255
13.7671 52.6248 -99.1687  255 255 255
16.0149 -40.035 30.8316  255 255 255
-30.724 -5.91302 14.2325  255 255 255
60.8082 21.4554 -41.005  255 255 255
-49.713 -25.7502 -6.28156  255 255 255
58.1962 -13.6856 -16.2925  255 255 255
58.7089 -49.209 25.0917  255 255 255
4.88956 -29.1507 43.3736  255 255 255
28.3724 44.2268 -95.4064  255 255 255
16.1106 -27.1683 39.845  255 255 255
-6.46193 -2.79795 36.2197  255 255 255
33.0022 -53.7258 31.6728  255 255 255
-43.934 44.7207 -67.7783  255 255 255
11.8964 -32.3524 37.5148  255 255 255
-51.4003 46.7596 -61.259  255 255 255
23.179 -20.854 32.2684  255 255 255
52.9141 -44.7949 18.915  255 255 255
-6.62211 -4.41568 37.1146  255 255 255
28.848 41.2418 -90.0519  255 255 255
58.9515 -13.8283 -18.1195  255 255 255
21.9164 -27.4352 31.9139  255 255 255
9.12274 -0.114315 31.6261  255 255 255
-51.3558 -27.2122 -2.88488  255 255 255
11.3967 -32.7738 37.4301  255 255 255
-7.09965 -12.4635 39.1475  255 255 255
-24.258 0.385363 11.3498  255 255 255
-57.4276 -29.4449 -1.15313  255 255 255
51.3076 -47.1553 22.9125  255 255 255
60.7738 -1.66551 -4.62714  255 255 255
53.5699 -47.624 23.3331  255 255 255
-38.1753 7.91042 -48.0679  255 255 255
-35.6218 -52.949 30.1447  255 255 255
59.1898 39.6851 -35.8693  255 255 255
57.3848 -11.4885 -20.356  255 255 255
58.2422 34.3108 -39.1533  255 255 255
-5.67657 -27.8942 42.2206  255 255 255
17.9031 -11.8863 29.2501  255 255 255
4.18983 -40.1963 35.6413  255 255 255
-7.17257 -6.63106 37.9349  255 255 255
-5.71676 6.66965 22.0632  255 255 255
55.1871 -50.1797 26.4478  255 255 255
-33.6207 -56.3192 34.5227  255 255 255
58.2214 0.161878 -8.70732  255 255 255
-5.50968 15.2886 -57.2645  255 255 255
-74.2357 -0.786323 -37.8061  255 255 255
13.5977 -10.1832 33.814  255 255 255
12.9089 -15.57 34.8272  255 255 255
-2.6576 3.86044 28.4099  255 255 255
15.3596 -0.170488 25.7087  255 255 255
5.59845 -28.8876 42.8353  255 255 255
7.357 -38.3093 35.4248  255 255 255
-38.2262 -52.492 29.7593  255 255 255
-7.95847 -17.5861 38.639  255 255 255
55.385 30.4876 -49.2322  255 255 255
-35.6066 -52.9247 30.2631  255 255 255
-18.1694 3.06441 22.5474  255 255 255
-7.06737 -4.30537 36.9094  255 255 255
0.362727 -6.05148 37.9292  255 255 255
12.9963 -37.755 33.0274  255 255 255
-33.5361 -56.7823 34.989  255 255 255
3.34559 -6.73693 37.7573  255 255 255
13.2311 -40.1232 31.1681  255 255 255
-39.0056 -52.1825 31.6721  255 255 255
-29.0653 -20.4115 32.2012  255 255 255
-38.1994 7.14147 -46.6803  255 255 255
-26.8369 -57.3208 35.9633  255 255 255
-26.5636 -3.19409 16.2111  255 255 255
-32.5961 -10.4953 19.9041  255 255 255
-32.3912 -14.1314 25.0576  255 255 255
1.87255 -2.91071 36.4424  255 255 255
-15.9364 -1.99534 30.8762  255 255 255
15.7446 -24.5501 37.3615  255 255 255
-31.6833 -56.6755 35.3036  255 255 255
11.7061 -5.28975 33.042  255 255 255
-12.443 -5.7303 35.8465  255 255 255
-72.811 0.129146 -39.6066  255 255 255
10.4521 -5.61298 34.3183  255 255 255
23.6395 -55.8784 34.7215  255 255 255
35.333 68.6668 -100.825  255 255 255
35.333 68.6668 -100.825  255 255 255
34.6198 66.6801 -101.425  255 255 255
67.812 70.8562 -120.325  255 255 255
15.8134 61.5947 -91.1824  255 255 255
32.0661 59.1298 -105.399  255 255 255
-80.9484 33.3429 -58.5695  255 255 255
-16.1828 4.53283 23.1361  255 255 255
-26.4163 -9.5993 25.2542  255 255 255
63.5688 -15.9706 -5.55625  255 255 255
12.0223 -26.4041 39.7273  255 255 255
57.5869 -39.7971 13.1476  255 255 255
61.4778 -48.9118 24.3988  255 255 255
20.267 65.4258 -93.4332  255 255 255
67.8966 73.1433 -117.434  255 255 255
-18.3797 58.2604 -74.0169  255 255 255
-9.72378 57.9269 -80.1785  255 255 255
28.8492 61.2533 -101.495  255 255 255
8.99496 57.5589 -92.1538  255 255 255
31.0395 55.2572 -107.864  255 255 255
-1.58943 16.3319 -59.511  255 255 255
34.6171 12.3088 -52.1142  255 255 255
-78.8405 3.94479 -44.5285  255 255 255
-70.7021 -1.54505 -36.8071  255 255 255
2.1749 -3.02089 36.522  255 255 255
60.1335 -14.7139 -13.4046  255 255 255
38.0483 -39.0502 15.1004  255 255 255
53.5163 -43.2235 17.8555  255 255 255
64.9562 -45.0763 19.4357  255 255 255
29.4954 -55.3107 33.9895  255 255 255
-2.87283 -60.7968 40.138  255 255 255
-81.541 32.9547 -59.584  255 255 255
33.5777 38.6749 -87.8955  255 255 255
59.8158 24.152 -41.4502  255 255 255
-2.44896 22.0088 -65.7998  255 255 255
-76.9677 20.7913 -65.125  255 255 255
56.686 13.3966 -6.24373  255 255 255
-82.5149 11.3123 -52.554  255 255 255
-21.3799 9.76667 -49.7894  255 255 255
-72.8896 1.25313 -40.6837  255 255 255
-10.6984 0.809306 31.9936  255 255 255
-10.1732 -3.87974 35.7392  255 255 255
58.2866 -10.8675 -13.7636  255 255 255
-26.1625 -9.26489 24.2586  255 255 255
61.1484 -11.7588 -10.1658  255 255 255
60.5165 -11.6622 -8.72114  255 255 255
-31.8955 -15.9171 26.8885  255 255 255
-5.66995 -38.3651 36.8558  255 255 255
67.8261 -45.636 18.1743  255 255 255
24.0733 -56.1744 34.5025  255 255 255
-77.776 3.75173 -44.3798  255 255 255
30.8846 58.3995 -104.924  255 255 255
-7.8663 -19.898 38.1511  255 255 255
-39.7803 15.1914 -57.5801  255 255 255
49.2505 -48.2688 24.4306  255 255 255
28.6437 39.2079 -87.1456  255 255 255
51.0888 -47.4801 22.7903  255 255 255
-79.7874 32.4062 -58.701  255 255 255
52.9198 -45.875 21.6529  255 255 255
47.7927 -30.0184 1.68569  255 255 255
-40.2197 8.63365 -48.9497  255 255 255
6.71369 5.37015 25.6577  255 255 255
59.1127 -14.5313 -17.727  255 255 255
16.5623 -27.135 40.6734  255 255 255
0.936273 16.3174 -58.2411  255 255 255
-9.99008 -14.0796 38.3309  255 255 255
-35.6975 4.64611 -44.2165  255 255 255
-15.608 4.40643 24.0038  255 255 255
51.4256 -48.6869 24.2513  255 255 255
15.359 -58.8087 37.9606  255 255 255
32.9861 30.8758 -77.3018  255 255 255
32.9862 30.8758 -77.3019  255 255 255
-23.0631 0.76102 11.0005  255 255 255
60.7992 -15.3062 -14.0039  255 255 255
56.6458 -40.0528 13.635  255 255 255
-25.877 30.7802 -77.74  255 255 255
1.2819 24.9343 -69.8823  255 255 255
0.607028 17.7934 -60.9058  255 255 255
31.7958 8.16283 -48.0495  255 255 255
-5.65584 -3.6084 36.7299  255 255 255
-32.1585 -6.82974 15.0178  255 255 255
-59.8977 -12.7202 -22.0117  255 255 255
22.9893 -9.31591 22.7276  255 255 255
11.7018 -10.4866 35.0614  255 255 255
32.4708 45.2786 -97.0701  255 255 255
57.2402 26.4164 -43.6188  255 255 255
-50.6964 -25.3507 -5.38058  255 255 255
56.6792 -40.551 15.2299  255 255 255
57.0035 -42.7789 16.9871  255 255 255
-15.1516 -6.12029 34.2072  255 255 255
-70.0751 -13.3022 -23.0047  255 255 255
-2.87583 -60.776 40.221  255 255 255
-2.94932 -60.3776 40.0277  255 255 255
56.1474 31.2473 -47.0582  255 255 255
57.6756 -13.5438 -19.2778  255 255 255
55.8444 -43.8059 17.3442  255 255 255
10.7234 54.9035 -95.645  255 255 255
-4.75543 15.651 -57.5851  255 255 255
63.2483 -12.0952 -5.37606  255 255 255
-11.9153 -13.2794 37.756  255 255 255
54.494 -42.0915 16.5629  255 255 255
37.4584 -51.2457 28.736  255 255 255
29.7633 44.4023 -93.1112  255 255 255
59.6029 -6.53231 -10.8798  255 255 255
4.75267 -14.852 38.757  255 255 255
56.8219 27.8708 -46.7928  255 255 255
-48.6572 -7.53386 -28.7765  255 255 255
38.4112 17.8591 -59.0193  255 255 255
-80.3023 4.50133 -44.4195  255 255 255
5.32277 -8.51114 37.4824  255 255 255
-0.0195394 -28.731 42.9461  255 255 255
-42.7763 -53.9299 31.4326  255 255 255
24.2088 37.9868 -86.6809  255 255 255
-77.901 4.52219 -45.6617  255 255 255
7.84552 -42.6688 28.9698  255 255 255
-37.6699 -51.3464 27.8027  255 255 255
38.7266 16.406 -57.4639  255 255 255
40.341 15.3697 -56.3062  255 255 255
37.9062 -48.3135 24.6707  255 255 255
-37.9482 -51.9629 28.773  255 255 255
-21.6168 -22.3718 35.7148  255 255 255
58.0045 44.7187 -34.0863  255 255 255
-78.1868 31.383 -61.4617  255 255 255
-53.636 37.2114 -67.0198  255 255 255
-79.1795 9.28082 -50.2124  255 255 255
-41.8924 17.5173 -60.7814  255 255 255
-61.0152 16.6318 -59.098  255 255 255
-65.3853 35.0203 -61.8188  255 255 255
-75.8198 39.0235 -58.1085  255 255 255
-57.3892 -6.09893 -32.4249  255 255 255
-67.0043 41.5821 -54.5087  255 255 255
-75.153 28.5686 -60.7782  255 255 255
-81.5259 9.13379 -50.466  255 255 255
-69.9658 -9.98808 -27.2191  255 255 255
43.6277 -44.6306 18.7482  255 255 255
-8.80976 -60.5591 39.9723  255 255 255
-35.1555 -58.343 37.0741  255 255 255
24.7924 -16.6722 27.2412  255 255 255
-44.2366 -51.8205 28.3923  255 255 255
0.882505 -8.10032 38.4553  255 255 255
-80.3359 -57.0245 36.7434  255 255 255
11.794 -7.64106 34.2335  255 255 255
-38.1653 -24.3069 7.61137  255 255 255
-18.8281 -23.9997 38.0385  255 255 255
-5.98345 -41.5593 34.4625  255 255 255
-28.3153 -19.3384 31.6572  255 255 255
9.6842 -26.2896 39.6672  255 255 255
-7.85857 -29.4467 44.3068  255 255 255
-39.1225 -56.9918 35.5423  255 255 255
2.06351 -19.2953 38.4885  255 255 255
-7.05945 -35.1603 40.5106  255 255 255
0.883388 -40.936 34.7755  255 255 255
-9.36062 -28.4595 43.1514  255 255 255
-78.3923 -56.1196 35.6607  255 255 255
5.04943 -30.0197 44.8501  255 255 255
-4.05487 -12.9941 39.5979  255 255 255
-45.2372 -59.9744 39.7006  255 255 255
-0.277946 -11.7702 39.4511  255 255 255
1.02928 -10.6367 39.1209  255 255 255
-29.1522 -59.0036 38.4958  255 255 255
-18.8281 -23.9997 38.0385  255 255 255
11.8109 -7.65976 34.1163  255 255 255
-97.4938 -52.0423 28.0275  255 255 255
28.2401 -6.40129 13.1482  255 255 255
7.70973 -34.8573 38.0068  255 255 255
5.27109 -8.33797 37.4295  255 255 255
-4.00218 -16.1799 39.5948  255 255 255
-3.05595 -9.09295 39.0971  255 255 255
-1.50026 -22.3458 40.6147  255 255 255
-40.1636 -53.429 30.5913  255 255 255
58.7684 -13.247 -18.0844  255 255 255
1.24835 -14.6588 39.2146  255 255 255
-36.2209 -57.623 35.8587  255 255 255
2.20306 -10.4132 38.9223  255 255 255
10.4596 -10.8377 35.9755  255 255 255
-39.6376 -59.7216 38.7968  255 255 255
-32.7976 -56.9437 35.4536  255 255 255
1.80738 -8.57276 38.7387  255 255 255
-45.0358 -54.0923 31.8427  255 255 255
-7.11624 -12.4605 39.1659  255 255 255
-19.3481 -26.2626 40.7198  255 255 255
-9.53874 -27.4056 41.6724  255 255 255
-7.73362 -29.6646 44.4592  255 255 255
64.2434 -45.7902 19.2001  255 255 255
-34.6563 -58.4899 37.3506  255 255 255
-27.7715 -58.8545 37.7745  255 255 255
12.2973 -16.3717 34.7862  255 255 255
8.17602 -23.4031 38.7312  255 255 255
-87.4784 -46.8492 20.6634  255 255 255
12.5857 -29.3308 39.3321  255 255 255
7.63897 -36.6665 36.4172  255 255 255
57.0475 -41.4102 15.3649  255 255 255
-36.0408 -58.3145 36.9414  255 255 255
-24.0505 -60.2666 39.8174  255 255 255
63.0078 -16.4578 -8.54005  255 255 255
15.0898 -21.1511 35.5091  255 255 255
12.7382 -26.8645 40.2665  255 255 255
-6.83433 -41.6027 34.6784  255 255 255
-33.5361 -56.7823 34.989  255 255 255
57.0582 -41.6518 16.4742  255 255 255
5.85637 -16.3184 38.3364  255 255 255
5.5568 -16.1211 38.4234  255 255 255
5.90967 -17.1122 37.8456  255 255 255
9.77857 -31.4921 39.3798  255 255 255
-35.4317 -58.497 37.4847  255 255 255
-31.7188 -55.7745 34.2142  255 255 255
5.42319 -19.3569 37.8343  255 255 255
-7.63675 -29.3091 44.2704  255 255 255
-25.1733 -57.6365 36.165  255 255 255
-16.3345 -15.2518 34.6937  255 255 255
-8.93363 -14.6243 38.7727  255 255 255
12.083 -8.97868 34.2003  255 255 255
15.8332 -26.1758 39.3398  255 255 255
-0.35831 -30.5214 42.8  255 255 255
-32.0763 -58.886 37.8647  255 255 255
-27.8219 -59.4402 38.4767  255 255 255
-27.8221 -59.4337 38.4711  255 255 255
-51.2428 -32.652 2.66472  255 255 255
7.48476 -27.4818 41.4278  255 255 255
-0.0208235 -28.7149 42.9768  255 255 255
-38.7357 -50.986 27.4506  255 255 255
4.03765 -42.3841 34.0486  255 255 255
60.6652 -41.7734 15.6223  255 255 255
-33.1048 -55.2372 33.262  255 255 255
11.0661 -7.73758 34.7242  255 255 255
20.8677 -17.943 30.8488  255 255 255
-1.77727 -20.9426 39.0098  255 255 255
8.59588 -27.3656 41.1677  255 255 255
12.9699 -38.6066 32.2807  255 255 255
6.00915 -38.5516 36.5784  255 255 255
13.6233 -39.156 31.3364  255 255 255
0.392094 -40.3278 35.3958  255 255 255
6.7105 -40.6351 34.1923  255 255 255
56.7482 -42.2607 15.9226  255 255 255
-26.6914 -57.7998 36.6175  255 255 255
15.3247 -7.95699 31.3277  255 255 255
15.2257 -7.92298 31.7698  255 255 255
16.6306 -8.06412 29.9433  255 255 255
5.4767 -30.5725 44.1433  255 255 255
-32.1923 -58.1839 36.994  255 255 255
-28.7485 -59.2657 38.1804  255 255 255
-11.2292 -28.1661 42.575  255 255 255
-39.7855 -54.0479 31.7056  255 255 255
22.4494 -17.8192 29.062  255 255 255
-28.3474 -58.8183 37.8498  255 255 255
-8.08506 -28.821 43.6922  255 255 255
15.9084 -32.8488 35.1575  255 255 255
22.6491 -31.0836 28.0381  255 255 255
18.2288 -30.5786 34.8575  255 255 255
-30.5383 -57.1634 35.2472  255 255 255
47.8805 -30.5153 0.853892  255 255 255
-42.0701 -53.6103 30.9944  255 255 255
5.77824 -60.1028 39.0572  255 255 255
41.2404 -43.7137 19.6639  255 255 255
48.1617 -49.9796 27.6191  255 255 255
3.88204 -11.482 38.9833  255 255 255
-27.6709 -57.3474 36.0331  255 255 255
58.1523 -9.44426 -11.9533  255 255 255
-1.32845 -14.2822 39.8246  255 255 255
-32.0188 -57.0103 35.2769  255 255 255
68.0334 -25.6692 -2.58938  255 255 255
2.26554 -11.3982 38.9203  255 255 255
45.9266 79.2654 -99.6561  255 255 255
56.1322 82.8552 -103.481  255 255 255
34.5435 65.2553 -102.711  255 255 255
6.53058 68.2807 -83.9819  255 255 255
33.6007 63.8125 -102.804  255 255 255
57.7937 65.7516 -116.438  255 255 255
65.2589 73.909 -115.199  255 255 255
47.1411 81.5119 -98.5209  255 255 255
35.7187 79.5435 -93.3759  255 255 255
33.6896 62.3821 -103.213  255 255 255
-3.6429 74.7376 -71.5554  255 255 255
63.5556 66.3699 -119.362  255 255 255
82.2052 78.6905 -123.083  255 255 255
69.1036 76.4655 -115.648  255 255 255
77.9836 69.6443 -126.239  255 255 255
13.1712 67.3546 -87.8752  255 255 255
73.7846 67.5361 -123.646  255 255 255
15.9911 60.0675 -93.3444  255 255 255
32.9057 66.1455 -101.505  255 255 255
9.50179 59.0331 -91.4475  255 255 255
78.3744 69.2047 -126.822  255 255 255
61.6987 65.9682 -118.743  255 255 255
37.6656 74.0093 -91.6153  255 255 255
37.9801 74.4197 -93.1822  255 255 255
18.6028 68.7279 -88.6119  255 255 255
55.7413 53.7034 -105.63  255 255 255
14.8834 69.6394 -86.3284  255 255 255
79.3675 71.4318 -131.576  255 255 255
78.094 71.3985 -130.938  255 255 255
20.5175 72.8216 -87.4655  255 255 255
-25.9692 59.4841 -68.755  255 255 255
-9.42703 60.4158 -78.2651  255 255 255
-41.447 60.4531 -58.0122  255 255 255
-14.8234 60.4267 -75.0291  255 255 255
-39.4622 50.128 -66.6635  255 255 255
-14.9477 69.6449 -68.414  255 255 255
-53.8857 54.5001 -54.4538  255 255 255
-7.91259 -4.54904 36.8551  255 255 255
-5.9439 -5.71627 37.8601  255 255 255
-12.466 5.26181 25.528  255 255 255
-26.1149 -3.26989 16.1886  255 255 255
-4.33447 -10.0369 39.3627  255 255 255
-13.1592 -1.57787 32.4837  255 255 255
-16.7557 1.57578 26.4505  255 255 255
-15.7199 1.01307 28.3553  255 255 255
-19.7795 -24.6098 38.317  255 255 255
-28.3393 -19.0063 31.2366  255 255 255
-10.4222 -26.9377 41.1274  255 255 255
-5.07914 -28.3112 42.6563  255 255 255
-10.2984 2.66811 27.9399  255 255 255
57.7427 73.1681 -110.689  255 255 255
-8.29698 63.4538 -77.0797  255 255 255
-38.2546 6.41824 -46.3424  255 255 255
-13.5916 -15.7391 36.3904  255 255 255
12.8542 -7.31226 33.2484  255 255 255
13.6812 54.5013 -97.0957  255 255 255
9.12934 64.9024 -85.6568  255 255 255
57.8884 74.1718 -110.253  255 255 255
62.3828 -19.0967 -11.7223  255 255 255
55.529 31.5743 -48.4571  255 255 255
-88.2737 20.4824 -58.8472  255 255 255
-64.8008 -51.5586 29.1042  255 255 255
-71.8351 -53.6364 32.9356  255 255 255
62.6313 -20.0923 -11.3899  255 255 255
-1.99558 74.1423 -72.9416  255 255 255
58.1577 40.6154 -35.5187  255 255 255
-64.8008 -51.5586 29.1042  255 255 255
25.7555 74.4219 -89.9069  255 255 255
-55.6969 -2.36453 -35.3251  255 255 255
-14.8316 61.8674 -74.0445  255 255 255
52.7061 86.1683 -100.158  255 255 255
56.8131 2.41784 -12.5198  255 255 255
-56.368 -2.40226 -33.8315  255 255 255
-29.9787 -58.1158 36.926  255 255 255
-50.6114 -27.5221 -2.60791  255 255 255
-18.7307 -7.03855 31.2763  255 255 255
-24.3104 -22.2702 35.3902  255 255 255
-28.419 -32.2655 24.5921  255 255 255
-64.3134 -17.1344 -17.6411  255 255 255
-68.6401 -6.60689 -30.3426  255 255 255
30.3309 23.2723 -67.5423  255 255 255
58.59 -13.9296 -18.3677  255 255 255
-49.0522 -6.05723 -30.1274  255 255 255
55.567 31.6195 -48.6744  255 255 255
5.68709 -27.4416 41.2568  255 255 255
-26.2865 -19.9381 32.2937  255 255 255
-31.4883 -54.7573 32.8335  255 255 255
-63.2523 -22.065 -12.2835  255 255 255
-37.4088 -52.7298 30.144  255 255 255
-24.7096 -61.491 41.3449  255 255 255
-29.7677 -57.7252 36.5748  255 255 255
-39.7871 -53.5101 31.234  255 255 255
-35.1707 -55.0524 32.9417  255 255 255
-33.3139 -55.5175 33.6837  255 255 255
52.1131 -50.4042 25.9005  255 255 255
-46.5307 45.4072 -65.6169  255 255 255
-1.38326 -30.5325 42.993  255 255 255
-4.30225 -15.4563 39.5601  255 255 255
-30.9476 65.6137 -60.771  255 255 255
-19.7111 -12.1798 31.5379  255 255 255
43.4033 79.5644 -97.6954  255 255 255
-57.851 -6.12066 -30.6329  255 255 255
2.95765 -1.24134 34.6935  255 255 255
-9.63145 -0.914625 34.0189  255 255 255
-51.376 -27.2601 -3.0375  255 255 255
25.4712 -15.4772 25.5587  255 255 255
55.6468 67.6376 -113.806  255 255 255
-19.6696 -10.7888 31.2765  255 255 255
-66.2505 -2.43908 -34.4899  255 255 255
56.7965 11.5499 -5.36847  255 255 255
45.089 78.183 -99.6145  255 255 255
60.247 26.1434 -39.1866  255 255 255
46.6317 -32.462 3.42179  255 255 255
57.0191 -11.9855 -21.254  255 255 255
-4.84326 -7.4909 38.7465  255 255 255
-46.296 -38.7595 11.8102  255 255 255
1.2333 -48.1835 35.9487  255 255 255
62.687 -20.0982 -11.3959  255 255 255
22.5386 72.4039 -90.2084  255 255 255
2.23353 -3.48761 36.687  255 255 255
59.7188 28.238 -39.2275  255 255 255
-1.62429 -21.8166 40.0229  255 255 255
9.38474 54.9948 -94.4509  255 255 255
-13.0755 4.6487 26.2988  255 255 255
58.2035 -3.63939 -12.932  255 255 255
-84.6165 13.2053 -55.7288  255 255 255
-50.3253 47.1186 -62.5725  255 255 255
-33.4408 26.9295 -72.4697  255 255 255
61.019 38.0315 -86.9775  255 255 255
-48.8168 33.1976 -75.2932  255 255 255
6.44503 66.8168 -83.7046  255 255 255
64.051 73.6657 -114.635  255 255 255
66.3152 71.926 -116.874  255 255 255
3.55503 65.6423 -82.9897  255 255 255
-33.8842 53.7433 -68.0152  255 255 255
-9.51133 57.4764 -80.8607  255 255 255
38.208 63.3794 -107.072  255 255 255
-32.1813 37.6901 -81.4814  255 255 255
-49.7097 32.1414 -76.106  255 255 255
36.9681 59.4268 -108.126  255 255 255
-57.3475 44.9029 -59.3541  255 255 255
40.0863 67.4381 -104.681  255 255 255
38.2062 63.3783 -107.046  255 255 255
-2.15096 54.1751 -87.8464  255 255 255
-35.7947 18.8955 -62.4735  255 255 255
29.293 62.6509 -101.816  255 255 255
-25.9492 54.2824 -71.9503  255 255 255
59.7164 65.542 -117.513  255 255 255
-0.251425 65.9095 -80.2529  255 255 255
35.7256 58.6289 -107.947  255 255 255
10.8456 58.6895 -92.379  255 255 255
-57.7422 47.3483 -56.81  255 255 255
-12.2583 61.2643 -76.2356  255 255 255
-20.4363 61.4734 -70.5628  255 255 255
-12.3035 60.1337 -76.892  255 255 255
-9.86681 64.5675 -75.0822  255 255 255
40.024 68.4497 -102.997  255 255 255
65.2376 67.0858 -120.385  255 255 255
59.5289 69.7643 -114.433  255 255 255
-25.2382 58.4815 -69.989  255 255 255
-14.8049 60.4654 -75.1424  255 255 255
-22.7888 57.9906 -71.8094  255 255 255
-28.5833 50.9034 -73.5365  255 255 255
-36.7237 36.4581 -79.7859  255 255 255
-72.268 49.288 -46.1346  255 255 255
46.8334 82.5414 -97.8693  255 255 255
28.6544 54.0108 -106.062  255 255 255
65.4262 67.7663 -119.627  255 255 255
7.03771 66.5667 -84.3458  255 255 255
64.2576 65.0192 -120.815  255 255 255
13.7887 -13.9945 33.9537  255 255 255
-22.5681 60.8321 -69.6283  255 255 255
58.4669 -6.09946 -13.8369  255 255 255
56.5361 -4.21038 -17.7273  255 255 255
61.4717 -18.4742 -13.9475  255 255 255
26.0506 -16.1792 26.3304  255 255 255
-32.2963 -11.6464 21.4179  255 255 255
23.1336 -18.3266 29.2013  255 255 255
55.5673 -0.421598 -17.6543  255 255 255
-4.09768 -16.9619 39.3857  255 255 255
61.2125 -16.5179 -13.1939  255 255 255
-64.9987 -13.1056 -23.0612  255 255 255
-25.1627 -0.990568 13.0883  255 255 255
-30.421 -7.41495 15.7215  255 255 255
10.7435 2.27088 27.5271  255 255 255
-8.95166 -4.54256 36.014  255 255 255
-7.61471 -28.8869 43.758  255 255 255
12.4721 0.435109 28.1244  255 255 255
24.0801 -16.6789 27.128  255 255 255
11.9812 -20.2695 37.0178  255 255 255
11.8868 -2.09342 31.4349  255 255 255
12.3644 -19.0665 35.5515  255 255 255
5.1467 -29.5967 43.9761  255 255 255
-23.1228 -22.7244 35.8567  255 255 255
10.2389 -20.6287 37.4965  255 255 255
-9.33092 -2.2569 34.9289  255 255 255
6.29446 -14.2515 38.1356  255 255 255
-33.1518 -53.9003 31.5708  255 255 255
7.19072 -14.3369 37.7894  255 255 255
-26.5157 -4.38605 18.281  255 255 255
2.55134 -4.9431 37.3181  255 255 255
19.6045 -23.2457 35.5249  255 255 255
5.99592 -21.739 39.3305  255 255 255
12.2955 -2.7749 31.4116  255 255 255
27.268 19.8816 -63.4635  255 255 255
20.3661 -14.6798 29.9237  255 255 255
-10.4298 -20.7872 38.9026  255 255 255
-49.2925 13.8274 -57.6782  255 255 255
10.8653 3.11515 26.5206  255 255 255
15.8584 -7.40803 30.6482  255 255 255
-61.9676 -28.0352 -2.62705  255 255 255
1.34328 -2.70236 36.004  255 255 255
-1.25681 -28.3499 42.6982  255 255 255
3.89526 -5.66857 36.8594  255 255 255
-8.36689 -26.6815 40.9442  255 255 255
1.42831 -7.04814 38.258  255 255 255
-42.3303 18.065 -60.8752  255 255 255
4.48301 -1.66645 34.5718  255 255 255
11.3263 -4.33417 32.8077  255 255 255
12.9323 -19.2153 36.0776  255 255 255
12.396 -4.58894 32.2705  255 255 255
-19.7724 -24.6043 38.4607  255 255 255
-9.56758 -27.3596 41.8847  255 255 255
-27.0516 -30.3694 28.068  255 255 255
-29.2598 -16.281 27.7572  255 255 255
3.85821 -22.1977 40.1892  255 255 255
7.71756 -6.36601 35.6283  255 255 255
12.977 -0.0742998 28.071  255 255 255
-0.889442 -21.0569 38.9867  255 255 255
7.81933 -2.06884 33.1824  255 255 255
9.82382 -4.00139 33.7857  255 255 255
22.4263 -18.6431 29.4371  255 255 255
8.71027 -8.69233 36.2513  255 255 255
15.408 -13.6974 32.5702  255 255 255
8.38014 -23.7769 38.4285  255 255 255
23.0096 -17.3838 28.1058  255 255 255
-5.0117 -27.3274 41.5262  255 255 255
10.299 -20.3064 37.3199  255 255 255
5.52743 -19.2959 37.7195  255 255 255
-6.89986 -21.1976 39.6008  255 255 255
25.2736 -20.057 30.661  255 255 255
6.32489 -7.01522 36.7775  255 255 255
-32.6475 -53.5261 31.3607  255 255 255
5.48255 -21.8006 39.3249  255 255 255
-16.9961 -34.1605 35.3166  255 255 255
14.3526 -10.3108 32.9562  255 255 255
5.82168 -21.1278 38.7889  255 255 255
5.1467 -29.5967 43.9761  255 255 255
13.5069 1.26397 25.9964  255 255 255
15.4086 -13.68 32.5473  255 255 255
-10.6934 -26.9385 41.1816  255 255 255
-28.8966 -20.5868 33.2116  255 255 255
-32.761 -53.8901 31.1703  255 255 255
14.5677 -25.9172 39.075  255 255 255
-5.95083 -27.327 41.6661  255 255 255
-4.02123 -21.9473 40.2863  255 255 255
24.7063 -18.8174 29.5731  255 255 255
14.225 -1.94203 29.0306  255 255 255
-6.89986 -21.1976 39.6008  255 255 255
21.6825 -11.3841 25.7021  255 255 255
15.699 -12.1263 32.0668  255 255 255
-27.2849 -19.8597 32.0531  255 255 255
9.76857 4.80163 24.3274  255 255 255
-33.6722 -53.9879 31.6459  255 255 255
19.4756 -14.7284 29.9541  255 255 255
15.8037 -1.54156 26.3581  255 255 255
16.6658 -4.01308 27.375  255 255 255
0.309839 -10.4466 39.4504  255 255 255
12.5444 -0.959313 29.2432  255 255 255
22.1776 -2.56097 12.7296  255 255 255
-1.49457 -22.3427 40.6198  255 255 255
5.9333 -27.8913 41.996  255 255 255
26.5771 -15.7819 25.7693  255 255 255
-22.4756 -22.1408 35.1374  255 255 255
-15.8325 -18.9034 36.6584  255 255 255
23.0096 -17.3838 28.1058  255 255 255
-4.87732 -27.5711 41.8297  255 255 255
-53.6392 -9.6164 -25.5949  255 255 255
15.1691 -7.18168 31.4467  255 255 255
16.0393 -9.99243 31.3642  255 255 255
24.8017 -21.6168 32.9644  255 255 255
9.96604 -27.4457 41.14  255 255 255
-7.68845 -27.6846 41.9137  255 255 255
-28.9221 -19.9088 32.524  255 255 255
8.16696 -2.51885 33.9492  255 255 255
13.4836 -4.76121 31.7343  255 255 255
12.2955 -2.7749 31.4116  255 255 255
4.48622 -27.3544 40.9236  255 255 255
19.2686 -15.0259 30.5347  255 255 255
8.18766 -2.51616 33.8226  255 255 255
25.0209 -17.4752 28.1451  255 255 255
16.1234 -24.7572 37.7321  255 255 255
-5.25635 -32.2706 41.8814  255 255 255
0.578909 -30.6076 42.9024  255 255 255
-8.37807 -14.8179 38.9257  255 255 255
-15.8484 -16.6507 34.9483  255 255 255
13.1643 -11.9486 34.3053  255 255 255
4.88952 -10.3937 38.6202  255 255 255
54.76 13.1464 -10.4138  255 255 255
-8.52036 -20.5219 38.2883  255 255 255
17.7254 -24.0946 36.7633  255 255 255
-80.3131 -46.3183 22.0852  255 255 255
26.3601 -34.5107 23.5529  255 255 255
16.281 -26.896 40.2987  255 255 255
-12.642 -20.1992 38.2902  255 255 255
59.1897 -6.12173 -12.0446  255 255 255
8.26547 1.56478 30.3544  255 255 255
16.4043 -25.4511 38.5679  255 255 255
27.525 -12.0235 20.8662  255 255 255
-10.6191 -19.737 37.6788  255 255 255
20.1347 -14.6351 29.5243  255 255 255
27.9849 -5.45432 11.9058  255 255 255
1.11572 -27.382 41.201  255 255 255
19.8915 -34.5658 29.6126  255 255 255
0.291623 -22.061 40.2334  255 255 255
-22.2785 -23.077 36.3451  255 255 255
-71.5781 -9.33272 -27.9929  255 255 255
15.9961 -6.5278 30.231  255 255 255
12.5477 -32.3157 37.0669  255 255 255
5.5682 -7.96484 37.108  255 255 255
3.39565 -16.361 38.9045  255 255 255
-25.6638 -4.83319 18.2463  255 255 255
-29.9498 22.5376 -67.1297  255 255 255
10.5629 -4.34255 33.0659  255 255 255
-3.7175 -32.974 40.8932  255 255 255
-9.8208 -28.0999 42.5562  255 255 255
62.2601 -14.2442 -9.72954  255 255 255
56.7123 -12.1193 -18.4746  255 255 255
9.78547 -19.5343 36.3647  255 255 255
24.5867 -21.1073 32.49  255 255 255
10.6728 -9.47655 35.8179  255 255 255
54.7386 13.1445 -10.3136  255 255 255
16.7244 -17.3735 33.547  255 255 255
65.1775 -13.9895 -2.15821  255 255 255
-44.9058 -53.7697 30.9099  255 255 255
14.3827 -9.16117 32.826  255 255 255
9.82239 -31.0817 39.8202  255 255 255
-20.6949 -12.6489 30.8014  255 255 255
15.1728 -13.1004 32.6909  255 255 255
10.9317 -0.472608 30.7071  255 255 255
25.6246 -16.7008 27.0123  255 255 255
10.9317 -0.472608 30.7071  255 255 255
-39.1631 -50.3223 26.6841  255 255 255
-29.9791 -2.38271 9.38559  255 255 255
-31.0854 24.4113 -69.2526  255 255 255
-13.5458 -19.9116 37.9399  255 255 255
11.0384 -5.82534 34.0439  255 255 255
2.53593 -9.81211 38.0742  255 255 255
1.08293 -9.82192 38.3673  255 255 255
9.11225 -5.41761 34.4418  255 255 255
-3.49193 -27.5222 41.7745  255 255 255
24.4453 -31.1726 25.492  255 255 255
25.6969 -15.7733 25.8908  255 255 255
15.8485 -11.7134 31.574  255 255 255
-72.413 -8.09876 -30.3045  255 255 255
-14.7538 -19.2048 37.1661  255 255 255
25.5568 -15.1077 25.0455  255 255 255
-2.54474 -28.4688 42.8475  255 255 255
17.2665 -22.8272 35.4085  255 255 255
6.69284 -9.91065 37.348  255 255 255
6.01577 -13.405 38.3555  255 255 255
29.42 -13.2186 21.765  255 255 255
16.0814 -12.2848 31.7135  255 255 255
24.4583 -20.9301 32.2489  255 255 255
-6.84791 -2.8442 36.2322  255 255 255
6.31032 -21.097 38.182  255 255 255
5.34847 -46.2344 36.0508  255 255 255
-8.82271 -21.1926 39.8246  255 255 255
-12.6513 -27.0803 41.5343  255 255 255
-5.81704 -8.88307 38.851  255 255 255
13.6661 -11.8934 34.0239  255 255 255
5.263 -21.1719 38.7491  255 255 255
-14.0612 -24.0314 38.0477  255 255 255
10.5629 -4.34255 33.0658  255 255 255
-26.3416 -2.89901 16.0603  255 255 255
4.9408 -21.2954 39.3374  255 255 255
28.9389 21.8988 -66.7314  255 255 255
58.1073 5.02122 -7.08941  255 255 255
58.0496 5.01409 -6.94262  255 255 255
3.56044 8.20364 22.0714  255 255 255
2.81979 7.97252 22.0951  255 255 255
-0.964239 8.03329 20.6924  255 255 255
-0.913665 7.4773 20.0402  255 255 255
57.0066 2.91823 -12.0132  255 255 255
-3.14432 -3.84954 37.418  255 255 255
63.1124 -18.3826 -9.44715  255 255 255
5.4254 -9.43077 37.9471  255 255 255
0.794783 -10.4597 39.1651  255 255 255
-73.2418 -8.39125 -28.7565  255 255 255
2.26582 -24.7001 40.5397  255 255 255
-21.8629 -22.9781 36.2945  255 255 255
46.8536 -45.9349 20.9087  255 255 255
46.0607 -50.5815 30.5281  255 255 255
2.06095 8.18912 21.754  255 255 255
5.16456 6.92413 22.6821  255 255 255
-4.48395 6.66758 23.9233  255 255 255
-6.92284 6.86037 22.9848  255 255 255
24.5619 0.277763 4.06955  255 255 255
28.1163 -5.9766 12.5319  255 255 255
4.37205 -4.04781 36.3216  255 255 255
63.2701 -12.0948 -5.40101  255 255 255
57.3441 -11.8563 -20.7027  255 255 255
-47.0097 -6.1892 -29.8874  255 255 255
63.7551 -19.8828 -9.57945  255 255 255
7.1231 -21.5239 39.0248  255 255 255
-16.6514 -24.3693 38.3038  255 255 255
54.1732 -41.2875 14.632  255 255 255
39.334 -52.646 31.3973  255 255 255
-40.328 -50.5708 27.0881  255 255 255
-11.2369 2.70762 29.9928  255 255 255
63.931 -18.4759 -7.86446  255 255 255
-41.5706 -50.6152 26.5853  255 255 255
-33.8108 13.9751 -57.3815  255 255 255
63.8444 -29.1788 -0.563517  255 255 255
51.2837 -41.6527 15.3677  255 255 255
59.8495 -9.40031 -11.7483  255 255 255
-19.4699 -3.93546 28.8552  255 255 255
-14.0898 -6.39625 34.5811  255 255 255
0.647656 -12.4748 39.7932  255 255 255
-6.30239 6.61165 23.1004  255 255 255
2.38111 -17.8775 38.7607  255 255 255
12.6593 -21.1346 37.1965  255 255 255
-35.9842 -52.3053 29.4939  255 255 255
-18.7178 -9.90532 32.0595  255 255 255
8.05863 -12.0697 37.4648  255 255 255
-69.7581 -11.0468 -25.6209  255 255 255
-86.8071 35.4124 -46.5665  255 255 255
-78.2278 37.0185 -50.5766  255 255 255
-61.5744 -22.8842 -8.21529  255 255 255
-45.6187 -4.2562 -33.1426  255 255 255
-10.2982 -22.7375 40.0182  255 255 255
66.5565 -25.214 -6.04447  255 255 255
-14.4402 -16.6695 36.0717  255 255 255
-8.57806 -15.4496 39.2983  255 255 255
58.6057 4.5715 -5.26673  255 255 255
-11.53 -18.093 37.2881  255 255 255
-12.1836 -11.561 37.2027  255 255 255
-15.4262 -17.3857 35.1488  255 255 255
60.9764 -9.2701 -7.12441  255 255 255
55.626 17.129 -6.36433  255 255 255
61.5743 22.7152 -37.7727  255 255 255
61.8448 -12.1759 -9.42847  255 255 255
-9.23053 -6.81436 37.2222  255 255 255
62.7172 -12.468 -6.5745  255 255 255
-13.8934 60.6866 -75.6338  255 255 255
-5.67329 30.0274 -75.9045  255 255 255
-20.2771 10.826 -51.636  255 255 255
-35.2754 11.4855 -52.3044  255 255 255
-34.3777 10.0968 -48.9918  255 255 255
-6.08396 -2.74838 36.0297  255 255 255
-26.0868 60.907 -68.9012  255 255 255
45.4635 73.853 -102.92  255 255 255
-0.909319 -3.26377 36.9688  255 255 255
-20.3989 12.387 -53.4427  255 255 255
-41.4192 41.7462 -72.0456  255 255 255
-42.2803 17.262 -60.6213  255 255 255
-20.0536 -12.3778 30.9529  255 255 255
-8.28447 -13.0643 38.7466  255 255 255
-5.60913 49.9077 -88.7414  255 255 255
-1.9988 -7.50366 38.8399  255 255 255
-13.7337 -4.42636 34.1407  255 255 255
-32.5119 10.7432 -50.9439  255 255 255
-18.1295 -13.4216 33.2422  255 255 255
-80.7719 13.0102 -54.7088  255 255 255
-117.813 -10.7047 -22.6133  255 255 255
-118.665 -11.7858 -22.9472  255 255 255
-75.9759 5.31445 -46.3577  255 255 255
-1.48466 -10.124 39.4856  255 255 255
-12.0483 3.14266 28.6605  255 255 255
-16.8568 23.7167 -68.045  255 255 255
-25.5221 2.16285 3.30565  255 255 255
-7.959 -10.5124 38.7117  255 255 255
-9.11862 -9.3009 38.0501  255 255 255
-10.632 -14.7639 38.061  255 255 255
-8.30166 -13.0306 39.0505  255 255 255
-47.3886 45.2158 -65.319  255 255 255
-13.4627 -13.3063 36.8421  255 255 255
-39.4424 15.9135 -59.0564  255 255 255
-39.3901 15.8871 -59.0325  255 255 255
1.50865 -10.9464 39.4205  255 255 255
3.36793 -12.6885 39.145  255 255 255
-5.18444 -16.9718 39.4624  255 255 255
37.4042 63.4381 -106.134  255 255 255
-33.1657 -6.61164 14.7815  255 255 255
-17.088 -4.8548 31.7733  255 255 255
2.12253 -19.5858 38.5135  255 255 255
66.4307 71.3747 -117.321  255 255 255
-11.8598 -18.9639 36.8735  255 255 255
-17.875 -2.65543 29.5962  255 255 255
1.0296 -13.6139 40.0486  255 255 255
2.67883 -16.6314 38.8625  255 255 255
-17.083 -16.3416 34.0943  255 255 255
65.7401 -15.9592 -1.73882  255 255 255
-19.5792 60.2891 -71.9798  255 255 255
-26.3688 -5.01087 18.3411  255 255 255
-9.39516 -20.7932 38.9857  255 255 255
-2.71471 -2.91951 36.6639  255 255 255
49.413 -51.6581 28.166  255 255 255
-22.965 60.2119 -69.8196  255 255 255
-3.39285 -2.68988 36.5722  255 255 255
6.39177 -11.6254 37.8088  255 255 255
13.5871 -19.0419 35.7669  255 255 255
-28.0812 41.3538 -80.8346  255 255 255
-28.5685 28.7192 -74.6985  255 255 255
-7.13088 -13.6884 39.1616  255 255 255
6.28749 -11.0978 37.914  255 255 255
1.35546 -14.2115 39.5309  255 255 255
57.6835 3.72834 -9.4499  255 255 255
60.8553 -2.90886 -5.58949  255 255 255
65.3724 -14.1371 -1.73866  255 255 255
-12.4652 -14.8712 37.325  255 255 255
-9.75871 -20.0307 37.9677  255 255 255
-21.6076 -22.3864 35.7329  255 255 255
-5.50398 -21.3857 39.6598  255 255 255
58.2214 0.161878 -8.70732  255 255 255
6.17365 -17.3137 37.9952  255 255 255
-27.841 -20.8761 33.5957  255 255 255
54.8521 12.5345 -9.98896  255 255 255
4.4749 -15.6544 39.0057  255 255 255
-11.7092 -3.23887 34.3454  255 255 255
57.2053 10.8608 -5.8831  255 255 255
0.975826 -28.9687 43.3397  255 255 255
-79.2256 33.4446 -59.7957  255 255 255
-94.292 37.431 -38.9739  255 255 255
-93.986 37.3609 -41.206  255 255 255
-82.0863 33.3397 -58.1171  255 255 255
-34.1397 -6.66358 14.6602  255 255 255
28.2814 36.9307 -85.4824  255 255 255
26.7077 35.2844 -83.0113  255 255 255
33.2133 11.9576 -53.1546  255 255 255
7.72259 -4.70117 35.0659  255 255 255
7.76973 -4.71441 34.808  255 255 255
10.8135 -6.19921 34.2918  255 255 255
8.09587 -8.70967 36.687  255 255 255
6.14139 -10.286 37.8139  255 255 255
13.1966 -12.3472 34.4043  255 255 255
4.18534 -13.8548 38.9408  255 255 255
3.40653 -16.9454 38.8489  255 255 255
26.5863 -14.1023 23.6068  255 255 255
-20.8452 -23.8736 37.2686  255 255 255
12.5447 -20.4202 37.3818  255 255 255
17.7423 -23.227 35.6693  255 255 255
-33.4826 -58.0138 36.5263  255 255 255
-34.6272 -59.1642 38.1118  255 255 255
58.2969 23.7594 -44.5132  255 255 255
44.5057 -35.4101 7.30183  255 255 255
-2.54076 -2.89369 36.3265  255 255 255
22.0363 -19.6963 30.6083  255 255 255
24.6398 -20.5244 32.6046  255 255 255
4.30422 -5.37551 36.8604  255 255 255
4.49687 -6.41534 37.2417  255 255 255
3.40322 -7.89878 37.7861  255 255 255
2.43089 -2.05792 35.5264  255 255 255
13.9669 -6.09029 32.1634  255 255 255
-4.32702 -16.7114 39.2307  255 255 255
-6.45238 -2.8166 36.2179  255 255 255
5.64077 -11.5229 38.3088  255 255 255
4.05449 -8.2051 38.2182  255 255 255
10.169 -8.64508 35.4193  255 255 255
-1.63715 -11.1112 39.6641  255 255 255
-4.09686 -14.7552 39.6478  255 255 255
-10.3303 -19.4642 37.4398  255 255 255
-31.0212 21.2046 -65.422  255 255 255
-9.72636 -13.8934 38.4183  255 255 255
-81.1749 5.70776 -46.1328  255 255 255
-18.7928 -24.8955 38.8887  255 255 255
-16.5498 -25.583 39.7072  255 255 255
-30.973 -15.1125 26.8586  255 255 255
-56.3623 -5.87916 -30.4465  255 255 255
-88.6445 -61.2249 38.8575  255 255 255
-49.3823 -10.3337 -25.1391  255 255 255
-78.0188 5.74916 -46.2873  255 255 255
-56.6771 -5.28173 -32.3651  255 255 255
-87.1003 -53.7389 29.6688  255 255 255
10.4521 -5.61298 34.3183  255 255 255
5.88196 68.0435 -82.373  255 255 255
3.24685 -13.5615 39.0688  255 255 255
-88.6204 26.4766 -53.4607  255 255 255
6.27043 68.3068 -82.1178  255 255 255
14.9859 -25.2367 38.2138  255 255 255
-7.29299 -28.3834 42.8672  255 255 255
-45.4926 54.5942 -59.748  255 255 255
-27.6224 17.3195 -59.539  255 255 255
-4.34967 -16.6821 39.4549  255 255 255
-23.1767 -58.6779 37.7186  255 255 255
1.6742 71.872 -76.0605  255 255 255
-21.7138 -19.4365 33.8335  255 255 255
-8.58422 -5.91565 37.3623  255 255 255
60.893 -16.8538 -14.432  255 255 255
-40.3036 -53.8252 31.2941  255 255 255
-24.0686 -61.6729 41.882  255 255 255
40.0771 63.3334 -107.784  255 255 255
37.4063 62.1715 -107.059  255 255 255
-22.2023 60.7192 -70.0043  255 255 255
-26.947 59.5537 -68.3282  255 255 255
58.006 26.5753 -44.5754  255 255 255
2.97844 -9.86543 38.9573  255 255 255
-8.78398 -14.8922 38.8553  255 255 255
-25.4468 -60.7581 40.2626  255 255 255
7.03935 66.5606 -84.3469  255 255 255
-12.8411 62.1442 -74.8531  255 255 255
-12.8257 62.2052 -75.0996  255 255 255
31.7389 58.1035 -106.675  255 255 255
55.7736 39.765 -88.9853  255 255 255
24.4733 -20.5172 31.8554  255 255 255
-15.4816 -18.8705 36.7942  255 255 255
5.40907 25.278 -70.8207  255 255 255
-0.878154 18.578 -61.4556  255 255 255
-19.3599 -10.2534 31.4969  255 255 255
-21.3565 -15.7427 32.7301  255 255 255
-89.4922 -46.9736 21.2937  255 255 255
12.1919 61.0489 -91.8113  255 255 255
-21.7164 62.1354 -69.7074  255 255 255
-48.8843 48.0814 -62.3055  255 255 255
57.3318 -39.8729 13.0546  255 255 255
56.2949 -39.1583 12.0608  255 255 255
-45.7057 54.84 -59.1713  255 255 255
-58.6553 -2.66288 -34.4332  255 255 255
5.42664 -10.0692 37.9802  255 255 255
-67.2368 -11.9106 -23.0355  255 255 255
30.6817 50.5792 -101.969  255 255 255
56.8218 27.8708 -46.7927  255 255 255
-5.89102 -0.823186 34.9998  255 255 255
-15.2501 0.317654 29.3924  255 255 255
-4.37343 -3.17609 36.8429  255 255 255
-4.37343 -3.17609 36.8429  255 255 255
-1.45661 -4.00588 37.4087  255 255 255
11.8373 -10.0259 34.8808  255 255 255
60.4093 -15.8094 -15.3765  255 255 255
2.563 -8.85608 38.576  255 255 255
60.8613 -16.8409 -14.288  255 255 255
-4.68686 -8.76549 39.0452  255 255 255
13.6584 -12.6038 34.1054  255 255 255
56.8065 -18.0134 -12.0543  255 255 255
17.9954 -15.9838 31.6853  255 255 255
-0.393114 -13.0022 39.7259  255 255 255
24.5247 -20.1389 31.2548  255 255 255
18.808 -20.6548 32.5857  255 255 255
-25.8486 -9.54873 24.6397  255 255 255
2.29561 -18.9118 38.6053  255 255 255
-0.371782 -18.3866 39.0421  255 255 255
-24.0725 -12.1073 27.8852  255 255 255
-24.0807 -12.1039 27.9683  255 255 255
-5.0393 -19.2656 38.7868  255 255 255
-18.9674 -16.5414 34.1298  255 255 255
-12.0276 -18.6404 36.872  255 255 255
-28.0855 -19.7504 32.1001  255 255 255
-21.3176 -21.8 35.2576  255 255 255
-22.271 -22.7494 36.0438  255 255 255
-19.0215 -26.0586 40.308  255 255 255
-7.72437 -29.6708 44.439  255 255 255
60.6152 0.870395 -3.43668  255 255 255
62.4782 -18.066 -8.93741  255 255 255
66.6477 -20.2832 -0.897123  255 255 255
60.1688 -17.343 -15.4041  255 255 255
3.65729 -12.1852 38.7665  255 255 255
18.9155 -21.7846 34.0221  255 255 255
-18.9331 -18.807 36.2914  255 255 255
13.1069 -32.4335 36.7101  255 255 255
-23.5593 -22.6876 36.0353  255 255 255
55.3021 14.0458 -8.81877  255 255 255
60.1111 -3.65568 -8.04415  255 255 255
59.8245 -11.8678 -10.5055  255 255 255
62.0868 -18.715 -12.1507  255 255 255
-4.76014 -14.8783 39.2829  255 255 255
-27.0759 -21.768 34.2646  255 255 255
5.79306 -59.6134 38.2111  255 255 255
58.7935 -4.87628 -12.3824  255 255 255
59.1184 -7.52171 -13.4959  255 255 255
-21.4512 -14.6961 31.8802  255 255 255
-19.5635 -15.2338 32.4105  255 255 255
-14.4821 -19.9333 37.9594  255 255 255
-23.8619 -19.9201 32.5011  255 255 255
49.8 -48.7431 24.6999  255 255 255
39.3899 -48.2208 24.9845  255 255 255
61.6187 22.6902 -37.1317  255 255 255
-10.9452 -20.6902 39.0185  255 255 255
46.7252 -43.5921 17.7596  255 255 255
40.811 -50.6119 27.937  255 255 255
-6.86752 -20.0583 38.3861  255 255 255
-14.8683 -27.0128 41.6625  255 255 255
-23.5817 59.6636 -70.0874  255 255 255
34.0234 65.9393 -102.155  255 255 255
56.9308 65.8202 -115.932  255 255 255
4.64771 65.8881 -83.58  255 255 255
57.0975 79.5935 -105.059  255 255 255
-49.9852 -27.6176 -4.75307  255 255 255
57.8356 -6.18755 -15.5772  255 255 255
-0.439473 -9.39256 39.2489  255 255 255
-18.1002 -22.2384 36.4859  255 255 255
58.6591 -10.4508 -16.276  255 255 255
59.9429 -15.4913 -16.8652  255 255 255
-74.8159 21.5452 -66.3553  255 255 255
59.8916 -16.409 -15.4301  255 255 255
-68.7656 -10.8482 -23.8279  255 255 255
-33.618 -56.3385 34.4933  255 255 255
-36.4939 -58.1708 36.9926  255 255 255
63.2964 -11.8821 -4.1686  255 255 255
62.3696 -14.7665 -9.07034  255 255 255
67.8124 -26.934 -3.94206  255 255 255
-16.1184 -17.5834 34.9954  255 255 255
59.9635 -43.3169 16.5826  255 255 255
-34.8935 -58.0007 36.5739  255 255 255
61.3327 24.5623 -37.0559  255 255 255
61.7643 -5.06156 -4.6307  255 255 255
53.7592 -44.0006 19.4238  255 255 255
-12.8273 -13.9274 36.8615  255 255 255
57.6737 29.452 -44.4182  255 255 255
3.76864 -10.5821 38.7483  255 255 255
-9.99744 -3.3523 35.5064  255 255 255
-11.283 -9.41398 37.498  255 255 255
40.211 -44.6577 20.1554  255 255 255
-17.8805 -23.6907 37.3349  255 255 255
62.4196 19.0652 -37.477  255 255 255
58.7537 -13.9136 -16.4947  255 255 255
67.8588 -26.1361 -3.013  255 255 255
-14.4354 -16.2627 35.9209  255 255 255
-6.42712 -19.4051 38.6217  255 255 255
-4.63205 -16.1671 39.5203  255 255 255
58.6722 -13.0513 -14.5689  255 255 255
30.5125 71.7926 -94.5884  255 255 255
-5.31892 67.4238 -74.9124  255 255 255
44.4487 82.9798 -96.4913  255 255 255
39.9895 67.9305 -104.074  255 255 255
55.9168 28.4975 -49.042  255 255 255
62.3933 -10.2267 -6.01483  255 255 255
12.2692 -6.70206 33.6171  255 255 255
3.47098 -8.46305 38.439  255 255 255
-8.98959 -11.3667 38.5408  255 255 255
1.33315 -16.5623 39.3083  255 255 255
13.0355 -19.7465 36.6821  255 255 255
-30.4047 -16.9646 28.6868  255 255 255
39.0391 67.2276 -104.215  255 255 255
59.968 24.5488 -40.7277  255 255 255
-26.2057 43.8569 -80.3074  255 255 255
4.80495 -8.15312 37.8226  255 255 255
61.2729 -17.4256 -14.1589  255 255 255
-11.4415 -7.58284 36.7898  255 255 255
3.5774 -11.4376 38.9584  255 255 255
9.72249 -22.5067 38.1648  255 255 255
-10.121 -28.6105 42.9762  255 255 255
59.3305 67.9744 -115.28  255 255 255
4.15129 6.49075 22.6544  255 255 255
6.44072 5.40651 25.0462  255 255 255
13.3598 -9.73064 33.6358  255 255 255
-8.74193 -8.80704 38.145  255 255 255
-13.4411 -8.95471 36.1544  255 255 255
-4.75894 -14.876 39.6258  255 255 255
59.077 80.3359 -106.137  255 255 255
15.8513 66.5432 -82.0249  255 255 255
7.67855 1.89246 30.5087  255 255 255
58.1701 -4.80111 -14.7129  255 255 255
59.0566 -11.9908 -16.0473  255 255 255
56.3119 31.5232 -45.4546  255 255 255
-22.0578 -6.95277 26.9186  255 255 255
-2.63696 -12.6788 39.6614  255 255 255
-27.5632 53.0057 -72.6263  255 255 255
60.5657 23.2813 -40.2925  255 255 255
55.5028 2.4987 -16.4983  255 255 255
-4.7414 -20.886 38.8605  255 255 255
-38.0242 -57.67 36.3361  255 255 255
-4.18649 -5.68016 38.2758  255 255 255
61.5765 -7.14303 -6.12144  255 255 255
-5.94247 -5.71358 37.8428  255 255 255
-8.61242 -19.8681 37.9663  255 255 255
-8.1193 -16.2829 38.8665  255 255 255
-8.04111 -20.3095 38.2925  255 255 255
-9.52361 -23.7972 39.9928  255 255 255
58.9066 4.57067 -5.96556  255 255 255
39.3748 63.6727 -107.078  255 255 255
-45.1138 55.0162 -59.5646  255 255 255
56.705 6.4885 -9.86345  255 255 255
-11.8959 -7.32976 36.6059  255 255 255
-5.17361 -10.1859 39.3105  255 255 255
68.1043 -27.3386 -3.52589  255 255 255
69.6277 72.7539 -122.304  255 255 255
-15.3546 -13.9854 35.5673  255 255 255
-15.4025 -18.0434 35.6281  255 255 255
-32.8651 9.48945 -50.0414  255 255 255
66.9818 -20.5339 -1.80631  255 255 255
-11.4649 -19.5369 37.4756  255 255 255
-5.84795 -61.063 41.0363  255 255 255
-11.0801 -19.1114 37.2185  255 255 255
-6.72217 -60.3717 39.6038  255 255 255
65.9233 67.1065 -120.676  255 255 255
65.6698 65.3449 -120.726  255 255 255
-12.5878 -0.691533 31.9676  255 255 255
9.42335 -20.4464 37.5329  255 255 255
3.89025 -28.525 42.8724  255 255 255
-24.3077 -11.8306 28.0879  255 255 255
-0.0601234 -12.3498 39.2623  255 255 255
-6.79762 -10.8965 39.0726  255 255 255
-7.95901 -10.5124 38.7117  255 255 255
40.2409 -50.2492 27.5152  255 255 255
-11.1264 -10.6592 37.5134  255 255 255
-12.575 -11.3794 37.0715  255 255 255
-9.70665 -11.7863 38.3331  255 255 255
-13.9709 -10.8967 36.1463  255 255 255
-6.93288 -8.57304 38.7332  255 255 255
-6.9077 -8.58717 38.5281  255 255 255
-4.22843 -12.2467 39.632  255 255 255
-26.5821 -18.7255 31.217  255 255 255
-2.39271 -15.0479 39.7434  255 255 255
66.6683 -23.6405 -4.53888  255 255 255
59.7776 0.924883 -5.3824  255 255 255
-14.1276 -10.8178 36.0607  255 255 255
-9.41844 -17.2462 38.4036  255 255 255
10.8946 -9.94121 35.5889  255 255 255
-5.95153 -4.69302 37.4971  255 255 255
-1.49852 -4.60033 37.7599  255 255 255
55.8549 0.0284562 -16.6017  255 255 255
-17.2059 -21.0404 37.3469  255 255 255
61.8212 -11.4433 -8.84841  255 255 255
3.34571 -6.73466 37.7489  255 255 255
-10.0471 -16.9714 38.0817  255 255 255
51.2189 -38.5143 11.5228  255 255 255
-26.3605 -58.0375 36.7781  255 255 255
0.897467 -17.4689 39.1258  255 255 255
-18.072 63.1888 -70.7075  255 255 255
67.2681 -20.3659 -1.01703  255 255 255
-9.33814 -15.8857 38.5742  255 255 255
-16.2788 -14.0792 34.8047  255 255 255
-12.3054 -14.5513 37.3452  255 255 255
58.7088 5.93277 -5.37813  255 255 255
-3.95179 66.5456 -77.6017  255 255 255
10.8644 -37.3104 34.5861  255 255 255
-25.9586 -5.80642 19.6886  255 255 255
6.19939 -2.12958 34.5333  255 255 255
-7.52046 -5.72965 37.5363  255 255 255
-19.9414 -17.3687 34.8365  255 255 255
26.4891 19.9925 -63.3444  255 255 255
-0.91603 -30.5026 43.0537  255 255 255
57.8868 -3.46093 -14.1521  255 255 255
-48.3131 -6.63473 -29.8689  255 255 255
4.79059 -8.1451 37.877  255 255 255
-14.8604 -27.2803 41.703  255 255 255
-2.20905 15.9299 -58.1402  255 255 255
-27.7564 -34.187 24.1607  255 255 255
-51.44 -5.76485 -30.6417  255 255 255
3.52056 -8.48006 38.1413  255 255 255
55.6631 -42.9225 17.2407  255 255 255
66.4697 -26.4323 -3.85052  255 255 255
-36.5023 -58.2234 36.9074  255 255 255
-7.8965 -6.26394 37.6496  255 255 255
59.8775 25.2562 -40.4124  255 255 255
-31.6408 -58.7517 37.717  255 255 255
62.4807 -14.7604 -9.21535  255 255 255
-34.6634 -58.2696 37.0967  255 255 255
57.3878 -1.71506 -14.0305  255 255 255
-33.8905 -57.644 36.4279  255 255 255
-34.5255 -57.4922 35.9062  255 255 255
-25.5104 -30.7517 29.3099  255 255 255
-16.2764 -18.8385 36.7336  255 255 255
-10.559 -28.3874 43.0051  255 255 255
-20.1767 -24.5392 37.9981  255 255 255
66.2198 -23.878 -6.29143  255 255 255
-12.457 -35.7914 36.4808  255 255 255
22.2858 -19.0469 30.3766  255 255 255
-14.9986 -7.73062 34.6576  255 255 255
11.1089 -19.8216 36.833  255 255 255
64.4722 -21.0338 -9.36376  255 255 255
-7.24634 -27.8807 42.0663  255 255 255
60.0966 30.7898 -36.1004  255 255 255
67.88 -25.7818 -3.25398  255 255 255
67.0576 -24.2932 -4.23223  255 255 255
-7.901 -5.56456 37.5315  255 255 255
-5.32299 -3.02788 36.5998  255 255 255
-1.60831 -5.11293 38.1366  255 255 255
-20.4668 -9.20118 29.9435  255 255 255
-26.1625 -9.26736 24.2111  255 255 255
-2.17935 -21.6797 39.9076  255 255 255
-9.9447 60.6492 -78.2095  255 255 255
60.9833 25.9323 -37.127  255 255 255
59.0571 29.6411 -39.9094  255 255 255
58.4799 -2.86924 -12.2113  255 255 255
65.1099 -16.5554 -3.64881  255 255 255
-33.5338 -56.6934 35.1213  255 255 255
-82.2013 6.78903 -46.5693  255 255 255
6.53043 -46.6359 30.9176  255 255 255
-0.83006 -3.51433 36.8213  255 255 255
-2.78854 -3.41932 37.1642  255 255 255
-7.50273 -11.1588 38.9265  255 255 255
0.111173 -8.26808 39.0711  255 255 255
-2.96338 -9.51745 39.3371  255 255 255
-2.30093 -4.41221 37.7162  255 255 255
-72.8684 37.6253 -54.3726  255 255 255
-84.5121 32.8946 -51.2421  255 255 255
-57.7616 41.8188 -61.394  255 255 255
-81.4818 33.7775 -57.6322  255 255 255
-33.0205 36.7245 -81.3795  255 255 255
-6.9302 -4.60826 37.1365  255 255 255
-119.913 -10.983 -23.6117  255 255 255
-84.8099 -11.1482 -24.4762  255 255 255
-69.3259 -8.15754 -29.1317  255 255 255
-78.101 1.60328 -41.5422  255 255 255
-69.6142 -7.80677 -29.968  255 255 255
-49.3592 15.085 -57.6395  255 255 255
-42.965 17.0887 -61.2836  255 255 255
-91.6921 -10.5226 -24.8255  255 255 255
-90.7259 -10.4168 -24.7457  255 255 255
-82.7538 10.7924 -52.6768  255 255 255
-93.2273 -7.5019 -27.9329  255 255 255
-83.8232 9.48326 -50.487  255 255 255
-92.5641 -8.74947 -27.5342  255 255 255
58.5825 45.6366 -32.2906  255 255 255
-27.9805 21.0133 -65.8176  255 255 255
-24.4748 20.3409 -64.116  255 255 255
-70.7596 -11.3433 -24.0525  255 255 255
-33.5833 28.4099 -74.5088  255 255 255
-76.6569 4.17244 -45.0156  255 255 255
-72.6862 37.5827 -54.6716  255 255 255
-61.344 18.1635 -62.4434  255 255 255
-120.344 -6.01375 -28.5077  255 255 255
-124.483 -16.0421 -17.471  255 255 255
-121.453 -10.273 -24.067  255 255 255
-46.7329 14.4226 -55.9187  255 255 255
1.57981 -8.45104 38.6445  255 255 255
28.9266 77.2612 -88.3168  255 255 255
-76.9731 38.8954 -48.0858  255 255 255
-68.4157 36.4246 -57.1675  255 255 255
42.7211 -42.4815 16.3036  255 255 255
27.6438 68.9634 -98.1916  255 255 255
-83.4068 8.40407 -48.4615  255 255 255
-85.1044 -10.4829 -25.2867  255 255 255
-77.4428 3.05908 -42.9694  255 255 255
23.8877 67.9799 -91.0209  255 255 255
18.2047 66.265 -87.8885  255 255 255
-39.8108 -59.7901 38.7219  255 255 255
-1.76766 17.9668 -60.926  255 255 255
-44.0362 61.2209 -56.6983  255 255 255
-12.1419 1.6862 30.3082  255 255 255
-15.658 4.03758 24.5564  255 255 255
-49.3253 -58.5053 37.9743  255 255 255
36.9425 42.2138 -90.3849  255 255 255
29.6814 40.6874 -90.0838  255 255 255
35.6412 13.0669 -54.6368  255 255 255
5.51398 5.53082 23.1189  255 255 255
7.7889 2.90596 29.1354  255 255 255
-20.1671 -0.549211 24.9995  255 255 255
12.3614 -19.0735 35.6009  255 255 255
2.27541 -28.3567 42.6396  255 255 255
6.98758 -35.3239 37.9555  255 255 255
44.6561 -42.0277 16.8791  255 255 255
42.7336 -43.8076 20.0648  255 255 255
-0.750617 -50.1573 34.4931  255 255 255
10.2553 3.09018 27.0387  255 255 255
44.07 -42.4805 16.6786  255 255 255
40.5867 -46.3547 22.3018  255 255 255
-34.84 -57.6156 36.2977  255 255 255
49.5431 -51.7392 27.8288  255 255 255
24.4812 -56.1185 34.8575  255 255 255
24.4812 -56.1185 34.8575  255 255 255
-19.5251 29.031 -75.5397  255 255 255
31.6495 25.0079 -69.2369  255 255 255
-13.364 3.0421 28.181  255 255 255
-60.8162 -13.5696 -22.755  255 255 255
-6.63785 -21.4651 39.44  255 255 255
16.3216 -23.7487 36.4561  255 255 255
55.7949 32.877 -47.6837  255 255 255
8.50822 2.50273 29.5182  255 255 255
-23.6008 -58.385 36.77  255 255 255
60.0673 52.5257 -104.251  255 255 255
62.2002 47.6211 -98.3708  255 255 255
11.0206 -17.0658 34.5964  255 255 255
-6.24679 -42.4097 34.252  255 255 255
27.0889 -14.1276 24.1888  255 255 255
-32.4725 10.7062 -50.6138  255 255 255
-29.0558 -58.8573 37.9949  255 255 255
5.79531 -22.3159 39.8831  255 255 255
46.3098 -50.9066 30.4802  255 255 255
-53.6393 37.2693 -67.185  255 255 255
-15.4814 3.67278 25.2429  255 255 255
-7.5379 -29.1159 44.058  255 255 255
3.64813 -42.6977 33.9718  255 255 255
2.87932 8.27617 21.9851  255 255 255
5.30018 -50.2646 34.5751  255 255 255
3.78832 -30.6727 42.8831  255 255 255
7.17513 -34.1535 38.6854  255 255 255
1.14147 6.95134 20.8056  255 255 255
12.6235 -36.9021 34.156  255 255 255
25.5891 -20.1152 31.3727  255 255 255
10.4953 -37.8174 34.842  255 255 255
22.7833 -16.9953 27.6377  255 255 255
-19.3124 -44.0767 28.0067  255 255 255
-22.3033 -34.0117 31.4738  255 255 255
5.95805 6.09126 24.3188  255 255 255
9.4317 -17.6655 36.4891  255 255 255
12.2031 -39.1248 32.6885  255 255 255
11.9714 -17.5186 33.604  255 255 255
25.1077 -36.0495 22.0465  255 255 255
-10.82 -46.3826 35.8492  255 255 255
21.8567 -22.9991 35.1229  255 255 255
-84.0218 0.847819 -40.4112  255 255 255
-86.3679 10.1634 -52.1192  255 255 255
-2.67142 62.9834 -80.3153  255 255 255
2.76394 72.2042 -76.661  255 255 255
31.4507 72.9206 -94.2976  255 255 255
-80.117 18.4296 -62.3254  255 255 255
5.63914 -27.1611 40.7442  255 255 255
2.71996 -17.1213 38.8277  255 255 255
10.9487 -24.3815 37.3247  255 255 255
17.4628 -22.2172 34.441  255 255 255
56.5582 -13.2364 -18.8138  255 255 255
19.5013 -21.8964 33.8789  255 255 255
-9.88841 -25.6642 39.5717  255 255 255
7.58283 3.22365 28.586  255 255 255
-14.3781 -24.7093 38.5427  255 255 255
-7.21303 -26.2734 40.3608  255 255 255
-39.3723 -54.9008 32.8073  255 255 255
-18.149 -27.2223 40.9956  255 255 255
24.5691 32.8966 -79.374  255 255 255
-5.62591 -17.5226 39.054  255 255 255
-116.047 -10.5139 -23.3208  255 255 255
-119.014 -4.95274 -29.9164  255 255 255
-114.948 -12.0889 -21.1207  255 255 255
-25.3917 20.8729 -64.8363  255 255 255
-14.7755 -8.99822 35.5419  255 255 255
-82.0626 9.81681 -49.7168  255 255 255
63.915 -20.2042 -8.69677  255 255 255
54.6935 -39.0195 13.303  255 255 255
55.4809 1.30545 -15.1123  255 255 255
-24.7769 -58.442 37.663  255 255 255
18.048 -40.8204 29.4705  255 255 255
-3.6149 -41.0238 34.7738  255 255 255
-38.3741 -57.3971 35.9704  255 255 255
0.981671 -28.2309 42.5192  255 255 255
-24.1641 -60.9229 40.6311  255 255 255
55.4219 -50.1101 26.1791  255 255 255
59.4953 -48.935 26.4632  255 255 255
54.3861 -47.8399 21.6302  255 255 255
56.5152 -38.6676 11.98  255 255 255
-5.39997 -61.4363 40.9514  255 255 255
65.5074 -50.0462 20.5437  255 255 255
-38.221 -23.4418 6.19154  255 255 255
-45.8993 -38.9472 10.4045  255 255 255
-23.4362 -60.9317 40.2307  255 255 255
57.511 -42.0871 14.5415  255 255 255
-22.0106 -61.2559 40.9167  255 255 255
16.0274 -39.0758 29.9632  255 255 255
-81.8257 -54.7347 33.5944  255 255 255
-41.0591 -58.5856 37.5527  255 255 255
23.0017 -19.5855 31.0669  255 255 255
59.5439 43.1681 -32.6299  255 255 255
-10.6044 7.21967 22.3812  255 255 255
-36.9671 6.9636 -46.968  255 255 255
-1.12265 -4.07807 37.5237  255 255 255
6.04413 -5.58118 35.8802  255 255 255
-31.2236 -16.0031 27.2314  255 255 255
-26.3606 -21.8377 34.9913  255 255 255
-1.73351 -30.5662 42.9454  255 255 255
-18.7701 -33.9605 35.1879  255 255 255
14.9974 -29.6543 37.9202  255 255 255
-28.0205 -30.1706 26.8614  255 255 255
12.6741 -38.8221 32.424  255 255 255
-20.1862 -0.580398 24.8647  255 255 255
-20.8071 -1.8372 25.104  255 255 255
-21.587 -4.83762 26.7704  255 255 255
-15.3262 -19.5947 38.0949  255 255 255
14.6896 -33.5729 35.13  255 255 255
-23.0294 -5.66923 24.1788  255 255 255
-62.1625 -31.2859 -0.496227  255 255 255
9.40806 -37.774 34.8645  255 255 255
-52.6786 -9.48326 -26.0632  255 255 255
57.3334 -3.87428 -12.6635  255 255 255
-12.5398 -18.5803 37.1359  255 255 255
9.47595 -20.494 37.244  255 255 255
-22.0855 -9.00198 27.6168  255 255 255
-0.454698 -30.1109 43.2039  255 255 255
-7.52486 -29.154 43.88  255 255 255
9.1962 -36.1153 35.932  255 255 255
12.6741 -38.8221 32.4239  255 255 255
-11.8173 -21.4017 40.0504  255 255 255
-4.72176 -13.5419 39.4601  255 255 255
-61.0594 -31.6672 0.346189  255 255 255
-45.4878 -54.7477 32.0475  255 255 255
-19.8555 -22.7848 36.6357  255 255 255
-33.5825 -13.6722 23.9309  255 255 255
59.1151 62.9107 -118.766  255 255 255
13.9008 53.891 -97.4123  255 255 255
27.041 38.1444 -86.8265  255 255 255
-60.7958 29.881 -63.1497  255 255 255
-60.4766 28.802 -64.1711  255 255 255
-60.9528 28.3817 -64.8971  255 255 255
-61.794 28.0521 -64.6564  255 255 255
55.5409 25.0816 -48.0227  255 255 255
-63.7418 27.1916 -63.0297  255 255 255
-69.9808 26.5201 -65.4217  255 255 255
56.4239 19.822 -48.2381  255 255 255
0.122066 20.8445 -65.3003  255 255 255
55.5966 19.4641 -48.0496  255 255 255
57.1233 19.2015 -47.166  255 255 255
57.5583 18.0789 -45.9934  255 255 255
38.4232 19.0889 -61.9589  255 255 255
21.7012 19.0991 -62.3849  255 255 255
58.7223 17.4506 -44.446  255 255 255
57.2521 16.5487 -47.7337  255 255 255
57.3157 16.1591 -46.9365  255 255 255
-58.6849 14.3577 -57.6347  255 255 255
-47.2392 12.7265 -55.0252  255 255 255
-45.6603 12.6521 -54.3107  255 255 255
-40.2837 11.2156 -52.9842  255 255 255
-30.9835 10.7492 -51.6779  255 255 255
-40.2782 10.6972 -51.482  255 255 255
5.43947 5.57449 23.7337  255 255 255
61.3699 5.46772 -42.2044  255 255 255
55.9205 0.401814 -16.002  255 255 255
-29.5256 -1.78616 8.43585  255 255 255
-11.3714 -1.70541 33.6816  255 255 255
-54.7189 -4.8967 -32.3295  255 255 255
0.861943 -4.37629 37.0373  255 255 255
-54.8008 -6.7668 -30.3908  255 255 255
9.11522 -5.42277 34.4341  255 255 255
57.2273 -14.0788 -17.8426  255 255 255
59.0332 -17.5494 -13.4473  255 255 255
-64.3134 -17.1344 -17.6411  255 255 255
-65.2601 -17.7557 -16.9761  255 255 255
10.4894 -19.4024 36.0855  255 255 255
15.9711 -23.0886 35.5676  255 255 255
53.5641 -38.797 11.661  255 255 255
57.6404 -39.3598 12.3301  255 255 255
56.9281 -41.1815 14.5586  255 255 255
55.035 -43.5313 18.0202  255 255 255
-19.3323 -45.61 32.62  255 255 255
37.4584 -51.2457 28.736  255 255 255
38.7034 -51.8417 29.016  255 255 255
33.1386 -53.9222 32.2268  255 255 255
-32.0554 -59.1769 38.2144  255 255 255
-23.8216 -59.3483 38.4803  255 255 255
-27.5459 -59.7941 39.0419  255 255 255
-22.3303 -60.9396 40.5515  255 255 255
-22.015 -61.264 40.8817  255 255 255
61.3169 63.3349 -118.778  255 255 255
59.4974 62.7352 -117.158  255 255 255
26.0478 52.4559 -104.535  255 255 255
30.451 49.4676 -100.36  255 255 255
25.0971 40.0392 -89.1719  255 255 255
25.0526 40.0671 -89.2374  255 255 255
34.3615 34.1942 -81.9089  255 255 255
-59.8637 31.142 -63.8738  255 255 255
55.8804 25.2966 -47.7971  255 255 255
-0.968563 20.8505 -64.836  255 255 255
59.5607 18.6206 -37.9631  255 255 255
-79.8979 19.1588 -63.7603  255 255 255
59.6044 16.309 -43.2052  255 255 255
-36.4947 17.2847 -60.465  255 255 255
58.7069 14.0396 -47.3471  255 255 255
-44.2821 14.4649 -56.5002  255 255 255
58.2768 12.9966 -47.0761  255 255 255
56.4159 11.5852 -50.4676  255 255 255
-45.5518 11.7461 -53.0845  255 255 255
-32.5128 10.2814 -51.1136  255 255 255
59.5033 -8.48573 -9.37675  255 255 255
-46.8257 -8.87195 -27.0182  255 255 255
62.7872 -14.1279 -6.20333  255 255 255
60.6629 -14.8184 -13.5266  255 255 255
48.286 -27.0719 -1.62345  255 255 255
-21.8099 -20.9136 33.9152  255 255 255
-57.2123 -29.9873 -1.07856  255 255 255
46.2223 -33.047 6.40147  255 255 255
5.44077 -25.4176 39.4496  255 255 255
50.0464 -37.2819 11.4253  255 255 255
-64.4285 -38.0271 10.2597  255 255 255
41.3671 -49.4728 25.9613  255 255 255
41.3671 -49.4728 25.9613  255 255 255
53.5798 -50.9189 26.0826  255 255 255
41.7394 -50.126 27.3242  255 255 255
-22.1979 -57.0785 35.2497  255 255 255
-26.9492 -58.3409 36.8303  255 255 255
-25.3461 -60.2247 39.5582  255 255 255
28.567 57.2404 -103.296  255 255 255
25.578 46.8086 -98.7929  255 255 255
60.443 33.2849 -35.4815  255 255 255
-80.4333 18.8744 -63.2024  255 255 255
-29.3004 17.6926 -60.4615  255 255 255
58.3797 12.5527 -46.036  255 255 255
-42.7135 9.33001 -50.1909  255 255 255
22.2468 -9.01266 22.4426  255 255 255
28.8737 -9.63194 17.9598  255 255 255
59.2053 -15.2216 -18.2535  255 255 255
-56.6744 -30.8953 1.94846  255 255 255
-58.0832 -31.24 0.815798  255 255 255
-11.7805 -26.0724 40.2214  255 255 255
56.7368 -37.659 11.6169  255 255 255
53.4483 -38.277 12.0345  255 255 255
58.8209 -43.7309 16.6287  255 255 255
55.3713 -44.5941 18.5227  255 255 255
33.8881 -50.2223 27.6899  255 255 255
-30.3659 -58.2656 37.0625  255 255 255
-27.4837 -59.4691 38.7578  255 255 255
-27.9089 -60.2006 39.6766  255 255 255
-5.21738 -61.2158 40.4777  255 255 255
28.7853 54.0659 -106.368  255 255 255
28.4049 52.715 -104.484  255 255 255
59.6142 42.9021 -91.3991  255 255 255
55.3935 38.3802 -86.3039  255 255 255
-56.4656 35.1635 -68.4371  255 255 255
-58.3861 30.1594 -65.2922  255 255 255
-32.6809 12.1989 -52.8176  255 255 255
-38.084 12.1315 -53.6918  255 255 255
-31.8826 9.73938 -50.6569  255 255 255
-36.995 9.20703 -48.9425  255 255 255
-34.0296 9.02576 -49.3615  255 255 255
-3.3798 -28.1379 42.1937  255 255 255
54.2358 -37.965 11.0474  255 255 255
66.7709 -46.258 19.3924  255 255 255
49.6158 -46.1784 20.7995  255 255 255
1.33705 -43.0399 33.6662  255 255 255
41.9264 -49.9093 26.5876  255 255 255
41.3257 -50.8522 28.4463  255 255 255
67.6103 47.2381 -100.435  255 255 255
60.9566 45.1587 -94.1442  255 255 255
-40.806 9.52121 -50.342  255 255 255
-63.6894 28.0706 -64.7935  255 255 255
-63.6894 28.0706 -64.7935  255 255 255
-6.70781 -61.08 39.6675  255 255 255
-63.1989 31.6173 -63.9694  255 255 255
-61.9823 29.838 -62.1562  255 255 255
-78.7435 24.4479 -64.5919  255 255 255
-59.8078 29.6521 -64.0103  255 255 255
13.8079 -34.9151 34.3647  255 255 255
58.5987 8.73695 -5.54003  255 255 255
14.1094 -15.9171 33.7283  255 255 255
-34.5123 -53.6493 30.8699  255 255 255
-38.656 -61.6626 41.1637  255 255 255
0.237714 64.3281 -81.5429  255 255 255
19.1223 -42.5552 31.3517  255 255 255
59.3711 82.5713 -108.58  255 255 255
-35.539 35.2015 -81.0555  255 255 255
20.6076 72.1484 -86.9343  255 255 255
52.036 81.0156 -104.335  255 255 255
20.0725 -13.0873 27.6357  255 255 255
9.22611 -9.75072 35.8981  255 255 255
1.45867 -2.33549 35.7941  255 255 255
-79.3866 -47.0278 24.3596  255 255 255
-9.95785 -16.3572 38.2976  255 255 255
67.076 72.8465 -117.56  255 255 255
-50.7862 35.5205 -72.5014  255 255 255
61.2782 82.2157 -107.39  255 255 255
68.9153 72.9626 -120.053  255 255 255
54.7619 75.5172 -107.988  255 255 255
-13.1639 -15.9497 37.1231  255 255 255
6.15703 -6.19416 36.6713  255 255 255
39.7842 64.5593 -105.789  255 255 255
17.4966 63.7002 -92.6998  255 255 255
-62.0469 53.6947 -50.4864  255 255 255
8.98378 -10.0807 36.3648  255 255 255
60.2574 68.7661 -115.42  255 255 255
27.9332 40.7319 -90.0797  255 255 255
61.2892 72.0605 -114.118  255 255 255
44.2647 76.7102 -99.5809  255 255 255
-1.30081 -8.42422 38.8795  255 255 255
27.2248 66.3127 -97.3776  255 255 255
-11.1904 -6.05758 36.7731  255 255 255
4.99666 -27.1963 40.7167  255 255 255
34.3886 56.6212 -108.8  255 255 255
33.7052 62.3558 -103.234  255 255 255
18.1024 71.7163 -87.3611  255 255 255
11.3858 67.7891 -86.2502  255 255 255
24.8293 74.1039 -89.5356  255 255 255
33.355 61.8808 -104.783  255 255 255
59.8939 80.8669 -107.149  255 255 255
60.5259 81.4232 -106.656  255 255 255
36.4271 72.0368 -96.024  255 255 255
-5.62361 -17.5369 38.8827  255 255 255
-12.1105 -22.1163 39.6473  255 255 255
47.0147 -32.5768 3.69472  255 255 255
-66.4821 -36.1979 7.63948  255 255 255
55.7982 39.756 -89.0699  255 255 255
24.3149 67.1206 -91.8073  255 255 255
35.6253 42.3695 -92.5173  255 255 255
56.6707 26.2315 -47.8255  255 255 255
-29.4716 55.9758 -69.262  255 255 255
-26.4908 -4.39465 18.41  255 255 255
-20.8409 -11.3087 30.7495  255 255 255
-2.87229 62.0186 -80.7615  255 255 255
-18.6785 -25.1537 39.037  255 255 255
-14.6829 -27.9948 41.7338  255 255 255
-14.6128 -2.05847 32.1949  255 255 255
-124.824 -14.7406 -18.9596  255 255 255
-123.576 -16.8669 -16.2881  255 255 255
-125.445 -15.1493 -18.8489  255 255 255
-121.697 -19.6069 -13.0366  255 255 255
-57.757 10.4177 -52.5532  255 255 255
-51.7307 12.6517 -54.6459  255 255 255
-117.998 -6.04018 -27.7673  255 255 255
-75.4692 -1.89934 -37.2055  255 255 255
-124.003 -15.506 -17.9888  255 255 255
-71.8922 -7.24109 -30.4047  255 255 255
-71.8922 -7.24109 -30.4047  255 255 255
-67.2149 -7.18297 -30.1266  255 255 255
-81.4732 28.3697 -62.6779  255 255 255
-70.4106 -13.5848 -20.3921  255 255 255
48.307 -29.8638 1.53418  255 255 255
-15.1749 -2.87205 32.4099  255 255 255
-126.546 -14.0034 -20.3755  255 255 255
-128.379 53.7508 -100.658  255 255 255
33.6393 12.9782 -54.467  255 255 255
39.243 17.1281 -59.1201  255 255 255
34.4858 39.0167 -87.929  255 255 255
61.4065 74.6996 -112.089  255 255 255
-50.5332 -26.7398 -4.8692  255 255 255
-22.8047 18.1977 -62.2353  255 255 255
-63.656 -21.2974 -12.7086  255 255 255
57.8187 83.6286 -103.539  255 255 255
-15.727 0.987465 28.2904  255 255 255
5.81979 -48.9019 35.9119  255 255 255
-39.2955 -57.658 35.8485  255 255 255
60.7528 72.701 -113.447  255 255 255
-87.0031 -12.0797 -24.0959  255 255 255
58.2071 77.2934 -109.015  255 255 255
-113.216 -29.9083 0.619684  255 255 255
-81.8467 29.5153 -60.7369  255 255 255
-71.0407 -13.4085 -23.4488  255 255 255
-58.8927 -2.70997 -35.7303  255 255 255
28.2503 71.0114 -93.1069  255 255 255
43.748 68.2563 -104.452  255 255 255
25.8106 71.9627 -91.9873  255 255 255
46.5209 71.9979 -109.382  255 255 255
-33.0337 21.3658 -65.146  255 255 255
-34.165 28.806 -75.2946  255 255 255
32.0408 27.3187 -73.167  255 255 255
-39.9398 -51.1642 27.3878  255 255 255
-27.8123 23.5232 -70.5988  255 255 255
-17.0403 32.14 -78.8218  255 255 255
-46.6629 13.8468 -56.5566  255 255 255
-27.8175 22.6447 -66.9526  255 255 255
10.5183 -20.7091 37.5515  255 255 255
-20.4638 29.065 -74.9126  255 255 255
-35.8397 -55.3217 32.808  255 255 255
-45.7721 9.89778 -51.3943  255 255 255
-31.4289 6.91084 -46.1321  255 255 255
-41.1081 20.2304 -63.8785  255 255 255
8.452 -4.70774 34.4586  255 255 255
-83.6739 11.6955 -54.0962  255 255 255
62.831 -13.6932 -6.12553  255 255 255
36.9635 66.516 -103.383  255 255 255
19.4755 -15.2795 30.7583  255 255 255
55.2263 15.652 -8.00665  255 255 255
54.7212 14.0562 -9.92081  255 255 255
-27.5983 -57.2537 35.8631  255 255 255
12.5781 -28.3949 40.1025  255 255 255
21.2951 -8.68428 21.7957  255 255 255
-11.4042 -46.4117 36.6081  255 255 255
34.209 13.8365 -54.9486  255 255 255
19.1523 -21.3761 33.192  255 255 255
1.08865 7.71603 20.9566  255 255 255
23.9048 -14.5387 24.8871  255 255 255
2.82688 23.2883 -67.7875  255 255 255
3.59331 -7.7211 37.7588  255 255 255
-33.5663 -55.961 34.2046  255 255 255
-18.1731 3.0686 22.7605  255 255 255
-18.5915 20.2414 -63.444  255 255 255
7.54602 2.58224 28.1058  255 255 255
63.2821 -14.9063 -4.99791  255 255 255
60.9819 -16.819 -11.8421  255 255 255
7.88159 -0.310886 31.9306  255 255 255
-20.2151 11.7918 -53.2885  255 255 255
69.8667 -28.4714 -1.53248  255 255 255
-5.40538 -43.1902 33.7268  255 255 255
9.23911 -38.7991 33.9596  255 255 255
-14.6814 -35.3192 35.7992  255 255 255
-32.4077 -14.6218 25.3846  255 255 255
28.3724 44.2268 -95.4065  255 255 255
34.3095 30.7964 -77.491  255 255 255
25.9133 35.9028 -84.1503  255 255 255
-29.0558 -58.8573 37.995  255 255 255
52.5572 85.7543 -100.492  255 255 255
32.6498 70.9859 -94.6048  255 255 255
31.2174 70.5871 -94.1068  255 255 255
44.5996 82.6428 -96.1412  255 255 255
-0.0850508 22.1727 -66.9658  255 255 255
-72.9566 -0.924311 -38.2308  255 255 255
-28.4908 41.2092 -81.6261  255 255 255
32.7286 40.8285 -88.8055  255 255 255
55.3884 14.9572 -9.07578  255 255 255
-17.5592 -15.0111 34.3696  255 255 255
57.9376 -38.9933 14.3738  255 255 255
-18.0465 12.258 -51.4109  255 255 255
-28.2423 -55.7556 33.953  255 255 255
8.56804 5.36747 24.7546  255 255 255
3.96331 -47.9347 35.875  255 255 255
-4.85349 -31.2353 42.1459  255 255 255
6.49856 66.897 -84.0187  255 255 255
-53.8601 -6.69814 -30.3816  255 255 255
-52.3968 11.5712 -53.3325  255 255 255
-77.7759 3.75173 -44.3798  255 255 255
-76.6569 4.17244 -45.0156  255 255 255
-114.246 -11.4611 -20.9365  255 255 255
58.6948 87.7023 -102.233  255 255 255
-24.7805 19.3315 -62.215  255 255 255
-37.8991 19.0097 -62.659  255 255 255
22.6067 -18.9751 30.2699  255 255 255
61.0689 -45.8359 20.0498  255 255 255
69.6011 -46.8262 15.6315  255 255 255
-27.3063 -57.5959 36.2931  255 255 255
56.1241 -43.2138 17.3286  255 255 255
24.6581 -20.5259 32.5059  255 255 255
15.9104 -5.17405 29.4978  255 255 255
55.9208 -49.4619 25.5467  255 255 255
16.8492 -21.1029 34.0263  255 255 255
-48.692 -4.98654 -31.7516  255 255 255
-57.298 17.6947 -61.1687  255 255 255
-40.2196 8.63365 -48.9496  255 255 255
51.8371 -43.1853 16.8038  255 255 255
-34.0564 57.349 -64.7904  255 255 255
67.2453 82.457 -110.139  255 255 255
51.3648 78.7482 -103.198  255 255 255
26.7885 67.0859 -96.6616  255 255 255
26.9078 68.9464 -92.589  255 255 255
18.8796 65.8565 -90.8115  255 255 255
-10.6042 -9.08372 37.7904  255 255 255
25.5529 18.9204 -62.1324  255 255 255
50.3119 78.3092 -102.124  255 255 255
20.3293 70.4307 -89.6666  255 255 255
58.7685 82.4762 -105.416  255 255 255
-11.4899 4.16833 27.9102  255 255 255
-75.8311 -0.795662 -40.152  255 255 255
-34.6104 10.1157 -50.7266  255 255 255
30.338 23.2796 -67.6057  255 255 255
-10.3436 0.540228 32.3316  255 255 255
-36.3926 -55.5482 33.1892  255 255 255
55.3089 23.1832 -52.786  255 255 255
30.6226 23.9237 -68.5951  255 255 255
-32.0589 19.0494 -62.2343  255 255 255
16.2736 -13.0794 31.5947  255 255 255
-40.9381 -51.6388 28.3662  255 255 255
-29.783 19.6675 -63.0184  255 255 255
-85.3796 5.54619 -46.5347  255 255 255
-1.88929 -60.2157 39.5784  255 255 255
1.11011 23.9607 -68.9674  255 255 255
68.1511 -25.2785 -2.3061  255 255 255
55.0295 2.52485 -15.1989  255 255 255
-22.1702 -60.9395 40.6247  255 255 255
76.8828 70.4214 -123.662  255 255 255
18.7611 -18.9436 32.7985  255 255 255
-4.12641 -25.1093 40.7018  255 255 255
10.1913 -37.7219 33.3884  255 255 255
-8.41355 5.03117 23.9309  255 255 255
38.6452 26.8241 -72.2236  255 255 255
19.6981 66.8205 -89.5218  255 255 255
-88.0582 -46.154 23.45  255 255 255
26.8341 -33.7439 22.6538  255 255 255
47.0726 82.4771 -100.195  255 255 255
-29.2113 23.9811 -70.5285  255 255 255
73.6457 69.3284 -123.59  255 255 255
39.8581 -45.8754 21.7396  255 255 255
60.1797 87.0341 -107.512  255 255 255
-6.60832 74.4715 -69.856  255 255 255
55.1728 84.8459 -104.331  255 255 255
77.1469 87.7526 -121.533  255 255 255
57.6318 84.9134 -102.822  255 255 255
76.7575 86.7137 -121.46  255 255 255
52.1872 80.9848 -102.295  255 255 255
17.3836 79.9767 -80.7523  255 255 255
23.1877 72.1003 -90.2929  255 255 255
78.5584 70.0791 -128.086  255 255 255
33.0283 68.7006 -99.3711  255 255 255
61.2555 68.5674 -116.296  255 255 255
68.5751 68.0784 -121.589  255 255 255
50.0557 51.9234 -104.554  255 255 255
-14.4791 -5.11887 34.3888  255 255 255
-21.8284 -60.6361 39.7413  255 255 255
-22.5589 -60.36 40.098  255 255 255
7.51559 -19.3604 37.169  255 255 255
27.8225 30.4846 -76.4571  255 255 255
-113.001 -13.2711 -18.88  255 255 255
-87.2995 -13.2942 -21.4656  255 255 255
-12.6134 -20.61 38.7272  255 255 255
2.86176 21.2296 -65.4341  255 255 255
16.5253 -25.8727 39.0206  255 255 255
-20.1584 -24.5328 38.1526  255 255 255
-18.2765 -43.5946 28.4092  255 255 255
25.3673 -12.1491 23.324  255 255 255
2.15071 -45.3204 31.1165  255 255 255
3.22014 -46.8279 31.8283  255 255 255
42.1622 -41.6348 16.6279  255 255 255
37.5588 -49.2856 25.9756  255 255 255
49.8574 -48.1871 25.1386  255 255 255
-1.7058 20.4234 -64.3898  255 255 255
28.498 71.6854 -93.2321  255 255 255
47.8723 77.2712 -102.09  255 255 255
8.01368 -22.549 39.1019  255 255 255
55.7276 38.6215 -87.5731  255 255 255
-3.15344 6.94031 21.0691  255 255 255
-90.6107 -59.1716 36.2687  255 255 255
-80.6752 -61.39 40.6815  255 255 255
-32.5606 26.7217 -72.9084  255 255 255
-40.235 16.162 -59.079  255 255 255
42.3906 -40.4244 15.4408  255 255 255
-85.0736 -12.0848 -23.2566  255 255 255
-22.5113 -36.6873 28.7993  255 255 255
-30.3463 -58.2202 37.2279  255 255 255
-21.7612 -21.8863 35.1196  255 255 255
-9.13099 -10.6664 38.307  255 255 255
-17.7814 -40.0285 30.4574  255 255 255
67.843 -49.0109 17.9984  255 255 255
57.607 -12.2497 -20.7095  255 255 255
23.2223 25.3035 -70.0341  255 255 255
-6.63785 -21.4651 39.44  255 255 255
23.6164 -40.0933 28.0686  255 255 255
-26.777 21.244 -65.1061  255 255 255
-56.4455 34.212 -68.7719  255 255 255
-5.34654 -28.1204 42.3052  255 255 255
0.92256 17.0837 -59.297  255 255 255
61.5116 67.7642 -117.291  255 255 255
58.0557 76.2785 -108.849  255 255 255
52.5223 -32.0839 4.94242  255 255 255
61.6246 82.5957 -110.728  255 255 255
19.0215 64.4207 -93.5266  255 255 255
61.5441 67.7793 -117.439  255 255 255
67.1324 49.2061 -101.736  255 255 255
31.2942 23.2988 -67.8424  255 255 255
12.2529 59.4222 -93.0841  255 255 255
69.7824 75.9704 -116.417  255 255 255
24.4825 34.5358 -83.5324  255 255 255
47.1312 -29.5496 1.20565  255 255 255
33.7088 39.1861 -87.6256  255 255 255
12.3487 -28.9759 39.7453  255 255 255
-34.6719 3.80055 -43.139  255 255 255
23.0017 -19.5855 31.0669  255 255 255
12.08 -27.0819 40.6254  255 255 255
-20.6046 11.0584 -51.27  255 255 255
61.7692 -15.7879 -10.3283  255 255 255
-68.2052 -12.2134 -24.3116  255 255 255
13.149 0.581864 26.9273  255 255 255
-4.44455 -11.0643 39.2976  255 255 255
-100.412 -51.0693 27.2699  255 255 255
-38.8591 9.78299 -49.5278  255 255 255
39.7988 19.4688 -62.7651  255 255 255
39.8137 71.9617 -99.6039  255 255 255
38.4112 17.8591 -59.0193  255 255 255
32.9781 71.1244 -97.3132  255 255 255
25.3757 68.491 -92.1028  255 255 255
38.7086 71.4745 -99.9434  255 255 255
21.0433 -21.6051 34.1725  255 255 255
2.22602 -27.3076 41.0688  255 255 255
-44.182 -51.7946 28.5156  255 255 255
-33.5077 15.0574 -57.0739  255 255 255
18.1103 -21.0589 33.296  255 255 255
-33.2479 18.5088 -62.2511  255 255 255
-26.0477 21.3718 -64.2844  255 255 255
52.0102 -39.8193 12.7692  255 255 255
56.8237 38.2799 -84.6037  255 255 255
-60.7491 30.5768 -62.4557  255 255 255
35.5678 70.4464 -97.1143  255 255 255
31.4229 69.3558 -95.3402  255 255 255
18.6838 65.3755 -92.0589  255 255 255
68.5977 68.0912 -121.668  255 255 255
-31.1511 55.9035 -68.0842  255 255 255
-88.2137 20.4907 -58.8674  255 255 255
-54.6321 56.8508 -51.9606  255 255 255
21.4867 72.2882 -89.8649  255 255 255
-25.2458 -10.1476 26.0565  255 255 255
63.9387 66.7742 -119.866  255 255 255
34.1801 65.2751 -101.625  255 255 255
29.339 27.6281 -73.0906  255 255 255
-39.2074 -51.0841 27.5521  255 255 255
-4.95157 -61.2748 40.6957  255 255 255
20.7024 -32.9598 29.3952  255 255 255
-27.7653 -58.5766 37.4673  255 255 255
-22.8934 -21.9011 34.9912  255 255 255
-8.73165 -2.65425 35.5718  255 255 255
-21.7306 -14.6752 32.12  255 255 255
12.3644 -19.0665 35.5515  255 255 255
-9.74789 6.8955 23.7129  255 255 255
20.0205 -26.3871 35.4215  255 255 255
25.7306 41.6316 -91.019  255 255 255
-28.8759 -55.9485 34.5051  255 255 255
-16.2503 30.3962 -77.1811  255 255 255
-46.4783 -10.0463 -23.8125  255 255 255
22.1319 24.5102 -69.5933  255 255 255
-42.6543 -51.6981 28.0182  255 255 255
32.6962 65.8032 -100.293  255 255 255
33.7713 26.3506 -70.8481  255 255 255
-33.636 -5.90373 13.7044  255 255 255
-12.7508 1.85774 29.6957  255 255 255
29.5345 40.5381 -89.181  255 255 255
22.2508 -27.9277 31.0992  255 255 255
24.6976 -55.9887 34.1916  255 255 255
-16.3126 29.4569 -76.6652  255 255 255
63.9042 -45.6202 19.8926  255 255 255
-13.5452 -18.2451 36.684  255 255 255
-27.7045 -19.6557 32.3864  255 255 255
66.1922 -19.2587 -2.42779  255 255 255
22.9266 -9.00195 22.3842  255 255 255
60.1658 -9.52889 -8.26714  255 255 255
-28.6865 -10.6586 20.7745  255 255 255
-65.3833 16.1822 -59.76  255 255 255
20.28 -21.0688 32.9279  255 255 255
7.5469 -21.0504 38.3879  255 255 255
26.9709 -16.9412 27.1164  255 255 255
50.4642 -39.8658 13.0216  255 255 255
-38.5238 45.2782 -71.3558  255 255 255
3.59923 -60.4666 39.3965  255 255 255
-91.8601 -41.6088 17.1483  255 255 255
53.366 79.13 -103.267  255 255 255
57.7615 12.9233 -6.29143  255 255 255
21.3497 22.7327 -67.8605  255 255 255
10.1138 -26.0464 39.4439  255 255 255
59.989 -49.7751 23.0394  255 255 255
16.7298 -26.8711 40.521  255 255 255
23.7812 -15.123 25.024  255 255 255
-17.267 28.7972 -75.3481  255 255 255
8.22548 47.2762 -98.6178  255 255 255
-27.9805 21.0133 -65.8176  255 255 255
23.1116 69.4727 -89.8222  255 255 255
50.3564 78.1577 -103.843  255 255 255
48.6312 70.5479 -109.914  255 255 255
62.3757 67.8824 -117.996  255 255 255
72.1906 69.7692 -121.842  255 255 255
37.0679 71.1221 -98.1191  255 255 255
21.7823 69.1668 -88.9406  255 255 255
17.4159 64.8931 -90.9657  255 255 255
62.3758 67.8825 -117.997  255 255 255
22.3617 70.6213 -90.3266  255 255 255
61.7155 84.0902 -105.834  255 255 255
65.1112 70.4286 -116.727  255 255 255
26.1797 70.2315 -91.2111  255 255 255
14.3002 67.1538 -91.1116  255 255 255
64.4696 68.7974 -117.877  255 255 255
81.2425 71.1292 -130.767  255 255 255
25.1366 69.7453 -90.3461  255 255 255
36.9977 71.8033 -93.3007  255 255 255
43.356 74.3542 -102.954  255 255 255
79.6766 70.8846 -129.057  255 255 255
81.0101 70.0858 -133.226  255 255 255
44.2647 76.7102 -99.5807  255 255 255
43.3977 74.3647 -102.926  255 255 255
35.9546 74.9955 -96.6575  255 255 255
38.3414 71.5306 -98.8033  255 255 255
25.2537 73.0992 -90.6134  255 255 255
36.1898 71.7363 -92.5971  255 255 255
19.2578 69.4989 -88.6303  255 255 255
14.3002 67.1539 -91.1118  255 255 255
-33.0397 -58.1098 36.7814  255 255 255
23.7368 18.6141 -61.7486  255 255 255
40.9092 25.0537 -69.8615  255 255 255
23.7368 18.6141 -61.7486  255 255 255
-39.1579 -55.4438 33.3571  255 255 255
29.4212 27.6954 -73.5667  255 255 255
49.7764 -41.5688 15.2755  255 255 255
-22.3535 -58.2406 36.9853  255 255 255
23.3044 24.6225 -69.7244  255 255 255
-35.3743 -60.7783 40.1217  255 255 255
44.0711 -46.0059 20.8851  255 255 255
-42.0994 -53.0238 30.027  255 255 255
26.1893 -56.3709 34.5069  255 255 255
29.8487 25.161 -70.0715  255 255 255
-18.2243 12.8248 -54.4257  255 255 255
-22.3401 13.5812 -55.0153  255 255 255
-19.5032 13.5852 -55.2157  255 255 255
50.2608 -41.6621 15.3808  255 255 255
-0.297451 17.7177 -60.5171  255 255 255
28.5038 23.276 -67.9316  255 255 255
-38.1313 -59.9856 38.9935  255 255 255
12.9966 -0.940413 29.3439  255 255 255
-12.8329 4.56163 26.1897  255 255 255
58.1609 -14.2265 -18.631  255 255 255
-31.4472 -57.595 36.2471  255 255 255
37.8537 -51.89 30.1347  255 255 255
15.0018 -21.9101 35.4265  255 255 255
42.5419 -41.7073 16.6167  255 255 255
-12.7145 4.84378 25.9989  255 255 255
64.9097 68.4499 -118.979  255 255 255
-6.83938 -28.3456 42.8752  255 255 255
1.09887 21.799 -65.7415  255 255 255
30.1211 27.2767 -73.3947  255 255 255
39.9102 18.2069 -59.8064  255 255 255
-15.4852 -18.7706 37.1812  255 255 255
-112.814 -29.5333 0.128628  255 255 255
5.42438 -46.6289 36.2853  255 255 255
-43.9059 60.9678 -55.809  255 255 255
39.8804 19.8988 -62.0196  255 255 255
-49.7428 -26.4518 -5.51219  255 255 255
44.9209 -43.6068 18.1705  255 255 255
-83.0421 7.49259 -49.1984  255 255 255
14.2288 -8.71364 32.7813  255 255 255
-81.5848 10.284 -52.7015  255 255 255
-34.2724 17.0779 -59.7631  255 255 255
-88.3145 -61.1377 38.6937  255 255 255
-45.1129 14.8329 -57.6526  255 255 255
7.92687 -30.0742 41.3691  255 255 255
13.3168 -29.0455 39.0481  255 255 255
-91.5117 -54.549 31.7365  255 255 255
-98.1341 -52.2918 28.1264  255 255 255
-41.681 19.1866 -63.7758  255 255 255
26.036 34.6829 -82.1428  255 255 255
-89.397 -53.1147 30.8696  255 255 255
-78.9981 -55.8303 35.0511  255 255 255
2.44359 -15.3074 39.071  255 255 255
-22.8701 28.4081 -73.9373  255 255 255
-7.97762 -60.9312 39.908  255 255 255
-41.9373 -51.3034 27.8071  255 255 255
-0.990815 21.8294 -65.9362  255 255 255
-13.2284 -25.321 39.2362  255 255 255
-88.2163 -54.5838 32.4318  255 255 255
-41.7891 -51.7499 28.4001  255 255 255
-25.8405 -61.3283 40.8984  255 255 255
-88.5525 -59.7963 38.1398  255 255 255
-81.5848 10.284 -52.7014  255 255 255
-41.7913 -53.565 30.7252  255 255 255
-88.5114 -60.2836 38.0714  255 255 255
-21.0778 30.4703 -78.3512  255 255 255
-44.4137 10.219 -51.0139  255 255 255
26.4995 -4.47083 10.9538  255 255 255
-91.036 -59.2617 36.2867  255 255 255
-86.8816 -11.4967 -24.5284  255 255 255
29.114 -7.75947 15.1852  255 255 255
-65.9547 -36.9677 8.60174  255 255 255
-62.4814 -39.605 11.8171  255 255 255
4.3008 -47.1103 31.8613  255 255 255
26.0267 -12.0401 21.205  255 255 255
-26.3354 -57.4417 35.9573  255 255 255
-33.3369 -58.152 36.843  255 255 255
-33.7649 11.9521 -52.7444  255 255 255
59.9364 -19.2294 -8.75746  255 255 255
-48.5249 13.8757 -56.669  255 255 255
65.1112 70.4286 -116.727  255 255 255
48.4477 69.0232 -109.359  255 255 255
-43.5693 -61.0071 40.336  255 255 255
-21.1036 13.0504 -54.0576  255 255 255
-88.3932 -13.1385 -21.91  255 255 255
-34.5155 -56.6964 34.8086  255 255 255
-73.5311 19.1563 -63.2234  255 255 255
-90.168 10.8164 -52.8509  255 255 255
56.9067 -36.7151 9.23684  255 255 255
-34.0167 -60.295 39.5243  255 255 255
-29.1949 22.5226 -67.0576  255 255 255
-80.867 -19.63 -13.9992  255 255 255
-89.0244 -61.0394 38.5907  255 255 255
-86.3498 -60.4173 39.4601  255 255 255
51.3677 -46.7995 22.6769  255 255 255
59.8974 -46.5235 19.0343  255 255 255
-72.6164 -55.0668 32.6208  255 255 255
-23.0132 -14.4782 31.6693  255 255 255
-85.7327 -53.6267 32.1645  255 255 255
7.6708 5.06836 26.5609  255 255 255
68.5992 -49.198 17.1585  255 255 255
10.9525 -19.1908 35.8882  255 255 255
31.3868 36.2778 -83.9682  255 255 255
44.4743 -34.56 7.94274  255 255 255
51.8574 -43.0446 17.6473  255 255 255
9.51283 58.2684 -91.7888  255 255 255
-42.1608 15.4595 -57.6461  255 255 255
-36.9241 -51.5008 27.8513  255 255 255
21.0852 -19.5658 30.7288  255 255 255
10.5021 -26.7111 40.484  255 255 255
5.09873 -26.9155 40.3586  255 255 255
-25.5632 24.8181 -69.7323  255 255 255
-87.6966 -51.3692 29.3998  255 255 255
4.22428 -46.6317 36.5507  255 255 255
-89.5374 -57.9609 36.1025  255 255 255
-25.2375 -60.4569 39.3631  255 255 255
39.4477 -44.9754 20.8671  255 255 255
-61.9507 -38.9189 11.4949  255 255 255
-22.2929 15.003 -56.6028  255 255 255
63.3378 42.7591 -90.4699  255 255 255
37.5442 33.782 -80.4167  255 255 255
-23.6008 -58.385 36.7701  255 255 255
17.3478 -17.2982 33.1049  255 255 255
34.5166 -52.1431 29.7929  255 255 255
22.2397 -27.9237 31.1498  255 255 255
43.4495 -35.8402 8.78006  255 255 255
8.63618 4.12723 27.4017  255 255 255
64.8303 -50.1598 21.1239  255 255 255
57.2426 22.1789 -42.5125  255 255 255
58.1003 21.7498 -43.1097  255 255 255
-32.9244 -60.1725 38.6148  255 255 255
58.1003 21.7498 -43.1097  255 255 255
-80.5665 8.72831 -49.9068  255 255 255
59.8449 39.3531 -36.2693  255 255 255
-6.58885 -59.9647 38.7036  255 255 255
52.1197 37.2179 -84.1968  255 255 255
-40.7445 12.0281 -53.8958  255 255 255
66.4019 -26.1636 -5.03835  255 255 255
-30.1224 -59.2455 38.1522  255 255 255
18.1554 -37.3193 29.4432  255 255 255
-37.5705 -49.8931 26.0868  255 255 255
-49.8968 -33.5218 2.95738  255 255 255
-29.1822 -9.21076 19.0889  255 255 255
-34.4358 -45.5986 24.4602  255 255 255
64.1567 -15.1925 -3.67622  255 255 255
23.4677 -15.6208 25.801  255 255 255
-22.6996 -4.5537 24.0419  255 255 255
-34.04 -27.5361 14.2317  255 255 255
16.8951 -11.9777 30.4803  255 255 255
-5.47003 -14.045 39.6499  255 255 255
-28.9817 -9.54717 18.8679  255 255 255
-81.1313 -43.189 19.19  255 255 255
-4.69896 -20.8094 38.9611  255 255 255
-23.0136 -33.8669 31.4533  255 255 255
-31.6203 10.4668 -50.6024  255 255 255
30.5525 64.4678 -98.2332  255 255 255
-26.6935 30.8863 -78.1925  255 255 255
42.0172 43.0267 -92.7369  255 255 255
60.5597 37.7584 -85.3602  255 255 255
3.99823 -35.5816 38.9579  255 255 255
-9.85681 -46.6289 36.9507  255 255 255
-39.7031 -57.8845 36.6446  255 255 255
-83.6812 15.6863 -59.1229  255 255 255
-20.8258 -22.0073 35.6583  255 255 255
5.44077 -25.4176 39.4496  255 255 255
-30.0163 10.3757 -50.6561  255 255 255
22.3307 -6.22326 19.0874  255 255 255
37.5566 37.6553 -84.6483  255 255 255
37.145 36.3339 -86.9304  255 255 255
21.9471 18.9177 -62.1482  255 255 255
-44.7094 -8.21036 -27.4146  255 255 255
66.4282 40.8398 -89.8156  255 255 255
21.8538 64.6207 -93.4904  255 255 255
40.7585 -45.4454 21.6402  255 255 255
-0.470532 -61.9057 42.188  255 255 255
60.4218 45.2034 -94.8182  255 255 255
25.8793 47.3156 -97.732  255 255 255
24.4236 36.4341 -84.3948  255 255 255
41.4891 21.7972 -64.2064  255 255 255
-46.0222 -8.34075 -27.5243  255 255 255
47.5054 -35.3509 9.50477  255 255 255
-46.1531 -8.72702 -27.1149  255 255 255
60.2081 31.7748 -76.0418  255 255 255
-22.5848 12.9968 -54.0418  255 255 255
41.1716 -48.2797 24.7787  255 255 255
49.6956 50.3921 -102.299  255 255 255
-17.3812 -23.59 37.0945  255 255 255
44.6555 -49.8493 25.7723  255 255 255
38.2155 17.0986 -59.7724  255 255 255
34.8229 34.6004 -80.7826  255 255 255
-22.3596 10.8373 -51.0977  255 255 255
-87.6387 -11.5652 -22.2816  255 255 255
43.7287 -42.7013 16.8058  255 255 255
59.4771 29.0462 -38.776  255 255 255
22.9122 42.3588 -92.3895  255 255 255
-3.39301 -60.1974 39.293  255 255 255
-48.2182 -37.2076 9.02092  255 255 255
-20.2322 -1.89427 25.435  255 255 255
-7.04871 -42.3223 34.3182  255 255 255
-32.0536 24.7759 -69.7417  255 255 255
-30.0025 -9.60095 18.9595  255 255 255
44.4134 -50.238 27.836  255 255 255
-28.0137 -37.3144 21.9594  255 255 255
57.2377 20.4859 -46.5862  255 255 255
56.875 15.0095 -49.9895  255 255 255
13.7152 -25.8762 39.0353  255 255 255
-41.3981 -57.284 35.7899  255 255 255
-29.2099 -59.5903 38.5532  255 255 255
57.9805 19.3859 -44.5352  255 255 255
-29.6552 -59.3946 38.6563  255 255 255
59.2863 16.9935 -42.8012  255 255 255
55.7844 13.1209 -48.4223  255 255 255
65.5095 45.3528 -94.2618  255 255 255
69.56 -44.4848 13.3207  255 255 255
34.1494 32.8395 -79.2333  255 255 255
-38.6093 -61.9313 41.6517  255 255 255
-110.994 -32.6741 3.81343  255 255 255
3.6116 46.3751 -96.697  255 255 255
-74.7903 3.48711 -43.828  255 255 255
34.9846 65.5522 -102.747  255 255 255
32.587 10.6474 -51.2165  255 255 255
59.5033 -8.48573 -9.37675  255 255 255
7.41484 -20.714 37.7465  255 255 255
47.1073 -39.2892 14.6597  255 255 255
19.4802 -15.2885 30.8592  255 255 255
64.1951 54.6114 -107.553  255 255 255
-83.2081 4.73015 -45.527  255 255 255
-72.0354 -6.71244 -30.6075  255 255 255
39.1494 -49.0534 25.6612  255 255 255
43.2274 75.9373 -99.7362  255 255 255
-75.6618 8.908 -50.6777  255 255 255
69.4151 46.2568 -97.1062  255 255 255
-0.756643 -62.0375 41.584  255 255 255
46.98 -43.2419 17.7617  255 255 255
-48.9363 -9.66245 -25.7887  255 255 255
69.0259 66.8976 -122.631  255 255 255
35.082 -52.7006 30.8664  255 255 255
4.43825 63.798 -87.7938  255 255 255
43.0124 37.0843 -83.5787  255 255 255
70.4541 71.3347 -121.517  255 255 255
-51.2952 -6.48719 -30.5302  255 255 255
13.9406 45.8706 -96.7012  255 255 255
39.2053 -40.6903 15.3346  255 255 255
57.7092 -16.0942 -15.5009  255 255 255
-39.3615 11.6983 -53.0262  255 255 255
-23.0208 -56.9353 35.12  255 255 255
-43.8934 -61.6279 41.9566  255 255 255
66.0756 -46.8691 16.2524  255 255 255
-45.8305 -54.4103 31.6673  255 255 255
24.6108 -39.5499 27.1247  255 255 255
-18.1034 20.728 -64.1089  255 255 255
38.6325 -50.5729 28.1397  255 255 255
-37.5359 11.5611 -52.9888  255 255 255
56.8496 49.3094 -101.196  255 255 255
-27.3063 -57.5959 36.2931  255 255 255
25.3752 14.8535 -56.835  255 255 255
39.2531 23.047 -66.6503  255 255 255
-44.2229 13.8829 -55.6674  255 255 255
37.2284 -49.7367 26.8485  255 255 255
-18.5101 11.4158 -51.9467  255 255 255
-55.0962 -0.0609421 -38.9245  255 255 255
33.5872 30.0468 -75.784  255 255 255
36.3443 15.8376 -57.5092  255 255 255
2.8689 60.6897 -87.0069  255 255 255
-42.7427 -52.9585 30.5754  255 255 255
63.9871 -44.3472 15.8825  255 255 255
-91.5372 -55.7668 33.2239  255 255 255
60.0268 -42.8945 15.4401  255 255 255
-28.3431 10.5234 -50.925  255 255 255
61.6308 -16.9866 -10.7632  255 255 255
-29.9182 -55.2211 33.362  255 255 255
61.3733 -43.6673 15.7404  255 255 255
-36.679 5.93079 -45.0174  255 255 255
50.2787 4.50137 -38.756  255 255 255
-44.1447 -55.5109 33.3924  255 255 255
-79.149 -58.1881 38.1335  255 255 255
47.0314 -48.3383 24.6281  255 255 255
70.6263 68.6162 -122.747  255 255 255
33.1386 -53.9222 32.2268  255 255 255
41.146 24.6498 -68.6796  255 255 255
-70.3188 -1.34813 -37.3727  255 255 255
-22.2929 15.003 -56.6027  255 255 255
-67.1522 -2.53648 -37.0755  255 255 255
51.2038 50.9391 -102.655  255 255 255
64.8517 43.1497 -92.0048  255 255 255
-30.3262 -6.74743 15.689  255 255 255
-24.7976 -4.37853 18.2762  255 255 255
30.4147 69.1975 -93.6577  255 255 255
-69.5391 -9.39164 -27.8083  255 255 255
-54.5654 9.63841 -50.5273  255 255 255
32.7471 34.1639 -80.9601  255 255 255
-83.4972 2.60751 -42.5894  255 255 255
-133.754 55.1913 -109.512  255 255 255
44.0922 -41.1179 15.9681  255 255 255
-55.8094 -7.25215 -28.3885  255 255 255
-66.9852 -6.72118 -31.4169  255 255 255
41.5043 22.7189 -66.0708  255 255 255
-29.3899 -57.2327 35.9276  255 255 255
62.2002 47.6211 -98.3709  255 255 255
-42.2396 13.1745 -54.6941  255 255 255
-45.3221 11.141 -52.6978  255 255 255
67.0607 49.1264 -101.482  255 255 255
-72.0729 -53.6898 33.2175  255 255 255
-35.4971 -55.8147 33.9351  255 255 255
-52.8042 -6.0678 -31.0333  255 255 255
-41.7553 11.1061 -52.0475  255 255 255
-39.4519 12.451 -53.8506  255 255 255
52.7148 12.4705 -51.2447  255 255 255
33.9244 55.1079 -105.28  255 255 255
54.5221 -47.1057 21.5791  255 255 255
65.9334 62.514 -117.412  255 255 255
-71.7645 -27.386 -4.88312  255 255 255
-61.1944 -41.6643 14.7968  255 255 255
69.56 -44.4848 13.3207  255 255 255
-62.0356 -20.6385 -13.2286  255 255 255
-82.1785 -44.4195 20.9701  255 255 255
-50.4195 -34.4324 5.23024  255 255 255
60.9848 -46.8742 19.2311  255 255 255
24.6245 33.9755 -81.5468  255 255 255
22.455 -10.7498 24.9269  255 255 255
-90.6234 -57.8824 35.2965  255 255 255
6.33177 54.3688 -95.466  255 255 255
63.3634 -49.8853 21.1471  255 255 255
38.8389 -45.9543 22.0165  255 255 255
45.9566 -34.8568 7.89856  255 255 255
28.6155 27.6499 -72.92  255 255 255
-61.842 -31.9429 1.44952  255 255 255
4.56355 24.9475 -70.1764  255 255 255
-49.7868 -8.81756 -27.8889  255 255 255
52.6332 -36.4198 9.59936  255 255 255
31.6114 49.9489 -101.711  255 255 255
-82.7829 -54.5072 33.4725  255 255 255
-50.5435 -35.7892 7.11421  255 255 255
-68.3432 -30.4355 -0.687257  255 255 255
-2.51115 -30.8573 42.7545  255 255 255
-61.6846 -26.1575 -7.02939  255 255 255
41.8355 -52.183 30.3464  255 255 255
56.5842 18.6994 -47.7297  255 255 255
61.4236 -45.2938 17.1023  255 255 255
-86.1831 -53.4431 31.7713  255 255 255
36.5702 44.9183 -93.9919  255 255 255
-77.2713 25.0131 -64.8744  255 255 255
56.2563 -45.5031 18.8985  255 255 255
66.3241 66.6699 -120.836  255 255 255
-51.9113 -31.9178 1.73473  255 255 255
44.732 39.2108 -87.7312  255 255 255
39.1494 -49.0534 25.6612  255 255 255
-0.465802 -58.862 37.2753  255 255 255
-55.9345 -9.14867 -27.5263  255 255 255
47.9825 -48.1641 24.1963  255 255 255
37.2044 32.5657 -78.9971  255 255 255
19.727 67.3144 -89.4607  255 255 255
49.5851 -32.087 3.68681  255 255 255
10.5922 51.9882 -97.4285  255 255 255
51.31 4.38878 -39.6351  255 255 255
40.4924 -52.4453 30.0154  255 255 255
-61.491 -40.9709 13.8796  255 255 255
-60.4902 -40.5261 13.3652  255 255 255
-48.7128 -34.3266 4.85921  255 255 255
36.9872 17.6673 -59.2576  255 255 255
-93.6121 -8.2627 -27.7495  255 255 255
60.8149 -42.7059 15.3073  255 255 255
44.9553 -50.3215 26.7424  255 255 255
73.6638 66.9152 -123.998  255 255 255
63.2269 49.172 -100.343  255 255 255
35.5829 15.9309 -58.086  255 255 255
13.5923 65.7477 -89.1033  255 255 255
11.9375 62.171 -90.8637  255 255 255
68.072 -44.4676 13.9328  255 255 255
-56.4085 -8.07768 -28.9847  255 255 255
-1.5613 18.6014 -61.8604  255 255 255
-78.7582 0.333586 -39.887  255 255 255
-55.8004 -52.8157 30.5002  255 255 255
42.7595 -46.9566 23.6595  255 255 255
11.6631 -11.4742 35.3508  255 255 255
25.4425 27.3098 -73.3382  255 255 255
-15.3417 1.86095 27.7219  255 255 255
-50.7484 -26.2279 -5.76526  255 255 255
59.6786 -46.1214 18.5705  255 255 255
66.4829 -47.8799 17.9473  255 255 255
47.26 -46.3505 22.5326  255 255 255
-42.3351 -54.9906 32.5442  255 255 255
52.2456 -33.7922 6.6574  255 255 255
-29.0427 15.01 -56.8592  255 255 255
-91.6959 -43.3342 20.2828  255 255 255
-86.6427 -52.4314 30.9514  255 255 255
58.7418 18.6754 -42.9264  255 255 255
39.2559 -46.8627 22.9479  255 255 255
41.4838 -48.7574 25.1866  255 255 255
41.839 -51.7574 29.1066  255 255 255
-36.4133 -52.7831 29.5467  255 255 255
-34.4236 -43.9228 22.5631  255 255 255
47.6365 -42.8368 17.7432  255 255 255
57.2377 20.4859 -46.5863  255 255 255
69.6316 -45.3775 13.6032  255 255 255
46.4772 -25.696 -3.58252  255 255 255
-85.3717 -53.9997 32.6394  255 255 255
3.32519 61.7792 -85.9261  255 255 255
44.9755 -40.8778 15.6655  255 255 255
-42.3024 -52.601 29.4211  255 255 255
55.0911 23.1269 -52.0808  255 255 255
41.8269 -49.1325 25.3672  255 255 255
47.0054 -41.3311 16.1158  255 255 255
11.5944 63.0451 -89.1656  255 255 255
40.5937 22.9437 -65.978  255 255 255
-17.0151 29.5713 -77.2536  255 255 255
-133.754 55.1914 -109.512  255 255 255
-54.5599 5.6105 -45.8738  255 255 255
-89.5588 -53.4988 31.0659  255 255 255
-43.4046 11.8996 -53.1427  255 255 255
-95.3203 -6.04309 -30.686  255 255 255
-23.8121 -8.76734 24.4866  255 255 255
-46.5926 34.408 -76.2942  255 255 255
53.5163 -43.2235 17.8555  255 255 255
39.185 20.8628 -64.2813  255 255 255
-39.1754 13.9868 -55.7472  255 255 255
55.0656 28.584 -49.2276  255 255 255
-29.4185 -7.36235 15.9944  255 255 255
-49.3867 38.8435 -71.5319  255 255 255
47.04 -27.8209 -0.675202  255 255 255
44.5201 -50.2722 26.8213  255 255 255
10.9361 63.2901 -89.8327  255 255 255
-60.4902 -40.5261 13.3652  255 255 255
43.0133 73.0789 -100.255  255 255 255
-22.8701 28.4081 -73.9374  255 255 255
29.114 -7.75947 15.1852  255 255 255
20.7134 15.8107 -58.3378  255 255 255
57.6851 18.5177 -45.5953  255 255 255
51.5211 -44.0393 18.7856  255 255 255
0.822795 48.0832 -98.0476  255 255 255
30.9339 51.4562 -103.055  255 255 255
-49.3584 -23.5262 -8.8416  255 255 255
23.3493 47.0877 -97.7185  255 255 255
57.181 61.8991 -115.765  255 255 255
28.8872 26.7489 -71.9028  255 255 255
-51.1602 -33.862 3.68329  255 255 255
-92.2413 -56.886 34.0448  255 255 255
40.4924 -52.4453 30.0154  255 255 255
57.3234 -37.4459 10.2081  255 255 255
57.64 14.4443 -47.7439  255 255 255
-29.4578 8.2846 -48.0679  255 255 255
34.2742 46.7489 -97.1992  255 255 255
57.4663 -18.378 -13.0128  255 255 255
16.7849 -58.0926 36.9376  255 255 255
53.7813 -42.3794 16.6098  255 255 255
24.6038 15.6007 -58.1712  255 255 255
62.3144 -43.3885 15.1955  255 255 255
-53.5548 -0.711182 -37.6734  255 255 255
-39.2074 -51.0841 27.5521  255 255 255
41.1386 36.4021 -83.411  255 255 255
-72.4677 -53.5401 32.896  255 255 255
62.7567 -18.5873 -9.38304  255 255 255
28.1538 69.5994 -92.6614  255 255 255
-82.5546 -51.743 30.2537  255 255 255
-36.6509 -52.8323 29.805  255 255 255
28.8478 21.8354 -66.0733  255 255 255
62.1298 -49.1706 21.1937  255 255 255
31.3844 9.60139 -49.2815  255 255 255
32.8988 33.6325 -81.1597  255 255 255
44.7426 -43.6957 18.9693  255 255 255
14.2499 -8.34805 32.8192  255 255 255
34.9729 11.7308 -51.3062  255 255 255
-56.3066 -52.8946 30.4201  255 255 255
-67.6712 -10.2093 -26.0228  255 255 255
64.9303 -16.6955 -3.27507  255 255 255
50.3052 52.4449 -104.229  255 255 255
48.1407 53.5235 -105.494  255 255 255
15.8476 -14.4666 32.1947  255 255 255
50.9666 -40.1227 14.3306  255 255 255
38.5364 -49.5606 26.267  255 255 255
36.1931 34.4868 -81.1741  255 255 255
53.6042 -46.3653 20.076  255 255 255
-33.2004 15.7358 -58.0216  255 255 255
25.3438 -36.2998 22.9277  255 255 255
-29.1735 -11.2052 21.462  255 255 255
5.21293 -59.8996 38.2425  255 255 255
-25.1534 16.5225 -58.8297  255 255 255
52.5096 -39.8392 13.4668  255 255 255
49.9954 1.96246 -38.6429  255 255 255
-56.5167 -29.9923 -1.18195  255 255 255
60.0268 -42.8945 15.4402  255 255 255
-22.3255 13.536 -54.7158  255 255 255
-77.7953 -58.9565 39.0603  255 255 255
58.7463 17.1219 -45.2645  255 255 255
-29.0029 9.58744 -49.9726  255 255 255
60.0399 15.2184 -41.7479  255 255 255
28.0481 25.7969 -71.4904  255 255 255
62.8827 -27.8389 -1.4747  255 255 255
-18.0752 -23.0408 36.4921  255 255 255
-0.785493 -61.7061 41.5415  255 255 255
-31.3644 -55.1608 33.0494  255 255 255
16.3319 63.6521 -91.7131  255 255 255
45.8777 41.9698 -90.2716  255 255 255
44.3278 -39.0844 13.2759  255 255 255
22.9143 13.1885 -54.7388  255 255 255
10.0348 66.6457 -85.8616  255 255 255
47.1518 -49.0754 24.995  255 255 255
43.9099 -40.4503 14.9562  255 255 255
-77.7546 0.169703 -40.811  255 255 255
-24.2248 -30.6746 31.0353  255 255 255
-0.669993 21.4372 -66.0874  255 255 255
27.3334 52.8224 -104.52  255 255 255
-17.9347 13.1314 -54.0877  255 255 255
0.122069 20.8445 -65.3003  255 255 255
32.1813 37.4409 -85.6269  255 255 255
20.6073 39.6052 -88.4961  255 255 255
-4.19873 -57.1539 37.3525  255 255 255
24.7171 42.8535 -92.8171  255 255 255
4.76932 -27.479 40.9349  255 255 255
-58.0255 -7.84801 -29.6487  255 255 255
-61.4844 -23.7197 -9.52119  255 255 255
-76.7136 24.7001 -64.7424  255 255 255
64.2359 64.1913 -119.633  255 255 255
31.902 25.448 -71.3651  255 255 255
62.1674 -45.0348 16.9928  255 255 255
64.6494 47.8514 -99.2504  255 255 255
57.4245 15.1536 -48.028  255 255 255
33.5587 -52.3801 30.104  255 255 255
45.4343 -46.9957 23.0355  255 255 255
38.3578 -50.7051 27.8146  255 255 255
24.9114 26.5674 -72.4266  255 255 255
-35.0022 3.41511 -41.8867  255 255 255
57.3714 12.382 -49.2248  255 255 255
-95.0381 -52.3846 28.9697  255 255 255
43.9349 -44.9545 20.7683  255 255 255
-30.0093 14.78 -57.3279  255 255 255
48.9739 -48.0258 23.6015  255 255 255
-80.5424 1.86301 -41.6708  255 255 255
47.906 -40.3067 15.3769  255 255 255
47.2186 -46.1814 21.6344  255 255 255
56.0276 -17.3986 -14.6995  255 255 255
-88.1077 -58.8045 36.2737  255 255 255
57.1213 14.9575 -49.0909  255 255 255
40.0177 -47.9448 24.572  255 255 255
58.0182 14.5483 -45.8391  255 255 255
-52.7139 -32.8197 2.50292  255 255 255
58.7418 18.6754 -42.9263  255 255 255
59.8294 16.0198 -42.1465  255 255 255
24.9114 -13.3089 23.6638  255 255 255
44.733 -48.8913 25.8144  255 255 255
-91.6959 -43.3342 20.2828  255 255 255
30.1626 -13.6735 23.1869  255 255 255
43.1017 -41.2425 16.1664  255 255 255
34.0422 -53.1792 30.9897  255 255 255
48.5692 -47.5433 23.7971  255 255 255
44.5909 -29.6708 1.16116  255 255 255
-4.06583 16.9688 -59.4004  255 255 255
-51.1602 -33.862 3.68326  255 255 255
-91.6215 -44.8532 21.5216  255 255 255
7.3122 63.2511 -84.5643  255 255 255
7.90022 62.4939 -83.4419  255 255 255
54.5342 80.0852 -106.028  255 255 255
45.1061 -45.1597 20.7874  255 255 255
-36.0728 -56.9534 35.0587  255 255 255
-51.4988 -8.56391 -27.8468  255 255 255
-30.9232 -57.3123 35.705  255 255 255
58.8809 -15.6841 -15.7288  255 255 255
63.1212 53.47 -106.926  255 255 255
34.8578 47.7758 -98.3251  255 255 255
-53.4713 11.4166 -52.9791  255 255 255
-63.3345 16.745 -60.4564  255 255 255
27.3707 -11.6825 20.9519  255 255 255
0.0111564 -27.3476 41.1481  255 255 255
38.5714 15.5113 -56.9947  255 255 255
-20.6423 30.8822 -77.2739  255 255 255
38.0278 -46.4347 22.8749  255 255 255
-83.1148 -36.3974 10.357  255 255 255
43.8743 -49.2647 25.9553  255 255 255
44.3664 -46.35 22.3932  255 255 255
64.4179 -45.4688 16.076  255 255 255
56.2218 41.8605 -41.0027  255 255 255
-30.0093 14.78 -57.3279  255 255 255
-86.656 -49.6288 27.3501  255 255 255
20.1066 14.1362 -56.7243  255 255 255
-47.0875 -8.1969 -27.9755  255 255 255
52.866 30.5965 -75.1851  255 255 255
-50.7862 -28.7826 -2.17034  255 255 255
32.9042 11.1962 -51.896  255 255 255
58.211 9.30243 -5.28625  255 255 255
-25.6404 -58.4711 37.2105  255 255 255
-29.0427 15.01 -56.8592  255 255 255
-115.796 -22.227 -8.29346  255 255 255
-57.6154 -29.0352 -2.62208  255 255 255
-24.9948 14.5647 -56.8669  255 255 255
46.2375 -25.405 -3.90618  255 255 255
-31.5875 29.9869 -76.6788  255 255 255
38.8291 -50.8728 28.1114  255 255 255
9.18852 60.5452 -90.0314  255 255 255
-90.686 -53.8373 30.9763  255 255 255
16.7298 -26.8711 40.521  255 255 255
-28.8319 19.5448 -62.2817  255 255 255
-55.7781 2.22242 -41.5781  255 255 255
60.2081 15.7908 -41.609  255 255 255
69.6325 48.0474 -98.4858  255 255 255
28.3512 67.9996 -95.4641  255 255 255
-38.0191 -48.4439 23.8111  255 255 255
56.0468 43.8879 -92.3245  255 255 255
20.6308 17.3091 -60.5854  255 255 255
46.6233 -27.8938 -1.01006  255 255 255
59.7896 5.07591 -42.5496  255 255 255
55.3182 -45.4613 18.6664  255 255 255
-38.8167 9.23122 -50.3285  255 255 255
66.4428 48.0106 -99.6796  255 255 255
-42.9499 -61.0204 40.7572  255 255 255
-47.3464 -25.2991 -7.07867  255 255 255
-124.112 -14.64 -18.826  255 255 255
-41.4281 13.9942 -55.7476  255 255 255
2.64442 59.6 -87.9541  255 255 255
-55.1217 -7.02191 -29.852  255 255 255
-35.8544 13.9272 -55.4948  255 255 255
-28.7453 24.9102 -70.5217  255 255 255
43.9393 -43.7639 19.6346  255 255 255
-26.8936 -58.6351 37.2914  255 255 255
44.9553 -50.3215 26.7424  255 255 255
-41.1047 -58.8656 37.6456  255 255 255
1.92888 63.4241 -85.5385  255 255 255
-62.3034 20.3261 -64.216  255 255 255
-42.9453 -51.9735 28.7547  255 255 255
-43.9115 10.9088 -51.9909  255 255 255
22.1125 -56.1664 34.7543  255 255 255
-29.7956 14.3563 -56.1545  255 255 255
51.881 51.4174 -102.577  255 255 255
63.8148 -14.3175 -4.44803  255 255 255
-56.3066 -52.8946 30.4201  255 255 255
24.6245 33.9756 -81.5469  255 255 255
-34.7977 -55.8877 33.6116  255 255 255
-85.7589 -53.2466 31.7362  255 255 255
-30.5164 6.99588 -45.9125  255 255 255
-88.6023 -48.5259 25.7783  255 255 255
-64.9862 -37.5561 9.45121  255 255 255
-53.3841 -45.8809 20.2433  255 255 255
61.6671 -44.9078 16.71  255 255 255
40.1811 -47.5663 23.9403  255 255 255
22.3547 -40.2342 28.4963  255 255 255
58.3696 -41.1784 14.5698  255 255 255
42.013 -47.8365 24.8819  255 255 255
46.5391 -46.1823 22.0254  255 255 255
39.5254 -48.1549 24.6458  255 255 255
63.0192 -46.7618 18.7955  255 255 255
39.6777 -50.1976 27.1077  255 255 255
-88.9407 -54.1455 31.8942  255 255 255
3.20507 42.5005 -92.559  255 255 255
40.2664 -42.9152 18.1068  255 255 255
-30.0681 -57.1058 35.2166  255 255 255
73.1836 65.1444 -122.03  255 255 255
-66.0281 25.7807 -59.5862  255 255 255
60.9616 7.81109 -43.6196  255 255 255
39.3788 -50.2605 26.3448  255 255 255
63.2129 54.7957 -107.738  255 255 255
-5.16001 -62.0947 41.4476  255 255 255
6.37406 59.9189 -90.8564  255 255 255
60.1139 42.8273 -91.9263  255 255 255
-74.3921 -0.844195 -38.3355  255 255 255
-56.9038 -31.7397 1.20284  255 255 255
67.3252 -45.6045 15.2369  255 255 255
26.2706 -16.5521 27.0244  255 255 255
-59.984 -5.27977 -32.0848  255 255 255
57.9298 12.6041 -43.602  255 255 255
16.8377 -11.9464 30.8551  255 255 255
65.0637 -45.1895 17.8091  255 255 255
-30.9536 -61.1673 40.9535  255 255 255
-58.3612 31.8353 -64.5838  255 255 255
-53.343 -60.3705 40.8699  255 255 255
-46.1795 -13.7492 -20.7787  255 255 255
-32.4697 13.2095 -53.5696  255 255 255
-26.6713 20.5535 -63.9673  255 255 255
43.84 -45.7674 21.4507  255 255 255
-30.3409 15.4659 -57.5064  255 255 255
49.8155 -30.7621 3.00209  255 255 255
49.5851 -32.087 3.68681  255 255 255
-29.8636 -10.9536 21.0601  255 255 255
28.7196 67.1883 -97.0454  255 255 255
60.3585 -44.9684 17.4887  255 255 255
-24.1091 -9.07262 24.763  255 255 255
-33.9944 10.1674 -50.4154  255 255 255
31.6621 23.9326 -68.1549  255 255 255
53.9085 -38.7682 12.1656  255 255 255
59.2002 -45.5907 18.6171  255 255 255
-43.5275 18.3512 -62.1298  255 255 255
41.8243 76.6364 -99.3255  255 255 255
-101.299 -52.0445 26.9059  255 255 255
37.8962 54.8929 -107.212  255 255 255
-22.6354 -62.126 42.1579  255 255 255
-29.4524 -11.3191 21.7883  255 255 255
55.1079 40.0762 -87.5178  255 255 255
39.8257 -49.0001 25.9127  255 255 255
64.5698 -45.8486 16.3048  255 255 255
-57.0665 -31.5551 1.889  255 255 255
36.3442 15.8376 -57.5092  255 255 255
37.7913 16.3308 -58.346  255 255 255
-47.3464 -25.2991 -7.07869  255 255 255
-69.9821 -28.3857 -3.15929  255 255 255
-64.9041 -37.9725 10.1257  255 255 255
-40.4997 -56.3444 34.7066  255 255 255
69.8815 -45.3955 14.1678  255 255 255
76.087 65.0906 -123.769  255 255 255
-22.9904 14.9139 -56.8923  255 255 255
17.2445 -17.218 33.6584  255 255 255
69.3302 -49.1853 17.6237  255 255 255
-25.5857 53.2922 -71.5358  255 255 255
46.5291 -48.608 24.6263  255 255 255
-22.0048 -48.8372 29.6745  255 255 255
-92.3827 -11.0882 -24.4538  255 255 255
43.0474 43.2256 -92.3922  255 255 255
-58.4972 29.8228 -65.4168  255 255 255
-2.83244 15.8954 -58.6072  255 255 255
-85.9099 4.33485 -44.6464  255 255 255
64.9006 -42.4607 13.4311  255 255 255
-36.6466 -52.4778 29.475  255 255 255
22.6067 -18.9751 30.2699  255 255 255
-88.5427 -54.5323 32.5592  255 255 255
-29.3856 34.0033 -81.7593  255 255 255
24.7071 17.9037 -61.7652  255 255 255
40.3983 -48.6024 25.0278  255 255 255
-53.0441 32.45 -73.9776  255 255 255
-49.784 -35.2214 5.40547  255 255 255
-34.9837 2.97776 -40.73  255 255 255
-57.0376 34.475 -69.466  255 255 255
-61.1944 -41.6643 14.7968  255 255 255
-58.9039 33.0027 -67.3616  255 255 255
60.4467 -45.2536 18.1039  255 255 255
-75.7615 -2.22393 -36.7549  255 255 255
-69.5099 -12.9778 -23.2858  255 255 255
-56.7011 31.0152 -68.0069  255 255 255
22.9143 13.1885 -54.7387  255 255 255
-19.5197 -21.5245 35.6524  255 255 255
-10.6947 28.3016 -74.6584  255 255 255
-0.335171 19.0884 -62.6678  255 255 255
-27.3981 31.3205 -78.245  255 255 255
-40.0424 -56.3996 34.8378  255 255 255
-42.9452 -51.9735 28.7547  255 255 255
41.532 -50.3124 27.5127  255 255 255
3.95745 45.1548 -96.1365  255 255 255
-89.1236 -53.8471 31.7277  255 255 255
-47.3016 -13.1765 -6.77263  255 255 255
36.0986 28.5544 -74.0326  255 255 255
-30.3149 33.635 -81.3528  255 255 255
-81.6461 3.3789 -44.1287  255 255 255
-86.8431 -60.9306 39.0136  255 255 255
59.4713 -14.2406 -13.1989  255 255 255
23.5492 17.9229 -60.8348  255 255 255
62.1851 -44.6308 16.9508  255 255 255
7.07166 -0.0960577 32.3303  255 255 255
-75.7444 4.76763 -44.992  255 255 255
-38.8807 12.1611 -53.3966  255 255 255
38.4646 -51.0937 28.2102  255 255 255
-23.5054 -56.6437 34.4433  255 255 255
59.2782 -12.4996 -12.5032  255 255 255
36.4521 14.5028 -55.9385  255 255 255
58.3075 -45.9444 18.815  255 255 255
36.9872 17.6673 -59.2576  255 255 255
28.5831 32.0447 -77.8084  255 255 255
-35.1566 8.66573 -47.7766  255 255 255
-28.3029 -56.2805 34.2109  255 255 255
-27.107 33.6882 -81.8011  255 255 255
-61.2873 -41.3184 14.0378  255 255 255
36.4075 18.7028 -61.0692  255 255 255
28.7005 24.2925 -69.3783  255 255 255
-35.9043 -48.9478 24.9992  255 255 255
-90.199 -50.9607 28.5459  255 255 255
-96.7095 -52.0674 28.1943  255 255 255
59.8803 71.794 -113.501  255 255 255
61.6176 -20.7692 -9.19697  255 255 255
26.845 -11.8898 21.2377  255 255 255
49.0804 -46.5162 21.8676  255 255 255
-38.8235 -51.5907 28.1514  255 255 255
-28.0139 20.0849 -63.8995  255 255 255
39.5938 -48.3666 25.047  255 255 255
52.8048 30.6875 -75.8004  255 255 255
-31.7775 32.7491 -80.2677  255 255 255
-98.004 -38.6498 12.8599  255 255 255
60.9616 7.81109 -43.6196  255 255 255
67.0577 -27.0018 -3.93465  255 255 255
56.0275 45.9247 -94.5604  255 255 255
-27.3297 32.1025 -79.3499  255 255 255
-33.3342 -44.1328 23.1658  255 255 255
-53.8928 -7.68105 -29.4936  255 255 255
31.7816 32.4402 -79.4358  255 255 255
-37.3503 -54.2307 31.6153  255 255 255
26.9249 38.0281 -86.0842  255 255 255
-36.5148 3.04713 -41.2169  255 255 255
-23.0137 15.3779 -56.7722  255 255 255
45.3336 84.0704 -98.3915  255 255 255
24.6156 17.5135 -60.0564  255 255 255
41.6649 71.6816 -101.578  255 255 255
-43.3522 -52.8417 29.7566  255 255 255
4.78475 -60.2013 39.6573  255 255 255
-20.1584 -24.5328 38.1526  255 255 255
-53.7639 -2.17596 -36.3258  255 255 255
7.69839 51.051 -96.055  255 255 255
43.4541 -35.1317 7.77661  255 255 255
63.6557 58.9756 -114.187  255 255 255
7.20526 44.5777 -96.0467  255 255 255
-58.3612 31.8353 -64.5841  255 255 255
47.811 -48.9214 24.6729  255 255 255
60.0399 15.2184 -41.7479  255 255 255
-50.4194 -34.4324 5.23032  255 255 255
-29.5345 20.6391 -64.4055  255 255 255
62.3907 -47.5393 19.6313  255 255 255
-49.7868 -8.81756 -27.8889  255 255 255
-1.09897 23.1293 -68.4765  255 255 255
13.4533 62.4903 -90.5459  255 255 255
-79.7558 25.7264 -65.6484  255 255 255
58.18 20.0896 -43.5276  255 255 255
60.147 16.8929 -41.0559  255 255 255
48.4478 69.0232 -109.359  255 255 255
-112.931 17.2978 -60.8569  255 255 255
34.7919 32.1014 -78.4664  255 255 255
49.8105 -45.871 21.1969  255 255 255
-49.8004 12.0754 -53.9176  255 255 255
-75.7576 1.175 -40.5928  255 255 255
58.3075 -45.9443 18.8151  255 255 255
32.0801 9.98807 -50.0449  255 255 255
30.5755 23.8809 -68.3296  255 255 255
-64.6286 27.5889 -62.6344  255 255 255
-93.9418 -11.2657 -23.9428  255 255 255
60.208 31.7748 -76.0418  255 255 255
54.3147 -39.1315 12.2472  255 255 255
-36.1711 16.413 -59.2348  255 255 255
-56.744 30.3548 -65.1817  255 255 255
35.8399 41.3726 -89.3064  255 255 255
69.415 46.2568 -97.106  255 255 255
-55.2096 -9.55634 -26.9066  255 255 255
24.8229 26.5316 -71.7877  255 255 255
41.5933 -51.4601 29.0198  255 255 255
-31.0945 -57.8568 36.5677  255 255 255
-32.3477 -57.8684 36.5577  255 255 255
-53.0708 -54.002 32.1724  255 255 255
-76.6326 41.5 -50.4206  255 255 255
40.6251 -44.7572 20.2742  255 255 255
-55.2115 -52.4517 30.0377  255 255 255
-88.2306 -60.4079 38  255 255 255
-25.7807 20.0113 -63.7672  255 255 255
16.7849 -58.0926 36.9376  255 255 255
38.5803 -47.7002 24.1485  255 255 255
42.9989 -51.0436 28.1438  255 255 255
-86.0416 3.59963 -43.4991  255 255 255
55.405 17.3916 -6.85629  255 255 255
25.4436 22.4051 -67.0786  255 255 255
2.37238 60.2894 -87.3676  255 255 255
-49.2957 -10.3036 -24.6747  255 255 255
11.8838 60.1604 -92.4612  255 255 255
-88.1078 -58.8045 36.2736  255 255 255
47.3612 46.5623 -96.0735  255 255 255
-16.4509 21.2981 -65.2348  255 255 255
39.071 -51.493 28.682  255 255 255
48.286 -27.0719 -1.62342  255 255 255
37.9366 30.5407 -74.7562  255 255 255
24.918 16.4796 -59.5397  255 255 255
63.9386 41.8347 -89.6726  255 255 255
-36.6509 -52.8323 29.805  255 255 255
-40.5907 -50.1303 26.6384  255 255 255
28.2887 -13.3484 22.7759  255 255 255
22.8421 26.3894 -72.0628  255 255 255
58.0074 17.1975 -46.4528  255 255 255
-20.4935 6.23251 -1.95803  255 255 255
60.2543 -45.4826 18.7278  255 255 255
71.8526 59.2094 -113.826  255 255 255
-18.0258 19.9459 -63.6926  255 255 255
-58.1987 -4.09097 -33.627  255 255 255
-67.7433 20.5755 -65.4581  255 255 255
-12.1419 1.6862 30.3082  255 255 255
24.7071 17.9037 -61.7651  255 255 255
40.793 -40.953 15.8952  255 255 255
14.586 63.2926 -90.7938  255 255 255
44.097 79.4757 -100.045  255 255 255
56.9987 16.8786 -48.2356  255 255 255
58.3072 13.1758 -45.8187  255 255 255
-16.5131 21.9914 -65.4949  255 255 255
43.84 -45.7674 21.4507  255 255 255
-50.1406 -35.2607 6.12212  255 255 255
-53.3841 -45.8809 20.2433  255 255 255
-129.261 -11.3071 -24.2433  255 255 255
63.8105 -47.0339 18.6749  255 255 255
61.1642 8.33435 -43.0393  255 255 255
33.688 -50.8587 27.5474  255 255 255
-94.7497 -5.40707 -31.1349  255 255 255
35.1522 -53.8879 31.8723  255 255 255
32.9486 73.5848 -95.4504  255 255 255
-89.4998 -48.5772 25.4667  255 255 255
-30.8451 17.7462 -60.4839  255 255 255
3.61459 -49.33 34.8172  255 255 255
-43.973 -40.7044 13.4929  255 255 255
56.5782 41.3342 -89.4651  255 255 255
56.4218 -17.0773 -14.5192  255 255 255
36.5689 -49.7869 26.5477  255 255 255
-5.34654 -28.1204 42.3052  255 255 255
-89.9162 -53.2054 30.7112  255 255 255
-115.772 -8.16794 -26.0784  255 255 255
-49.8004 12.0754 -53.9177  255 255 255
-76.7218 -58.977 39.6226  255 255 255
-48.2284 -36.9197 8.16893  255 255 255
-48.8055 -25.8826 -6.20463  255 255 255
19.2472 -49.1335 29.6225  255 255 255
-33.0585 8.88984 -49.4115  255 255 255
41.4508 -40.8369 15.6931  255 255 255
-35.0021 3.41511 -41.8867  255 255 255
6.81359 -59.6008 38.3735  255 255 255
-81.4383 25.9382 -65.0788  255 255 255
51.7079 12.8932 -52.0899  255 255 255
57.9967 50.2852 -99.2675  255 255 255
20.1365 17.1565 -61.2514  255 255 255
-78.4617 -56.3098 35.9652  255 255 255
7.33476 45.644 -96.6621  255 255 255
22.3675 21.7345 -66.9227  255 255 255
-89.9546 -55.2326 32.6884  255 255 255
58.875 18.7054 -38.7114  255 255 255
-1.31604 19.6682 -63.0582  255 255 255
66.1408 50.6333 -101.988  255 255 255
-40.247 -60.1203 39.0772  255 255 255
62.0469 -48.9384 20.9359  255 255 255
-81.7037 27.57 -63.6237  255 255 255
23.4364 -55.3698 33.6403  255 255 255
26.3331 -17.6553 28.2139  255 255 255
49.1634 -24.6888 -4.73737  255 255 255
-39.3553 -56.0277 34.1942  255 255 255
-32.3688 -60.1359 39.3764  255 255 255
-26.8247 -56.8169 34.3742  255 255 255
63.5762 -45.1979 16.1614  255 255 255
4.09562 -60.505 37.9996  255 255 255
56.9046 -46.1099 19.8213  255 255 255
46.6656 -52.2538 29.1545  255 255 255
-29.3909 -58.8762 37.6598  255 255 255
-29.8587 -57.9379 36.5629  255 255 255
4.20111 41.0524 -90.9497  255 255 255
4.2011 41.0524 -90.9496  255 255 255
62.1657 -50.3533 22.3466  255 255 255
43.8289 -42.4264 17.8083  255 255 255
-43.6667 -49.5749 25.368  255 255 255
-35.24 3.95611 -42.1693  255 255 255
6.15526 -59.2616 38.146  255 255 255
55.212 81.9475 -106.098  255 255 255
39.7577 -47.8776 24.2629  255 255 255
-0.740065 -61.6484 40.8505  255 255 255
-41.2501 -50.9392 27.3443  255 255 255
40.9734 -47.2934 23.6905  255 255 255
38.4146 -50.1298 26.7677  255 255 255
-25.9421 13.2013 -55.075  255 255 255
41.5866 -47.6866 23.7292  255 255 255
90.4216 93.3416 -115.494  255 255 255
-79.2298 64.7523 -29.9563  255 255 255
-79.2298 64.7523 -29.9563  255 255 255
-25.0735 72.8917 -58.9015  255 255 255
64.4443 88.2688 -103.699  255 255 255
77.096 90.031 -108.987  255 255 255
-63.051 66.783 -38.6884  255 255 255
51.7768 86.392 -99.5937  255 255 255
-26.5921 72.4933 -58.3872  255 255 255
-89.7794 62.3689 -23.6113  255 255 255
81.4353 90.4748 -111.395  255 255 255
-82.9866 63.4537 -27.9013  255 255 255
-75.2449 64.8273 -32.7652  255 255 255
-32.1993 71.2246 -55.4861  255 255 255
77.1608 89.824 -110.318  255 255 255
-26.1294 72.0663 -58.9555  255 255 255
-26.1294 72.0663 -58.9555  255 255 255
63.1691 58.7247 -11.6899  255 255 255
63.1691 58.7247 -11.6898  255 255 255
-42.742 69.1424 -50.2962  255 255 255
-27.9324 71.5231 -58.6337  255 255 255
-80.8619 63.4094 -30.1464  255 255 255
-55.5301 66.94 -43.4103  255 255 255
-55.5301 66.94 -43.4103  255 255 255
-45.7817 68.1513 -47.9944  255 255 255
61.7154 86.2089 -103.382  255 255 255
78.1592 88.9989 -111.405  255 255 255
61.2647 59.1307 -15.0163  255 255 255
16.8715 78.5336 -82.6595  255 255 255
45.2662 82.8749 -95.438  255 255 255
62.1916 85.9913 -104.208  255 255 255
24.3489 79.271 -85.6466  255 255 255
-74.5217 63.6657 -33.7437  255 255 255
61.5845 85.2968 -103.991  255 255 255
61.2803 58.5988 -15.2603  255 255 255
75.4219 87.559 -110.595  255 255 255
59.4404 59.6111 -19.4586  255 255 255
59.4243 59.6081 -19.4358  255 255 255
-61.1295 65.4084 -41.5686  255 255 255
62.5287 57.6773 -12.9574  255 255 255
-62.5697 64.9793 -40.4304  255 255 255
-27.428 70.3057 -59.6746  255 255 255
-75.1865 62.9434 -32.9999  255 255 255
-75.2702 63.1008 -33.4802  255 255 255
-62.1334 65.0087 -40.8527  255 255 255
0.899723 74.7935 -74.3556  255 255 255
57.2533 60.92 -24.7056  255 255 255
-76.786 63.029 -33.8456  255 255 255
-63.7904 64.5055 -40.0061  255 255 255
-56.4554 65.4644 -43.8746  255 255 255
-56.4251 65.4895 -43.9164  255 255 255
64.3482 56.0409 -8.86953  255 255 255
77.2728 86.8525 -111.719  255 255 255
-75.2154 62.676 -33.7965  255 255 255
84.5721 88.162 -115.544  255 255 255
-31.4867 69.2578 -57.8169  255 255 255
4.97366 75.041 -77.0408  255 255 255
47.6671 82.1151 -98.4492  255 255 255
47.6671 82.1151 -98.4492  255 255 255
73.2255 86.1089 -109.789  255 255 255
-78.3589 62.2562 -32.1622  255 255 255
61.0887 58.0326 -16.3097  255 255 255
9.53835 75.1437 -78.5195  255 255 255
32.7784 79.3833 -90.8465  255 255 255
-76.6745 62.6186 -34.6931  255 255 255
61.0698 57.8831 -17.0328  255 255 255
61.0698 57.8831 -17.0327  255 255 255
17.7299 76.4515 -83.3176  255 255 255
-68.3032 63.1491 -38.0732  255 255 255
-62.224 64.3994 -42.3988  255 255 255
-62.1913 64.0679 -41.3453  255 255 255
-53.4967 65.5694 -46.9277  255 255 255
-42.4136 66.9443 -52.1445  255 255 255
51.7246 82.187 -100.673  255 255 255
63.8476 55.5506 -9.81662  255 255 255
-63.6683 63.9103 -41.2803  255 255 255
-63.6731 63.8444 -41.1245  255 255 255
1.76682 73.7444 -75.7482  255 255 255
83.5495 87.0094 -115.356  255 255 255
-54.8574 65.0769 -45.9677  255 255 255
18.3377 76.3659 -84.5843  255 255 255
-36.1757 67.6427 -55.9212  255 255 255
0.531625 73.2763 -74.9407  255 255 255
-78.7588 61.292 -32.5249  255 255 255
78.1528 85.8332 -113.353  255 255 255
62.6794 56.1973 -12.7664  255 255 255
-65.3306 63.1633 -39.9574  255 255 255
-54.111 64.6287 -46.7815  255 255 255
58.2487 82.0993 -104.073  255 255 255
-81.777 61.0209 -32.7716  255 255 255
-53.4532 64.5165 -46.6351  255 255 255
59.5444 57.7734 -21.0956  255 255 255
-85.9233 59.6461 -28.6568  255 255 255
-54.4102 63.9091 -46.4538  255 255 255
-71.7587 61.0307 -35.3493  255 255 255
61.8083 55.9495 -15.7236  255 255 255
-56.5926 63.442 -45.2279  255 255 255
-55.5006 63.8545 -46.6466  255 255 255
63.4028 54.6937 -11.2044  255 255 255
-72.4499 60.7622 -34.9974  255 255 255
-68.9355 61.6076 -38.6088  255 255 255
47.1937 79.5603 -99.9827  255 255 255
-43.8288 65.1962 -52.4709  255 255 255
-43.8062 65.0732 -52.1316  255 255 255
63.7513 54.5124 -11.8411  255 255 255
70.1205 82.7798 -110.723  255 255 255
53.5726 79.7704 -103.327  255 255 255
57.5842 80.5717 -105.764  255 255 255
-60.723 62.2675 -43.853  255 255 255
59.4556 80.4693 -105.929  255 255 255
-100.21 60.5757 -35.5662  255 255 255
-92.5143 57.8868 -26.3759  255 255 255
-92.4024 57.6831 -25.7193  255 255 255
-74.0671 60.6049 -37.4453  255 255 255
51.7302 79.2109 -102.486  255 255 255
80.7296 83.67 -115.925  255 255 255
63.1683 54.2766 -12.8342  255 255 255
-68.5163 61.1836 -39.8717  255 255 255
-42.2357 64.6171 -54.0458  255 255 255
-54.955 62.3758 -45.9824  255 255 255
37.289 76.3453 -94.4415  255 255 255
-31.9613 65.6504 -58.9522  255 255 255
64.6577 52.9899 -9.64753  255 255 255
-57.2861 62.2149 -46.5571  255 255 255
-4.54781 69.6183 -74.5802  255 255 255
63.9582 53.3147 -11.6338  255 255 255
-83.3548 58.3803 -31.356  255 255 255
-64.7968 60.8885 -41.6954  255 255 255
-73.9357 59.7062 -37.0874  255 255 255
68.0967 80.8244 -111.286  255 255 255
28.5627 74.6214 -92.0374  255 255 255
56.3325 45.7706 14.0911  255 255 255
-55.0381 62.0511 -47.7659  255 255 255
-42.3268 63.7308 -54.3907  255 255 255
-91.7756 57.0053 -27.1995  255 255 255
-85.9911 57.7283 -30.2458  255 255 255
-81.8196 57.9951 -31.4101  255 255 255
-28.6706 65.7835 -62.6596  255 255 255
-28.6706 65.7836 -62.6597  255 255 255
68.4674 80.4541 -111.119  255 255 255
19.7893 72.8009 -87.6251  255 255 255
27.0025 74.122 -91.9127  255 255 255
-41.2475 63.6583 -55.4328  255 255 255
18.2066 72.4873 -87.1207  255 255 255
-126.026 72.2448 -81.2132  255 255 255
-10.759 67.9979 -72.0062  255 255 255
69.0653 80.3407 -112.103  255 255 255
-56.4063 61.5401 -47.5292  255 255 255
-56.4595 61.5966 -47.6286  255 255 255
-43.43 63.3063 -54.7156  255 255 255
81.7229 82.1562 -118.682  255 255 255
-58.1604 61.0174 -46.2883  255 255 255
-24.8412 65.5525 -64.8328  255 255 255
-24.8565 65.5412 -64.7865  255 255 255
-24.8412 65.5525 -64.8328  255 255 255
-83.6388 57.38 -31.9976  255 255 255
64.4564 52.1046 -11.3354  255 255 255
65.1589 51.4554 -9.21375  255 255 255
59.2795 43.2649 20.1603  255 255 255
-71.9808 58.8301 -39.2859  255 255 255
-43.8727 62.1221 -53.1934  255 255 255
6.76761 69.683 -81.2675  255 255 255
69.8919 79.4284 -113.376  255 255 255
-85.4185 56.9587 -31.7751  255 255 255
64.6372 51.566 -11.0782  255 255 255
-42.6079 62.4565 -55.5156  255 255 255
65.019 51.1915 -9.88145  255 255 255
59.1462 42.8585 20.4689  255 255 255
-56.3395 60.4345 -47.7656  255 255 255
-56.3274 60.4875 -47.8484  255 255 255
-4.01645 67.7939 -76.2788  255 255 255
56.2862 44.1196 14.4349  255 255 255
-4.4039 67.3935 -76.5914  255 255 255
-82.7441 56.6373 -33.8586  255 255 255
-67.6244 58.4857 -43.0734  255 255 255
-55.4722 60.0082 -49.0693  255 255 255
-6.43308 66.7088 -75.4704  255 255 255
-7.22672 66.5379 -75.3368  255 255 255
4.75316 68.2653 -81.3938  255 255 255
3.99193 67.8654 -80.1432  255 255 255
3.49552 67.8789 -80.6028  255 255 255
-34.2487 62.4498 -60.6016  255 255 255
-34.2487 62.4498 -60.6017  255 255 255
-86.0696 55.6999 -32.2156  255 255 255
-6.80037 66.2971 -75.7366  255 255 255
4.62973 67.8879 -81.6982  255 255 255
-56.6713 59.0948 -47.7234  255 255 255
3.58211 67.499 -80.9821  255 255 255
55.7185 43.7906 12.5921  255 255 255
-24.9031 63.5711 -66.2925  255 255 255
-58.8914 58.9508 -47.8285  255 255 255
0.0526153 66.9062 -79.3622  255 255 255
4.17493 67.3361 -81.669  255 255 255
64.1995 49.6733 -10.0979  255 255 255
61.821 51.3067 -18.0542  255 255 255
2.52049 66.626 -81.6019  255 255 255
10.4373 67.7495 -85.672  255 255 255
86.6865 78.9588 -123.279  255 255 255
-68.5735 57.0854 -42.9978  255 255 255
1.87903 66.3149 -80.9434  255 255 255
59.6245 41.2842 19.7832  255 255 255
-38.2454 60.7051 -59.8542  255 255 255
7.549 67.0208 -84.2134  255 255 255
-15.0962 63.6008 -71.6054  255 255 255
62.0113 50.8948 -18.1649  255 255 255
-4.04813 65.2421 -78.2741  255 255 255
-124.49 67.8052 -81.4043  255 255 255
-24.3123 62.2564 -67.0485  255 255 255
-16.5567 63.3462 -71.4927  255 255 255
-19.3003 62.6934 -69.6931  255 255 255
-12.5543 63.7738 -73.9776  255 255 255
2.5999 65.8833 -82.1782  255 255 255
56.7045 42.2999 13.6037  255 255 255
59.4169 40.9405 19.1721  255 255 255
58.2146 52.3932 -27.4324  255 255 255
60.6291 40.2535 21.3292  255 255 255
-19.5879 62.4521 -70.5291  255 255 255
1.54751 65.1312 -81.2039  255 255 255
64.6131 48.5317 -12.139  255 255 255
64.6131 48.5317 -12.139  255 255 255
-125.217 67.0191 -82.5716  255 255 255
-42.5992 59.1024 -58.1531  255 255 255
-59.0751 56.6269 -49.4089  255 255 255
-59.0006 56.441 -48.8341  255 255 255
-40.07 58.6408 -58.9875  255 255 255
-40.07 58.6408 -58.9873  255 255 255
62.9368 38.3718 26.4977  255 255 255
-62.9124 55.8274 -46.9476  255 255 255
-62.8396 55.7667 -46.7315  255 255 255
-26.6273 60.3605 -67.0874  255 255 255
-67.3134 55.2988 -45.1585  255 255 255
57.833 40.4031 16.4498  255 255 255
58.2644 40.6951 15.0287  255 255 255
-86.8437 53.2784 -35.7533  255 255 255
-86.8438 53.2784 -35.7534  255 255 255
-56.3983 56.4675 -51.4544  255 255 255
63.0637 37.9773 26.5829  255 255 255
59.5149 39.4632 19.7137  255 255 255
-21.8339 60.5363 -70.4308  255 255 255
-15.8561 61.2982 -73.7837  255 255 255
64.2546 47.9409 -14.9935  255 255 255
60.018 39.2309 19.974  255 255 255
57.3864 51.2399 -30.2724  255 255 255
-33.0128 58.8119 -64.5478  255 255 255
57.7385 71.2739 -111.824  255 255 255
-70.5654 54.0183 -43.5603  255 255 255
-70.5654 54.0183 -43.5603  255 255 255
-12.8534 61.271 -75.5664  255 255 255
56.6547 40.721 12.3895  255 255 255
58.2473 39.9776 15.7919  255 255 255
58.2473 39.9776 15.7919  255 255 255
-19.5759 60.2895 -72.022  255 255 255
-19.5746 60.347 -72.1802  255 255 255
59.1058 39.1346 18.8133  255 255 255
-25.989 59.4499 -68.6647  255 255 255
-18.5914 60.3844 -72.6952  255 255 255
-18.6049 60.4453 -72.8314  255 255 255
-12.2415 61.3007 -76.336  255 255 255
-71.9355 53.776 -42.9829  255 255 255
58.9165 49.9814 -26.8959  255 255 255
59.1078 50.0879 -27.277  255 255 255
-5.53152 61.7688 -79.7755  255 255 255
-99.2302 53.3067 -39.7658  255 255 255
-99.2302 53.3067 -39.7658  255 255 255
-23.9441 59.1618 -69.764  255 255 255
59.92 38.3479 20.4061  255 255 255
65.6128 71.35 -117.179  255 255 255
-14.3232 60.3594 -75.6182  255 255 255
-21.5529 59.0972 -70.3181  255 255 255
-17.3147 59.7752 -73.5563  255 255 255
59.2264 38.6468 18.8982  255 255 255
-83.5141 51.8435 -36.6417  255 255 255
-18.8637 59.6873 -73.3126  255 255 255
60.3819 70.2916 -114.302  255 255 255
65.1541 36.1903 29.3237  255 255 255
18.497 64.359 -93.5786  255 255 255
-25.2564 58.4642 -69.9267  255 255 255
56.5773 69.4101 -112.841  255 255 255
-85.9223 50.8863 -35.5764  255 255 255
-60.1301 53.6892 -50.2477  255 255 255
-21.4843 58.4939 -72.3905  255 255 255
-68.0723 52.7546 -46.1264  255 255 255
19.0827 63.1396 -91.4023  255 255 255
60.1643 37.9571 18.4402  255 255 255
64.3364 35.8714 27.7847  255 255 255
-82.487 51.061 -38.3047  255 255 255
-14.6817 59.1105 -76.8554  255 255 255
-14.7073 58.9716 -76.3626  255 255 255
-57.4622 53.7155 -52.4789  255 255 255
60.3702 68.8766 -115.811  255 255 255
-47.5809 54.6523 -57.6217  255 255 255
58.1812 38.4139 14.4225  255 255 255
-70.22 52.0879 -45.9526  255 255 255
-63.58 52.5397 -49.1878  255 255 255
-63.3849 52.2146 -47.6504  255 255 255
-84.6748 50.1735 -36.8439  255 255 255
55.6352 67.5943 -113.577  255 255 255
58.9082 37.7839 16.3147  255 255 255
-33.1778 55.9784 -66.6801  255 255 255
59.6894 37.4204 17.8187  255 255 255
-48.1357 53.9239 -57.4723  255 255 255
61.514 46.3382 -21.5582  255 255 255
-71.7031 51.2595 -45.0072  255 255 255
-71.7031 51.2596 -45.0072  255 255 255
-47.5316 53.9717 -58.7444  255 255 255
-50.0704 53.617 -57.4584  255 255 255
59.7998 37.1942 17.3993  255 255 255
66.0136 34.2545 31.0585  255 255 255
29.7707 63.355 -101.613  255 255 255
60.0949 66.996 -115.878  255 255 255
-71.6316 50.9903 -46.2215  255 255 255
-9.74069 57.9355 -80.1588  255 255 255
56.4859 38.2528 10.2563  255 255 255
66.6 33.7356 31.5356  255 255 255
62.438 66.7928 -118.967  255 255 255
59.7549 36.3859 17.5091  255 255 255
29.6907 62.51 -101.761  255 255 255
55.8001 38.1936 8.3972  255 255 255
-87.5362 48.3229 -37.2654  255 255 255
-56.6355 51.5398 -54.5366  255 255 255
-56.6355 51.5398 -54.5367  255 255 255
-51.4693 52.2745 -58.1406  255 255 255
58.799 36.5662 14.871  255 255 255
-19.1837 54.8696 -72.0164  255 255 255
57.2555 37.1292 11.6619  255 255 255
59.4957 36.0191 16.8042  255 255 255
-71.9152 49.6681 -46.2767  255 255 255
59.3019 45.822 -28.4744  255 255 255
57.3546 36.8549 12.3154  255 255 255
-71.4863 49.4439 -46.3073  255 255 255
60.767 44.8887 -25.6902  255 255 255
-2.8554 57.1194 -85.5918  255 255 255
59.3924 45.3659 -28.4126  255 255 255
-54.8364 50.9335 -56.0964  255 255 255
-48.6701 51.5871 -59.9717  255 255 255
-48.6701 51.5871 -59.9717  255 255 255
-56.0327 50.5642 -55.743  255 255 255
30.6355 60.5985 -102.387  255 255 255
-38.2399 52.4256 -66.0479  255 255 255
-17.7561 53.2029 -70.8313  255 255 255
-43.5854 51.6479 -63.2187  255 255 255
-56.3148 50.0352 -55.6886  255 255 255
39.2523 61.4319 -108.436  255 255 255
62.246 33.703 22.3547  255 255 255
62.246 33.703 22.3547  255 255 255
-85.0268 47.2088 -41.0612  255 255 255
-30.6307 52.6057 -71.0258  255 255 255
-67.4518 48.1665 -48.3284  255 255 255
56.4118 62.8779 -117.652  255 255 255
-42.7723 51.1002 -64.2268  255 255 255
-65.4247 48.5624 -50.864  255 255 255
61.1113 42.912 -23.4968  255 255 255
-31.533 51.7292 -71.027  255 255 255
61.5651 42.6646 -24.686  255 255 255
-87.8182 46.0385 -38.5961  255 255 255
59.9464 43.4174 -28.4037  255 255 255
13.8371 56.4956 -96.1211  255 255 255
55.4834 35.8909 6.44348  255 255 255
55.8601 35.9179 6.31614  255 255 255
-41.9691 50.0664 -64.9595  255 255 255
-62.5135 47.7114 -52.6736  255 255 255
-62.5135 47.7114 -52.6736  255 255 255
-110.678 51.3284 -65.5369  255 255 255
-40.4828 50.0099 -65.9389  255 255 255
-40.4828 50.0099 -65.9387  255 255 255
-3.41722 53.9797 -86.4266  255 255 255
-62.1034 47.7408 -54.2081  255 255 255
-45.5571 49.2981 -63.6484  255 255 255
-55.5621 48.0324 -58.3922  255 255 255
-55.5459 48.0586 -58.5566  255 255 255
-63.2338 47.1085 -53.7213  255 255 255
-63.2338 47.1085 -53.7213  255 255 255
-63.1455 46.9975 -53.2303  255 255 255
-46.5583 48.6769 -63.4845  255 255 255
29.9247 57.3827 -106.23  255 255 255
57.3709 43.445 -35.6965  255 255 255
63.8049 31.6154 24.239  255 255 255
-77.618 45.5646 -46.1444  255 255 255
14.399 55.0236 -97.2585  255 255 255
-70.109 46.1145 -50.9396  255 255 255
-59.3241 46.671 -55.8073  255 255 255
62.7821 31.635 21.9113  255 255 255
58.0168 42.561 -34.3861  255 255 255
-50.8052 47.5072 -61.6919  255 255 255
61.3363 32.0331 18.7732  255 255 255
61.3363 32.0331 18.7732  255 255 255
-55.7253 46.9304 -58.923  255 255 255
61.6752 31.9133 18.8336  255 255 255
61.3329 31.8175 19.3501  255 255 255
-75.0591 44.93 -47.8069  255 255 255
-42.3024 47.855 -66.7113  255 255 255
-56.4861 46.3603 -58.728  255 255 255
-56.4893 46.4001 -58.7376  255 255 255
-75.7027 44.3651 -47.4099  255 255 255
-57.5702 46.0194 -58.1548  255 255 255
61.0179 31.5161 17.7958  255 255 255
59.1962 32.1757 13.7545  255 255 255
61.6158 31.133 19.2749  255 255 255
62.0872 39.7244 -26.3919  255 255 255
-71.7444 44.3281 -50.4104  255 255 255
57.7534 32.5612 10.4161  255 255 255
58.6533 32.1731 12.8139  255 255 255
59.2408 31.9404 14.0635  255 255 255
-53.1667 45.5297 -60.5409  255 255 255
-68.4367 44.323 -52.8225  255 255 255
60.8962 31.036 17.4606  255 255 255
-52.6038 45.018 -59.1165  255 255 255
-55.9782 44.8992 -58.3449  255 255 255
-2.61282 50.2208 -89.5583  255 255 255
60.7423 39.1407 -27.3741  255 255 255
-50.8283 45.418 -63.0439  255 255 255
-40.5021 46.4613 -68.9434  255 255 255
-40.5123 46.3558 -68.6806  255 255 255
-96.6478 42.4454 -41.7425  255 255 255
-63.2854 44.189 -55.8642  255 255 255
-63.9596 44.0754 -55.5379  255 255 255
-55.6134 44.873 -60.1122  255 255 255
-55.6387 44.9276 -60.4886  255 255 255
-86.3332 42.0794 -43.2045  255 255 255
57.7638 31.6265 9.75642  255 255 255
-60.5455 43.9749 -57.8517  255 255 255
-60.5731 44 -57.7991  255 255 255
-60.5731 44 -57.7991  255 255 255
-54.0461 44.3973 -60.9534  255 255 255
-51.9089 44.5747 -62.1743  255 255 255
-50.2612 44.8221 -63.5353  255 255 255
57.1571 31.8132 8.00271  255 255 255
-82.2782 42.2479 -46.6366  255 255 255
-78.9779 42.423 -48.0562  255 255 255
-56.1843 43.9595 -59.4473  255 255 255
-56.2973 44.1215 -60.4118  255 255 255
-73.9925 42.4676 -50.3482  255 255 255
-73.5078 42.5109 -50.9527  255 255 255
-73.5086 42.5153 -50.9606  255 255 255
63.9287 37.4912 -23.878  255 255 255
-49.4093 44.4055 -64.6288  255 255 255
-50.2889 44.2545 -64.1257  255 255 255
-4.40352 48.5678 -90.2225  255 255 255
-4.44296 48.6036 -90.4048  255 255 255
62.0561 29.4771 18.9207  255 255 255
-57.5929 43.2612 -60.1034  255 255 255
-56.8728 43.2422 -60.6296  255 255 255
-30.8096 45.5672 -75.6667  255 255 255
-79.3432 41.3773 -48.2769  255 255 255
-61.3038 42.7065 -58.0799  255 255 255
-61.306 42.7164 -58.1906  255 255 255
57.2419 30.9961 7.73871  255 255 255
-52.4404 43.2511 -63.6758  255 255 255
-84.8376 40.5953 -44.5443  255 255 255
62.3121 36.8809 -25.8346  255 255 255
-40.6691 44.3595 -70.5949  255 255 255
-40.711 44.3402 -70.5363  255 255 255
-3.72981 47.8867 -91.2289  255 255 255
-3.74764 47.8973 -91.2397  255 255 255
-56.7021 42.9011 -61.4215  255 255 255
-64.1043 42.0427 -57.0754  255 255 255
60.6643 29.2109 15.1805  255 255 255
61.3555 28.85 17.22  255 255 255
-51.6637 42.6087 -63.7708  255 255 255
-3.78577 47.1933 -91.9374  255 255 255
62.8279 36.0922 -24.9097  255 255 255
57.5842 30.2801 7.98687  255 255 255
61.9444 28.5024 18.367  255 255 255
63.2767 35.5168 -24.1421  255 255 255
-80.0809 39.944 -48.2386  255 255 255
-93.2651 38.7844 -41.1878  255 255 255
-42.5243 42.611 -69.367  255 255 255
62.2682 27.8574 18.8636  255 255 255
-43.9743 42.8726 -70.9772  255 255 255
61.0919 28.1956 16.3569  255 255 255
61.1001 28.2215 16.3137  255 255 255
-65.8742 40.6522 -56.87  255 255 255
-62.5796 40.9537 -58.7452  255 255 255
63.6146 34.7725 -23.8504  255 255 255
59.7323 28.2778 13.3662  255 255 255
-41.4359 41.7029 -71.8926  255 255 255
-8.63307 44.6594 -91.156  255 255 255
65.8136 25.8908 26.1838  255 255 255
-91.5117 37.9336 -42.9138  255 255 255
63.6575 34.0978 -24.5744  255 255 255
60.2986 27.7048 13.9338  255 255 255
56.6232 29.0306 5.08451  255 255 255
56.6699 29.0393 4.97989  255 255 255
60.7639 27.4612 15.0208  255 255 255
-57.4933 39.8706 -62.8792  255 255 255
-69.5117 38.8269 -55.7385  255 255 255
65.046 25.7712 23.892  255 255 255
-72.1624 38.5501 -54.5287  255 255 255
64.2772 33.2611 -23.168  255 255 255
58.5466 35.3349 -37.6964  255 255 255
60.9259 26.8991 14.9333  255 255 255
-56.7778 39.2596 -63.0817  255 255 255
-55.0308 39.5566 -64.9436  255 255 255
-6.77136 43.4794 -92.8172  255 255 255
-67.9276 38.3774 -57.3307  255 255 255
63.1054 33.2024 -26.2894  255 255 255
-69.1809 38.2065 -56.2511  255 255 255
-34.2436 40.9469 -77.4562  255 255 255
-67.5644 38.2128 -57.4969  255 255 255
-58.5444 38.6929 -62.2187  255 255 255
-40.9055 39.9868 -74.2272  255 255 255
-40.8973 39.9702 -74.179  255 255 255
57.9896 27.3487 7.21024  255 255 255
58.205 27.3251 7.52648  255 255 255
57.7832 27.3016 6.79424  255 255 255
57.8691 27.331 6.72801  255 255 255
-59.5958 37.9349 -62.112  255 255 255
-54.5773 38.4257 -65.6714  255 255 255
-37.4426 39.8533 -76.127  255 255 255
-28.4242 40.3558 -81.0088  255 255 255
56.3946 27.4465 3.91466  255 255 255
-27.7491 39.9928 -82.2703  255 255 255
62.591 32.011 -28.3059  255 255 255
-89.7613 35.5686 -46.5919  255 255 255
60.3756 25.6757 12.1627  255 255 255
62.5519 24.8918 17.4991  255 255 255
-89.973 35.2664 -46.4637  255 255 255
58.0201 26.433 6.48623  255 255 255
57.8096 26.3542 6.70557  255 255 255
24.0926 40.2863 -88.9444  255 255 255
-85.5344 34.8807 -46.4372  255 255 255
-33.497 38.8936 -79.5149  255 255 255
34.0156 40.3863 -89.9966  255 255 255
57.5061 26.0191 6.07211  255 255 255
66.323 23.388 25.4963  255 255 255
26.9107 39.8012 -89.642  255 255 255
-36.8615 37.9482 -77.5168  255 255 255
-163.149 42.5924 -91.0443  255 255 255
56.5927 25.9801 4.29145  255 255 255
55.9551 26.6753 -0.835827  255 255 255
59.0657 25.5872 6.73705  255 255 255
58.6025 25.4485 7.59328  255 255 255
-92.6427 34.0074 -46.23  255 255 255
55.6532 33.2035 -47.7233  255 255 255
57.1798 25.5694 5.10616  255 255 255
63.1565 24.0445 16.5041  255 255 255
-36.1257 37.2701 -77.5599  255 255 255
59.1026 25.0344 8.39355  255 255 255
-81.3196 34.2834 -52.4566  255 255 255
-61.1927 35.4214 -63.5376  255 255 255
58.6691 25.0618 7.67721  255 255 255
62.5491 23.7467 17.0336  255 255 255
-68.525 34.7823 -59.0835  255 255 255
-88.1975 33.5133 -49.0892  255 255 255
-85.2253 33.2661 -48.3378  255 255 255
-71.2019 34.4003 -58.7867  255 255 255
-57.0681 35.1673 -66.9029  255 255 255
-56.9574 35.0393 -66.2185  255 255 255
-57.0681 35.1673 -66.9029  255 255 255
-68.7265 34.3485 -60.1077  255 255 255
-85.2029 33.3652 -51.1593  255 255 255
-67.1402 34.3325 -61.1822  255 255 255
62.9874 23.0476 17.7498  255 255 255
65.9746 22.2355 24.4603  255 255 255
-79.5184 34.0393 -58.2536  255 255 255
-79.9754 33.8289 -58.5076  255 255 255
26.2944 36.476 -84.8896  255 255 255
58.8664 24.0009 7.81135  255 255 255
-59.2667 34.3558 -66.5205  255 255 255
58.0527 24.0767 5.72867  255 255 255
58.0528 24.0877 5.70997  255 255 255
-80.1728 33.4056 -58.2367  255 255 255
59.8048 29.7628 -37.0397  255 255 255
-88.1183 32.3087 -50.1667  255 255 255
-93.6242 31.8957 -46.7769  255 255 255
-87.6995 32.1111 -50.3531  255 255 255
65.0564 21.6573 21.9815  255 255 255
68.7401 20.6905 29.7911  255 255 255
-85.1523 32.0164 -51.9882  255 255 255
-79.7445 32.7579 -58.7859  255 255 255
-3.9312 34.9288 -82.8151  255 255 255
64.026 27.9267 -26.7886  255 255 255
57.9767 23.4377 4.85008  255 255 255
-86.0331 31.4585 -51.2457  255 255 255
-86.0888 31.4969 -51.5369  255 255 255
4.95302 33.6509 -81.1245  255 255 255
55.0139 23.8433 -2.46609  255 255 255
-41.2923 33.5091 -78.7382  255 255 255
-65.0021 31.6916 -62.3352  255 255 255
-43.8606 32.8564 -76.986  255 255 255
-43.8335 32.831 -76.956  255 255 255
50.4105 33.1276 -80.6428  255 255 255
-71.7098 30.988 -59.1989  255 255 255
58.135 22.3601 4.92144  255 255 255
53.0942 32.6686 -79.4489  255 255 255
-93.4703 29.939 -48.6566  255 255 255
57.9962 28.2637 -44.3571  255 255 255
-43.8207 32.371 -77.556  255 255 255
57.1945 22.2802 1.22332  255 255 255
-89.9471 29.539 -51.1612  255 255 255
-45.5563 31.8182 -78.5051  255 255 255
55.075 22.4906 -3.15076  255 255 255
57.153 21.826 2.48283  255 255 255
57.1656 21.8324 2.46168  255 255 255
66.2852 19.4614 23.7496  255 255 255
-79.1613 30.2844 -62.7059  255 255 255
56.364 21.7482 0.218081  255 255 255
61.2981 20.5295 11.5897  255 255 255
59.9238 20.6764 8.57741  255 255 255
-86.9374 28.8713 -53.6548  255 255 255
62.8868 19.7157 14.6985  255 255 255
-62.599 31.8941 -90.8643  255 255 255
-56.9882 27.4022 -54.7711  255 255 255
55.1298 29.9604 -75.5834  255 255 255
-32.5121 29.7802 -75.0119  255 255 255
55.2798 21.5993 -4.08084  255 255 255
60.8511 20.0332 9.66626  255 255 255
60.7396 20.0087 9.79133  255 255 255
66.108 18.5083 22.2298  255 255 255
6.56449 29.0793 -75.1335  255 255 255
2.97054 29.0697 -75.1649  255 255 255
-4.03207 28.9847 -75.1298  255 255 255
59.331 25.4743 -42.3378  255 255 255
61.0712 19.5188 10.4044  255 255 255
-88.426 27.4426 -52.1268  255 255 255
1.86828 28.6621 -74.5775  255 255 255
60.2531 19.7806 6.86469  255 255 255
60.0039 19.7073 7.32404  255 255 255
-91.7297 27.2639 -51.0192  255 255 255
5.09046 28.0262 -73.8247  255 255 255
-99.5641 27.5659 -59.6254  255 255 255
-87.5954 26.6252 -54.8478  255 255 255
-87.1133 26.399 -53.2094  255 255 255
61.8855 18.217 10.96  255 255 255
-43.3782 26.798 -72.7561  255 255 255
59.2778 18.4508 5.52254  255 255 255
59.2778 18.4508 5.52251  255 255 255
45.162 26.1505 -71.6431  255 255 255
61.1458 17.9681 9.54317  255 255 255
-70.4332 26.1836 -65.0501  255 255 255
-91.1009 25.2926 -53.0654  255 255 255
-90.8965 25.2122 -52.406  255 255 255
46.1761 25.8912 -70.7925  255 255 255
60.0696 18.0159 7.11333  255 255 255
-11.2741 25.4801 -70.1756  255 255 255
-40.5974 25.7129 -70.8894  255 255 255
57.9849 18.2604 2.09323  255 255 255
38.8087 25.0934 -70.2281  255 255 255
-86.3728 24.4219 -57.6856  255 255 255
58.8091 17.3835 3.25203  255 255 255
61.3768 16.8443 8.10582  255 255 255
22.3968 23.7944 -68.5345  255 255 255
58.0357 17.3814 1.13764  255 255 255
60.0705 16.8673 6.33767  255 255 255
-18.6509 23.7954 -68.4562  255 255 255
62.6012 16.245 12.4545  255 255 255
-125.163 26.0777 -73.2377  255 255 255
-69.61 24.0941 -67.8365  255 255 255
-41.2891 23.4738 -66.772  255 255 255
40.9794 23.1306 -67.4443  255 255 255
56.8383 17.2221 -2.30574  255 255 255
58.0704 16.9271 1.13593  255 255 255
58.8202 16.7319 2.7869  255 255 255
-69.3512 23.8233 -68.6303  255 255 255
-14.5495 22.7786 -66.9832  255 255 255
70.8016 14.01 31.8834  255 255 255
57.0859 16.7026 -1.36692  255 255 255
57.4859 16.6692 -0.768708  255 255 255
-43.2191 22.7502 -67.1611  255 255 255
-41.163 22.4622 -65.7674  255 255 255
70.6578 13.8713 30.7504  255 255 255
70.2845 13.7894 29.9599  255 255 255
-93.7845 22.2321 -53.6452  255 255 255
66.1163 14.5434 19.9818  255 255 255
66.0413 14.4928 20.0056  255 255 255
70.384 13.75 29.5163  255 255 255
58.0931 16.0511 0.395085  255 255 255
71.447 13.3767 32.3733  255 255 255
56.9431 16.1939 -2.89393  255 255 255
60.0242 15.5252 5.04904  255 255 255
60.0485 15.4429 4.43418  255 255 255
54.595 16.3875 -8.68651  255 255 255
60.7282 14.9902 6.71072  255 255 255
-16.4879 20.7087 -64.3838  255 255 255
59.9793 14.987 4.70777  255 255 255
-2.68881 20.3358 -63.6826  255 255 255
61.09 14.6182 7.40593  255 255 255
70.6822 12.6998 30.5603  255 255 255
-12.3394 19.981 -63.383  255 255 255
60.0955 14.6063 3.96509  255 255 255
71.2627 12.5464 31.8854  255 255 255
71.4245 12.5574 31.6814  255 255 255
-122.362 22.5006 -70.2831  255 255 255
-122.362 22.5006 -70.2831  255 255 255
-85.3617 20.6358 -61.0597  255 255 255
-44.013 19.8743 -62.8017  255 255 255
-19.3084 19.442 -62.7097  255 255 255
55.0579 15.0442 -9.74937  255 255 255
61.6616 13.6331 8.09828  255 255 255
61.6377 13.6367 8.10314  255 255 255
58.5659 14.0913 0.475106  255 255 255
63.2488 16.8651 -36.4734  255 255 255
60.0198 13.7197 3.66703  255 255 255
-11.2016 18.345 -61.6289  255 255 255
59.9545 13.3855 3.26071  255 255 255
59.9186 13.3829 3.29932  255 255 255
59.956 13.3951 3.27022  255 255 255
-10.3178 17.7254 -60.4761  255 255 255
-86.4154 18.6694 -58.0392  255 255 255
-27.6952 17.5774 -60.5152  255 255 255
-11.4407 17.3115 -60.0597  255 255 255
-11.4262 17.2883 -59.9985  255 255 255
61.5583 12.6034 7.05149  255 255 255
69.1403 11.5468 22.884  255 255 255
65.9381 11.7319 17.934  255 255 255
59.4618 12.6392 1.78447  255 255 255
64.0207 11.9474 12.6289  255 255 255
59.8702 12.4612 2.70151  255 255 255
-14.9981 16.4014 -58.4647  255 255 255
65.3015 11.3294 15.9935  255 255 255
58.7336 11.8843 -0.882632  255 255 255
58.8693 11.8809 -1.09467  255 255 255
64.4813 10.9491 13.6217  255 255 255
-5.03541 15.1548 -57.182  255 255 255
-47.6107 15.528 -58.8795  255 255 255
-6.18047 14.9065 -56.8906  255 255 255
63.085 10.8057 10.0387  255 255 255
-42.4871 15.0029 -57.9607  255 255 255
57.967 11.303 -3.31409  255 255 255
63.363 10.4793 9.97786  255 255 255
63.3998 10.4778 9.92555  255 255 255
61.4306 10.5638 5.17602  255 255 255
59.5999 10.8515 0.234004  255 255 255
-35.3156 14.4065 -56.4161  255 255 255
60.3148 10.5296 2.39284  255 255 255
-13.3207 13.7611 -55.5755  255 255 255
-8.04434 13.6077 -55.3404  255 255 255
-79.6149 14.8436 -57.9638  255 255 255
-13.2353 13.3151 -54.6168  255 255 255
55.7994 10.7076 -9.02111  255 255 255
-58.8732 13.9543 -55.8697  255 255 255
-17.0033 13.265 -55.239  255 255 255
-16.483 13.2738 -54.8496  255 255 255
54.6151 10.6203 -12.8579  255 255 255
59.178 9.82164 -2.33644  255 255 255
58.3722 9.55329 -3.47511  255 255 255
60.1162 9.44571 -0.390506  255 255 255
-19.7539 12.1976 -53.4662  255 255 255
59.5276 9.02053 -0.409606  255 255 255
71.8997 7.68413 27.2012  255 255 255
60.3222 8.52146 1.51915  255 255 255
65.1276 7.88796 13.7321  255 255 255
-25.9344 10.904 -52.4918  255 255 255
-32.6004 10.9136 -52.7397  255 255 255
59.5015 8.23336 -1.03878  255 255 255
5.59944 6.86444 24.6161  255 255 255
70.8876 6.8898 27.1705  255 255 255
-49.5416 10.7795 -52.2208  255 255 255
64.7663 7.3925 13.1935  255 255 255
-4.92424 6.86724 22.0205  255 255 255
66.9036 7.00915 15.3388  255 255 255
60.7328 7.1425 1.14006  255 255 255
65.3173 6.49612 12.6638  255 255 255
-31.6139 8.96726 -49.5924  255 255 255
65.2107 6.35419 12.2549  255 255 255
-134.25 10.9348 -52.5735  255 255 255
60.7801 6.59252 1.18172  255 255 255
66.6177 6.15838 15.7956  255 255 255
64.3669 6.22299 10.0604  255 255 255
59.9493 6.44097 -1.81959  255 255 255
59.8898 6.4353 -1.68942  255 255 255
65.8459 5.94464 13.8205  255 255 255
-133.196 10.3027 -50.3211  255 255 255
71.1179 5.36447 25.0175  255 255 255
65.9459 5.57318 13.7965  255 255 255
57.0254 6.06743 -9.15844  255 255 255
-81.8853 8.63414 -49.0928  255 255 255
58.3542 5.83301 -6.02451  255 255 255
61.9872 5.637 3.07682  255 255 255
72.4739 4.90149 26.7303  255 255 255
62.1212 5.45707 3.97856  255 255 255
64.4163 5.31982 10.1574  255 255 255
62.394 5.23926 4.92037  255 255 255
61.4961 5.0723 2.79227  255 255 255
66.4897 4.77096 15.1046  255 255 255
62.7875 4.91111 5.14151  255 255 255
62.5474 4.9199 4.69028  255 255 255
62.523 4.91516 4.71789  255 255 255
65.7137 4.56968 12.4278  255 255 255
66.3208 4.56667 14.1758  255 255 255
71.7716 4.15652 25.8913  255 255 255
73.051 4.07026 31.185  255 255 255
59.5551 4.73672 -3.74986  255 255 255
66.8561 4.32716 17.4828  255 255 255
62.7321 4.43782 4.63541  255 255 255
63.0502 4.43605 5.96991  255 255 255
64.3249 4.25585 9.20427  255 255 255
62.8074 4.32599 3.36825  255 255 255
65.9205 4.12254 12.7538  255 255 255
67.1157 4.06505 15.6744  255 255 255
72.536 3.75985 29.665  255 255 255
-26.9832 5.51342 -44.86  255 255 255
-26.9827 5.49454 -44.6954  255 255 255
63.4697 3.97734 6.47923  255 255 255
6.74841 3.5684 27.2036  255 255 255
67.4613 3.73142 16.7727  255 255 255
-0.934447 3.59187 28.1834  255 255 255
66.0938 3.71659 12.7817  255 255 255
59.1949 4.00765 -5.49219  255 255 255
62.3224 3.90716 2.81013  255 255 255
72.3077 3.40908 28.5853  255 255 255
-1.41785 3.48765 28.6524  255 255 255
70.6813 3.38617 24.8275  255 255 255
70.6622 3.38681 24.8209  255 255 255
55.4773 3.91601 -13.6445  255 255 255
-76.3298 5.55778 -44.9834  255 255 255
72.0488 2.98365 27.4516  255 255 255
-76.883 5.33874 -45.8905  255 255 255
63.9196 3.0841 7.08268  255 255 255
72.8694 2.76325 29.7086  255 255 255
-18.4899 3.10111 21.7151  255 255 255
-15.5863 3.03206 26.0806  255 255 255
65.3363 2.9178 10.5704  255 255 255
56.4991 3.02328 -13.0512  255 255 255
69.8139 2.58327 22.9642  255 255 255
65.53 2.58783 10.6012  255 255 255
65.5393 2.57942 10.5895  255 255 255
65.6551 2.53643 10.9834  255 255 255
-12.8952 2.61851 28.9013  255 255 255
69.7462 2.32404 22.827  255 255 255
56.4761 2.6786 -13.3672  255 255 255
66.4639 2.32531 12.9062  255 255 255
-76.5871 4.22537 -42.5109  255 255 255
68.6317 2.22246 18.6348  255 255 255
66.1615 2.21271 12.1598  255 255 255
67.1768 2.2073 14.6952  255 255 255
67.3803 2.20585 14.3541  255 255 255
68.6757 2.04029 20.4032  255 255 255
-15.1479 2.23555 27.4385  255 255 255
65.9325 1.9601 10.673  255 255 255
65.9325 1.9601 10.673  255 255 255
68.9166 1.94665 19.0387  255 255 255
72.9248 1.82329 29.5581  255 255 255
72.9248 1.82329 29.5581  255 255 255
-73.9957 3.81085 -43.0297  255 255 255
-19.5958 2.24552 21.1656  255 255 255
-19.5964 2.24114 21.2517  255 255 255
65.1021 1.93581 8.75996  255 255 255
71.9424 1.80952 24.5939  255 255 255
67.6128 1.86051 15.6969  255 255 255
65.937 1.84011 11.2425  255 255 255
-81.9358 3.67418 -42.0171  255 255 255
70.245 1.5525 22.7679  255 255 255
-43.2951 2.80207 -41.2023  255 255 255
-14.1034 1.69374 28.9121  255 255 255
-14.1034 1.69374 28.9121  255 255 255
70.2228 1.39801 21.3758  255 255 255
72.7451 1.22971 28.215  255 255 255
61.9321 1.30739 0.696826  255 255 255
69.2132 1.21235 19.3045  255 255 255
65.6078 1.1517 9.9374  255 255 255
58.4929 1.10276 -9.07989  255 255 255
62.9927 1.04348 3.54766  255 255 255
71.4639 0.911408 23.9144  255 255 255
71.6411 0.863202 25.2377  255 255 255
71.6115 0.876243 25.2135  255 255 255
63.1205 0.815567 2.89249  255 255 255
63.1205 0.815567 2.89249  255 255 255
63.6079 0.811437 4.70117  255 255 255
67.4469 0.691435 14.7023  255 255 255
62.8793 0.672015 2.60684  255 255 255
8.24364 0.746994 31.9118  255 255 255
65.2974 0.468401 8.32381  255 255 255
71.2954 0.458779 24.2266  255 255 255
69.6648 0.40493 19.7927  255 255 255
-22.6395 0.893661 10.6861  255 255 255
66.1048 0.382418 10.8977  255 255 255
73.624 0.164761 30.1247  255 255 255
66.6283 0.0283743 12.1952  255 255 255
62.9869 -0.0065681 1.89665  255 255 255
69.8321 0.0632152 20.6219  255 255 255
67.9391 -0.0385098 15.2978  255 255 255
69.5021 0.00318231 19.1492  255 255 255
69.5021 0.00318231 19.1493  255 255 255
72.2106 -0.0401875 26.3273  255 255 255
-48.5666 0.440293 -38.7667  255 255 255
66.3568 -0.363255 11.5723  255 255 255
71.0752 -0.360094 22.4754  255 255 255
-26.692 0.203495 6.05765  255 255 255
-26.6967 0.2128 6.04094  255 255 255
64.0878 -0.490431 4.79452  255 255 255
69.5271 -0.490411 19.3005  255 255 255
69.5271 -0.490411 19.3006  255 255 255
63.1768 -0.658814 2.19741  255 255 255
62.7751 -0.766284 0.608768  255 255 255
67.567 -0.615309 13.8424  255 255 255
71.4513 -0.575663 24.3155  255 255 255
69.3482 -0.700635 18.6355  255 255 255
67.3244 -0.724006 13.0466  255 255 255
-52.3741 -0.312973 -37.4678  255 255 255
-11.5524 -0.359073 32.3337  255 255 255
-11.5524 -0.359073 32.3337  255 255 255
62.7157 -1.21857 0.638777  255 255 255
-27.0987 -0.493264 6.81024  255 255 255
72.7241 -1.01623 26.9767  255 255 255
63.3126 -1.70375 1.88475  255 255 255
74.4589 -1.33428 29.3152  255 255 255
-20.893 -0.804063 23.844  255 255 255
68.0281 -1.62472 14.0074  255 255 255
67.6734 -1.67579 13.4311  255 255 255
69.3419 -1.64453 17.6782  255 255 255
72.6147 -1.7246 25.5711  255 255 255
51.8051 -2.70646 -34.7308  255 255 255
68.197 -1.91997 14.5795  255 255 255
63.4525 -2.20343 1.79534  255 255 255
69.4524 -2.03705 17.7815  255 255 255
70.6622 -2.19099 20.2146  255 255 255
73.0345 -2.11737 27.3625  255 255 255
57.5342 -2.75046 -13.752  255 255 255
63.7267 -2.53322 2.62746  255 255 255
63.803 -2.53544 2.47907  255 255 255
-14.0914 -1.51978 31.9219  255 255 255
-14.0886 -1.53506 31.9338  255 255 255
-17.9176 -1.55597 28.698  255 255 255
60.8588 -2.89159 -5.60039  255 255 255
68.3223 -2.52225 14.4672  255 255 255
68.3118 -2.52278 14.4945  255 255 255
68.4547 -2.75914 13.3325  255 255 255
-9.60869 -1.87107 34.6502  255 255 255
64.9244 -2.92878 5.51625  255 255 255
57.4812 -3.46687 -16.004  255 255 255
-77.6378 -2.20079 -35.1048  255 255 255
-11.0399 -1.89228 34.1102  255 255 255
61.1946 -3.30413 -5.09686  255 255 255
69.1952 -3.0461 16.2409  255 255 255
5.44091 -2.26831 34.9757  255 255 255
65.0898 -3.30594 5.5142  255 255 255
72.1063 -2.94979 24.3065  255 255 255
-27.69 -2.52591 9.15806  255 255 255
-9.93108 -2.19706 34.8964  255 255 255
-9.33788 -2.26369 35.0634  255 255 255
67.0638 -3.46476 10.7443  255 255 255
68.691 -3.40994 14.525  255 255 255
68.5327 -3.38039 14.7571  255 255 255
-9.8401 -2.44017 35.1027  255 255 255
68.4705 -3.53597 14.2783  255 255 255
68.4705 -3.53597 14.2783  255 255 255
69.0256 -3.62953 16.1526  255 255 255
-3.88482 -2.73985 36.4004  255 255 255
-19.97 -2.77136 27.3473  255 255 255
-11.2929 -2.72249 34.5675  255 255 255
71.7518 -3.72247 22.8673  255 255 255
-24.4868 -3.06546 16.0938  255 255 255
62.3362 -4.33082 -2.50636  255 255 255
70.3136 -3.97067 19.0341  255 255 255
-11.7283 -2.88031 34.3177  255 255 255
69.2175 -4.10704 16.2857  255 255 255
69.1483 -4.13774 16.3708  255 255 255
56.2119 -5.13863 -19.9369  255 255 255
70.0444 -4.22908 17.53  255 255 255
4.61247 -3.25747 35.9165  255 255 255
-65.6683 -4.27082 -33.0034  255 255 255
-65.6683 -4.27082 -33.0035  255 255 255
73.0461 -4.17798 25.8839  255 255 255
-45.7094 -4.65493 -32.0468  255 255 255
60.8545 -5.1925 -7.5243  255 255 255
66.5901 -4.72735 8.24766  255 255 255
69.3726 -4.66932 16.5097  255 255 255
69.7308 -4.6458 16.8548  255 255 255
71.7152 -4.58961 22.0917  255 255 255
56.1048 -5.96336 -20.8788  255 255 255
-3.12515 -3.59379 37.3133  255 255 255
55.8287 -6.10642 -21.2722  255 255 255
65.4447 -5.2468 5.74394  255 255 255
-51.1097 -5.20341 -31.2203  255 255 255
65.9215 -5.34262 6.14417  255 255 255
-46.8749 -5.29103 -30.5508  255 255 255
-46.8749 -5.29104 -30.5509  255 255 255
74.1733 -4.77837 28.7676  255 255 255
66.9243 -5.48199 8.74966  255 255 255
74.5711 -4.82649 29.2849  255 255 255
-4.19161 -3.93668 37.26  255 255 255
65.022 -5.86078 3.41028  255 255 255
3.83122 -4.13604 36.6558  255 255 255
66.7992 -5.76112 8.54062  255 255 255
73.6752 -5.16704 27.0867  255 255 255
-75.9677 -5.46427 -30.7453  255 255 255
-6.24059 -4.22301 37.1504  255 255 255
65.6713 -6.21679 5.06919  255 255 255
57.2937 -7.06112 -18.2385  255 255 255
58.0915 -7.07821 -15.0583  255 255 255
70.931 -5.88111 17.9577  255 255 255
70.5887 -5.87059 18.5326  255 255 255
66.864 -6.32069 7.1898  255 255 255
66.7471 -6.3114 7.3959  255 255 255
54.8163 -7.63905 -26.0742  255 255 255
-30.0438 -5.13557 12.1871  255 255 255
71.3957 -6.15962 17.9419  255 255 255
65.1237 -6.82712 3.03446  255 255 255
65.127 -6.81644 3.00586  255 255 255
65.1429 -6.82057 3.02213  255 255 255
67.6986 -6.55447 10.5908  255 255 255
-8.2232 -4.86005 36.9309  255 255 255
66.1163 -6.942 5.58836  255 255 255
66.9157 -6.90347 7.79615  255 255 255
66.7974 -6.91997 7.94536  255 255 255
66.8906 -6.9006 7.84473  255 255 255
-45.1185 -7.16615 -28.5973  255 255 255
71.0331 -6.67134 19.678  255 255 255
67.5694 -7.16456 9.04883  255 255 255
71.6752 -6.63014 21.01  255 255 255
71.6752 -6.63014 21.01  255 255 255
71.1914 -6.73609 20.4567  255 255 255
68.2455 -7.31808 11.0046  255 255 255
71.7127 -7.17092 20.5901  255 255 255
68.321 -7.82464 7.20407  255 255 255
67.8823 -7.84782 8.0798  255 255 255
66.1684 -8.06454 4.58431  255 255 255
66.1151 -8.06487 4.66684  255 255 255
68.2138 -7.82916 11.1605  255 255 255
-21.0871 -6.0358 27.7146  255 255 255
-9.76991 -5.73808 36.769  255 255 255
68.564 -7.8714 11.2895  255 255 255
68.5192 -7.86474 11.3562  255 255 255
71.7237 -7.46681 20.5329  255 255 255
57.099 -9.5116 -21.3872  255 255 255
-76.0245 -8.05296 -27.7189  255 255 255
-76.0893 -8.06749 -27.9586  255 255 255
-7.87589 -5.86448 37.4304  255 255 255
-7.87553 -5.86328 37.4363  255 255 255
55.9517 -9.76253 -25.1025  255 255 255
67.6009 -8.17516 8.94431  255 255 255
67.6143 -8.18094 8.93119  255 255 255
-22.1258 -6.36077 26.3704  255 255 255
57.7099 -9.6449 -18.434  255 255 255
64.8147 -8.72496 1.88532  255 255 255
68.7909 -8.19065 11.6983  255 255 255
-19.0627 -6.40716 30.5159  255 255 255
65.0921 -8.95136 0.960655  255 255 255
-5.19659 -6.26734 38.2353  255 255 255
60.9982 -9.63151 -10.0749  255 255 255
-5.85685 -6.30166 38.1715  255 255 255
72.3 -8.1323 21.2999  255 255 255
72.3 -8.1323 21.2999  255 255 255
57.1204 -10.2513 -20.9387  255 255 255
64.9943 -9.11171 0.222368  255 255 255
70.217 -8.43699 15.4062  255 255 255
72.1642 -8.23711 20.7988  255 255 255
69.3587 -8.64239 12.8139  255 255 255
74.9472 -7.86106 28.5625  255 255 255
66.0301 -9.18389 3.40393  255 255 255
-14.9091 -6.57723 34.3488  255 255 255
67.839 -8.96059 8.74027  255 255 255
67.7539 -8.96128 8.85828  255 255 255
68.2305 -8.91846 9.93778  255 255 255
-4.55736 -6.51601 38.3808  255 255 255
64.879 -9.57285 0.054047  255 255 255
69.7583 -8.83078 14.0403  255 255 255
70.1412 -8.79533 15.5711  255 255 255
70.2928 -8.75809 15.4529  255 255 255
68.7387 -9.04364 10.9604  255 255 255
64.9681 -9.61101 0.486487  255 255 255
66.0594 -9.50331 3.59839  255 255 255
69.7752 -9.06828 14.5609  255 255 255
-22.8609 -7.29779 25.3052  255 255 255
56.5927 -11.0496 -22.4318  255 255 255
-13.6489 -6.94824 35.2821  255 255 255
-0.164786 -6.99172 38.7401  255 255 255
-0.164785 -6.99172 38.7401  255 255 255
57.493 -11.3298 -21.4105  255 255 255
-61.822 -9.92501 -25.1993  255 255 255
-61.822 -9.92502 -25.1994  255 255 255
68.8664 -9.59866 12.5675  255 255 255
69.0511 -9.60192 12.2287  255 255 255
69.7083 -9.59994 11.989  255 255 255
67.9365 -9.96319 7.86732  255 255 255
-55.0619 -10.2728 -24.5672  255 255 255
-25.6093 -7.89225 22.3527  255 255 255
-20.1414 -7.54964 29.723  255 255 255
67.5632 -10.1044 7.84996  255 255 255
67.5432 -10.067 7.8279  255 255 255
73.1791 -9.12622 23.2703  255 255 255
-8.24905 -7.2521 38.1307  255 255 255
65.8204 -10.7186 1.61385  255 255 255
-6.57709 -7.59114 38.3829  255 255 255
67.6058 -10.5271 6.60833  255 255 255
67.9643 -10.4561 7.69167  255 255 255
72.8297 -9.65623 21.6389  255 255 255
65.0622 -10.9971 -0.136359  255 255 255
-25.0313 -8.41119 23.1844  255 255 255
69.0353 -10.5681 10.4832  255 255 255
69.924 -10.3449 13.3094  255 255 255
-1.07053 -7.85261 39.0161  255 255 255
69.4551 -10.4994 12.2971  255 255 255
67.5395 -11.022 6.34977  255 255 255
67.5395 -11.022 6.34976  255 255 255
-10.1066 -7.97845 37.7859  255 255 255
-91.1628 -10.7976 -24.3019  255 255 255
-17.9768 -8.31496 32.3342  255 255 255
14.1961 -8.70717 32.9032  255 255 255
73.7418 -10.0815 23.9628  255 255 255
73.707 -10.0808 24.0203  255 255 255
66.3421 -11.5512 2.45441  255 255 255
66.3093 -11.5426 2.50396  255 255 255
73.6991 -10.1845 23.5171  255 255 255
-53.7616 -11.5916 -23.4769  255 255 255
-53.7616 -11.5916 -23.4768  255 255 255
1.49337 -8.2298 38.8438  255 255 255
69.0919 -10.9387 11.9281  255 255 255
71.3238 -10.6332 17.5817  255 255 255
69.2085 -11.0628 11.0589  255 255 255
69.998 -10.9548 13.3493  255 255 255
-10.2201 -8.2603 37.4012  255 255 255
64.9006 -11.9387 -1.55978  255 255 255
-53.8517 -11.6766 -21.6389  255 255 255
-60.0475 -11.7492 -22.6685  255 255 255
-60.0475 -11.7492 -22.6684  255 255 255
-55.0808 -11.8821 -22.5597  255 255 255
-53.2416 -11.8503 -22.3173  255 255 255
58.882 -13.2945 -19.0154  255 255 255
68.3587 -11.5377 7.99641  255 255 255
70.3069 -11.2672 13.4964  255 255 255
-4.54146 -8.61249 39.1348  255 255 255
6.08081 -8.89568 37.6953  255 255 255
27.7603 -10.5847 18.8758  255 255 255
27.7603 -10.5847 18.8758  255 255 255
64.4617 -12.6766 -1.95654  255 255 255
59.5959 -13.6256 -15.8594  255 255 255
74.2805 -10.861 25.1082  255 255 255
74.3053 -10.8576 25.1256  255 255 255
74.1938 -10.9745 24.7338  255 255 255
68.4602 -12.2102 7.56901  255 255 255
67.6612 -12.3788 5.34588  255 255 255
66.8493 -12.6438 3.46314  255 255 255
69.2466 -12.4142 9.91695  255 255 255
69.1458 -12.4372 10.0113  255 255 255
70.1526 -12.2558 12.8808  255 255 255
-58.1873 -13.0737 -21.1762  255 255 255
66.8809 -13.2166 2.36798  255 255 255
69.1275 -13.04 9.72736  255 255 255
65.6666 -14.0073 -1.2664  255 255 255
69.9156 -13.1632 11.0757  255 255 255
69.1785 -13.395 9.82371  255 255 255
67.8098 -13.8254 4.7474  255 255 255
67.8226 -13.8259 4.72592  255 255 255
69.1414 -13.4594 9.31395  255 255 255
69.1414 -13.4594 9.31395  255 255 255
0.631991 -10.0652 39.2628  255 255 255
-12.4371 -10.0819 37.0564  255 255 255
13.0083 -10.7784 34.4426  255 255 255
65.5431 -14.6118 -0.0407443  255 255 255
74.8026 -12.7857 23.9865  255 255 255
28.3104 -12.3776 21.1516  255 255 255
-21.278 -10.9707 29.1638  255 255 255
-7.14607 -10.3472 39.0796  255 255 255
-7.08189 -10.3849 38.9322  255 255 255
65.9976 -14.8669 -1.19651  255 255 255
-6.73808 -10.474 38.9991  255 255 255
69.1262 -14.2201 10.1497  255 255 255
69.3445 -14.3542 9.0383  255 255 255
69.3445 -14.3542 9.0383  255 255 255
75.805 -12.8823 27.2079  255 255 255
-62.0424 -14.7694 -19.1346  255 255 255
-11.1212 -10.6571 37.5004  255 255 255
68.6245 -15.0258 6.34907  255 255 255
-60.763 -15.4767 -18.1691  255 255 255
70.0868 -15.3789 9.8849  255 255 255
-11.5468 -11.549 37.5316  255 255 255
-10.9107 -11.5365 37.8686  255 255 255
5.05688 -11.7107 38.5715  255 255 255
68.6051 -15.8261 6.31542  255 255 255
66.7618 -16.4064 0.290756  255 255 255
68.3604 -15.9647 5.13751  255 255 255
68.4716 -15.9546 5.03592  255 255 255
-25.676 -12.3029 27.8649  255 255 255
69.4322 -15.9987 7.64465  255 255 255
69.4305 -16.0029 7.65147  255 255 255
71.9515 -15.2797 15.9488  255 255 255
-25.4768 -12.5547 28.0398  255 255 255
67.2542 -16.7148 1.29461  255 255 255
72.0519 -15.3267 16.5397  255 255 255
-17.5058 -12.1904 33.6028  255 255 255
3.96565 -12.0574 38.7347  255 255 255
68.883 -16.3424 5.91681  255 255 255
70.0461 -16.041 9.6678  255 255 255
71.8816 -15.627 14.8039  255 255 255
71.9551 -15.6228 14.7573  255 255 255
72.4939 -15.4322 16.785  255 255 255
68.9793 -16.5279 6.60432  255 255 255
64.3254 -17.6839 -4.92521  255 255 255
74.7313 -15.0033 23.9913  255 255 255
74.7313 -15.0033 23.9913  255 255 255
-25.5814 -12.8738 28.3159  255 255 255
5.63393 -12.4088 38.3978  255 255 255
10.2436 -12.8256 35.1168  255 255 255
69.7825 -16.6027 8.55471  255 255 255
72.3052 -15.7509 16.7877  255 255 255
5.79036 -12.5867 38.3037  255 255 255
71.2382 -16.3175 12.1564  255 255 255
69.4194 -16.9056 6.92141  255 255 255
-25.3657 -13.1985 28.3903  255 255 255
67.0473 -17.6666 0.97957  255 255 255
67.2264 -17.9294 0.424205  255 255 255
71.4266 -16.8702 11.5319  255 255 255
-33.7571 -13.8682 24.228  255 255 255
76.7777 -15.6194 26.5923  255 255 255
11.6536 -13.5349 35.5245  255 255 255
5.8962 -13.2196 38.2533  255 255 255
68.9246 -17.8773 4.41071  255 255 255
74.6554 -16.1133 22.7163  255 255 255
76.4104 -15.8369 25.6136  255 255 255
-6.33063 -12.9848 39.3572  255 255 255
6.01168 -13.4028 38.3706  255 255 255
74.5489 -16.5091 22.1367  255 255 255
5.83326 -13.463 38.3411  255 255 255
5.83326 -13.463 38.3411  255 255 255
-32.4355 -14.3416 25.257  255 255 255
1.63329 -13.5022 39.4516  255 255 255
68.5818 -18.6356 3.44033  255 255 255
-53.7452 -18.4161 -14.2697  255 255 255
74.7221 -16.8732 21.9037  255 255 255
-15.3506 -13.6898 35.2494  255 255 255
63.984 -20.5056 -10.5014  255 255 255
63.9114 -20.4921 -10.4457  255 255 255
69.8402 -18.693 6.99394  255 255 255
-6.06771 -13.745 39.4227  255 255 255
68.0048 -19.4785 0.664028  255 255 255
-24.5323 -14.4869 30.1339  255 255 255
-18.8914 -14.3395 32.5542  255 255 255
20.0063 -15.3193 30.6638  255 255 255
74.8466 -17.5448 21.73  255 255 255
74.09 -17.422 22.9062  255 255 255
-33.9794 -15.2193 24.5844  255 255 255
67.8226 -19.8524 1.05944  255 255 255
68.1439 -19.8626 0.657761  255 255 255
16.8755 -15.4971 31.2965  255 255 255
-59.8533 -19.3182 -12.9756  255 255 255
-57.6397 -19.4 -13.4342  255 255 255
73.4582 -18.3793 17.3845  255 255 255
18.2924 -15.742 31.479  255 255 255
-0.895118 -14.4776 39.7123  255 255 255
68.8223 -19.8959 5.58662  255 255 255
76.0808 -17.8975 25.0302  255 255 255
-32.0987 -15.5817 26.803  255 255 255
73.1759 -18.936 16.3302  255 255 255
-16.8413 -15.1583 34.328  255 255 255
-16.8455 -15.1595 34.3229  255 255 255
69.8581 -20.1854 6.20593  255 255 255
69.8483 -20.1789 6.26508  255 255 255
-32.2537 -15.8578 26.487  255 255 255
69.3161 -20.4982 4.48175  255 255 255
-17.4227 -15.374 33.7605  255 255 255
70.1287 -20.588 5.65394  255 255 255
70.1115 -20.5805 5.6765  255 255 255
70.0459 -20.5426 5.78849  255 255 255
69.6831 -20.9969 5.32081  255 255 255
-16.0088 -15.7071 34.8157  255 255 255
-16.4992 -16.0782 34.4428  255 255 255
68.1569 -22.2561 -0.550072  255 255 255
11.6443 -16.6398 34.6232  255 255 255
72.428 -20.5451 14.7057  255 255 255
1.95343 -16.0373 39.0893  255 255 255
25.6749 -17.9729 28.62  255 255 255
-31.1017 -16.9335 28.4942  255 255 255
69.2925 -22.2652 3.39113  255 255 255
-7.61983 -16.0696 39.0609  255 255 255
-64.5402 -21.6932 -10.1813  255 255 255
70.3473 -22.3152 5.19803  255 255 255
-31.9685 -17.688 25.8535  255 255 255
72.9415 -21.6315 14.2891  255 255 255
71.8135 -22.2571 10.1259  255 255 255
-12.0211 -16.9308 37.261  255 255 255
-12.0588 -16.887 37.251  255 255 255
7.99408 -17.2123 38.2712  255 255 255
66.406 -24.2596 -3.90757  255 255 255
-23.3368 -17.4524 32.6249  255 255 255
-10.326 -17.1114 37.887  255 255 255
-63.3648 -22.8298 -8.97278  255 255 255
-63.3648 -22.8298 -8.97275  255 255 255
-29.662 -18.0787 29.9629  255 255 255
67.7018 -24.7682 -2.73958  255 255 255
-6.23957 -17.3713 39.0044  255 255 255
0.870689 -17.4635 39.1662  255 255 255
69.4529 -24.094 2.89575  255 255 255
-1.28244 -17.6866 39.2901  255 255 255
-21.3186 -18.0484 34.4142  255 255 255
21.6015 -19.4778 30.4131  255 255 255
-17.9367 -18.0305 35.6504  255 255 255
-17.9141 -18.0416 35.581  255 255 255
75.2223 -22.3313 20.4481  255 255 255
-21.0581 -18.1776 34.7364  255 255 255
-1.6931 -18.0436 39.179  255 255 255
68.2164 -25.7003 -2.77557  255 255 255
67.9452 -25.5962 -1.8736  255 255 255
-28.4625 -18.8099 30.6766  255 255 255
-31.3939 -19.582 25.6503  255 255 255
21.5139 -19.8542 31.2788  255 255 255
69.4619 -25.3516 1.92973  255 255 255
25.7113 -20.1598 31.082  255 255 255
75.8938 -23.2345 20.657  255 255 255
-29.1335 -19.3152 31.6914  255 255 255
13.4728 -19.5673 36.3638  255 255 255
-3.29885 -18.7933 39.0239  255 255 255
-19.7824 -19.0511 35.5081  255 255 255
-19.781 -19.055 35.5174  255 255 255
6.01283 -19.301 37.4171  255 255 255
-14.552 -19.0675 37.0716  255 255 255
-18.4307 -19.0906 37.002  255 255 255
70.1713 -26.4965 2.7052  255 255 255
71.6183 -26.0779 7.15005  255 255 255
72.1324 -26.1288 6.72332  255 255 255
0.803621 -19.5428 38.6819  255 255 255
-19.8205 -19.6683 35.3305  255 255 255
16.7961 -20.6562 34.007  255 255 255
76.5812 -24.1186 22.5893  255 255 255
73.6653 -22.6886 31.5505  255 255 255
-9.15616 -19.7518 37.8526  255 255 255
-27.0601 -20.3396 32.7105  255 255 255
-17.0127 -19.8766 37.878  255 255 255
-17.0127 -19.8766 37.878  255 255 255
23.349 -21.6138 33.2727  255 255 255
-26.1163 -20.6209 33.2851  255 255 255
-25.8369 -20.7097 33.1863  255 255 255
4.58073 -20.6225 38.0506  255 255 255
72.6921 -27.0507 9.03209  255 255 255
-48.4362 -26.5253 -3.88863  255 255 255
75.554 -25.9239 18.1737  255 255 255
-61.5536 -26.6253 -3.86882  255 255 255
-29.3341 -21.0012 33.6562  255 255 255
71.1893 -27.9231 6.99867  255 255 255
23.3129 -22.3014 33.8394  255 255 255
-2.20408 -20.9201 38.6324  255 255 255
74.2007 -24.4848 30.3354  255 255 255
74.7793 -24.4391 29.9561  255 255 255
73.4379 -27.7518 11.2107  255 255 255
-22.5361 -21.485 34.2211  255 255 255
-9.1278 -20.9307 39.1927  255 255 255
72.9588 -28.4616 8.88471  255 255 255
20.6609 -22.7172 34.8079  255 255 255
-26.6798 -21.8795 34.9571  255 255 255
-16.0421 -21.503 38.1725  255 255 255
-16.046 -21.5062 38.1839  255 255 255
70.7379 -29.9826 1.70286  255 255 255
76.2909 -27.0213 20.3061  255 255 255
72.492 -29.3534 7.15757  255 255 255
1.00639 -21.8078 39.9592  255 255 255
-17.8105 -22.078 36.5109  255 255 255
76.3978 -27.686 18.7816  255 255 255
-24.9787 -22.306 35.423  255 255 255
-5.38173 -21.9512 40.3938  255 255 255
76.3995 -28.1133 18.6032  255 255 255
48.6874 -30.4449 0.398278  255 255 255
-48.8534 -28.5287 -0.952204  255 255 255
-50.3436 -28.9476 -1.60696  255 255 255
-25.2505 -22.7988 35.7687  255 255 255
72.4321 -29.9502 10.1353  255 255 255
73.6191 -30.2603 8.55196  255 255 255
-26.289 -23.4409 33.9569  255 255 255
-25.9937 -23.4026 34.3831  255 255 255
-12.3033 -22.8139 39.1577  255 255 255
72.1403 -31.5701 4.39311  255 255 255
75.2462 -29.5023 16.3703  255 255 255
78.429 -28.2171 24.0073  255 255 255
78.8696 -28.2863 23.9511  255 255 255
77.8784 -28.4618 23.0387  255 255 255
-8.79342 -22.9028 40.4867  255 255 255
77.4729 -29.1353 19.9273  255 255 255
-22.8842 -23.3604 36.7832  255 255 255
-12.2063 -23.2651 39.0118  255 255 255
76.1691 -29.971 16.1114  255 255 255
74.6166 -31.1832 10.6396  255 255 255
72.6787 -32.3244 5.01755  255 255 255
-13.0745 -23.6747 38.5402  255 255 255
72.5468 -32.6094 5.31897  255 255 255
2.60929 -23.9099 40.7567  255 255 255
2.80774 -24.0976 40.7083  255 255 255
77.9539 -30.2158 20.9106  255 255 255
77.9539 -30.2158 20.9106  255 255 255
78.6553 -30.339 22.2  255 255 255
73.1305 -33.5 5.77362  255 255 255
14.1493 -25.4082 38.701  255 255 255
78.639 -30.6942 22.4716  255 255 255
17.8358 -25.6108 38.5075  255 255 255
78.5691 -30.7585 22.0762  255 255 255
-31.0571 -27.7035 23.0546  255 255 255
-4.49585 -24.8974 40.1749  255 255 255
75.6396 -32.6779 13.1149  255 255 255
-9.17138 -25.0321 39.5257  255 255 255
75.6232 -32.7831 13.641  255 255 255
79.3034 -31.4973 22.3831  255 255 255
76.5147 -32.9366 16.3368  255 255 255
17.4553 -26.3298 39.6065  255 255 255
77.2707 -32.8956 17.3952  255 255 255
79.2288 -31.9684 22.1388  255 255 255
79.0008 -31.9208 22.4663  255 255 255
15.7907 -26.6949 39.8985  255 255 255
-2.85726 -26.1502 40.0459  255 255 255
76.9067 -33.5383 16.6306  255 255 255
-14.9365 -26.0734 40.2448  255 255 255
7.94123 -26.7588 40.4881  255 255 255
78.0003 -33.517 19.1032  255 255 255
14.489 -27.0979 40.1252  255 255 255
9.70763 -26.9347 40.4002  255 255 255
-14.8571 -26.4879 40.3617  255 255 255
74.7259 -35.566 11.586  255 255 255
13.7987 -27.681 40.1966  255 255 255
74.7424 -35.967 11.3359  255 255 255
77.3273 -34.4756 18.7962  255 255 255
-27.9463 -29.4734 27.4219  255 255 255
-27.943 -29.4229 27.5626  255 255 255
-14.3896 -26.8115 40.9623  255 255 255
-8.49567 -26.9702 41.0073  255 255 255
14.5269 -27.9892 39.4281  255 255 255
-14.9757 -26.8861 41.0938  255 255 255
-52.416 -34.2061 4.55681  255 255 255
-59.4934 -33.9906 5.78429  255 255 255
-14.3702 -27.0287 41.2735  255 255 255
75.9818 -36.5403 11.8501  255 255 255
79.6281 -34.4935 21.7808  255 255 255
75.9639 -36.7875 11.4783  255 255 255
-16.9935 -27.4204 40.6151  255 255 255
10.1981 -28.0674 41.7575  255 255 255
75.9692 -37.0643 11.3626  255 255 255
78.7008 -35.6692 18.8512  255 255 255
3.26254 -27.9869 41.921  255 255 255
-17.6378 -27.9014 39.9942  255 255 255
9.0031 -28.1001 42.2022  255 255 255
-53.1358 -35.0878 6.81913  255 255 255
-53.1358 -35.0878 6.81913  255 255 255
78.8302 -35.9656 19.867  255 255 255
-7.92035 -28.0084 42.472  255 255 255
-7.92035 -28.0084 42.472  255 255 255
-16.8041 -28.4984 39.9503  255 255 255
76.0827 -38.3854 11.046  255 255 255
1.6802 -28.5545 42.8301  255 255 255
-5.69335 -28.5842 43.0329  255 255 255
-52.3597 -35.9456 8.30246  255 255 255
-3.00377 -28.8153 43.4134  255 255 255
4.40573 -29.0905 43.2717  255 255 255
0.227449 -29.2414 43.8003  255 255 255
-3.88902 -29.2482 43.878  255 255 255
0.376131 -29.5054 43.7285  255 255 255
-28.3542 -33.3951 24.5248  255 255 255
11.1029 -31.2447 38.6839  255 255 255
0.870329 -29.8625 43.443  255 255 255
-16.0142 -30.6186 38.5984  255 255 255
10.4282 -31.2021 39.3847  255 255 255
16.0168 -32.4989 35.0737  255 255 255
-3.38566 -30.3122 43.2217  255 255 255
-17.3535 -31.4889 37.2521  255 255 255
0.192587 -30.6361 42.7911  255 255 255
-13.1194 -31.6018 39.3001  255 255 255
-26.5246 -34.7872 25.2157  255 255 255
-1.99747 -31.9105 41.7877  255 255 255
4.49999 -32.3628 41.6625  255 255 255
-1.87202 -32.7939 41.2489  255 255 255
49.9093 -41.6321 15.0947  255 255 255
53.7302 -41.6887 15.5428  255 255 255
50.384 -41.7231 15.2152  255 255 255
47.6381 -42.0677 15.8004  255 255 255
4.11163 -34.0671 40.039  255 255 255
-14.1541 -35.1172 35.9972  255 255 255
-79.5222 -40.2669 13.9919  255 255 255
10.6747 -36.728 34.6814  255 255 255
2.61286 -35.5981 38.9319  255 255 255
9.76206 -38.9625 34.1509  255 255 255
71.8266 -45.3942 20.9028  255 255 255
9.15629 -39.4448 33.7118  255 255 255
-3.88378 -38.6247 36.7738  255 255 255
69.2006 -46.0087 22.094  255 255 255
-19.8485 -39.766 31.6091  255 255 255
-17.1701 -40.0868 31.314  255 255 255
-17.4368 -40.2775 31.183  255 255 255
-0.502743 -39.768 36.4056  255 255 255
58.1005 -46.4376 22.9255  255 255 255
55.98 -48.1651 26.0622  255 255 255
68.3411 -49.5244 26.0904  255 255 255
68.3411 -49.5244 26.0905  255 255 255
-7.8658 -43.9022 34.8864  255 255 255
61.5175 -50.7738 28.2874  255 255 255
-21.7442 -47.1083 30.5818  255 255 255
32.9179 -51.2147 27.3268  255 255 255
-43.6494 -49.4984 25.5148  255 255 255
-40.9082 -49.5402 25.962  255 255 255
18.3355 -49.8817 30.7249  255 255 255
-8.16085 -47.9883 36.7085  255 255 255
74.6683 -54.152 30.7133  255 255 255
61.4919 -53.2778 31.598  255 255 255
33.1056 -52.8897 29.7018  255 255 255
64.1451 -53.679 31.9169  255 255 255
65.9256 -53.8851 31.6064  255 255 255
-15.5363 -50.6086 31.6257  255 255 255
32.2335 -53.2596 30.1585  255 255 255
32.2335 -53.2596 30.1585  255 255 255
-36.3377 -51.5028 28.2367  255 255 255
70.5587 -55.6608 32.816  255 255 255
28.3565 -54.2093 31.5591  255 255 255
27.9142 -54.3925 31.6227  255 255 255
28.3074 -55.0964 32.7738  255 255 255
27.6649 -55.051 33.3923  255 255 255
27.8728 -55.3094 32.828  255 255 255
-32.7678 -54.0012 31.5879  255 255 255
-35.0624 -54.1458 31.9223  255 255 255
63.6974 -57.3611 35.7632  255 255 255
31.4312 -56.0215 34.9921  255 255 255
-45.3491 -55.2125 32.165  255 255 255
-28.7058 -55.2351 33.2996  255 255 255
-43.8564 -55.1285 32.9805  255 255 255
56.3241 -57.5918 37.496  255 255 255
-39.5197 -55.4154 33.3342  255 255 255
-30.6478 -55.7608 33.898  255 255 255
25.1862 -57.598 35.9185  255 255 255
56.392 -58.5881 37.7574  255 255 255
-34.4286 -56.205 34.4076  255 255 255
24.8808 -57.948 36.3463  255 255 255
-42.2357 -56.3764 34.2049  255 255 255
53.1598 -58.9812 38.028  255 255 255
-27.8598 -56.6947 35.3344  255 255 255
25.228 -58.0817 37.8922  255 255 255
33.7561 -59.1001 38.4443  255 255 255
-46.4516 -57.2342 35.5388  255 255 255
-33.6453 -57.5441 35.8533  255 255 255
-19.4508 -57.9453 36.7726  255 255 255
35.1897 -59.9 38.8467  255 255 255
57.1644 -60.8064 40.5093  255 255 255
-34.6657 -58.4465 37.4408  255 255 255
64.5308 -62.0282 40.56  255 255 255
-28.9425 -58.7076 37.6172  255 255 255
-58.8763 -58.8407 36.5132  255 255 255
-24.732 -58.9677 37.9128  255 255 255
18.2666 -60.2155 39.3904  255 255 255
-27.7786 -59.135 38.2479  255 255 255
-6.03402 -59.8581 38.9148  255 255 255
-23.5889 -59.5051 38.6285  255 255 255
50.522 -61.8873 42.0584  255 255 255
-10.462 -59.9758 39.3711  255 255 255
17.6207 -60.9483 40.314  255 255 255
-35.0237 -59.803 38.3055  255 255 255
15.9244 -60.6971 40.8012  255 255 255
-17.4998 -59.9863 39.0783  255 255 255
-10.5123 -60.1987 39.5254  255 255 255
-2.62008 -60.51 39.8037  255 255 255
-39.3885 -59.7434 38.8951  255 255 255
-1.39308 -60.619 39.8142  255 255 255
-23.0048 -59.9516 39.4818  255 255 255
-5.8996 -60.333 40.1518  255 255 255
14.6061 -61.1749 40.462  255 255 255
6.05327 -60.9364 40.3151  255 255 255
-13.8417 -60.2893 39.8736  255 255 255
44.8624 -62.1587 43.2013  255 255 255
38.0699 -62.0708 42.7272  255 255 255
-12.3585 -60.7027 40.4199  255 255 255
-12.3444 -60.7324 40.3594  255 255 255
1.41282 -61.0963 41.588  255 255 255
24.4507 -61.8062 42.7117  255 255 255
22.273 -61.7391 42.6375  255 255 255
-13.2197 -60.9202 40.6979  255 255 255
-4.28492 -61.2936 40.8217  255 255 255
6.11235 -61.448 41.6123  255 255 255
6.22447 -61.6696 41.2263  255 255 255
6.22447 -61.6696 41.2263  255 255 255
-18.1198 -60.9226 40.5707  255 255 255
43.9721 -62.975 43.3533  255 255 255
-3.15541 -61.6225 40.7469  255 255 255
54.083 -63.4585 43.8073  255 255 255
-18.3771 -61.133 40.8164  255 255 255
-5.48021 -61.6626 41.1557  255 255 255
-18.2157 -61.2533 41.0243  255 255 255
-18.2148 -61.2672 40.9866  255 255 255
18.6425 -62.6046 43.6525  255 255 255
-10.3124 -61.9668 42.608  255 255 255
20.4793 -63.1886 43.5264  255 255 255
-10.6496 -62.2814 42.4847  255 255 255
45.3867 -64.2641 45.1076  255 255 255
45.3868 -64.2642 45.1075  255 255 255
-87.5069 63.1965 -24.7612  255 255 255
35.583 83.389 -89.9129  255 255 255
-80.5952 64.5053 -29.5212  255 255 255
-81.3744 64.026 -28.9792  255 255 255
61.864 87.5571 -102.687  255 255 255
-57.2051 67.6132 -42.2871  255 255 255
-57.228 67.6972 -42.5389  255 255 255
-37.033 70.6534 -52.959  255 255 255
78.6309 90.2593 -110.716  255 255 255
78.7234 90.3139 -110.833  255 255 255
-59.4534 67.0607 -40.7056  255 255 255
-74.5419 64.8416 -33.0014  255 255 255
-76.2385 64.5266 -32.1688  255 255 255
-76.0849 64.2739 -31.3916  255 255 255
4.48655 77.2669 -74.7773  255 255 255
4.48655 77.2669 -74.7773  255 255 255
38.7773 83.1654 -92.3664  255 255 255
-54.6159 67.5817 -44.0806  255 255 255
-45.349 69.0436 -49.1023  255 255 255
-85.6755 62.4957 -26.2411  255 255 255
-37.5166 69.8033 -53.1987  255 255 255
-37.473 69.7416 -53.2283  255 255 255
41.0302 82.8024 -93.5132  255 255 255
-70.96 64.5598 -35.5739  255 255 255
41.8775 82.6222 -94.349  255 255 255
-78.7527 63.1952 -31.3754  255 255 255
66.5312 86.5696 -106.061  255 255 255
73.9773 87.7699 -109.814  255 255 255
77.9728 88.3505 -111.462  255 255 255
62.8653 85.6331 -104.519  255 255 255
-43.3331 68.0585 -51.1596  255 255 255
61.0627 58.4961 -15.6322  255 255 255
-31.9166 69.6135 -56.9711  255 255 255
40.1739 81.329 -93.5446  255 255 255
37.5866 81.0519 -93.2228  255 255 255
-71.9649 63.4622 -35.4984  255 255 255
75.838 86.9419 -111.227  255 255 255
-72.4068 63.3708 -35.691  255 255 255
12.9197 76.4219 -80.624  255 255 255
-24.7943 69.8887 -60.9796  255 255 255
56.7638 60.4623 -25.4539  255 255 255
38.1395 80.1691 -93.9887  255 255 255
37.0753 79.9035 -93.8211  255 255 255
63.7072 55.764 -10.6129  255 255 255
39.9856 79.8785 -94.7426  255 255 255
32.633 78.6845 -91.557  255 255 255
37.8262 79.264 -93.149  255 255 255
60.8603 57.4943 -16.9972  255 255 255
75.7173 85.5335 -112.356  255 255 255
-73.0386 62.1225 -35.6442  255 255 255
-71.5581 62.3166 -36.5515  255 255 255
40.7351 79.6988 -95.8658  255 255 255
-70.7211 62.4182 -37.0666  255 255 255
-3.23524 72.4514 -73.4199  255 255 255
49.1982 81.0018 -100.293  255 255 255
-70.3086 62.3546 -37.5295  255 255 255
50.687 80.8139 -99.6508  255 255 255
51.2397 81.151 -101.227  255 255 255
56.5694 59.6761 -26.6233  255 255 255
78.4386 85.4808 -114.429  255 255 255
85.5223 86.221 -116.627  255 255 255
-71.9867 61.5166 -35.6256  255 255 255
-91.9702 58.9531 -25.486  255 255 255
-91.9702 58.9531 -25.486  255 255 255
-2.99292 71.7855 -73.0136  255 255 255
32.5517 77.6507 -91.5709  255 255 255
52.003 80.858 -101.897  255 255 255
84.5726 86.0335 -117.05  255 255 255
28.1334 76.9285 -90.1207  255 255 255
61.737 56.3701 -16.6045  255 255 255
-142.739 83.519 -108.199  255 255 255
-57.076 63.6586 -45.0757  255 255 255
-56.9902 63.4274 -44.2892  255 255 255
56.6176 46.0655 18.6413  255 255 255
56.5623 46.0222 18.6907  255 255 255
60.0219 56.9249 -19.4903  255 255 255
0.157986 71.9038 -75.3669  255 255 255
0.181633 71.8905 -75.388  255 255 255
58.7888 57.3643 -22.773  255 255 255
56.2187 46.0903 16.1403  255 255 255
56.8828 46.4084 15.3036  255 255 255
56.9692 45.7505 17.3184  255 255 255
-89.6712 58.251 -27.4032  255 255 255
84.3651 83.7548 -118.118  255 255 255
82.4865 83.3364 -117.517  255 255 255
19.3463 73.5664 -87.4372  255 255 255
57.2134 44.9431 17.5509  255 255 255
57.2387 44.9355 17.5319  255 255 255
18.8095 73.0976 -87.4977  255 255 255
41.4638 69.5661 -73.3711  255 255 255
-72.525 59.3971 -37.8896  255 255 255
84.3982 82.7775 -119.312  255 255 255
-12.9263 67.6776 -70.8849  255 255 255
-72.6042 59.0322 -38.3337  255 255 255
64.2 52.3022 -11.7565  255 255 255
-91.9684 56.2705 -27.2279  255 255 255
59.4915 42.246 23.6508  255 255 255
-85.994 56.6207 -30.5929  255 255 255
80.436 81.7787 -121.963  255 255 255
-53.1671 60.5752 -49.9199  255 255 255
63.0623 77.5253 -111.055  255 255 255
69.9337 78.7333 -115.073  255 255 255
-7.74988 66.3622 -75.2736  255 255 255
-7.75615 66.3739 -75.2636  255 255 255
-40.7572 61.6724 -57.207  255 255 255
-36.0925 62.2472 -60.2008  255 255 255
-36.1277 62.2056 -60.0043  255 255 255
57.3047 42.8949 16.3953  255 255 255
-11.2522 65.1665 -73.4554  255 255 255
-11.2522 65.1665 -73.4554  255 255 255
-54.7296 59.3263 -50.3299  255 255 255
-54.7296 59.3263 -50.3299  255 255 255
-83.1132 55.6471 -34.2663  255 255 255
-82.2913 55.7901 -35.1292  255 255 255
57.0444 42.629 15.6242  255 255 255
61.5126 75.5986 -111.603  255 255 255
61.44 75.5506 -111.388  255 255 255
-82.6321 55.4241 -34.671  255 255 255
-125.838 68.7841 -82.4582  255 255 255
-5.43931 65.4113 -76.7598  255 255 255
60.0734 40.8125 21.0377  255 255 255
-118.144 64.43 -70.4893  255 255 255
62.1653 50.4321 -18.0412  255 255 255
59.0206 73.6286 -111.053  255 255 255
-123.854 66.6781 -80.8335  255 255 255
59.1924 40.5716 18.6172  255 255 255
62.6375 38.3063 26.6202  255 255 255
-93.8513 52.2986 -29.6938  255 255 255
-14.209 62.2024 -74.1268  255 255 255
-14.209 62.2024 -74.1268  255 255 255
63.617 37.9033 28.04  255 255 255
59.4684 51.1746 -25.1884  255 255 255
59.1463 51.0586 -26.1735  255 255 255
-55.0433 56.5754 -51.8378  255 255 255
-43.9374 57.8806 -58.3287  255 255 255
-36.7969 58.7365 -61.8367  255 255 255
-68.8636 54.6771 -44.3518  255 255 255
-61.853 55.6028 -48.5235  255 255 255
57.9992 40.0925 16.1419  255 255 255
57.7716 39.9682 15.8595  255 255 255
59.9968 38.7103 19.9949  255 255 255
62.7333 37.5257 25.2546  255 255 255
-15.8069 60.3843 -74.5685  255 255 255
-15.8256 60.328 -74.4297  255 255 255
-4.90398 61.5419 -79.9586  255 255 255
-4.90396 61.542 -79.9588  255 255 255
-111.394 58.324 -61.2576  255 255 255
-86.6306 51.6149 -35.3975  255 255 255
-53.3405 55.0449 -54.0933  255 255 255
57.5162 49.849 -30.6997  255 255 255
41.3546 66.7302 -106.159  255 255 255
56.4627 39.407 11.8024  255 255 255
-15.315 59.002 -75.8565  255 255 255
59.5565 37.6836 18.1171  255 255 255
59.5565 37.6836 18.1171  255 255 255
63.6916 36.0738 26.348  255 255 255
61.2126 46.7651 -21.5955  255 255 255
32.8222 64.9883 -102.437  255 255 255
29.754 64.2669 -100.885  255 255 255
-38.1389 55.1397 -63.6338  255 255 255
66.3168 34.1489 32.5806  255 255 255
-7.08054 58.5232 -80.7812  255 255 255
67.0765 33.493 33.9036  255 255 255
-4.86671 58.5962 -82.2893  255 255 255
66.9563 33.5687 33.2564  255 255 255
63.7381 67.277 -119.216  255 255 255
63.8549 67.3917 -119.453  255 255 255
67.1365 33.1115 34.0054  255 255 255
67.2188 33.1411 33.8838  255 255 255
61.9928 45.44 -22.3823  255 255 255
59.5659 36.4276 17.1601  255 255 255
67.1723 32.8233 32.7982  255 255 255
34.5903 62.1909 -104.9  255 255 255
68.1468 32.2083 34.9617  255 255 255
-44.671 51.6513 -61.5968  255 255 255
-28.7637 53.4542 -71.2036  255 255 255
56.9805 36.5323 10.7588  255 255 255
-73.0844 48.3844 -46.1704  255 255 255
56.8289 36.2813 10.2136  255 255 255
57.1657 36.0608 10.8477  255 255 255
62.562 33.627 22.928  255 255 255
67.5095 31.4227 32.6329  255 255 255
67.9267 31.2673 33.4757  255 255 255
62.5685 33.2297 22.7126  255 255 255
62.5685 33.2297 22.7126  255 255 255
-113.837 53.3964 -70.6725  255 255 255
-52.5034 49.3465 -57.9283  255 255 255
60.0176 34.1851 16.4602  255 255 255
-26.8913 52.1107 -73.6647  255 255 255
28.8755 58.6381 -104.644  255 255 255
63.1496 32.5198 23.3611  255 255 255
-26.6403 51.6653 -74.0355  255 255 255
-38.6118 50.3313 -67.2392  255 255 255
59.9226 33.7707 16.2657  255 255 255
60.3934 33.4522 17.3905  255 255 255
-40.0896 49.7561 -66.5126  255 255 255
-64.4269 47.2153 -53.8594  255 255 255
-69.6286 46.4319 -50.319  255 255 255
-69.614 46.4499 -50.3336  255 255 255
-51.4086 48.2141 -60.8058  255 255 255
69.0805 29.5693 34.5106  255 255 255
57.6166 33.8016 10.7518  255 255 255
60.8888 32.1882 18.3214  255 255 255
58.0895 42.0855 -34.2501  255 255 255
59.3939 41.4648 -31.2412  255 255 255
61.2315 40.0565 -26.2007  255 255 255
-62.4582 45.494 -55.4212  255 255 255
65.4936 29.6439 27.1265  255 255 255
-147.397 58.681 -116.037  255 255 255
62.0211 39.7148 -27.0864  255 255 255
62.0211 39.7148 -27.0864  255 255 255
-105.951 46.3609 -58.0364  255 255 255
56.8835 41.0334 -38.3183  255 255 255
55.4772 32.9058 4.4974  255 255 255
-51.5379 45.2126 -62.7359  255 255 255
-51.4927 45.199 -62.8302  255 255 255
-4.12152 49.7265 -89.5032  255 255 255
-56.0256 44.5828 -60.1571  255 255 255
56.1993 32.3688 5.94719  255 255 255
-70.536 43.1448 -52.0421  255 255 255
-70.4808 43.0957 -51.9019  255 255 255
-69.6404 43.0666 -51.6554  255 255 255
-52.2672 44.3965 -62.6202  255 255 255
61.2915 37.9124 -27.8433  255 255 255
-89.2597 40.7397 -42.1308  255 255 255
55.5247 31.8732 3.87966  255 255 255
58.3394 30.8447 10.3861  255 255 255
-88.0204 40.3902 -43.2386  255 255 255
-24.9512 45.7305 -79.1662  255 255 255
58.3767 30.3128 10.6573  255 255 255
-82.7665 40.9197 -47.0983  255 255 255
-88.064 39.9025 -43.5027  255 255 255
-88.1422 39.9404 -43.7704  255 255 255
-83.6319 40.2998 -46.8124  255 255 255
-82.0617 39.6562 -47.6422  255 255 255
62.8087 35.4174 -25.4945  255 255 255
68.4508 25.74 31.8941  255 255 255
68.3209 25.6939 31.9942  255 255 255
57.3974 29.4588 7.41025  255 255 255
63.8633 34.6173 -23.1653  255 255 255
-32.635 43.0217 -76.4834  255 255 255
-88.2711 38.6107 -44.5748  255 255 255
-27.2317 43.5139 -79.6687  255 255 255
60.1274 35.9961 -33.3314  255 255 255
63.3753 34.5565 -24.3719  255 255 255
64.0709 34.1936 -23.0563  255 255 255
-70.0383 38.3168 -48.9051  255 255 255
-70.4106 37.9503 -48.5569  255 255 255
64.0861 33.6871 -23.2349  255 255 255
-41.1154 41.365 -71.9166  255 255 255
-41.1331 41.3839 -72.0845  255 255 255
-141.838 48.3253 -103.18  255 255 255
-34.0517 41.7284 -77.3088  255 255 255
-7.24051 43.8645 -92.2479  255 255 255
65.4414 25.2273 25.3782  255 255 255
-8.05478 42.9943 -92.2137  255 255 255
-91.6331 36.3483 -44.3739  255 255 255
60.2192 26.5255 13.1545  255 255 255
60.2416 26.5293 13.1179  255 255 255
60.2299 26.5332 13.1214  255 255 255
-68.3644 37.6175 -57.4445  255 255 255
-52.7346 39.0053 -69.3222  255 255 255
-65.9093 37.3581 -59.1853  255 255 255
24.8902 41.6981 -91.2567  255 255 255
-71.9678 36.8416 -56.5865  255 255 255
-4.67605 41.2759 -91.0418  255 255 255
65.846 24.1166 25.2989  255 255 255
60.9553 25.6616 14.1969  255 255 255
64.1885 24.6309 21.1609  255 255 255
66.7341 23.6749 26.7663  255 255 255
66.6278 23.6338 26.9054  255 255 255
57.624 26.513 4.97767  255 255 255
57.5574 26.4801 5.12636  255 255 255
65.9278 23.6355 24.9154  255 255 255
64.0995 24.1248 21.2789  255 255 255
57.2534 26.3703 4.87021  255 255 255
-32.6674 37.7359 -80.6977  255 255 255
-3.06848 38.5868 -87.3389  255 255 255
-61.6655 35.7252 -63.3834  255 255 255
56.7579 25.8276 2.95134  255 255 255
61.164 24.2762 14.3308  255 255 255
-84.909 34.2001 -50.7175  255 255 255
67.5973 22.339 28.0933  255 255 255
67.4863 22.3042 28.1583  255 255 255
59.9213 24.5762 10.5199  255 255 255
67.9166 22.0878 29.0246  255 255 255
67.9166 22.0878 29.0246  255 255 255
54.9271 25.8343 -1.15466  255 255 255
67.3642 22.1039 27.0329  255 255 255
-81.3542 34.1832 -56.7261  255 255 255
59.5954 24.2343 9.61723  255 255 255
-80.9839 34.1733 -57.3775  255 255 255
-59.3611 34.7479 -65.9814  255 255 255
-48.7748 35.4789 -72.4429  255 255 255
-34.0552 36.435 -80.9967  255 255 255
64.6437 22.3871 21.3684  255 255 255
64.6461 22.3908 21.3625  255 255 255
-81.4231 33.7273 -57.336  255 255 255
55.4682 24.7449 -0.253677  255 255 255
-86.9725 32.2937 -50.6705  255 255 255
-93.2655 31.7142 -46.936  255 255 255
-71.2398 32.7976 -59.8284  255 255 255
69.0287 20.4241 30.6505  255 255 255
62.7593 22.067 16.3614  255 255 255
62.8193 22.0771 16.3543  255 255 255
-42.019 33.9563 -77.7462  255 255 255
3.50086 34.0775 -80.9848  255 255 255
60.0767 22.7179 9.37025  255 255 255
57.8879 22.7829 4.4561  255 255 255
-39.3472 33.166 -78.2504  255 255 255
-93.9458 29.1681 -46.8579  255 255 255
52.2736 31.6596 -78.4529  255 255 255
56.6244 27.8213 -48.2193  255 255 255
57.5186 21.5687 2.9829  255 255 255
60.3531 20.8696 9.28838  255 255 255
-67.3298 29.6779 -62.2293  255 255 255
-79.2586 29.7518 -60.9975  255 255 255
5.24663 30.3727 -76.9992  255 255 255
66.0451 19.0033 22.924  255 255 255
66.0435 19.0595 22.9163  255 255 255
70.687 17.8762 32.8493  255 255 255
67.4185 18.8165 22.5015  255 255 255
57.4998 26.3378 -46.8937  255 255 255
57.5259 26.4507 -47.0054  255 255 255
-87.94 28.1886 -52.4909  255 255 255
-45.0981 29.8777 -76.6533  255 255 255
-86.9653 27.8916 -52.6839  255 255 255
66.7165 18.2787 23.7473  255 255 255
66.4236 18.1849 23.4467  255 255 255
-81.3408 28.2883 -62.0744  255 255 255
66.9623 17.8875 23.6933  255 255 255
35.9804 28.3984 -76.2827  255 255 255
-72.3895 27.6535 -62.1747  255 255 255
59.9764 24.5623 -40.7469  255 255 255
-92.7038 26.7282 -51.123  255 255 255
60.7751 18.941 9.43107  255 255 255
-88.8867 26.5208 -54.3821  255 255 255
56.0797 19.6279 -1.88527  255 255 255
56.6768 19.55 -1.89484  255 255 255
56.6995 19.503 -1.86278  255 255 255
61.1576 18.278 9.77052  255 255 255
61.055 18.2419 10.0054  255 255 255
56.483 19.1347 -2.13176  255 255 255
66.4567 16.7263 22.2222  255 255 255
3.88003 25.1957 -70.1401  255 255 255
61.9589 17.3442 11.2284  255 255 255
-38.6451 25.3476 -70.1543  255 255 255
68.5343 15.6182 26.3391  255 255 255
-36.0454 24.8244 -68.8082  255 255 255
66.336 15.8657 21.7257  255 255 255
70.2633 14.8055 31.143  255 255 255
70.5074 14.7567 31.679  255 255 255
61.313 16.4705 8.72226  255 255 255
70.5662 14.4895 31.5417  255 255 255
58.9405 16.8999 3.56323  255 255 255
-15.9375 23.0184 -67.2546  255 255 255
66.2888 15.1498 21.1498  255 255 255
38.1677 22.4526 -66.8997  255 255 255
-93.4065 22.5984 -52.8629  255 255 255
66.588 14.6319 20.3931  255 255 255
-12.3478 22.2136 -65.9568  255 255 255
-90.4776 22.3092 -53.6077  255 255 255
-18.2505 22.0913 -65.7093  255 255 255
-2.64038 21.8275 -64.0534  255 255 255
57.8904 15.9514 2.3262  255 255 255
-45.2155 22.0219 -64.9988  255 255 255
63.0293 18.9612 -35.4693  255 255 255
59.7837 15.4687 4.18277  255 255 255
43.4098 20.7444 -64.8009  255 255 255
59.767 15.0021 4.4165  255 255 255
-16.3603 20.1628 -63.4134  255 255 255
71.6479 12.5114 32.5512  255 255 255
-75.1589 20.9589 -65.6636  255 255 255
-20.926 18.8708 -61.0198  255 255 255
-17.2521 18.9167 -62.2552  255 255 255
-10.8473 18.8163 -61.7442  255 255 255
-12.8095 18.7357 -61.9495  255 255 255
68.4204 12.3246 24.6172  255 255 255
62.1702 16.6584 -36.6728  255 255 255
61.6244 13.3664 7.73543  255 255 255
64.9441 12.8053 16.1985  255 255 255
65 12.8088 16.1626  255 255 255
64.196 12.6563 14.1136  255 255 255
64.2002 12.6519 14.116  255 255 255
-64.6907 18.9038 -62.8707  255 255 255
-85.961 19.2796 -62.3833  255 255 255
56.1537 13.2885 -6.21023  255 255 255
-11.348 16.2432 -58.5855  255 255 255
58.7409 12.3569 -0.462281  255 255 255
59.7191 12.2405 1.63987  255 255 255
-14.5214 16.0809 -58.7313  255 255 255
-61.1258 15.7895 -58.6029  255 255 255
60.0225 11.2424 1.40909  255 255 255
-17.0891 14.7721 -56.4177  255 255 255
63.1583 10.282 9.46722  255 255 255
-34.925 14.0447 -56.8762  255 255 255
71.2657 8.82051 29.1555  255 255 255
65.8105 9.27261 16.5375  255 255 255
-13.0221 12.9339 -54.396  255 255 255
66.1023 8.8187 16.5564  255 255 255
-14.0997 12.2706 -52.9225  255 255 255
-6.59213 8.06827 22.9508  255 255 255
-3.15378 7.73073 21.8363  255 255 255
-78.246 12.3641 -54.5934  255 255 255
59.9812 8.45461 0.283504  255 255 255
60.3945 8.15495 1.13109  255 255 255
58.4703 8.24326 -4.62944  255 255 255
-12.4039 7.06242 21.0534  255 255 255
59.2165 7.6663 -2.20617  255 255 255
63.9699 7.0103 9.51931  255 255 255
64.0354 7.01322 9.38418  255 255 255
59.4424 7.22394 -2.2654  255 255 255
66.7665 6.56066 15.585  255 255 255
-58.5713 9.75557 -50.2723  255 255 255
70.5916 6.04953 26.3538  255 255 255
61.3789 6.77728 2.91878  255 255 255
55.8939 7.21744 -11.9642  255 255 255
60.9227 6.7868 1.70268  255 255 255
-24.8416 8.55479 -50.1254  255 255 255
65.4568 5.84316 12.6959  255 255 255
65.5311 5.45064 12.3346  255 255 255
64.8923 5.34246 10.7024  255 255 255
72.5667 4.77588 30.1364  255 255 255
65.1908 5.28629 11.0394  255 255 255
65.0879 5.25963 11.2192  255 255 255
66.0784 5.17198 13.9841  255 255 255
65.6157 4.95862 12.4368  255 255 255
65.6157 4.95862 12.4368  255 255 255
68.7448 4.72776 18.1254  255 255 255
68.6918 4.69912 18.2219  255 255 255
70.6061 4.52908 25.1236  255 255 255
70.6061 4.52908 25.1236  255 255 255
72.3322 4.36622 29.3795  255 255 255
71.0378 4.18158 24.2115  255 255 255
70.4281 4.16638 25.0847  255 255 255
-20.0145 4.97038 -0.435872  255 255 255
62.2289 4.25343 3.26724  255 255 255
65.4974 3.94483 11.5876  255 255 255
70.3976 3.64511 24.671  255 255 255
-41.7484 5.44953 -44.4042  255 255 255
70.9522 3.44757 25.7535  255 255 255
63.4963 3.72551 7.32201  255 255 255
-21.2099 4.10363 0.584399  255 255 255
70.4062 3.32764 24.4263  255 255 255
63.5443 3.56757 6.40342  255 255 255
63.5443 3.56757 6.40341  255 255 255
-1.30886 3.25808 28.8236  255 255 255
67.5068 3.376 16.5767  255 255 255
66.4748 3.31827 13.6864  255 255 255
71.3961 3.09322 26.2223  255 255 255
69.7221 3.11579 22.8112  255 255 255
69.6691 3.0767 22.0838  255 255 255
70.6403 2.9465 24.4702  255 255 255
70.636 2.96435 24.4602  255 255 255
67.8091 3.00651 17.0367  255 255 255
-116.986 6.19866 -46.267  255 255 255
67.125 2.84442 14.944  255 255 255
67.1249 2.84442 14.944  255 255 255
55.1218 3.20949 -17.3658  255 255 255
70.7546 2.52536 24.6483  255 255 255
68.2346 2.51228 17.7634  255 255 255
-22.8324 3.11604 2.16574  255 255 255
64.1091 2.53535 6.97989  255 255 255
70.3327 2.25313 23.6384  255 255 255
71.3411 2.03018 23.8438  255 255 255
60.234 2.15966 -3.42816  255 255 255
70.3595 1.82427 23.3409  255 255 255
67.5276 1.84855 15.1535  255 255 255
67.3742 1.78433 15.3704  255 255 255
69.2495 1.49449 15.7465  255 255 255
66.9774 1.5743 13.7977  255 255 255
67.0512 1.57013 13.7338  255 255 255
-47.7997 2.59091 -41.487  255 255 255
69.328 1.39045 19.7104  255 255 255
69.9948 1.30107 22.696  255 255 255
67.7617 1.20137 15.3539  255 255 255
-26.021 1.73648 3.67696  255 255 255
70.061 1.05076 21.636  255 255 255
62.2493 0.978291 0.805743  255 255 255
69.7891 0.809997 20.4758  255 255 255
69.6832 0.785466 20.6087  255 255 255
69.8073 0.718441 21.8886  255 255 255
68.5471 0.661011 17.0011  255 255 255
68.549 0.660483 16.9987  255 255 255
71.0592 0.635011 24.067  255 255 255
71.0592 0.635012 24.067  255 255 255
-77.9105 1.90922 -37.474  255 255 255
-25.839 0.939783 4.84451  255 255 255
62.485 0.295291 1.19235  255 255 255
51.3446 0.119499 -38.6532  255 255 255
62.7573 0.117315 1.6198  255 255 255
73.2586 0.0787659 29.4877  255 255 255
68.1506 -0.0967556 15.652  255 255 255
-51.0791 0.697878 -38.53  255 255 255
62.6702 -0.197587 1.28843  255 255 255
-14.0182 0.296257 30.1858  255 255 255
59.6786 -0.331508 -7.22697  255 255 255
70.9431 -0.296042 23.5061  255 255 255
70.3493 -0.48457 21.7186  255 255 255
63.0366 -0.848692 1.59705  255 255 255
71.1088 -0.787835 23.2537  255 255 255
71.0915 -0.77 23.2621  255 255 255
-8.15781 -0.382063 33.9121  255 255 255
73.6947 -0.847677 27.4162  255 255 255
63.3052 -1.13457 2.27399  255 255 255
69.238 -1.21832 17.7897  255 255 255
63.1207 -1.63751 1.26351  255 255 255
70.5258 -1.63891 20.8619  255 255 255
58.2473 -2.2519 -12.6809  255 255 255
-22.8025 -1.19536 13.4965  255 255 255
70.4857 -1.8444 20.4842  255 255 255
-73.692 -1.2644 -36.5396  255 255 255
55.7769 -3.04542 -18.7812  255 255 255
72.7323 -2.23019 26.4985  255 255 255
-23.0592 -1.76281 14.4125  255 255 255
67.3878 -2.7185 11.8103  255 255 255
68.4226 -2.62932 14.9169  255 255 255
70.4245 -2.93308 19.5649  255 255 255
70.3381 -2.94471 19.666  255 255 255
4.75207 -2.25097 35.3112  255 255 255
56.7065 -4.2023 -18.0431  255 255 255
63.6192 -3.88929 1.25604  255 255 255
67.6183 -3.79253 11.4425  255 255 255
72.6998 -3.78394 25.7579  255 255 255
65.9334 -4.36965 6.85567  255 255 255
67.1093 -4.29464 9.99079  255 255 255
75.0658 -3.90969 28.4831  255 255 255
-28.4194 -3.44243 10.8192  255 255 255
0.425813 -3.10305 36.8724  255 255 255
68.8613 -4.31899 14.4495  255 255 255
68.8615 -4.32779 14.4699  255 255 255
-20.8391 -3.36712 26.2053  255 255 255
70.8348 -4.35616 18.3347  255 255 255
74.4191 -4.38788 29.0784  255 255 255
-6.16784 -3.52356 36.7617  255 255 255
67.1172 -5.15315 8.7545  255 255 255
-4.51249 -3.58063 36.9827  255 255 255
0.0859853 -3.80446 37.3161  255 255 255
65.1951 -5.70178 3.8023  255 255 255
-50.8076 -5.65923 -32.2943  255 255 255
-77.4743 -5.27211 -32.0537  255 255 255
70.9693 -5.32086 19.9628  255 255 255
-17.8706 -4.21408 30.5921  255 255 255
-4.27373 -4.26116 37.4587  255 255 255
-4.28928 -4.2505 37.5797  255 255 255
-11.1189 -4.5029 35.6363  255 255 255
8.75853 -4.8185 34.82  255 255 255
55.2421 -7.70174 -23.9661  255 255 255
-61.9388 -6.8876 -29.5103  255 255 255
69.8252 -6.61531 15.6051  255 255 255
2.6598 -5.23231 37.571  255 255 255
57.4383 -8.30741 -18.8349  255 255 255
1.09539 -5.33073 37.7051  255 255 255
55.6698 -9.25804 -25.2474  255 255 255
65.2753 -8.16696 2.12339  255 255 255
67.5504 -7.82147 10.5685  255 255 255
27.1205 -7.25721 14.7082  255 255 255
68.3439 -7.78388 12.3664  255 255 255
66.9043 -8.1829 6.55028  255 255 255
67.0763 -8.17252 7.09097  255 255 255
56.7242 -9.82133 -25.5795  255 255 255
55.9017 -9.74561 -23.4352  255 255 255
65.4268 -8.67851 2.24848  255 255 255
67.81 -8.323 9.29324  255 255 255
-32.1662 -6.80628 15.0269  255 255 255
67.366 -8.42783 7.62407  255 255 255
74.4209 -7.53936 27.0915  255 255 255
-16.9212 -6.21951 32.6018  255 255 255
-76.6753 -8.43269 -27.8063  255 255 255
66.8888 -8.89646 5.65733  255 255 255
67.4606 -8.95835 7.53127  255 255 255
67.7028 -8.8699 8.30461  255 255 255
72.7084 -8.37499 22.3525  255 255 255
75.0318 -8.1611 28.3171  255 255 255
67.1745 -9.34585 6.27669  255 255 255
68.141 -9.21746 9.31108  255 255 255
56.5426 -10.9672 -24.1098  255 255 255
69.496 -9.01874 12.842  255 255 255
74.4389 -8.30925 27.127  255 255 255
65.6374 -9.72229 1.94444  255 255 255
67.901 -9.33646 8.4883  255 255 255
72.5399 -8.62547 22.1467  255 255 255
72.5399 -8.62547 22.1467  255 255 255
68.9826 -9.65059 11.3987  255 255 255
70.5318 -9.4829 16.7536  255 255 255
-30.2805 -8.20332 17.0373  255 255 255
65.5198 -10.5139 1.38594  255 255 255
65.5794 -10.5198 1.26403  255 255 255
67.6127 -10.1774 6.98783  255 255 255
74.9405 -9.11844 27.4105  255 255 255
59.8027 -11.5834 -14.1855  255 255 255
-54.0799 -10.7128 -24.0507  255 255 255
-11.4795 -7.56808 36.8431  255 255 255
68.7678 -10.4357 9.91911  255 255 255
-57.2459 -10.9252 -23.8073  255 255 255
68.3798 -10.6105 8.36345  255 255 255
-60.2085 -11.0484 -23.6556  255 255 255
69.1235 -10.6043 10.9976  255 255 255
69.1192 -10.602 10.9978  255 255 255
-57.7479 -11.0716 -23.5825  255 255 255
-6.17865 -7.85915 38.6036  255 255 255
71.9275 -10.2067 18.8657  255 255 255
64.6934 -11.8468 -1.81448  255 255 255
-57.5822 -11.5353 -22.9208  255 255 255
-57.5968 -11.5216 -22.9008  255 255 255
58.3614 -13.1531 -20.9798  255 255 255
66.7485 -11.841 3.1948  255 255 255
69.2015 -11.4864 11.1953  255 255 255
74.209 -10.643 24.6754  255 255 255
-22.8438 -9.18709 26.146  255 255 255
66.9959 -12.2024 3.76681  255 255 255
-23.4657 -9.56392 24.3884  255 255 255
-53.2987 -12.544 -21.4035  255 255 255
-54.1789 -12.7641 -21.0854  255 255 255
-58.0619 -12.7604 -21.2275  255 255 255
74.6056 -11.2096 25.6987  255 255 255
74.6366 -11.2046 25.668  255 255 255
62.3652 -13.8011 -9.12347  255 255 255
74.4732 -11.3077 25.2021  255 255 255
72.8016 -11.7439 21.0105  255 255 255
-24.2233 -10.0249 24.9141  255 255 255
67.0961 -13.0173 3.51911  255 255 255
66.9083 -13.0454 3.79742  255 255 255
75.2938 -11.5172 26.8958  255 255 255
-0.738693 -9.56084 39.3469  255 255 255
60.6341 -14.795 -14.4123  255 255 255
20.9822 -11.1982 25.3775  255 255 255
68.5925 -13.329 7.55072  255 255 255
-70.4238 -13.5904 -20.2375  255 255 255
66.7777 -13.9362 2.52978  255 255 255
-6.67587 -10.0004 38.8764  255 255 255
67.5552 -14.1942 3.93609  255 255 255
-32.4976 -11.2161 20.9922  255 255 255
-61.4242 -14.2983 -20.1653  255 255 255
-25.8874 -11.0177 26.4696  255 255 255
66.6848 -14.6705 2.02341  255 255 255
10.1059 -11.176 36.1847  255 255 255
67.2691 -15.0895 2.40816  255 255 255
-61.0076 -14.9854 -18.5572  255 255 255
-21.2335 -11.4309 29.3678  255 255 255
-21.212 -11.4527 29.4202  255 255 255
74.9658 -13.5321 25.0169  255 255 255
-9.79036 -11.334 38.1594  255 255 255
64.3658 -16.7731 -7.57258  255 255 255
-24.407 -12.1165 27.8391  255 255 255
6.27325 -11.9951 37.9632  255 255 255
68.6875 -16.106 5.7267  255 255 255
-5.81249 -11.6919 39.3744  255 255 255
69.2412 -16.0947 7.25642  255 255 255
68.2798 -16.3845 5.39464  255 255 255
67.0597 -16.8881 0.741785  255 255 255
67.0102 -16.8843 0.821634  255 255 255
69.9119 -16.2336 8.64776  255 255 255
75.5219 -14.8184 25.7114  255 255 255
74.9968 -14.9807 24.9048  255 255 255
75.3132 -15.0798 25.0817  255 255 255
75.1762 -15.0651 25.2731  255 255 255
66.2448 -17.8172 -1.23178  255 255 255
-22.3346 -13.1341 29.6147  255 255 255
72.119 -16.2812 14.9788  255 255 255
72.0819 -16.2841 15.0007  255 255 255
-45.0784 -17.3484 -15.3749  255 255 255
-45.0932 -17.3747 -15.5692  255 255 255
-9.72045 -12.5598 38.3885  255 255 255
29.1483 -14.8005 24.0206  255 255 255
68.166 -17.9247 3.42201  255 255 255
-73.2404 -17.6008 -16.2148  255 255 255
-63.7454 -17.6515 -15.5162  255 255 255
74.831 -16.1347 23.0159  255 255 255
-3.63392 -13.0201 39.6983  255 255 255
67.1818 -18.7844 -0.38703  255 255 255
70.0407 -17.9937 7.80573  255 255 255
71.8688 -17.4738 12.9006  255 255 255
-15.8119 -13.5595 35.0995  255 255 255
-71.7778 -18.1134 -14.3633  255 255 255
-32.8769 -14.4425 25.3037  255 255 255
-19.6336 -13.9394 31.4933  255 255 255
-59.2657 -19.0878 -13.2011  255 255 255
76.3606 -17.139 25.6463  255 255 255
69.2465 -19.554 4.59795  255 255 255
-31.8803 -15.178 26.103  255 255 255
-71.1061 -19.1516 -13.2966  255 255 255
-58.869 -19.71 -12.3779  255 255 255
-67.3394 -19.6366 -13.0268  255 255 255
-15.382 -14.8334 35.4518  255 255 255
-18.9772 -15.1896 32.1722  255 255 255
67.7197 -20.7873 -0.163343  255 255 255
69.0362 -20.3595 3.3912  255 255 255
-95.0578 -19.6026 -13.1027  255 255 255
-64.1696 -20.0793 -11.9912  255 255 255
-30.0243 -15.8814 27.2037  255 255 255
-24.443 -15.5833 30.7651  255 255 255
72.0291 -19.7793 11.9087  255 255 255
71.987 -19.7538 11.926  255 255 255
12.0795 -15.7183 35.4333  255 255 255
73.2756 -19.4085 16.3309  255 255 255
-13.6354 -15.433 36.4183  255 255 255
73.911 -19.4392 19.1686  255 255 255
-64.5447 -20.6892 -11.41  255 255 255
-6.65965 -15.4096 39.3797  255 255 255
76.6215 -18.9628 25.2898  255 255 255
-60.2455 -20.8888 -11.2502  255 255 255
-60.2455 -20.8888 -11.2502  255 255 255
22.5211 -17.4877 28.073  255 255 255
68.578 -21.8313 0.831146  255 255 255
73.7699 -20.7527 10.9441  255 255 255
12.0173 -16.581 34.4822  255 255 255
72.505 -20.624 12.2541  255 255 255
-65.6264 -21.1095 -11.3896  255 255 255
76.2212 -19.3577 23.9177  255 255 255
-6.17535 -15.7449 39.3974  255 255 255
68.5209 -22.3466 1.02273  255 255 255
75.8386 -20.3301 22.7097  255 255 255
-33.5803 -18.4109 20.6863  255 255 255
16.2214 -17.746 33.6754  255 255 255
77.1504 -20.2442 25.5777  255 255 255
-13.5017 -17.4388 36.1947  255 255 255
-63.5971 -22.9703 -8.63  255 255 255
68.2064 -24.6744 -1.07464  255 255 255
69.3667 -24.3374 1.79795  255 255 255
-53.3139 -23.3764 -8.11926  255 255 255
69.9009 -24.3835 2.84982  255 255 255
-5.85502 -17.6395 38.9659  255 255 255
-0.631108 -17.7547 39.2772  255 255 255
5.06598 -18.226 37.9805  255 255 255
-63.6989 -23.55 -7.85399  255 255 255
-69.4108 -23.803 -7.81644  255 255 255
-70.1354 -23.8901 -7.90183  255 255 255
72.3572 -23.9092 12.7276  255 255 255
-3.29608 -18.3925 39.1551  255 255 255
-60.1542 -24.114 -6.29034  255 255 255
-10.2035 -18.553 37.7201  255 255 255
24.1095 -20.406 31.4819  255 255 255
69.5482 -25.9481 1.10024  255 255 255
-65.6238 -24.5335 -6.44677  255 255 255
6.36629 -19.1753 37.5927  255 255 255
71.8517 -25.3714 6.81317  255 255 255
23.7784 -20.6938 32.0664  255 255 255
13.04 -19.7375 36.6794  255 255 255
13.9842 -19.8088 36.5356  255 255 255
-3.28992 -19.3874 38.893  255 255 255
10.7709 -19.9975 37.0049  255 255 255
23.7638 -21.0559 32.2012  255 255 255
6.49335 -20.1043 37.7726  255 255 255
74.1165 -25.8785 12.8282  255 255 255
-17.9427 -19.9025 36.8155  255 255 255
-16.8855 -20.3188 37.5816  255 255 255
-6.3652 -20.7982 38.9865  255 255 255
-48.786 -27.1669 -3.08243  255 255 255
-25.5059 -21.4765 34.2054  255 255 255
-29.0059 -21.7007 34.2859  255 255 255
6.58432 -21.8798 39.3134  255 255 255
70.2351 -30.3591 0.0372371  255 255 255
7.02761 -22.265 39.9989  255 255 255
78.8071 -27.3196 23.6694  255 255 255
-5.80959 -22.2745 40.8179  255 255 255
-6.18947 -22.4626 41.0588  255 255 255
76.4664 -28.9622 18.144  255 255 255
-24.8848 -23.0481 35.9272  255 255 255
-1.7155 -22.7844 41.0073  255 255 255
73.786 -30.6215 9.8198  255 255 255
72.0492 -31.88 4.07595  255 255 255
-21.406 -23.4167 36.7593  255 255 255
-28.024 -24.3587 31.3469  255 255 255
20.0189 -24.754 36.5356  255 255 255
75.5373 -30.5607 14.2314  255 255 255
-12.2933 -23.6189 38.9167  255 255 255
-16.9105 -23.7303 37.6743  255 255 255
72.1634 -32.1127 7.1702  255 255 255
78.7917 -29.2169 23.6193  255 255 255
78.7917 -29.2169 23.6193  255 255 255
77.0542 -30.7502 19.2859  255 255 255
73.8463 -32.3182 11.8195  255 255 255
75.9162 -31.8754 15.1898  255 255 255
75.9162 -31.8754 15.1898  255 255 255
-21.3667 -24.7488 38.5681  255 255 255
73.9839 -33.6196 7.62788  255 255 255
75.3042 -32.7781 12.1671  255 255 255
-12.8428 -24.9557 38.6374  255 255 255
73.9672 -33.5545 8.30224  255 255 255
-6.98266 -25.045 40.4151  255 255 255
2.92866 -25.3204 40.2523  255 255 255
74.5116 -34.075 7.92259  255 255 255
74.2659 -34.048 8.12991  255 255 255
74.6215 -34.1015 7.86807  255 255 255
-10.5249 -25.3905 39.8125  255 255 255
77.8283 -32.3835 19.6711  255 255 255
-23.9525 -26.4267 34.3489  255 255 255
3.2328 -25.9529 40.0621  255 255 255
-62.715 -32.2729 3.18168  255 255 255
14.2359 -26.6176 39.8872  255 255 255
78.0829 -32.8725 19.4947  255 255 255
14.2221 -26.8498 40.2888  255 255 255
14.2373 -26.8617 40.2292  255 255 255
-23.039 -27.0611 34.9744  255 255 255
75.413 -34.5833 14.1965  255 255 255
-23.7709 -27.5015 33.8505  255 255 255
-20.1523 -26.5728 38.8492  255 255 255
12.9206 -27.1804 40.5781  255 255 255
16.6338 -27.538 40.8453  255 255 255
-13.864 -26.7423 40.9074  255 255 255
13.4387 -27.7064 40.2946  255 255 255
75.0941 -36.1067 12.455  255 255 255
75.2323 -36.5335 10.003  255 255 255
75.2624 -36.5514 10.0549  255 255 255
-10.1326 -27.0546 41.2723  255 255 255
76.1476 -36.6618 12.0331  255 255 255
79.3253 -35.1657 20.0441  255 255 255
-5.60345 -27.5983 41.8906  255 255 255
7.39081 -27.9755 41.922  255 255 255
-6.38545 -27.593 41.8887  255 255 255
6.60643 -28.0433 42.1267  255 255 255
79.7164 -35.6121 20.7286  255 255 255
8.0795 -28.3347 42.4245  255 255 255
-13.794 -27.8393 42.1025  255 255 255
-15.9575 -28.4479 40.3446  255 255 255
-8.59446 -28.1689 42.6841  255 255 255
-10.5125 -28.109 42.7614  255 255 255
-5.10291 -28.2783 42.7975  255 255 255
-5.11613 -28.2873 42.7775  255 255 255
-9.873 -28.8704 43.4204  255 255 255
-61.123 -36.333 8.67813  255 255 255
-1.07733 -29.5444 43.7257  255 255 255
-4.33621 -29.5641 43.7204  255 255 255
-0.504741 -30.0444 43.4065  255 255 255
2.47095 -30.5245 42.7855  255 255 255
-16.8952 -31.2458 37.7286  255 255 255
-14.8038 -31.2221 38.7442  255 255 255
-1.54334 -30.8689 42.6735  255 255 255
79.2856 -40.1996 17.6368  255 255 255
-3.87576 -30.7593 43.1412  255 255 255
-24.8321 -33.9064 29.0702  255 255 255
-28.2594 -35.1561 24.391  255 255 255
-15.3214 -32.0389 37.7011  255 255 255
68.058 -42.2291 17.1092  255 255 255
-14.0847 -36.4828 35.0787  255 255 255
-48.3426 -41.9572 15.4953  255 255 255
52.1458 -44.7103 18.3967  255 255 255
16.3437 -39.8773 30.6178  255 255 255
16.2473 -39.7986 30.8112  255 255 255
9.47534 -39.3485 34.0031  255 255 255
9.17426 -39.8091 33.8942  255 255 255
72.2771 -46.1959 22.2123  255 255 255
41.1518 -46.4288 20.9817  255 255 255
39.2035 -46.4785 23.4234  255 255 255
-0.407434 -41.0093 35.8412  255 255 255
0.22621 -41.6566 34.7601  255 255 255
1.8354 -42.3991 33.9399  255 255 255
18.8621 -44.4365 31.8232  255 255 255
2.23314 -43.3213 33.3309  255 255 255
63.1988 -48.8881 25.8456  255 255 255
-7.87501 -43.0386 35.4895  255 255 255
59.868 -49.8561 26.997  255 255 255
77.3256 -51.3151 27.0894  255 255 255
59.2218 -50.3388 27.7362  255 255 255
59.2293 -50.3886 27.7777  255 255 255
34.8511 -50.1414 26.0357  255 255 255
65.9614 -51.1174 28.7717  255 255 255
68.0316 -51.2819 28.8156  255 255 255
60.7592 -51.1097 28.6958  255 255 255
55.7439 -50.9116 29.1361  255 255 255
-55.4708 -49.3592 24.313  255 255 255
63.5625 -52.0766 30.0141  255 255 255
-54.9438 -49.4231 25.6331  255 255 255
57.8426 -52.0308 30.1136  255 255 255
15.234 -50.2406 30.5723  255 255 255
-17.047 -48.741 31.8721  255 255 255
57.1411 -52.617 30.8465  255 255 255
33.8589 -52.7307 29.4111  255 255 255
-14.2644 -50.0492 31.8025  255 255 255
54.6265 -53.3477 31.8253  255 255 255
-2.98325 -50.0631 34.818  255 255 255
-0.937562 -51.3861 33.9262  255 255 255
-35.466 -52.3481 29.7461  255 255 255
47.5554 -54.3702 33.5933  255 255 255
46.3869 -55.0574 32.5046  255 255 255
70.9991 -56.1671 33.3055  255 255 255
47.3317 -55.3822 32.7869  255 255 255
61.3947 -55.5718 34.1724  255 255 255
25.4593 -55.1689 32.513  255 255 255
25.4111 -55.1198 32.5912  255 255 255
-34.5774 -53.9158 31.7041  255 255 255
-42.7743 -53.9353 31.4014  255 255 255
-35.3397 -54.2806 32.0359  255 255 255
-29.5023 -55.0289 33.0763  255 255 255
-27.6033 -55.3218 33.7529  255 255 255
38.1374 -58.2615 36.5991  255 255 255
53.7432 -58.607 37.9553  255 255 255
63.117 -59.3098 37.7339  255 255 255
52.6967 -58.9399 37.8108  255 255 255
33.0868 -58.4258 37.1533  255 255 255
69.0777 -60.2792 37.9107  255 255 255
-26.7109 -56.7441 35.3574  255 255 255
55.8706 -59.3882 39.156  255 255 255
55.8705 -59.3882 39.1561  255 255 255
-38.7789 -56.8678 35.4546  255 255 255
-21.5748 -57.3698 36.152  255 255 255
-31.6734 -57.9068 36.5599  255 255 255
34.7514 -60.2904 38.8418  255 255 255
57.3075 -61.0047 40.7682  255 255 255
-46.2925 -58.6445 36.3451  255 255 255
-25.9765 -58.61 37.5099  255 255 255
-45.7512 -58.4801 37.1394  255 255 255
-41.8416 -58.6941 36.9789  255 255 255
-23.5075 -58.9771 37.5419  255 255 255
21.7911 -60.1533 39.5034  255 255 255
-27.2744 -59.3418 38.3458  255 255 255
-11.897 -59.8708 39.1996  255 255 255
54.7814 -62.0932 42.3265  255 255 255
-11.5338 -60.1167 39.0322  255 255 255
39.0828 -61.8324 42.2836  255 255 255
-9.3583 -60.1478 39.6513  255 255 255
-3.54172 -60.2652 40.5789  255 255 255
-19.2915 -60.1628 39.6275  255 255 255
-1.9188 -60.6422 40.0397  255 255 255
3.29768 -60.7566 40.6939  255 255 255
43.8763 -62.0414 43.0874  255 255 255
-11.7343 -60.2874 40.7184  255 255 255
-4.10378 -60.7605 40.5467  255 255 255
-17.7734 -60.3151 40.6027  255 255 255
-17.7528 -60.5316 40.129  255 255 255
6.15424 -61.3131 40.833  255 255 255
6.1706 -61.3358 40.7595  255 255 255
51.3544 -62.6565 43.6293  255 255 255
2.10257 -61.2676 40.7277  255 255 255
-8.82592 -60.9739 40.7319  255 255 255
0.732854 -61.145 41.4858  255 255 255
-0.192242 -61.5672 40.7432  255 255 255
-12.6641 -61.1418 40.7678  255 255 255
55.8263 -63.7031 43.9049  255 255 255
-21.0323 -60.9783 41.1432  255 255 255
-21.0323 -60.9783 41.1432  255 255 255
31.9299 -62.4045 43.7211  255 255 255
45.0602 -63.2928 44.5672  255 255 255
33.3301 -62.9377 44.6158  255 255 255
54.2482 -64.2264 44.7498  255 255 255
54.2482 -64.2264 44.7498  255 255 255
-21.6802 -61.9662 41.6647  255 255 255
-21.6823 -61.9723 41.6269  255 255 255
-20.1576 -61.9066 41.9056  255 255 255
-20.1676 -61.7394 42.2498  255 255 255
47.5566 -64.1905 44.8909  255 255 255
23.7914 -63.0747 44.4161  255 255 255
52.8953 -64.498 45.1977  255 255 255
-7.99451 -62.3781 42.5718  255 255 255
-20.2961 -62.1157 42.2007  255 255 255
62.3482 88.1765 -102.482  255 255 255
-84.2698 63.7417 -27.6295  255 255 255
6.6592 78.0039 -75.2255  255 255 255
6.73769 78.1002 -75.4938  255 255 255
73.2382 89.5226 -107.935  255 255 255
5.17446 77.639 -74.5892  255 255 255
-72.3495 65.1399 -33.8819  255 255 255
44.4944 84.1088 -95.529  255 255 255
1.28164 76.52 -72.9814  255 255 255
-164.649 98.5959 -139.885  255 255 255
-6.5917 74.3834 -70.2701  255 255 255
60.5344 58.9532 -15.6224  255 255 255
65.3092 86.347 -106.088  255 255 255
-57.4326 66.3463 -44.3402  255 255 255
84.7646 89.2264 -114.944  255 255 255
19.9568 77.8373 -83.8946  255 255 255
80.0277 87.9322 -113.221  255 255 255
60.8487 58.2987 -16.6496  255 255 255
-13.4513 72.1865 -67.2739  255 255 255
-13.4669 72.122 -67.3393  255 255 255
-14.8763 71.6674 -66.1857  255 255 255
75.2927 86.5086 -111.624  255 255 255
84.5607 87.8034 -115.362  255 255 255
-60.7719 64.7281 -42.5739  255 255 255
62.0647 56.7654 -14.6246  255 255 255
74.1687 85.0893 -112.039  255 255 255
37.4139 78.8483 -94.353  255 255 255
72.8333 84.746 -111.65  255 255 255
63.0628 55.6626 -11.7376  255 255 255
71.2378 84.1577 -110.914  255 255 255
-72.6299 61.037 -34.4715  255 255 255
3.40482 72.8976 -76.84  255 255 255
63.5704 54.923 -10.7344  255 255 255
31.458 77.4032 -91.4742  255 255 255
57.5487 58.6798 -24.9395  255 255 255
55.5165 47.1276 14.6837  255 255 255
38.107 77.6965 -95.6748  255 255 255
71.1399 82.8124 -111.575  255 255 255
-98.6305 59.7695 -32.9164  255 255 255
55.7698 46.2849 14.8044  255 255 255
0.330331 70.6815 -76.5682  255 255 255
57.5293 45.2364 16.3513  255 255 255
-56.8378 62.006 -47.1303  255 255 255
-37.5906 63.9395 -56.0549  255 255 255
-37.4432 64.4376 -57.6131  255 255 255
-25.3225 66.1447 -64.1447  255 255 255
-26.7115 65.6683 -63.5527  255 255 255
80.914 81.6785 -120.48  255 255 255
-72.9282 58.7237 -38.6501  255 255 255
59.7756 41.7738 22.4427  255 255 255
61.397 52.6377 -18.1184  255 255 255
20.9828 70.8561 -90.1585  255 255 255
-11.6602 65.6218 -72.9297  255 255 255
-126.961 70.1319 -83.8779  255 255 255
-12.6075 64.8857 -73.2043  255 255 255
-12.6209 64.917 -73.2165  255 255 255
-23.2047 62.9828 -67.7057  255 255 255
-11.9276 64.5164 -73.5836  255 255 255
-60.0784 58.1358 -48.3164  255 255 255
63.302 49.8562 -14.5736  255 255 255
80.1159 79.8188 -132.454  255 255 255
-0.930465 65.2476 -80.4345  255 255 255
60.204 40.3017 21.1583  255 255 255
-18.9122 62.4936 -71.25  255 255 255
2.89101 65.392 -82.8142  255 255 255
62.8046 38.388 27.0727  255 255 255
-0.416808 64.3231 -81.5135  255 255 255
64.1745 48.343 -13.3896  255 255 255
-17.1354 61.8099 -72.4623  255 255 255
-17.1295 61.8274 -72.4679  255 255 255
57.667 40.6551 15.2383  255 255 255
63.1633 37.8879 27.0702  255 255 255
60.3304 39.3035 20.7465  255 255 255
29.8152 67.6593 -97.2659  255 255 255
44.6934 69.5948 -104.921  255 255 255
63.9165 37.1988 28.4088  255 255 255
-6.8974 62.2344 -78.9601  255 255 255
-15.2077 61.029 -74.81  255 255 255
64.7489 72.0978 -115.89  255 255 255
63.5541 37.3766 27.1788  255 255 255
64.2978 36.3088 31.4734  255 255 255
64.1665 36.4516 29.4551  255 255 255
64.6163 36.0255 31.7274  255 255 255
64.6163 36.0255 31.7274  255 255 255
62.5995 37.5337 24.4218  255 255 255
64.8435 35.7194 30.1362  255 255 255
62.2515 47.4017 -20.5  255 255 255
65.0599 35.4996 30.6804  255 255 255
-71.8348 52.4582 -44.5817  255 255 255
65.9188 34.638 33.4352  255 255 255
56.2772 68.4606 -113.638  255 255 255
63.0703 36.175 25.0264  255 255 255
66.1512 34.1333 34.2365  255 255 255
63.5317 35.8828 26.1093  255 255 255
66.0859 34.5059 32.0688  255 255 255
56.5801 38.9281 11.4043  255 255 255
66.3814 34.0615 33.311  255 255 255
-87.5817 49.7202 -36.0252  255 255 255
64.1487 34.8761 26.5463  255 255 255
59.2126 47.1382 -29.1382  255 255 255
66.2754 33.7482 31.4699  255 255 255
58.3827 47.218 -29.9204  255 255 255
58.4401 47.2331 -29.9723  255 255 255
58.3602 47.2021 -29.896  255 255 255
-125.867 61.4154 -90.167  255 255 255
67.8818 32.5717 35.278  255 255 255
-7.02405 57.321 -83.3736  255 255 255
-55.4777 51.5245 -55.4424  255 255 255
67.8078 32.3394 34.8935  255 255 255
68.0571 32.2093 35.8489  255 255 255
-57.1003 50.5983 -53.7455  255 255 255
60.4108 44.9646 -26.5906  255 255 255
67.5576 32.1305 33.6408  255 255 255
68.7929 31.25 36.4622  255 255 255
57.1921 45.9742 -34.9308  255 255 255
-7.70019 55.4339 -82.5837  255 255 255
59.7476 34.7293 17.325  255 255 255
-68.4869 48.4861 -49.5465  255 255 255
58.7424 44.5227 -30.9325  255 255 255
58.7382 44.5216 -30.9237  255 255 255
-26.2944 52.644 -73.0886  255 255 255
-31.9428 52.1334 -70.9955  255 255 255
59.3759 44.0108 -30.6331  255 255 255
56.7237 35.7261 8.99113  255 255 255
56.4345 35.6344 9.3853  255 255 255
-42.5256 50.3932 -64.8126  255 255 255
56.4864 45.0024 -36.9286  255 255 255
60.9775 42.7686 -26.018  255 255 255
56.6385 35.1522 9.57456  255 255 255
-44.7062 49.8484 -64.0573  255 255 255
56.909 35.1658 8.08193  255 255 255
28.9719 57.5507 -105.278  255 255 255
57.1367 34.4159 10.2526  255 255 255
60.8282 32.8279 18.3651  255 255 255
59.0835 33.3315 14.315  255 255 255
10.3553 54.2604 -96.2354  255 255 255
-80.7021 44.401 -45.8526  255 255 255
-81.666 44.0078 -45.0272  255 255 255
59.9109 32.0197 15.2358  255 255 255
-59.6069 46.0282 -59.5509  255 255 255
69.1972 28.3024 34.6772  255 255 255
-86.4707 41.7906 -39.7663  255 255 255
60.5177 39.0603 -29.2684  255 255 255
-5.13125 49.216 -89.6364  255 255 255
-50.1923 44.5728 -63.8389  255 255 255
60.9763 38.4448 -28.6164  255 255 255
64.7666 28.7435 25.3226  255 255 255
65.7545 28.3089 27.3318  255 255 255
-90.3968 40.7295 -41.2459  255 255 255
-90.3973 40.734 -41.2456  255 255 255
59.7633 30.1912 13.6869  255 255 255
-2.59868 48.4162 -91.9744  255 255 255
72.7509 51.1492 -102.692  255 255 255
-20.6469 44.5401 -72.483  255 255 255
-6.68889 47.4593 -90.156  255 255 255
62.0135 36.7988 -26.5055  255 255 255
-87.1492 40.2173 -43.7395  255 255 255
-87.1539 40.1876 -43.5114  255 255 255
-140.545 52.7875 -107.98  255 255 255
-2.97664 47.6271 -92.9521  255 255 255
-42.2247 43.7068 -69.7776  255 255 255
62.5553 36.1667 -25.599  255 255 255
59.3885 29.547 12.2568  255 255 255
57.2696 38.4039 -39.371  255 255 255
56.4347 30.4642 5.72548  255 255 255
56.3703 30.4474 5.79544  255 255 255
61.3914 36.2916 -30.5988  255 255 255
-5.28504 46.3932 -91.7852  255 255 255
63.0554 35.3626 -24.638  255 255 255
-2.92709 46.1447 -93.3292  255 255 255
-8.33673 45.5013 -90.6783  255 255 255
60.4638 28.2615 14.67  255 255 255
62.4921 27.3454 19.1061  255 255 255
65.6734 26.1498 25.7941  255 255 255
65.6606 26.1207 25.7929  255 255 255
-7.79189 44.7119 -91.3306  255 255 255
-43.5237 41.0576 -70.4544  255 255 255
-41.9021 41.1544 -71.569  255 255 255
-41.8616 41.0491 -71.0505  255 255 255
-136.349 47.4252 -101.088  255 255 255
-70.011 38.4556 -55.6678  255 255 255
-35.9511 41.0612 -76.6299  255 255 255
-35.9733 41.0477 -76.5914  255 255 255
-62.9278 38.5627 -59.8476  255 255 255
-43.3606 39.6776 -71.7242  255 255 255
-75.5765 36.0306 -51.1907  255 255 255
55.5281 27.7375 1.11805  255 255 255
-70.9187 36.9121 -56.6742  255 255 255
-29.1812 39.0509 -81.6654  255 255 255
-56.8673 36.9581 -65.5621  255 255 255
67.2787 23.0003 28.1034  255 255 255
-90.9806 34.5294 -45.4919  255 255 255
-92.0094 34.3251 -45.7415  255 255 255
57.3587 25.9319 5.20568  255 255 255
57.3618 25.9338 5.1981  255 255 255
57.0139 25.9878 4.60566  255 255 255
67.9358 22.3652 29.3272  255 255 255
-75.6522 34.9416 -55.6783  255 255 255
3.89346 38.4577 -88.0638  255 255 255
57.787 25.5244 4.91366  255 255 255
-69.1706 35.0536 -59.606  255 255 255
60.3997 24.4293 11.8946  255 255 255
60.462 24.4476 11.8268  255 255 255
-42.3203 36.5933 -75.3807  255 255 255
56.5632 25.5814 2.65289  255 255 255
65.1862 38.2709 -86.9096  255 255 255
-86.2718 33.5256 -49.9945  255 255 255
67.65 21.8453 27.6898  255 255 255
58.3035 31.2272 -41.7407  255 255 255
-79.1052 33.8992 -58.5248  255 255 255
58.3265 24.112 6.34572  255 255 255
-39.8841 34.8573 -77.0558  255 255 255
58.7031 29.1713 -40.0346  255 255 255
63.0813 28.0241 -31.6159  255 255 255
63.1019 28.0387 -31.6718  255 255 255
66.0376 20.5215 24.5949  255 255 255
-8.08242 33.3822 -80.6835  255 255 255
-94.3179 30.3102 -47.4862  255 255 255
4.87489 32.9004 -80.1073  255 255 255
65.5268 20.2365 21.733  255 255 255
-79.7124 30.8977 -61.6691  255 255 255
58.5333 21.8329 5.93232  255 255 255
58.5298 27.1957 -42.2764  255 255 255
2.05889 30.3041 -76.6586  255 255 255
-69.437 29.3917 -62.9134  255 255 255
67.9358 18.363 28.2765  255 255 255
70.3477 17.8278 32.5191  255 255 255
63.7631 24.5127 -30.4991  255 255 255
-90.5776 27.8306 -50.9458  255 255 255
62.8883 24.5958 -32.3384  255 255 255
63.0552 24.6444 -32.5303  255 255 255
70.662 17.391 33.0706  255 255 255
-70.1435 28.4737 -63.8143  255 255 255
-91.2091 27.4366 -53.4787  255 255 255
57.4377 19.9583 1.53687  255 255 255
65.7258 17.8356 21.645  255 255 255
61.671 23.9232 -35.4268  255 255 255
-70.3257 27.5537 -63.3575  255 255 255
-69.9284 27.579 -65.0088  255 255 255
28.0998 27.5511 -73.8564  255 255 255
66.3831 17.5174 22.9935  255 255 255
-88.5104 25.7647 -54.3728  255 255 255
61.7945 17.6879 10.4871  255 255 255
61.3943 17.5675 9.93037  255 255 255
5.23651 24.9757 -68.8356  255 255 255
58.8914 17.8365 5.47206  255 255 255
59.1539 17.8895 4.97367  255 255 255
59.2834 17.9135 4.8296  255 255 255
3.20652 24.685 -69.489  255 255 255
58.0122 18.0275 0.617659  255 255 255
-38.175 24.5684 -68.8011  255 255 255
56.464 18.0142 -2.85132  255 255 255
56.4187 17.9836 -2.59941  255 255 255
-75.44 24.6211 -62.8332  255 255 255
65.8964 15.8143 20.8085  255 255 255
-88.6928 23.8839 -53.7237  255 255 255
59.5264 16.6292 4.50515  255 255 255
-85.983 23.097 -55.0158  255 255 255
65.8993 15.208 20.2483  255 255 255
27.1928 22.7155 -67.3094  255 255 255
-41.7392 22.42 -66.4444  255 255 255
-85.5184 22.1795 -54.5246  255 255 255
-86.1398 22.4657 -57.104  255 255 255
-74.3809 22.9163 -66.9681  255 255 255
0.245497 21.6028 -65.9239  255 255 255
-13.9691 21.0697 -64.9275  255 255 255
-13.9924 21.0643 -65.0003  255 255 255
-35.6981 20.3615 -63.5485  255 255 255
71.3405 12.3336 32.168  255 255 255
-9.21878 17.3982 -60.1968  255 255 255
-10.5447 17.0269 -59.7228  255 255 255
-1.52104 16.4832 -58.914  255 255 255
60.948 12.2325 5.39358  255 255 255
-15.6312 16.306 -59.385  255 255 255
61.1802 11.4866 5.4817  255 255 255
-12.2721 15.2704 -57.5334  255 255 255
-12.2481 15.2455 -57.4833  255 255 255
-13.0486 15.0533 -57.1476  255 255 255
58.3099 10.8779 -2.62274  255 255 255
58.3099 10.882 -2.62485  255 255 255
59.9835 10.1908 1.50145  255 255 255
-0.0625386 8.70264 21.6854  255 255 255
58.9058 9.9557 -1.44209  255 255 255
71.9509 7.81138 30.5217  255 255 255
60.115 8.78433 0.89319  255 255 255
70.1577 7.42071 27.1983  255 255 255
-58.5139 11.3045 -52.5653  255 255 255
64.9227 7.44405 13.8041  255 255 255
-17.4453 10.2998 -50.7545  255 255 255
-17.4328 10.3081 -50.9683  255 255 255
65.1653 6.90985 14.7253  255 255 255
-23.5714 9.44672 -49.9206  255 255 255
-26.1228 9.33634 -49.5671  255 255 255
5.33498 5.96392 23.8475  255 255 255
52.3748 8.47894 -49.0229  255 255 255
54.9387 7.23023 -14.6845  255 255 255
70.1581 5.94861 25.0838  255 255 255
70.131 5.9502 25.1198  255 255 255
-44.8665 8.74464 -49.0281  255 255 255
72.945 5.33628 31.4757  255 255 255
70.4005 5.44202 25.4761  255 255 255
66.1277 5.66729 16.3665  255 255 255
-26.818 8.0685 -48.7247  255 255 255
-26.8285 8.02114 -47.8903  255 255 255
65.1941 5.57451 12.055  255 255 255
63.3109 5.47167 7.14391  255 255 255
61.941 5.3863 3.25994  255 255 255
6.12564 4.71911 24.3643  255 255 255
-36.4182 7.20181 -48.7965  255 255 255
-27.5759 6.92806 -46.6109  255 255 255
-28.6984 6.55927 -45.6739  255 255 255
65.2309 4.45419 11.2666  255 255 255
66.6379 4.36094 14.8439  255 255 255
-27.7126 6.09677 -45.6563  255 255 255
-27.778 6.12071 -45.5851  255 255 255
-42.5475 6.32305 -46.2417  255 255 255
65.1548 4.16294 10.3725  255 255 255
-51.4079 5.83926 -45.2279  255 255 255
71.2119 3.51003 26.1306  255 255 255
65.7326 3.67085 11.8971  255 255 255
70.069 3.41974 23.1172  255 255 255
63.0417 3.74209 5.5305  255 255 255
67.2302 3.41865 16.0519  255 255 255
-41.4224 4.87325 -43.9662  255 255 255
-14.3782 3.19629 26.8712  255 255 255
-14.3562 3.2592 26.3726  255 255 255
65.9436 3.178 11.7295  255 255 255
-28.0299 4.56676 -43.471  255 255 255
-28.0322 4.58709 -43.5449  255 255 255
67.3556 2.94953 15.5269  255 255 255
-13.3508 3.03389 28.1206  255 255 255
68.1175 2.90488 17.5421  255 255 255
-78.3777 5.1917 -46.1077  255 255 255
66.5184 2.79035 13.9552  255 255 255
69.97 2.64083 20.4753  255 255 255
64.2486 2.637 7.6136  255 255 255
66.2082 2.45678 12.1738  255 255 255
66.2082 2.45678 12.1738  255 255 255
67.2926 2.31656 15.1792  255 255 255
-41.7832 3.6337 -41.9057  255 255 255
-42.9366 3.54227 -42.1763  255 255 255
-15.9609 2.16619 27.0639  255 255 255
68.5533 1.58674 16.1347  255 255 255
68.0138 1.64435 16.8513  255 255 255
66.1848 1.60685 11.676  255 255 255
66.1784 1.59633 11.672  255 255 255
72.8061 1.46253 28.7598  255 255 255
68.9109 1.42238 19.2514  255 255 255
-78.2357 3.31891 -42.859  255 255 255
68.0979 1.22987 16.3957  255 255 255
70.1996 1.01489 22.7525  255 255 255
70.1996 1.01489 22.7525  255 255 255
67.9507 0.987353 15.9072  255 255 255
67.9507 0.987354 15.9072  255 255 255
-50.4129 2.10078 -41.1532  255 255 255
65.2252 1.01476 8.64691  255 255 255
-43.1733 1.96915 -39.8977  255 255 255
67.7692 0.74107 15.2704  255 255 255
73.4012 0.577808 29.9017  255 255 255
65.5174 0.497481 9.53442  255 255 255
71.482 0.377797 24.7293  255 255 255
72.0995 0.436899 25.8601  255 255 255
70.9761 0.342639 23.2314  255 255 255
68.7995 0.2101 17.8283  255 255 255
-18.2102 0.659517 26.4588  255 255 255
61.7455 0.124511 -0.993311  255 255 255
70.5102 0.0618178 21.9552  255 255 255
61.618 -0.397423 -1.37911  255 255 255
61.644 -0.393235 -1.43512  255 255 255
69.4502 -0.34188 18.8486  255 255 255
69.3743 -0.382456 18.939  255 255 255
70.1195 -0.449822 20.9349  255 255 255
-8.13246 -0.0184783 33.0551  255 255 255
11.4608 -0.352592 30.4627  255 255 255
68.7606 -0.710473 16.737  255 255 255
69.0077 -0.753559 17.8317  255 255 255
70.1889 -0.865813 20.1982  255 255 255
66.6166 -0.876131 10.9787  255 255 255
73.8015 -0.977362 29.2178  255 255 255
69.7895 -1.22509 19.5577  255 255 255
-15.9367 -0.98517 30.056  255 255 255
63.8679 -1.97263 2.19836  255 255 255
68.7584 -1.75837 15.9648  255 255 255
72.5143 -1.76096 25.4588  255 255 255
71.7191 -1.77129 26.625  255 255 255
66.4637 -2.06897 11.8764  255 255 255
70.4152 -2.15243 19.8583  255 255 255
70.4152 -2.15243 19.8583  255 255 255
67.6401 -2.38829 13.1866  255 255 255
-16.4569 -1.59117 30.152  255 255 255
-20.8053 -1.83483 25.0428  255 255 255
68.3776 -2.97565 14.7869  255 255 255
68.3646 -2.97254 14.8041  255 255 255
56.2392 -3.71117 -18.2253  255 255 255
56.3994 -3.74072 -18.435  255 255 255
-47.8402 -3.01965 -34.0489  255 255 255
69.857 -3.22153 17.4605  255 255 255
69.857 -3.22153 17.4605  255 255 255
55.911 -4.27432 -19.8071  255 255 255
62.5816 -3.95117 -2.22517  255 255 255
69.8534 -4.05395 17.2925  255 255 255
69.8175 -4.05444 17.3228  255 255 255
-18.6369 -2.97809 28.9593  255 255 255
-17.9092 -3.0943 29.6377  255 255 255
-16.1978 -3.14613 31.484  255 255 255
-73.3118 -4.30197 -33.1132  255 255 255
74.5157 -4.78573 28.9469  255 255 255
59.1311 -6.19739 -13.154  255 255 255
69.4809 -5.24856 17.3068  255 255 255
-2.61823 -3.99289 37.4731  255 255 255
-73.0274 -5.43665 -31.4698  255 255 255
70.279 -5.51788 17.1421  255 255 255
71.4218 -5.55685 20.9928  255 255 255
55.0077 -7.35048 -25.4634  255 255 255
70.5099 -6.09708 17.7872  255 255 255
71.5048 -6.19094 20.8482  255 255 255
71.2181 -6.3142 19.8418  255 255 255
-31.3558 -5.60599 13.4639  255 255 255
-19.4158 -5.11929 29.4939  255 255 255
67.5877 -6.99879 9.45071  255 255 255
-76.3551 -6.95045 -30.0079  255 255 255
59.8319 -8.15836 -12.8912  255 255 255
67.3927 -7.2884 8.68074  255 255 255
73.1983 -6.5882 24.2738  255 255 255
56.0625 -8.67764 -23.1974  255 255 255
-74.7037 -7.21345 -28.4458  255 255 255
-23.0101 -5.66138 23.991  255 255 255
3.41029 -5.4681 37.3124  255 255 255
71.3518 -7.24842 19.2458  255 255 255
71.7326 -7.30956 21.5073  255 255 255
74.1886 -7.19684 27.0912  255 255 255
74.2231 -7.1926 27.0925  255 255 255
66.1229 -8.42159 3.99565  255 255 255
70.0848 -7.8073 15.3291  255 255 255
71.387 -7.64581 20.1952  255 255 255
-93.09 -7.93544 -27.3925  255 255 255
-93.4786 -8.02008 -28.6957  255 255 255
54.6728 -10.0287 -25.4589  255 255 255
66.9574 -8.64966 6.31951  255 255 255
72.6378 -7.85377 23.0404  255 255 255
-34.0101 -7.12437 14.6214  255 255 255
68.184 -8.65249 10.0897  255 255 255
61.4999 -9.75995 -9.05244  255 255 255
61.4999 -9.75995 -9.05243  255 255 255
-25.7854 -7.13257 21.3927  255 255 255
5.70373 -6.85551 37.1467  255 255 255
72.9843 -8.5131 22.8507  255 255 255
56.8138 -11.4283 -23.4396  255 255 255
-124.761 -9.0711 -27.1087  255 255 255
72.6421 -9.07763 21.8391  255 255 255
-3.84664 -7.15676 38.7347  255 255 255
-3.88839 -7.14769 38.8635  255 255 255
73.9389 -9.07011 25.2532  255 255 255
73.3245 -9.12291 23.6199  255 255 255
59.7096 -11.6362 -15.2983  255 255 255
72.9124 -9.47998 22.3783  255 255 255
61.2895 -11.7348 -10.4658  255 255 255
66.1586 -11.0525 2.31274  255 255 255
5.17461 -8.2288 37.8116  255 255 255
68.8731 -11.2722 9.71921  255 255 255
-26.6227 -9.16285 23.8245  255 255 255
65.0368 -12.3719 -1.88491  255 255 255
73.8592 -10.7113 24.2408  255 255 255
64.8592 -12.9695 -3.21362  255 255 255
66.0081 -12.6506 1.06387  255 255 255
66.1075 -12.6465 0.957693  255 255 255
74.8986 -11.2238 26.5501  255 255 255
58.8941 -14.57 -18.4592  255 255 255
58.8941 -14.57 -18.4592  255 255 255
66.2192 -13.0932 1.07335  255 255 255
-58.9714 -12.9405 -21.1476  255 255 255
67.0041 -13.5184 2.64595  255 255 255
67.0028 -13.5171 2.65718  255 255 255
64.4092 -14.0925 -4.03269  255 255 255
-11.0795 -9.66513 38.0737  255 255 255
75.475 -11.8116 27.3072  255 255 255
-14.9286 -9.94792 35.2352  255 255 255
75.2357 -11.9486 26.7875  255 255 255
62.2327 -15.0265 -10.6552  255 255 255
68.8166 -13.8024 8.65358  255 255 255
75.1386 -12.2899 26.3369  255 255 255
-84.209 -13.8211 -21.8343  255 255 255
74.9837 -12.51 25.203  255 255 255
-84.9066 -14.0267 -22.1837  255 255 255
-11.2185 -10.2794 37.467  255 255 255
-24.6502 -11.0591 26.7831  255 255 255
68.1812 -14.435 6.0447  255 255 255
68.242 -14.424 6.05022  255 255 255
75.7022 -12.8046 26.5654  255 255 255
62.7337 -15.6439 -10.1728  255 255 255
60.044 -16.6905 -17.3177  255 255 255
-45.7874 -15.116 -18.4525  255 255 255
5.68105 -11.1762 38.3206  255 255 255
-17.5938 -11.3501 33.5177  255 255 255
-61.4692 -15.4651 -17.8693  255 255 255
69.2295 -15.5923 7.38494  255 255 255
60.7841 -17.9886 -15.4968  255 255 255
-59.3538 -16.2027 -17.165  255 255 255
11.1324 -12.3064 36.0561  255 255 255
-20.2827 -12.6987 30.7286  255 255 255
67.6736 -17.3047 1.83361  255 255 255
69.0688 -16.8673 6.3106  255 255 255
69.0688 -16.8673 6.31061  255 255 255
67.8428 -17.3792 2.79225  255 255 255
-1.44294 -12.4223 39.9183  255 255 255
-59.5783 -17.17 -15.1091  255 255 255
-59.7142 -17.2244 -15.8499  255 255 255
66.8895 -17.8095 -0.943594  255 255 255
-25.9202 -13.6977 27.8771  255 255 255
-71.9577 -17.6582 -15.2717  255 255 255
-13.4503 -13.3059 36.7458  255 255 255
-28.5018 -14.5418 25.1791  255 255 255
-54.5807 -18.8701 -13.4746  255 255 255
-28.0957 -14.9286 26.03  255 255 255
-71.2232 -18.7209 -14.094  255 255 255
11.287 -14.6639 35.1165  255 255 255
68.9489 -19.9853 3.98447  255 255 255
70.3492 -19.6652 7.97725  255 255 255
-0.323581 -14.5897 39.774  255 255 255
-67.1752 -20.5476 -11.8472  255 255 255
70.0488 -21.5165 5.14367  255 255 255
76.3924 -19.4153 24.4314  255 255 255
-5.80782 -15.8895 39.4052  255 255 255
-68.568 -21.5565 -10.4784  255 255 255
6.20572 -16.4985 38.345  255 255 255
-4.5792 -16.1908 39.3635  255 255 255
-22.6436 -16.6513 33.5832  255 255 255
6.72509 -16.7401 38.0357  255 255 255
69.4009 -22.9633 3.19699  255 255 255
69.5665 -22.9943 2.89839  255 255 255
-9.4047 -17.314 38.235  255 255 255
23.6884 -19.2281 30.0306  255 255 255
-11.9766 -17.6099 37.1491  255 255 255
-11.985 -17.6039 37.2116  255 255 255
-18.3526 -17.8948 35.4919  255 255 255
-18.3526 -17.8948 35.4919  255 255 255
69.5131 -24.5654 2.40943  255 255 255
52.7855 -25.8031 -5.46155  255 255 255
-18.1999 -18.2804 35.8546  255 255 255
71.8942 -24.4827 7.90989  255 255 255
71.3573 -24.7959 7.59769  255 255 255
71.3819 -24.7981 7.55608  255 255 255
69.317 -25.4545 3.70001  255 255 255
55.3307 -26.6068 -4.01502  255 255 255
-23.644 -19.4783 32.2546  255 255 255
51.9837 -26.8235 -4.62493  255 255 255
11.4216 -20.0909 37.3491  255 255 255
67.3744 -27.743 -2.62999  255 255 255
-22.7343 -20.2953 32.9188  255 255 255
71.1266 -26.8357 7.03728  255 255 255
-51.6366 -26.2048 -4.19964  255 255 255
-9.76943 -20.3606 38.1051  255 255 255
52.5111 -28.6456 -1.77233  255 255 255
52.4915 -28.6268 -1.78464  255 255 255
-25.2798 -21.4145 34.0758  255 255 255
52.9822 -29.3689 -1.05519  255 255 255
52.9822 -29.3689 -1.05518  255 255 255
73.4111 -28.1456 9.76705  255 255 255
73.8071 -28.178 9.46735  255 255 255
-9.70986 -21.5606 40.0291  255 255 255
-26.8747 -22.802 33.89  255 255 255
8.52255 -22.6827 38.9186  255 255 255
76.3246 -28.4608 18.2405  255 255 255
-16.715 -23.2007 37.1048  255 255 255
-16.715 -23.2007 37.1048  255 255 255
-23.3704 -23.5447 36.7902  255 255 255
-28.3437 -24.835 30.6949  255 255 255
77.3479 -30.196 18.8301  255 255 255
78.5014 -29.6511 23.1295  255 255 255
16.6593 -25.1263 37.9686  255 255 255
17.8626 -25.1565 38.3462  255 255 255
-15.1924 -24.3957 38.4249  255 255 255
-17.4657 -24.5923 38.72  255 255 255
-13.3483 -24.806 38.7221  255 255 255
62.9112 -34.0775 5.88698  255 255 255
9.49181 -25.9242 39.3418  255 255 255
77.0535 -32.6181 17.0868  255 255 255
76.6304 -32.5081 17.7163  255 255 255
-17.5829 -25.392 38.9952  255 255 255
79.0081 -32.482 21.7516  255 255 255
78.9394 -32.3283 22.7424  255 255 255
-12.5314 -26.289 40.3459  255 255 255
-23.391 -27.9202 33.9975  255 255 255
12.1419 -27.3219 40.9042  255 255 255
2.69158 -27.1682 41.0373  255 255 255
-19.86 -27.0924 41.3576  255 255 255
-8.42806 -27.664 42.0159  255 255 255
-8.44648 -27.6486 42.0559  255 255 255
60.8481 -37.6466 10.2021  255 255 255
-66.7303 -35.403 6.48661  255 255 255
-51.0042 -35.602 7.0378  255 255 255
7.08194 -28.6129 42.9222  255 255 255
-49.9296 -35.8775 7.97017  255 255 255
-12.941 -29.3734 41.2971  255 255 255
5.41644 -29.3817 43.963  255 255 255
5.43619 -29.412 43.862  255 255 255
-66.5975 -36.4928 8.27022  255 255 255
-49.4841 -36.6205 8.69083  255 255 255
-51.4334 -36.9134 8.76641  255 255 255
-3.46963 -29.6135 43.6213  255 255 255
49.326 -39.1809 12.0822  255 255 255
-14.4805 -31.0142 39.1207  255 255 255
-23.8584 -33.5602 29.9742  255 255 255
-1.66868 -32.0205 41.832  255 255 255
15.8393 -35.3992 32.7632  255 255 255
-46.6042 -39.1692 12.7731  255 255 255
-23.8656 -35.3783 29.1044  255 255 255
55.6876 -41.8097 14.9655  255 255 255
11.3387 -36.1328 34.85  255 255 255
2.37926 -35.1952 39.373  255 255 255
-41.4155 -40.6865 16.6965  255 255 255
68.8617 -44.0264 19.4519  255 255 255
-0.616613 -38.5784 37.371  255 255 255
-0.117981 -38.8978 37.0199  255 255 255
-0.156733 -38.8668 37.1791  255 255 255
-0.764769 -39.4453 36.6782  255 255 255
-0.806666 -39.3618 36.939  255 255 255
-19.2704 -40.6173 31.5442  255 255 255
3.81357 -40.3213 35.2494  255 255 255
4.06509 -41.7082 34.3121  255 255 255
-9.82288 -41.8153 33.4652  255 255 255
60.0123 -50.6457 28.1349  255 255 255
-17.1449 -44.8943 34.9451  255 255 255
35.2982 -50.6066 26.5348  255 255 255
33.3531 -51.0127 27.1566  255 255 255
33.1504 -50.8288 27.6177  255 255 255
33.8866 -51.0854 27.084  255 255 255
48.7959 -51.8448 28.9229  255 255 255
-41.0532 -49.9709 26.3696  255 255 255
-17.4281 -49.0484 31.7143  255 255 255
47.2978 -52.8591 29.4445  255 255 255
29.6034 -52.343 28.6943  255 255 255
65.6271 -53.3964 30.9274  255 255 255
-29.5029 -50.6151 29.2966  255 255 255
40.6811 -53.3913 29.983  255 255 255
31.5042 -53.4477 30.426  255 255 255
48.6067 -53.93 31.8981  255 255 255
-7.48775 -51.1306 34.2365  255 255 255
69.3661 -55.7109 33.5417  255 255 255
28.0533 -54.4188 33.2157  255 255 255
60.0448 -55.6 34.6117  255 255 255
38.5929 -58.321 36.691  255 255 255
27.3846 -58.1418 36.676  255 255 255
-32.5806 -56.6209 34.9859  255 255 255
22.0021 -58.719 37.4969  255 255 255
-4.62808 -58.5854 37.4027  255 255 255
-45.1248 -58.5437 36.1481  255 255 255
-15.7012 -59.1745 38.596  255 255 255
53.922 -61.5239 41.6941  255 255 255
-14.5237 -59.5425 38.6319  255 255 255
-22.5457 -59.5047 38.9098  255 255 255
-14.0252 -60.0265 39.4264  255 255 255
-88.5884 -59.2496 38.7412  255 255 255
31.4081 -61.6324 41.8832  255 255 255
-17.524 -60.3169 39.7777  255 255 255
38.118 -62.0281 43.4792  255 255 255
-17.7542 -60.796 40.4744  255 255 255
-7.57883 -61.939 42.389  255 255 255
19.9303 -62.646 43.7679  255 255 255
-42.7356 -61.6047 41.019  255 255 255
-11.666 -62.0442 42.0025  255 255 255
-11.6196 -62.0476 42.0263  255 255 255
61.7617 59.6794 -12.74  255 255 255
-55.3185 67.6894 -43.4061  255 255 255
-44.0506 69.1951 -49.2785  255 255 255
64.1907 87.3244 -104.672  255 255 255
-72.4891 64.7003 -34.7896  255 255 255
-72.4895 64.583 -34.5474  255 255 255
6.55198 76.9221 -76.1051  255 255 255
62.6945 58.245 -11.8086  255 255 255
53.1075 84.3995 -101.123  255 255 255
-88.3351 61.2836 -25.4309  255 255 255
-88.5191 61.5868 -26.6375  255 255 255
-66.554 64.3576 -38.5051  255 255 255
-34.5075 68.7282 -55.7417  255 255 255
-6.78753 73.205 -71.1102  255 255 255
33.842 79.9112 -92.2927  255 255 255
33.8421 79.9112 -92.2928  255 255 255
-77.011 62.3665 -33.4495  255 255 255
72.1656 85.6837 -110.257  255 255 255
-59.4225 64.2738 -42.8558  255 255 255
78.3904 86.3289 -113.566  255 255 255
61.2678 56.8078 -15.8143  255 255 255
-71.2761 61.6121 -36.3829  255 255 255
-85.6863 59.4977 -28.9664  255 255 255
40.0821 78.6646 -96.6733  255 255 255
57.8982 58.0395 -23.6892  255 255 255
29.5938 76.9088 -90.7965  255 255 255
63.9833 54.2161 -9.5862  255 255 255
-54.9786 63.4107 -47.0959  255 255 255
-54.9982 63.3791 -47.0869  255 255 255
29.5244 75.5174 -91.9437  255 255 255
-72.5073 60.4073 -37.79  255 255 255
-26.5471 66.7239 -62.8398  255 255 255
-26.5164 66.7238 -62.8748  255 255 255
57.4531 45.1868 18.288  255 255 255
55.6508 45.9781 14.1526  255 255 255
37.3028 75.6629 -93.7803  255 255 255
57.8886 44.4358 19.0865  255 255 255
34.8376 75.2812 -95.5758  255 255 255
-56.9491 60.9146 -47.7747  255 255 255
-57.0032 60.8555 -47.4512  255 255 255
-71.4165 58.7156 -39.931  255 255 255
-54.697 60.5812 -49.1593  255 255 255
-54.6789 60.5978 -49.2452  255 255 255
-72.5289 58.1914 -39.1179  255 255 255
-41.4699 62.2174 -56.9661  255 255 255
-5.26349 66.307 -76.1222  255 255 255
61.3658 40.1478 27.375  255 255 255
-57.1742 58.9037 -48.826  255 255 255
83.9274 79.3239 -121.85  255 255 255
-9.16563 65.1078 -74.8345  255 255 255
60.5312 51.8374 -20.8842  255 255 255
59.1692 41.5501 19.0547  255 255 255
60.3224 40.4431 22.9273  255 255 255
10.2958 67.6123 -85.6251  255 255 255
84.6196 77.9242 -123.192  255 255 255
-125.632 67.574 -82.3882  255 255 255
-2.85852 64.5995 -79.3597  255 255 255
61.7308 39.6313 23.4757  255 255 255
-128.29 68.1434 -87.5545  255 255 255
57.1952 41.3222 14.0977  255 255 255
-6.07234 63.2501 -78.6244  255 255 255
-6.22038 62.9796 -77.2443  255 255 255
-18.6269 61.2194 -72.6781  255 255 255
11.8615 64.7537 -86.2934  255 255 255
64.2273 36.4653 32.4297  255 255 255
-55.3777 56.3993 -52.7563  255 255 255
-13.8704 61.475 -75.1737  255 255 255
-13.8217 61.4699 -75.1717  255 255 255
27.6745 67.2715 -97.467  255 255 255
57.8788 50.7564 -28.5417  255 255 255
58.0365 50.8947 -28.9241  255 255 255
59.0029 39.5293 18.1877  255 255 255
59.7407 49.7682 -25.5694  255 255 255
59.7407 49.7682 -25.5694  255 255 255
-25.1505 59.2799 -69.0059  255 255 255
-17.9124 60.1042 -73.602  255 255 255
64.0544 36.65 28.6243  255 255 255
-87.0529 51.4923 -34.5462  255 255 255
36.8226 67.1241 -102.971  255 255 255
-62.0529 54.1993 -49.1827  255 255 255
-62.0529 54.1993 -49.1827  255 255 255
29.1207 66.0122 -99.0161  255 255 255
-7.1514 60.8879 -79.6141  255 255 255
-24.4495 58.3237 -70.4158  255 255 255
-70.6085 52.6135 -44.4882  255 255 255
-38.6364 56.3395 -62.6598  255 255 255
-25.9558 57.7586 -69.7156  255 255 255
-25.9469 57.7875 -69.7608  255 255 255
-25.9186 57.8013 -70.0262  255 255 255
-84.2902 50.3514 -35.4195  255 255 255
-23.5597 57.314 -71.9321  255 255 255
-6.37788 59.3311 -81.0076  255 255 255
-44.5249 54.4708 -60.0713  255 255 255
-84.0787 49.9287 -37.633  255 255 255
64.4233 35.1268 27.7913  255 255 255
57.7272 48.1793 -31.0569  255 255 255
-17.468 55.5653 -70.0461  255 255 255
-6.35237 57.8673 -82.4086  255 255 255
64.8219 34.2037 28.2967  255 255 255
67.1371 33.0692 33.2627  255 255 255
67.767 32.3525 36.6867  255 255 255
-133.121 64.4614 -104.402  255 255 255
58.1882 46.409 -31.1783  255 255 255
58.2333 46.4593 -31.2542  255 255 255
59.8206 45.6179 -27.4208  255 255 255
-8.68943 56.5127 -81.8128  255 255 255
-6.51421 56.7306 -82.8051  255 255 255
-57.4393 50.2031 -55.619  255 255 255
-41.1542 51.9264 -64.7117  255 255 255
-41.7572 51.0702 -65.0939  255 255 255
-44.9758 50.5634 -62.977  255 255 255
-57.342 48.1957 -56.6599  255 255 255
-71.1149 46.5447 -49.1387  255 255 255
-45.0227 48.9836 -64.1686  255 255 255
-74.4477 45.7427 -46.5599  255 255 255
-48.2393 48.3833 -62.6959  255 255 255
-27.7122 50.6896 -74.3227  255 255 255
-68.4234 46.0905 -51.169  255 255 255
-68.4234 46.0905 -51.169  255 255 255
-46.7786 48.0756 -62.6006  255 255 255
-46.6443 48.3482 -63.0585  255 255 255
-63.2116 46.4754 -54.3938  255 255 255
58.9426 32.8005 13.6999  255 255 255
-54.4653 46.1789 -58.4576  255 255 255
-47.751 46.091 -64.4317  255 255 255
56.0989 32.9241 6.21684  255 255 255
55.6675 32.8624 5.60361  255 255 255
-25.7 47.4293 -77.8473  255 255 255
-57.3162 43.9568 -60.0952  255 255 255
-57.2157 43.8931 -60.0118  255 255 255
-57.7237 43.171 -60.6093  255 255 255
-57.7362 43.1392 -60.5019  255 255 255
-5.04141 47.934 -90.8326  255 255 255
-4.95968 47.996 -91.1315  255 255 255
-88.7803 40.2639 -41.9813  255 255 255
-59.2214 42.6635 -59.8193  255 255 255
61.4065 36.8504 -28.4067  255 255 255
-81.3162 40.2818 -47.2417  255 255 255
-81.2656 40.2655 -47.1253  255 255 255
62.3281 35.2096 -26.0102  255 255 255
-44.2999 41.743 -70.2276  255 255 255
63.0439 34.487 -25.2339  255 255 255
60.0262 27.5837 13.1424  255 255 255
63.7136 33.608 -24.1752  255 255 255
62.7815 33.8452 -26.6353  255 255 255
-77.9037 37.5124 -49.4742  255 255 255
59.0498 34.8124 -36.874  255 255 255
68.32 24.2825 31.1402  255 255 255
-134.821 46.941 -102.353  255 255 255
63.4054 32.7238 -25.8584  255 255 255
63.3794 32.7213 -25.8521  255 255 255
59.7952 26.6168 11.999  255 255 255
-91.5678 35.4313 -44.183  255 255 255
-91.6543 35.4438 -44.4435  255 255 255
-72.2336 36.7034 -56.075  255 255 255
-65.1841 37.1213 -60.0331  255 255 255
65.4887 24.1913 24.8602  255 255 255
-90.5801 35.273 -45.7106  255 255 255
67.8165 23.0961 29.2322  255 255 255
67.776 23.0868 29.294  255 255 255
69.278 22.5278 32.5311  255 255 255
56.075 38.1791 -86.6699  255 255 255
-63.9819 34.4942 -62.3401  255 255 255
-38.0298 35.4635 -79.1543  255 255 255
-90.6031 31.9411 -47.3257  255 255 255
-84.8405 32.2867 -51.8624  255 255 255
-80.6951 32.4309 -59.2319  255 255 255
-79.2149 32.3534 -58.872  255 255 255
-124.721 36.8808 -88.8483  255 255 255
57.6185 22.5208 3.9088  255 255 255
57.6417 22.5258 3.87398  255 255 255
60.5923 21.4844 11.6212  255 255 255
65.9892 19.9084 23.7948  255 255 255
57.812 21.8239 3.74896  255 255 255
66.5795 19.5734 24.0387  255 255 255
-4.2509 31.1998 -77.9587  255 255 255
70.142 18.4473 31.9386  255 255 255
70.3626 18.3495 32.5037  255 255 255
4.46078 29.5074 -75.6995  255 255 255
62.4035 19.5749 14.3376  255 255 255
1.54673 29.3567 -75.8897  255 255 255
57.3048 20.6809 1.43608  255 255 255
-93.5649 27.0427 -50.5632  255 255 255
3.98 27.6841 -73.4815  255 255 255
-49.5353 28.3045 -74.6536  255 255 255
56.4079 19.8573 -1.11185  255 255 255
3.2111 26.6208 -71.0355  255 255 255
4.66678 26.8813 -72.0929  255 255 255
4.6149 26.8649 -71.9234  255 255 255
65.9203 17.271 21.8742  255 255 255
-42.4299 27.2965 -73.5888  255 255 255
-10.4918 26.1025 -71.1833  255 255 255
-10.5351 26.1641 -71.3883  255 255 255
5.56645 26.0567 -71.406  255 255 255
-14.0795 26.0854 -70.9188  255 255 255
-119.345 28.0582 -75.4903  255 255 255
-89.1377 24.8509 -54.3279  255 255 255
40.0123 24.1656 -68.5775  255 255 255
-39.1639 24.1543 -68.0057  255 255 255
-92.4924 22.8283 -53.2048  255 255 255
-117.556 25.1593 -72.2089  255 255 255
70.8032 14.0843 31.0927  255 255 255
-91.4963 22.3514 -52.8468  255 255 255
60.7161 15.8347 6.33194  255 255 255
71.5699 13.4404 32.8038  255 255 255
-11.2 21.5127 -65.097  255 255 255
27.6375 21.1781 -64.8732  255 255 255
-93.3312 21.0228 -54.5983  255 255 255
70.4816 12.6083 30.1436  255 255 255
71.0467 12.5008 31.389  255 255 255
-21.0673 19.9068 -65.0962  255 255 255
70.6394 12.4737 30.7884  255 255 255
70.7647 12.4735 30.6393  255 255 255
70.5993 11.9503 30.3591  255 255 255
71.3153 11.898 31.2444  255 255 255
71.0965 11.5861 30.295  255 255 255
71.0965 11.5861 30.295  255 255 255
-62.4014 18.0779 -60.2441  255 255 255
55.2299 12.8362 -7.08912  255 255 255
59.4379 12.4999 0.48369  255 255 255
65.1379 11.4807 15.6046  255 255 255
70.2519 10.5957 28.7051  255 255 255
70.7693 10.3253 29.669  255 255 255
-12.4625 14.3326 -56.1312  255 255 255
58.9995 10.6406 -1.22855  255 255 255
59.2726 10.12 -0.652097  255 255 255
65.7451 8.75103 15.4695  255 255 255
59.3186 8.91826 -1.175  255 255 255
-18.636 11.3026 -52.079  255 255 255
66.0229 8.0413 15.73  255 255 255
66.0245 8.03691 15.7555  255 255 255
-5.76019 7.22097 22.4993  255 255 255
70.6122 6.7238 26.9741  255 255 255
70.5957 6.72198 26.9975  255 255 255
-58.4039 10.4311 -50.8987  255 255 255
64.2436 7.17145 10.3358  255 255 255
64.2327 7.14392 10.3464  255 255 255
-46.3082 9.19563 -49.7793  255 255 255
65.7162 6.21119 15.7577  255 255 255
-26.1475 8.60576 -48.6143  255 255 255
-92.1926 9.50792 -48.6406  255 255 255
-50.1685 8.47061 -48.3633  255 255 255
59.7389 6.54672 -3.15261  255 255 255
-46.757 7.93122 -51.1579  255 255 255
-42.4401 7.12035 -45.6344  255 255 255
-49.4455 6.92322 -47.1103  255 255 255
71.399 4.30956 26.7771  255 255 255
61.7429 4.25641 1.86964  255 255 255
-131.286 7.63398 -47.121  255 255 255
-17.4015 3.5729 22.9693  255 255 255
64.3275 3.43013 7.19273  255 255 255
-33.0967 4.58337 -44.4433  255 255 255
65.4463 3.16268 10.7517  255 255 255
65.4665 3.16311 10.721  255 255 255
-75.8273 5.28358 -44.6038  255 255 255
-54.2174 4.6583 -43.3486  255 255 255
65.7882 2.76638 11.1991  255 255 255
66.908 2.54167 14.3905  255 255 255
66.9346 2.54377 14.3461  255 255 255
68.7704 2.12898 21.0153  255 255 255
66.402 1.75471 12.5077  255 255 255
67.9979 1.89577 16.8426  255 255 255
67.7083 1.60257 15.8101  255 255 255
-21.0753 1.99072 10.4622  255 255 255
65.657 0.701531 10.2329  255 255 255
65.657 0.701532 10.2329  255 255 255
-22.2554 1.07725 10.8427  255 255 255
71.6815 0.277801 25.2969  255 255 255
71.6875 0.284692 25.2829  255 255 255
71.6875 0.284692 25.2829  255 255 255
66.4011 -0.0224439 12.2319  255 255 255
66.0168 -0.205311 10.1948  255 255 255
68.8446 -0.278676 17.1688  255 255 255
68.838 -0.279116 17.184  255 255 255
-10.5103 0.0420637 32.8097  255 255 255
62.6243 -0.8625 -0.953603  255 255 255
-22.2374 -0.0699025 11.5423  255 255 255
59.605 -1.07231 -7.78135  255 255 255
59.9011 -1.10416 -8.40412  255 255 255
68.5132 -0.969337 15.9493  255 255 255
69.7001 -0.998225 19.0597  255 255 255
70.7994 -0.981446 22.2744  255 255 255
10.7797 -1.05481 31.3602  255 255 255
70.2195 -1.87676 19.1212  255 255 255
66.6764 -2.19023 9.79647  255 255 255
-49.7908 -1.83526 -35.992  255 255 255
68.5705 -2.14963 15.3742  255 255 255
68.5769 -2.14968 15.3645  255 255 255
-49.6828 -2.56759 -35.1318  255 255 255
57.9361 -3.45829 -14.2034  255 255 255
68.2 -3.05394 13.9074  255 255 255
70.0309 -3.04358 18.2021  255 255 255
58.5379 -4.10439 -13.4394  255 255 255
-46.5256 -3.47765 -33.6824  255 255 255
-7.0908 -2.48698 36.1432  255 255 255
65.3171 -4.06251 5.55818  255 255 255
68.6235 -3.75979 14.9091  255 255 255
57.5629 -4.79877 -17.2749  255 255 255
65.6687 -4.58709 6.16796  255 255 255
65.667 -4.59725 6.17478  255 255 255
-11.6094 -3.72706 35.1662  255 255 255
-50.3508 -6.28289 -29.8833  255 255 255
65.2786 -6.45262 4.01578  255 255 255
65.2294 -6.41887 4.08758  255 255 255
-76.0805 -6.13147 -30.3414  255 255 255
67.2817 -6.47545 8.5465  255 255 255
-4.19029 -4.73 37.9235  255 255 255
66.7426 -7.1602 6.71207  255 255 255
-1.66384 -5.11211 38.3845  255 255 255
72.3445 -6.59511 22.3803  255 255 255
-71.2272 -7.11783 -28.5685  255 255 255
65.9601 -7.51652 4.63404  255 255 255
67.8162 -7.81567 9.11664  255 255 255
72.496 -8.03276 22.3173  255 255 255
65.7506 -9.17523 2.3453  255 255 255
73.0949 -8.16215 24.6324  255 255 255
68.7716 -9.01517 11.9373  255 255 255
65.3996 -9.8276 1.05734  255 255 255
57.1126 -11.5066 -22.1264  255 255 255
69.6429 -9.786 13.016  255 255 255
69.6429 -9.786 13.016  255 255 255
-115.962 -9.52276 -25.7049  255 255 255
-51.828 -10.4928 -24.43  255 255 255
-20.513 -7.83715 29.1434  255 255 255
4.38991 -7.75141 37.9394  255 255 255
67.7757 -10.8928 7.06349  255 255 255
73.1802 -9.86425 22.9134  255 255 255
69.8352 -10.7032 13.1897  255 255 255
50.2662 -12.9081 -20.0833  255 255 255
59.7319 -13.0893 -15.1054  255 255 255
62.7278 -12.6903 -7.96438  255 255 255
67.5949 -11.7662 5.9609  255 255 255
67.5949 -11.7662 5.9609  255 255 255
10.8309 -8.82063 35.7139  255 255 255
70.0435 -11.4743 12.7032  255 255 255
-57.6778 -12.2536 -22.4913  255 255 255
68.6337 -11.9257 8.46091  255 255 255
-64.5357 -12.2137 -22.0456  255 255 255
-66.5327 -12.5433 -21.6261  255 255 255
-22.9744 -9.66225 26.1993  255 255 255
-55.3666 -12.8819 -20.9787  255 255 255
12.7522 -9.75202 34.1161  255 255 255
68.1568 -12.6497 7.06442  255 255 255
68.1568 -12.6497 7.06441  255 255 255
74.215 -11.2995 24.6743  255 255 255
74.2703 -11.3064 24.5988  255 255 255
65.2388 -13.3166 -1.88257  255 255 255
65.2662 -13.3174 -1.90319  255 255 255
70.2448 -12.2584 12.4746  255 255 255
70.2505 -12.2489 12.4556  255 255 255
70.2735 -12.2501 12.4185  255 255 255
-65.7735 -12.9817 -21.0663  255 255 255
55.7378 -14.6918 -18.9722  255 255 255
-66.8557 -13.2908 -21.2039  255 255 255
65.7154 -13.6698 -0.415434  255 255 255
65.5513 -13.6599 -0.152208  255 255 255
-71.7865 -13.3307 -21.3953  255 255 255
74.5468 -11.9908 24.4173  255 255 255
-63.5918 -13.7721 -20.4139  255 255 255
61.2069 -15.5366 -13.133  255 255 255
-55.151 -14.902 -18.7802  255 255 255
64.8185 -15.452 -3.30155  255 255 255
75.792 -13.0668 27.0318  255 255 255
-55.6786 -15.3618 -18.8454  255 255 255
63.3934 -16.71 -7.86852  255 255 255
63.0515 -16.6477 -7.2725  255 255 255
69.4428 -15.3666 8.3194  255 255 255
70.7227 -15.0995 11.865  255 255 255
64.8564 -16.5196 -4.90096  255 255 255
-75.2913 -15.7017 -18.2047  255 255 255
68.2951 -16.1766 3.94764  255 255 255
69.6415 -16.764 7.71484  255 255 255
69.6244 -16.7561 7.71762  255 255 255
69.6457 -16.7483 7.69752  255 255 255
67.2538 -17.436 1.0067  255 255 255
1.90838 -12.5438 39.0643  255 255 255
19.014 -14.1224 29.5657  255 255 255
10.9837 -13.7216 35.3738  255 255 255
-58.6306 -18.1631 -14.3814  255 255 255
-58.6499 -18.1787 -14.4652  255 255 255
-19.1015 -13.7446 32.3098  255 255 255
-66.494 -18.1929 -14.3197  255 255 255
-31.7382 -14.5918 25.8722  255 255 255
-20.7904 -14.415 31.114  255 255 255
3.56302 -13.9889 39.2071  255 255 255
-65.2741 -18.8083 -13.5163  255 255 255
-58.2618 -18.7933 -13.4155  255 255 255
70.1494 -19.0322 7.9946  255 255 255
70.2899 -19.0375 7.76176  255 255 255
-67.2824 -19.107 -13.581  255 255 255
11.6961 -15.7571 35.0476  255 255 255
-54.3919 -20.6686 -11.3341  255 255 255
72.7699 -19.8346 15.8483  255 255 255
-53.6372 -20.7182 -11.0985  255 255 255
-31.3758 -16.3706 27.5452  255 255 255
-31.3653 -16.3381 27.7884  255 255 255
-4.32772 -15.4277 39.7793  255 255 255
-4.31 -15.4494 39.6925  255 255 255
69.6279 -21.5426 2.55318  255 255 255
68.2322 -22.2131 0.210939  255 255 255
74.8769 -20.2609 19.926  255 255 255
-70.3476 -22.6758 -9.27714  255 255 255
69.4881 -24.3718 2.06705  255 255 255
-61.3884 -24.9199 -5.93638  255 255 255
12.5907 -19.9693 37.2063  255 255 255
51.9846 -27.5158 -2.70873  255 255 255
73.7424 -26.0644 11.6685  255 255 255
-17.9347 -20.5168 36.6817  255 255 255
-64.034 -26.7874 -4.72228  255 255 255
70.0389 -29.267 0.192268  255 255 255
-61.1794 -27.0365 -3.87616  255 255 255
75.0877 -28.4537 14.9035  255 255 255
75.0459 -28.4452 14.9769  255 255 255
-3.68295 -22.1226 40.2059  255 255 255
2.92225 -22.5656 40.1141  255 255 255
-1.8575 -22.4276 40.8089  255 255 255
-32.7002 -26.3218 17.5663  255 255 255
-10.2931 -22.7541 40.0078  255 255 255
10.538 -23.6438 37.8233  255 255 255
77.1726 -28.999 18.6413  255 255 255
-0.505671 -23.2456 40.7791  255 255 255
74.2432 -30.3009 14.8294  255 255 255
78.7779 -28.7491 23.917  255 255 255
72.3251 -33.108 3.82659  255 255 255
-17.0227 -24.15 38.0192  255 255 255
-62.7889 -30.9641 2.16044  255 255 255
-16.8941 -25.0636 38.7937  255 255 255
77.7502 -31.8286 19.0053  255 255 255
8.15917 -26.04 39.4303  255 255 255
-65.531 -32.3863 3.6989  255 255 255
-19.8221 -26.117 39.9625  255 255 255
-28.2565 -28.8536 27.756  255 255 255
-16.7845 -26.7079 40.8689  255 255 255
11.5334 -27.5253 40.9934  255 255 255
-19.9505 -26.6979 41.0411  255 255 255
-19.9483 -26.7032 41.04  255 255 255
78.7658 -34.3463 19.96  255 255 255
-63.8977 -34.1523 5.83784  255 255 255
9.92799 -27.834 41.516  255 255 255
75.6362 -36.9918 10.4331  255 255 255
79.3827 -35.9513 20.114  255 255 255
-14.9565 -29.2582 40.3081  255 255 255
-1.13218 -29.2269 43.5335  255 255 255
4.45581 -29.5854 43.5931  255 255 255
-2.35773 -30.4359 42.9314  255 255 255
9.86962 -35.0781 36.6046  255 255 255
-16.8637 -35.561 34.2059  255 255 255
-11.0463 -36.7796 36.3875  255 255 255
13.1476 -39.5284 31.5509  255 255 255
16.1373 -40.8426 30.8047  255 255 255
18.771 -42.7073 30.8021  255 255 255
62.4197 -48.4946 25.7449  255 255 255
23.0475 -47.8548 27.0973  255 255 255
23.0351 -47.8307 27.1011  255 255 255
-10.2525 -46.64 37.1109  255 255 255
31.5125 -52.4179 29.4827  255 255 255
29.711 -53.2041 29.8332  255 255 255
61.9066 -54.5212 33.042  255 255 255
-41.4483 -52.1414 29.0283  255 255 255
57.2967 -56.4665 36.1749  255 255 255
-38.8696 -54.7858 32.6551  255 255 255
55.5236 -58.1007 37.6346  255 255 255
-27.4583 -56.9827 35.5688  255 255 255
-27.4624 -56.9663 35.5581  255 255 255
-33.7175 -57.248 35.7708  255 255 255
23.4247 -59.0657 37.9265  255 255 255
-24.167 -58.823 37.8732  255 255 255
-21.0079 -59.188 38.4731  255 255 255
-45.0039 -59.5829 37.3408  255 255 255
-2.36796 -60.2084 39.4127  255 255 255
-15.0479 -59.7485 39.6958  255 255 255
-23.3479 -59.9398 39.431  255 255 255
-1.16209 -60.9327 40.0874  255 255 255
-11.8877 -60.5507 40.1849  255 255 255
-9.19635 -60.676 40.2715  255 255 255
-17.2192 -60.7559 39.9225  255 255 255
-5.83125 -61.1339 40.9563  255 255 255
57.6515 -63.539 43.7965  255 255 255
31.156 -62.7458 44.5293  255 255 255
60.9299 60.1267 -14.7695  255 255 255
-78.8875 64.2188 -31.0062  255 255 255
40.5222 83.2446 -93.4019  255 255 255
82.522 90.3608 -113.308  255 255 255
83.9427 90.3625 -113.157  255 255 255
26.027 79.3298 -86.078  255 255 255
39.206 81.8162 -93.6268  255 255 255
-134.406 82.2508 -92.6102  255 255 255
-60.0083 65.3404 -41.8977  255 255 255
63.7283 56.7395 -10.0624  255 255 255
63.7097 56.734 -10.0322  255 255 255
-89.0967 60.9306 -25.3132  255 255 255
-31.7906 69.2907 -56.9171  255 255 255
-31.7906 69.2907 -56.9171  255 255 255
65.3512 85.1951 -106.184  255 255 255
-33.5809 68.9109 -57.282  255 255 255
-33.5914 68.8138 -57.1158  255 255 255
-4.88396 71.3565 -72.889  255 255 255
31.8873 77.2013 -91.8096  255 255 255
31.8598 77.1732 -91.7088  255 255 255
-68.287 61.8383 -39.6826  255 255 255
34.6628 76.9711 -94.1399  255 255 255
33.489 76.2997 -93.8342  255 255 255
33.489 76.2997 -93.8342  255 255 255
-7.19665 69.6039 -73.244  255 255 255
39.3547 75.496 -92.2886  255 255 255
37.4061 75.8177 -94.255  255 255 255
63.8794 53.0953 -10.9871  255 255 255
63.1312 53.3795 -12.8363  255 255 255
14.5418 72.3089 -85.0614  255 255 255
20.4846 73.6438 -89.3312  255 255 255
-90.5239 57.4371 -29.247  255 255 255
-90.441 57.2984 -28.7368  255 255 255
-91.9477 56.5723 -27.1152  255 255 255
81.9921 82.1273 -119.493  255 255 255
64.2718 52.433 -12.1793  255 255 255
57.6649 43.7812 16.4448  255 255 255
57.6649 43.7812 16.4448  255 255 255
-25.6069 63.8065 -65.2362  255 255 255
59.5034 53.5596 -22.8689  255 255 255
34.6122 71.7455 -97.9744  255 255 255
56.2345 43.327 12.8548  255 255 255
56.9276 42.3121 14.8225  255 255 255
-6.17778 64.5819 -77.022  255 255 255
-6.17504 64.6024 -77.0345  255 255 255
-92.4501 52.9106 -29.3043  255 255 255
-88.9813 53.1217 -32.3051  255 255 255
-7.10772 63.5878 -78.1433  255 255 255
-134.793 71.2098 -100.69  255 255 255
-69.5125 53.7472 -44.4106  255 255 255
-114.536 59.7558 -66.8091  255 255 255
-85.8979 51.2999 -34.6892  255 255 255
-93.744 50.4966 -31.5172  255 255 255
64.1407 36.1285 27.9337  255 255 255
56.8952 39.4391 12.5635  255 255 255
61.7599 37.0187 22.5023  255 255 255
-7.35954 59.5757 -80.7173  255 255 255
59.4744 47.5222 -27.2011  255 255 255
59.4744 47.5222 -27.2011  255 255 255
73.0852 69.0917 -121.971  255 255 255
-47.3731 53.6888 -59.0612  255 255 255
64.3884 34.3371 27.1251  255 255 255
-32.9879 54.4262 -68.1198  255 255 255
59.0959 46.4518 -28.7407  255 255 255
-49.4175 51.9694 -59.4786  255 255 255
-44.1082 52.2325 -62.2791  255 255 255
-37.8127 52.8792 -66.3699  255 255 255
-72.3164 48.6091 -46.793  255 255 255
-85.4455 47.2212 -39.4872  255 255 255
-93.7596 46.1341 -35.1486  255 255 255
-46.7255 50.0404 -62.4607  255 255 255
56.9578 34.3934 9.12562  255 255 255
-56.3303 47.2613 -58.2563  255 255 255
60.0358 32.5634 16.3033  255 255 255
-65.7015 45.7433 -53.5614  255 255 255
-43.506 47.2664 -66.1993  255 255 255
-4.85084 51.3556 -88.3361  255 255 255
7.28503 51.9079 -94.9806  255 255 255
-58.936 44.1151 -59.0134  255 255 255
-140.665 54.1029 -109.805  255 255 255
60.8975 29.0954 16.1172  255 255 255
-131.496 52.2206 -106.978  255 255 255
-30.6676 44.4453 -76.4533  255 255 255
56.2183 38.8389 -41.6873  255 255 255
63.6345 35.5733 -24.0848  255 255 255
-6.64115 44.2404 -92.2314  255 255 255
-57.1842 38.2215 -64.0542  255 255 255
-57.2276 38.2517 -64.2672  255 255 255
27.4934 41.9339 -92.5538  255 255 255
27.4343 41.7937 -91.9661  255 255 255
-134.867 45.1457 -98.9772  255 255 255
-125.145 44.6959 -97.4388  255 255 255
61.8557 32.5084 -29.674  255 255 255
-60.9303 37.2569 -63.3788  255 255 255
66.4525 23.2353 26.3145  255 255 255
-38.9763 37.6569 -76.9652  255 255 255
-60.8659 35.7893 -62.8342  255 255 255
62.5979 23.7262 17.9338  255 255 255
61.8099 29.9452 -30.3296  255 255 255
61.8015 29.9321 -30.3076  255 255 255
58.7296 24.6104 7.72155  255 255 255
59.9181 24.0821 10.627  255 255 255
-29.5595 36.6672 -82.9405  255 255 255
27.3033 36.6102 -85.448  255 255 255
1.00918 36.1939 -85.0219  255 255 255
58.8684 23.216 7.15169  255 255 255
-36.9205 34.5349 -80.9749  255 255 255
-89.6217 31.0556 -48.511  255 255 255
-89.6218 31.0557 -48.5112  255 255 255
-92.8447 30.2744 -48.2457  255 255 255
-75.1652 30.6618 -57.8492  255 255 255
62.6082 26.4083 -30.5705  255 255 255
-70.119 30.5158 -61.0727  255 255 255
-49.9229 31.2159 -76.0476  255 255 255
-10.1957 30.4932 -76.9647  255 255 255
-10.1673 30.5402 -77.3338  255 255 255
65.6234 19.2321 21.5054  255 255 255
3.71993 30.2331 -77.5394  255 255 255
-87.6606 28.1394 -53.4601  255 255 255
-94.2326 26.1202 -50.5589  255 255 255
-90.3595 26.0683 -53.139  255 255 255
-92.3155 25.6972 -54.0184  255 255 255
2.28964 25.3416 -70.2251  255 255 255
56.5027 18.7494 -2.16501  255 255 255
29.427 23.9146 -68.7065  255 255 255
-120.85 25.9276 -74.0155  255 255 255
24.4281 23.0772 -67.8975  255 255 255
57.8969 16.8064 0.283909  255 255 255
59.253 16.4868 3.42758  255 255 255
59.2573 16.484 3.40421  255 255 255
-124.661 25.2852 -72.6513  255 255 255
57.1866 15.8881 -2.19789  255 255 255
-23.4744 20.4963 -63.7973  255 255 255
60.7953 14.6178 8.55884  255 255 255
-92.0481 20.8136 -53.7569  255 255 255
60.9587 14.3383 6.73091  255 255 255
61.7055 14.2474 8.45842  255 255 255
63.1182 13.8506 12.6099  255 255 255
59.038 14.2912 1.06913  255 255 255
57.4848 13.7196 -3.14112  255 255 255
57.4973 13.7059 -3.20976  255 255 255
59.5746 13.2621 2.27746  255 255 255
-15.232 17.0615 -60.2696  255 255 255
55.5807 12.8859 -9.6841  255 255 255
-23.4343 15.4349 -53.8271  255 255 255
63.0548 11.2093 10.2606  255 255 255
63.4557 10.8596 11.4414  255 255 255
-62.3263 15.7904 -59.0495  255 255 255
-62.2538 15.7323 -58.8604  255 255 255
59.3349 11.2712 0.394873  255 255 255
58.0016 10.5962 -3.50668  255 255 255
-4.69135 8.14039 21.8797  255 255 255
-58.3096 12.2189 -54.6086  255 255 255
-58.3096 12.2188 -54.6086  255 255 255
59.1195 8.39374 -2.82042  255 255 255
-7.09204 7.08288 23.1698  255 255 255
65.6592 5.1196 13.0187  255 255 255
65.5148 4.88773 11.7613  255 255 255
65.4367 4.8761 11.9042  255 255 255
65.4367 4.8761 11.9042  255 255 255
7.37689 4.25767 27.4409  255 255 255
62.291 4.45612 3.73691  255 255 255
59.3703 4.16872 -5.02731  255 255 255
65.674 3.97856 10.2665  255 255 255
66.5827 3.81857 14.2084  255 255 255
64.9096 3.79842 9.85112  255 255 255
-11.1927 3.41708 29.5476  255 255 255
-132.556 6.74163 -50.3852  255 255 255
-132.555 6.74159 -50.3839  255 255 255
66.164 3.2086 12.7623  255 255 255
66.9891 3.21827 15.1224  255 255 255
-42.7366 4.44562 -43.442  255 255 255
65.1649 2.91927 9.96768  255 255 255
-51.433 4.2607 -44.5576  255 255 255
62.7863 2.20546 3.08578  255 255 255
-44.4727 3.27833 -41.9279  255 255 255
65.365 2.05179 9.4577  255 255 255
61.754 1.92951 0.299128  255 255 255
61.754 1.92951 0.299141  255 255 255
68.9137 1.75782 20.227  255 255 255
65.699 1.51345 10.6916  255 255 255
68.2168 1.20909 16.8512  255 255 255
68.6134 1.15261 17.7512  255 255 255
-18.6865 1.47418 24.6059  255 255 255
70.2904 1.05015 23.085  255 255 255
70.875 0.746998 23.6759  255 255 255
-51.9398 1.52704 -39.7375  255 255 255
-12.507 1.07144 30.8046  255 255 255
67.2653 0.594852 13.8466  255 255 255
62.1149 0.491598 0.0866439  255 255 255
68.1751 0.570122 16.0303  255 255 255
69.1328 0.395803 18.6465  255 255 255
63.0692 -0.0122157 2.46819  255 255 255
63.0583 -0.0211514 2.49744  255 255 255
64.2073 -0.134421 4.41091  255 255 255
67.8078 -0.113886 14.8895  255 255 255
66.9396 -0.230717 12.3255  255 255 255
68.4087 -0.291575 16.3719  255 255 255
-22.9882 0.146983 11.7514  255 255 255
67.3935 -0.826901 13.154  255 255 255
-11.8345 -0.575993 32.6497  255 255 255
68.1636 -1.55458 14.4772  255 255 255
70.399 -1.88058 20.1215  255 255 255
70.399 -1.88058 20.1215  255 255 255
67.982 -2.25112 13.9853  255 255 255
-51.3084 -2.04149 -35.4128  255 255 255
69.6259 -2.44525 17.931  255 255 255
-123.129 -1.80358 -36.2604  255 255 255
-20.8953 -2.09645 25.3028  255 255 255
69.5796 -3.53742 16.7894  255 255 255
61.8888 -4.40053 -3.48477  255 255 255
70.4834 -3.61271 19.1438  255 255 255
68.5067 -4.23081 13.7111  255 255 255
-50.1021 -4.64312 -33.2966  255 255 255
3.91637 -3.32853 36.407  255 255 255
70.0908 -4.4368 17.9151  255 255 255
73.0489 -4.83341 25.315  255 255 255
-14.0493 -3.77408 33.7131  255 255 255
67.4506 -5.53507 9.79871  255 255 255
69.993 -5.47576 16.9011  255 255 255
70.9784 -5.54264 19.1279  255 255 255
66.1028 -6.29031 6.02624  255 255 255
2.917 -4.6652 37.3559  255 255 255
-14.8402 -4.77526 33.2238  255 255 255
-2.26602 -4.76792 38.0693  255 255 255
-2.27409 -4.75565 38.0041  255 255 255
62.5387 -7.28822 -4.44191  255 255 255
71.859 -6.52741 21.59  255 255 255
4.26843 -5.37971 37.0177  255 255 255
65.4972 -7.80979 2.97404  255 255 255
74.3945 -6.71203 27.7114  255 255 255
57.583 -8.77811 -18.8247  255 255 255
57.4181 -8.81181 -18.4646  255 255 255
60.0567 -8.51205 -12.9883  255 255 255
66.9466 -7.77687 8.33607  255 255 255
56.6662 -9.59892 -22.4828  255 255 255
56.4233 -9.57334 -21.8889  255 255 255
-25.7261 -6.44853 20.3978  255 255 255
-11.1806 -6.06818 36.2816  255 255 255
67.9842 -8.73784 9.15689  255 255 255
-33.3914 -7.22152 15.6119  255 255 255
67.4848 -9.44831 7.69589  255 255 255
66.2251 -9.92547 3.54055  255 255 255
66.2192 -9.9203 3.53928  255 255 255
-26.5437 -7.66043 22.0956  255 255 255
-25.1513 -7.78811 22.2041  255 255 255
-7.6519 -7.02104 38.0321  255 255 255
5.1234 -7.4391 37.4392  255 255 255
5.10794 -7.44222 37.4864  255 255 255
-69.4269 -10.178 -25.3762  255 255 255
68.4893 -10.5661 9.07358  255 255 255
-32.5132 -8.73887 17.7697  255 255 255
67.1066 -10.9739 4.98085  255 255 255
74.9319 -9.7323 27.0099  255 255 255
-22.2222 -8.46799 27.0859  255 255 255
72.5392 -10.2787 20.5683  255 255 255
72.6212 -10.2923 20.3918  255 255 255
-30.2059 -9.17665 17.9526  255 255 255
69.2534 -11.71 10.4115  255 255 255
67.6924 -13.2273 5.64404  255 255 255
-25.8732 -10.2992 25.4216  255 255 255
-74.8412 -13.6885 -20.2931  255 255 255
69.722 -13.4315 10.1769  255 255 255
-60.2391 -14.0495 -19.8918  255 255 255
-60.2324 -14.0552 -19.8682  255 255 255
66.8072 -14.1526 1.89189  255 255 255
65.6455 -14.9252 -2.1902  255 255 255
68.5954 -14.2001 6.77841  255 255 255
-59.0141 -14.7035 -19.0539  255 255 255
-59.8735 -14.906 -18.8496  255 255 255
67.6113 -15.258 3.26453  255 255 255
68.4414 -15.1411 5.32662  255 255 255
-22.8264 -12.1201 28.4533  255 255 255
-68.8399 -15.6875 -18.0415  255 255 255
69.0082 -15.9998 6.67282  255 255 255
69.0642 -15.9988 6.57026  255 255 255
-62.6192 -16.4126 -16.7049  255 255 255
-66.7682 -16.4961 -16.6341  255 255 255
67.8511 -16.9619 2.90564  255 255 255
67.831 -16.9752 2.97126  255 255 255
-22.0003 -13.1401 29.179  255 255 255
-18.2539 -12.9539 32.9603  255 255 255
76.3913 -15.5066 25.0865  255 255 255
-12.413 -12.9207 37.1389  255 255 255
-69.6774 -17.7455 -15.5816  255 255 255
68.6612 -17.9596 4.00287  255 255 255
74.653 -16.2981 22.3502  255 255 255
69.0226 -17.9828 5.20696  255 255 255
68.9216 -18.0016 5.30584  255 255 255
67.5542 -19.0205 0.671144  255 255 255
-1.86979 -13.7451 39.8621  255 255 255
68.8025 -19.5677 3.96424  255 255 255
68.7407 -19.5814 4.01703  255 255 255
-71.6925 -19.1179 -13.6351  255 255 255
-68.9294 -19.2131 -13.3933  255 255 255
0.965629 -14.8123 39.0192  255 255 255
-0.141912 -14.8722 39.4906  255 255 255
67.9655 -20.6987 0.642202  255 255 255
74.2966 -19.6085 18.1399  255 255 255
73.8465 -19.5173 18.7559  255 255 255
-62.8955 -20.6183 -11.5025  255 255 255
1.47727 -15.6717 39.4192  255 255 255
1.50207 -15.6573 39.4242  255 255 255
70.4295 -21.4756 6.05279  255 255 255
69.0916 -22.0875 2.43418  255 255 255
76.3343 -19.3643 24.8463  255 255 255
74.9381 -19.9374 21.4814  255 255 255
-63.9771 -22.0796 -9.94858  255 255 255
-14.9809 -16.985 35.4761  255 255 255
-14.5011 -17.5118 35.7439  255 255 255
-62.0046 -23.1919 -7.67385  255 255 255
2.36961 -17.8697 38.7674  255 255 255
-7.28151 -17.7314 38.7487  255 255 255
-21.7316 -18.7112 34.1115  255 255 255
-17.4177 -18.7083 36.8997  255 255 255
73.3852 -24.8163 10.1891  255 255 255
71.8067 -24.4337 12.4042  255 255 255
70.467 -26.192 3.67695  255 255 255
76.4525 -23.8497 21.4885  255 255 255
7.1472 -20.1546 37.4518  255 255 255
6.10885 -20.5307 37.4141  255 255 255
3.78552 -20.5942 38.0555  255 255 255
74.1726 -26.503 12.342  255 255 255
1.97648 -20.6346 38.6741  255 255 255
-24.8986 -21.1724 34.054  255 255 255
-5.2771 -22.1226 40.692  255 255 255
11.3086 -23.8342 37.3144  255 255 255
77.8149 -28.7825 21.4813  255 255 255
74.2162 -31.142 10.2899  255 255 255
-62.7117 -30.4915 0.441951  255 255 255
-64.9132 -33.06 4.36261  255 255 255
-60.3177 -34.4894 6.23834  255 255 255
-24.3358 -30.1418 30.8897  255 255 255
-9.06381 -28.1746 42.5576  255 255 255
-16.5655 -28.7289 39.9248  255 255 255
-3.19402 -28.4764 43.1551  255 255 255
-25.5104 -31.1708 29.1035  255 255 255
-4.27124 -28.6554 43.0811  255 255 255
-62.0452 -35.8783 8.79631  255 255 255
-6.95092 -29.2334 43.7183  255 255 255
-8.54466 -29.3775 43.9336  255 255 255
-7.41305 -30.0664 44.8503  255 255 255
-12.7811 -31.8307 39.3954  255 255 255
-7.81969 -30.6409 44.8939  255 255 255
-24.6873 -34.8526 28.0228  255 255 255
-12.4082 -32.7635 38.7598  255 255 255
-105.205 -40.4026 14.3632  255 255 255
56.6493 -43.8884 18.3993  255 255 255
71.3915 -45.9962 21.8647  255 255 255
66.9887 -46.8815 22.7076  255 255 255
-0.994899 -40.1796 36.6298  255 255 255
64.6446 -48.1058 25.225  255 255 255
61.7345 -49.4787 25.671  255 255 255
12.7856 -45.9005 34.3562  255 255 255
55.3712 -50.7289 28.1263  255 255 255
-35.973 -52.2485 29.6463  255 255 255
-31.857 -53.6918 31.5219  255 255 255
57.4805 -57.6322 36.4842  255 255 255
39.8809 -57.4051 35.4443  255 255 255
29.868 -56.7944 36.5553  255 255 255
-3.65582 -57.6947 37.1363  255 255 255
-4.51196 -58.5814 37.1793  255 255 255
-24.8615 -59.1069 37.9249  255 255 255
26.2267 -60.2853 40.6689  255 255 255
-14.8739 -59.3143 38.4571  255 255 255
-46.0442 -58.9734 38.2389  255 255 255
51.1525 -61.3447 42.0385  255 255 255
28.1178 -60.993 40.618  255 255 255
-11.3106 -60.0506 39.8126  255 255 255
-10.2261 -60.2749 39.6777  255 255 255
-15.9082 -60.1573 39.6198  255 255 255
-8.84041 -60.2259 40.2156  255 255 255
-4.90374 -60.9335 40.5835  255 255 255
35.8551 -62.0493 43.2406  255 255 255
-13.0897 -60.75 40.5822  255 255 255
-12.3985 -61.4467 41.2148  255 255 255
-32.593 71.5739 -55.4625  255 255 255
3.98963 77.6434 -75.0927  255 255 255
-80.2993 63.8651 -30.3399  255 255 255
43.1614 83.7327 -95.5947  255 255 255
-81.8268 63.4494 -29.5538  255 255 255
-73.7975 64.4176 -33.9594  255 255 255
-73.8065 64.3806 -33.8138  255 255 255
-46.9433 68.348 -48.5947  255 255 255
57.3537 61.9472 -24.7926  255 255 255
-60.7586 65.8943 -40.8669  255 255 255
-60.7342 66.0212 -41.0666  255 255 255
-7.20209 74.137 -69.8592  255 255 255
61.8308 84.4654 -104.586  255 255 255
62.6763 56.9746 -12.7669  255 255 255
14.6824 76.3577 -81.5036  255 255 255
57.486 59.9092 -24.2543  255 255 255
59.0709 58.6591 -20.2426  255 255 255
-80.6503 61.5037 -31.9813  255 255 255
27.5741 77.9295 -89.1358  255 255 255
50.6192 81.2045 -99.4981  255 255 255
-3.30994 72.0253 -74.5538  255 255 255
61.3923 55.7407 -15.9525  255 255 255
63.2248 54.3422 -12.2346  255 255 255
-133.375 78.0789 -92.1342  255 255 255
75.0381 82.3977 -114.304  255 255 255
32.1828 75.2471 -93.8585  255 255 255
-128.989 74.5113 -86.2204  255 255 255
57.0372 78.0396 -104.084  255 255 255
57.0941 44.472 16.9192  255 255 255
32.0486 74.1277 -94.5858  255 255 255
2.86688 67.4574 -81.4557  255 255 255
-119.426 64.6534 -72.6928  255 255 255
-119.426 64.6534 -72.6928  255 255 255
-33.1983 59.6252 -63.1835  255 255 255
57.2606 50.8595 -29.8616  255 255 255
57.3257 50.904 -30.007  255 255 255
56.3006 40.5444 11.3495  255 255 255
58.7724 48.3623 -28.4703  255 255 255
64.3575 45.3495 -17.1273  255 255 255
60.6698 46.1224 -25.5383  255 255 255
-93.5922 48.2539 -33.1102  255 255 255
59.2098 36.7069 16.3136  255 255 255
-22.7083 55.1157 -73.3402  255 255 255
-114.721 55.6752 -70.5117  255 255 255
-88.813 47.3057 -36.6398  255 255 255
67.4411 32.2611 32.8611  255 255 255
68.1498 31.4027 34.0608  255 255 255
61.8028 32.8831 20.3219  255 255 255
59.8068 31.8415 14.8745  255 255 255
59.7455 31.819 14.9678  255 255 255
61.3779 31.1169 18.4792  255 255 255
61.3806 31.1285 18.4617  255 255 255
-52.2874 44.2736 -61.6583  255 255 255
61.0026 30.1628 17.2432  255 255 255
57.9506 31.0066 10.5033  255 255 255
57.2392 31.2157 8.34633  255 255 255
57.2392 31.2157 8.34633  255 255 255
59.6703 29.3811 12.618  255 255 255
65.9042 26.9012 26.7039  255 255 255
-85.5718 38.457 -46.8372  255 255 255
65.465 25.6806 25.269  255 255 255
60.6192 26.6986 14.0756  255 255 255
-89.7594 36.1893 -45.742  255 255 255
62.7009 31.4133 -28.1158  255 255 255
65.7361 23.5326 24.7923  255 255 255
68.9077 22.705 31.7622  255 255 255
68.9077 22.705 31.7622  255 255 255
61.417 31.2507 -31.7447  255 255 255
60.2058 24.8884 12.0398  255 255 255
60.3182 24.92 11.936  255 255 255
-0.89529 38.756 -88.1161  255 255 255
67.6074 21.8619 28.2337  255 255 255
57.0401 24.5725 2.94565  255 255 255
-0.777656 35.6592 -83.7495  255 255 255
56.9537 30.1399 -43.8748  255 255 255
60.1539 22.6132 10.3204  255 255 255
64.0998 20.9986 19.2695  255 255 255
60.0659 21.3201 9.28962  255 255 255
60.1512 21.3429 9.2354  255 255 255
56.8606 21.7417 1.12276  255 255 255
60.5261 20.3992 11.2407  255 255 255
58.129 20.7733 1.95443  255 255 255
-68.7703 28.4924 -63.3287  255 255 255
62.9486 18.8827 14.9335  255 255 255
-31.3638 27.8495 -71.5205  255 255 255
0.147564 24.1412 -69.9764  255 255 255
58.5335 17.4267 2.02455  255 255 255
60.6171 16.8034 7.27739  255 255 255
-75.7747 23.9507 -66.0969  255 255 255
-73.0547 23.4507 -66.8607  255 255 255
-19.9311 18.798 -61.9226  255 255 255
64.6361 12.4594 15.4577  255 255 255
-21.1862 16.8792 -56.7263  255 255 255
60.3904 12.4442 3.46025  255 255 255
64.9203 10.9842 14.628  255 255 255
67.9147 10.8046 19.695  255 255 255
64.4304 9.38727 12.227  255 255 255
-91.5604 14.0291 -56.7172  255 255 255
69.7429 8.51022 22.5404  255 255 255
-5.82089 7.56594 22.4333  255 255 255
-52.4188 10.4371 -49.9045  255 255 255
-49.0854 10.1416 -50.095  255 255 255
64.7728 5.08176 10.3986  255 255 255
69.6542 2.82668 23.7974  255 255 255
64.7518 2.78356 8.81501  255 255 255
64.7518 2.78356 8.81501  255 255 255
68.6145 2.25442 19.0945  255 255 255
70.8702 1.64681 24.523  255 255 255
66.6369 1.52079 12.6514  255 255 255
67.322 1.63004 14.7322  255 255 255
69.79 -0.401627 19.7592  255 255 255
73.8527 -0.694226 29.1738  255 255 255
71.9738 -0.735672 25.2485  255 255 255
-78.4432 -0.27073 -36.6047  255 255 255
57.6315 -2.50376 -12.3112  255 255 255
68.7411 -2.64785 15.5911  255 255 255
72.9194 -2.45743 24.1036  255 255 255
72.9194 -2.45743 24.1036  255 255 255
66.8671 -3.45832 9.99366  255 255 255
69.8501 -3.60314 17.6833  255 255 255
69.8501 -3.60314 17.6833  255 255 255
71.5767 -3.93665 21.9412  255 255 255
73.9448 -4.63707 28.3649  255 255 255
-71.1651 -5.99576 -31.2222  255 255 255
-64.4718 -6.61383 -29.5293  255 255 255
58.8761 -7.9786 -15.5904  255 255 255
58.9578 -7.97669 -15.7212  255 255 255
-75.0662 -6.86497 -29.5452  255 255 255
-74.9069 -6.8407 -28.7995  255 255 255
-57.4546 -7.29925 -29.4584  255 255 255
56.6016 -8.44638 -22.0129  255 255 255
-67.9293 -7.63584 -28.1038  255 255 255
-75.0951 -7.88046 -28.1791  255 255 255
-20.4022 -6.57744 28.9614  255 255 255
-127.828 -8.39952 -26.5888  255 255 255
64.7833 -11.2896 -1.60715  255 255 255
-117.764 -11.8772 -22.8771  255 255 255
-16.9345 -10.31 34.0169  255 255 255
-17.2595 -11.2211 33.6144  255 255 255
-17.257 -11.218 33.6842  255 255 255
3.18668 -11.1886 38.8907  255 255 255
73.5376 -14.034 20.8216  255 255 255
0.856341 -11.4006 39.2099  255 255 255
-55.2392 -16.2405 -17.4269  255 255 255
74.8733 -14.544 24.3793  255 255 255
74.8733 -14.544 24.3793  255 255 255
-56.9425 -16.7067 -16.1476  255 255 255
-29.064 -13.2353 24.1704  255 255 255
70.6977 -16.2228 11.75  255 255 255
74.6631 -15.4818 23.2995  255 255 255
74.6631 -15.4818 23.2995  255 255 255
71.4431 -16.8146 12.4254  255 255 255
69.4432 -17.7016 6.49093  255 255 255
-71.2684 -18.3056 -14.1723  255 255 255
16.0785 -15.4724 31.8419  255 255 255
-61.7884 -20.7527 -11.5057  255 255 255
-13.5541 -15.7813 36.1886  255 255 255
-63.7395 -21.4333 -11.055  255 255 255
15.6569 -17.7679 33.9434  255 255 255
70.1029 -23.0709 3.89785  255 255 255
7.57374 -19.2497 37.5639  255 255 255
9.489 -20.1716 36.9103  255 255 255
16.3087 -20.7168 34.358  255 255 255
-0.433362 -20.0672 38.7201  255 255 255
76.0479 -25.6606 19.1587  255 255 255
-7.14636 -20.7119 38.6544  255 255 255
4.14703 -21.3082 39.4781  255 255 255
74.5887 -27.4161 13.9398  255 255 255
-17.7671 -22.3589 36.713  255 255 255
-34.6888 -26.2678 15.2734  255 255 255
10.6598 -24.2309 37.5129  255 255 255
74.6766 -31.9146 11.5918  255 255 255
-63.8524 -31.0048 1.59088  255 255 255
11.8578 -25.4678 38.5944  255 255 255
76.6465 -31.9173 18.8195  255 255 255
2.59873 -25.3565 40.7474  255 255 255
-6.70672 -28.5186 43.3982  255 255 255
-2.31385 -29.0385 43.5726  255 255 255
-2.29403 -29.0324 43.5499  255 255 255
-10.5711 -35.5096 37.3944  255 255 255
-14.7122 -36.323 34.8797  255 255 255
-10.6063 -38.0089 35.7988  255 255 255
-5.85637 -37.867 37.7166  255 255 255
-4.45186 -38.8925 36.5744  255 255 255
49.7534 -48.5688 23.6385  255 255 255
65.4775 -49.2435 26.0965  255 255 255
67.0371 -49.4554 26.281  255 255 255
-42.3279 -52.1177 28.8536  255 255 255
63.3948 -54.885 33.861  255 255 255
30.3503 -54.198 31.3008  255 255 255
28.9457 -55.1989 32.6924  255 255 255
27.5958 -55.6859 33.2016  255 255 255
58.4082 -57.0244 36.0417  255 255 255
-29.6149 -55.1416 33.2973  255 255 255
35.0251 -59.0415 37.6467  255 255 255
-89.1434 -58.537 37.8063  255 255 255
27.572 -61.6056 41.8478  255 255 255
53.4777 -63.4594 43.5051  255 255 255
-79.2228 61.7651 -32.7842  255 255 255
-79.2198 61.819 -32.603  255 255 255
47.2427 80.6193 -99.335  255 255 255
59.9481 57.3546 -18.3097  255 255 255
61.9746 55.8119 -14.3779  255 255 255
68.6985 82.0707 -110.763  255 255 255
60.0444 41.1928 23.2902  255 255 255
61.7192 75.0283 -113.385  255 255 255
60.6541 39.3319 21.495  255 255 255
-38.1053 57.7603 -59.0827  255 255 255
12.3043 65.1179 -90.2508  255 255 255
62.8102 37.257 26.3634  255 255 255
62.4177 37.0879 24.5805  255 255 255
65.8562 35.6032 32.1601  255 255 255
-3.83504 60.4603 -78.1409  255 255 255
56.1563 38.9055 10.8847  255 255 255
63.7945 35.3904 26.3697  255 255 255
62.0708 35.9167 22.9922  255 255 255
62.0708 35.9167 22.9922  255 255 255
60.7999 34.5998 19.1142  255 255 255
62.3769 32.7636 21.588  255 255 255
58.4828 33.3637 12.951  255 255 255
58.4163 32.562 11.2898  255 255 255
61.8427 38.2034 -24.5387  255 255 255
63.9055 36.0352 -22.1913  255 255 255
-106.162 43.1066 -61.6064  255 255 255
-136.159 48.707 -103.471  255 255 255
67.0132 25.1281 28.6846  255 255 255
-136.444 46.7589 -100.379  255 255 255
-136.444 46.759 -100.379  255 255 255
-92.7606 36.424 -41.9102  255 255 255
62.5213 25.7343 17.9155  255 255 255
67.0457 23.751 27.9627  255 255 255
68.6308 21.914 30.7434  255 255 255
65.0926 21.6631 23.6702  255 255 255
61.4112 22.5193 13.2597  255 255 255
58.3507 22.3719 5.68419  255 255 255
-79.401 30.7598 -59.1567  255 255 255
-41.1582 31.8417 -76.6128  255 255 255
-41.1582 31.8417 -76.6128  255 255 255
58.8513 20.3782 5.48813  255 255 255
59.5547 20.125 7.09329  255 255 255
55.541 21.267 -2.52502  255 255 255
60.2891 18.6499 7.91401  255 255 255
64.4617 17.1154 17.1399  255 255 255
-89.4628 23.1749 -54.166  255 255 255
0.536027 22.2743 -66.1402  255 255 255
59.8255 8.35876 0.246496  255 255 255
59.7857 8.35745 0.308636  255 255 255
59.2622 8.37424 -2.95195  255 255 255
71.132 6.95843 28.1787  255 255 255
65.151 6.20799 11.3348  255 255 255
65.2191 6.19083 14.2974  255 255 255
-49.4668 8.37511 -47.3758  255 255 255
66.0214 5.44906 14.9884  255 255 255
72.6488 2.31727 28.5309  255 255 255
63.9585 1.72838 5.75907  255 255 255
71.7965 1.61586 26.5319  255 255 255
65.6602 -0.0918237 8.42045  255 255 255
70.7344 -1.96185 21.8218  255 255 255
-15.9274 -1.98454 30.7762  255 255 255
-15.9251 -1.98549 30.7535  255 255 255
72.4978 -3.11493 25.5154  255 255 255
73.4708 -4.09663 26.9058  255 255 255
-65.3631 -5.59063 -31.1443  255 255 255
74.036 -6.16477 26.494  255 255 255
66.6383 -7.8917 5.15258  255 255 255
66.6523 -7.83334 5.05502  255 255 255
72.8688 -7.04321 23.4146  255 255 255
64.6507 -8.91481 -0.0317734  255 255 255
-59.0121 -12.0289 -25.1129  255 255 255
-31.34 -9.82661 18.9152  255 255 255
71.8149 -11.7427 18.2995  255 255 255
-67.025 -13.6621 -20.6476  255 255 255
-58.0002 -14.0966 -19.0511  255 255 255
-66.7822 -15.2179 -18.304  255 255 255
3.17847 -11.1888 38.9122  255 255 255
75.2534 -13.8863 25.5606  255 255 255
69.8315 -19.3435 5.6486  255 255 255
69.8718 -19.2976 5.50753  255 255 255
69.0296 -20.9952 3.45535  255 255 255
71.4348 -20.7822 10.6355  255 255 255
71.7522 -20.7781 10.3817  255 255 255
-68.7893 -21.0911 -11.2335  255 255 255
-62.0482 -22.2166 -9.69768  255 255 255
-64.3151 -23.1403 -8.35235  255 255 255
5.23736 -18.4415 37.9992  255 255 255
-20.5203 -18.8723 35.3934  255 255 255
-65.0555 -25.0268 -5.42182  255 255 255
-19.1461 -19.7308 36.2498  255 255 255
-66.9902 -25.4873 -5.06029  255 255 255
73.0619 -26.4244 9.93183  255 255 255
72.3013 -27.2819 7.77617  255 255 255
0.783666 -20.9955 38.6322  255 255 255
76.8667 -26.285 19.7049  255 255 255
-20.1344 -22.2936 35.0539  255 255 255
-23.9234 -22.8858 36.3393  255 255 255
-66.3408 -30.3086 0.298604  255 255 255
-4.08683 -23.7637 40.9756  255 255 255
-4.08683 -23.7637 40.9756  255 255 255
46.2606 -32.4963 2.63891  255 255 255
78.305 -33.5519 20.8396  255 255 255
-1.6943 -28.2966 42.4807  255 255 255
1.09315 -29.1023 42.7727  255 255 255
14.4369 -32.3452 36.1475  255 255 255
-22.2692 -35.8198 30.2654  255 255 255
14.891 -36.682 32.3816  255 255 255
18.4412 -39.4596 29.542  255 255 255
-17.2924 -37.8318 32.3435  255 255 255
-18.6662 -41.9769 29.45  255 255 255
60.8606 -48.5336 24.5093  255 255 255
64.0792 -48.8557 26.1158  255 255 255
3.64922 -43.8689 34.0727  255 255 255
33.6549 -53.2863 29.9659  255 255 255
28.3962 -54.6959 32.1276  255 255 255
30.2733 -54.2117 33.4316  255 255 255
38.3323 -55.3369 33.0459  255 255 255
39.4629 -55.4983 33.78  255 255 255
68.9718 -57.3188 35.1844  255 255 255
68.9718 -57.3188 35.1844  255 255 255
59.2775 -57.0101 36.815  255 255 255
-33.4823 -54.4338 32.9993  255 255 255
-29.1211 -55.6084 33.1344  255 255 255
-29.3492 -57.7742 36.3559  255 255 255
56.3206 -62.355 40.9555  255 255 255
-14.54 -60.6535 39.1426  255 255 255
-14.54 -60.6536 39.1424  255 255 255
23.2754 -61.8058 41.4485  255 255 255
52.2995 -63.5673 43.7012  255 255 255
62.2701 39.5025 26.9832  255 255 255
64.7053 35.4237 28.8481  255 255 255
64.4666 42.4396 -17.6112  255 255 255
-85.504 44.4674 -41.7501  255 255 255
57.377 33.4002 10.1024  255 255 255
-93.299 42.202 -37.8319  255 255 255
64.3866 37.4399 -21.3711  255 255 255
65.3989 28.3829 27.3429  255 255 255
-86.2761 40.8328 -43.3131  255 255 255
58.7426 30.4575 11.7459  255 255 255
58.6994 30.4484 11.7688  255 255 255
-78.7167 36.8681 -50.2034  255 255 255
55.7032 22.822 -0.318892  255 255 255
66.9541 18.4253 23.7276  255 255 255
61.7241 19.2919 12.0434  255 255 255
60.9547 17.5507 9.07927  255 255 255
62.6938 15.2239 12.2285  255 255 255
-22.3876 18.5348 -61.0999  255 255 255
-93.9962 18.6092 -57.5601  255 255 255
61.0588 12.6004 6.06194  255 255 255
61.04 12.5894 6.09446  255 255 255
54.9454 13.1476 -9.24907  255 255 255
67.9058 9.24645 19.7357  255 255 255
-36.7296 10.0442 -50.4257  255 255 255
68.2125 7.14585 16.5773  255 255 255
-47.8822 8.77736 -49.958  255 255 255
60.8191 6.10897 0.721379  255 255 255
67.3806 5.67016 16.2615  255 255 255
70.5522 3.12123 24.7475  255 255 255
67.9352 -0.816252 14.6387  255 255 255
-10.316 -3.10863 35.7969  255 255 255
61.983 -9.43287 -7.97485  255 255 255
-13.7768 -7.01306 35.2304  255 255 255
71.971 -8.9303 20.1929  255 255 255
-120.486 -9.39405 -26.1005  255 255 255
65.4089 -10.6419 -0.122452  255 255 255
-55.6434 -13.5843 -19.8162  255 255 255
-21.3205 -11.4551 29.1678  255 255 255
-21.3205 -11.4551 29.1678  255 255 255
-58.2694 -15.9482 -17.7678  255 255 255
11.7724 -17.4567 34.4409  255 255 255
-62.6517 -23.9184 -9.46148  255 255 255
-29.0097 -19.3011 31.8115  255 255 255
-64.5511 -26.644 -4.40732  255 255 255
15.6662 -27.5523 40.5462  255 255 255
4.09564 -28.9017 43.4684  255 255 255
-5.38807 -29.0699 43.4429  255 255 255
-46.672 -38.0051 11.1976  255 255 255
-15.8655 -32.0951 37.4789  255 255 255
-13.2973 -34.6654 36.7579  255 255 255
-13.35 -34.5448 37.1295  255 255 255
17.269 -39.8709 30.1235  255 255 255
-20.1114 -41.4361 30.8815  255 255 255
65.7227 -47.3951 24.3782  255 255 255
-18.5798 -43.3541 31.509  255 255 255
72.4359 -53.8208 30.7257  255 255 255
-30.3611 -55.6847 33.8854  255 255 255
-19.0172 -60.2224 40.8766  255 255 255
-19.0172 -60.2224 40.8766  255 255 255
-25.2377 -61.1024 40.4318  255 255 255
-31.4139 70.3987 -57.155  255 255 255
-31.4139 70.3987 -57.1551  255 255 255
17.8212 76.2141 -85.4714  255 255 255
78.0378 85.5052 -113.904  255 255 255
56.8312 45.2816 15.9826  255 255 255
12.7754 67.516 -83.421  255 255 255
7.18486 67.0204 -83.3526  255 255 255
62.0707 38.7149 24.8987  255 255 255
66.2523 29.3277 29.161  255 255 255
60.9277 36.4921 -28.398  255 255 255
61.3503 30.8379 -33.1357  255 255 255
69.619 -2.08495 18.4279  255 255 255
63.4972 -3.85009 0.548183  255 255 255
72.9293 -5.93865 24.6609  255 255 255
-18.041 -5.57211 30.9035  255 255 255
-21.043 -7.32988 28.2234  255 255 255
-18.6849 -9.91774 32.0698  255 255 255
12.4474 -13.3706 34.8953  255 255 255
4.74702 -17.3669 37.3973  255 255 255
-19.7235 -29.3152 39.7008  255 255 255
10.7737 -35.1248 36.2239  255 255 255
52.8615 -42.2059 15.2209  255 255 255
-5.13338 -49.0989 29.9919  255 255 255
50.068 -54.1514 31.8665  255 255 255
-25.278 -57.976 37.6555  255 255 255
57.2152 78.4834 -107.235  255 255 255
19.5351 70.3006 -87.3349  255 255 255
63.604 36.4128 26.4999  255 255 255
61.8141 28.8528 18.1185  255 255 255
-46.4171 33.6811 -76.3966  255 255 255
63.728 -1.1871 1.52957  255 255 255
71.0636 -6.69512 19.7537  255 255 255
-12.7721 -10.5673 37.5633  255 255 255
-18.9447 -26.0485 39.9241  255 255 255
-7.80082 -29.0097 44.8708  255 255 255
-18.1521 -30.3965 39.8085  255 255 255
-9.28546 -30.504 43.8118  255 255 255
-10.8385 -35.5617 37.4191  255 255 255
-11.1691 -42.0118 32.9609  255 255 255
-7.62556 -44.3065 32.7249  255 255 255
-6.25542 -46.02 33.3804  255 255 255
-37.0227 -54.6528 32.5457  255 255 255
-1.82531 65.0607 -78.6022  255 255 255
-1.41573 65.226 -80.2119  255 255 255
66.9607 0.52991 13.7761  255 255 255
69.8964 0.18946 21.5857  255 255 255
65.6598 -2.29937 7.59005  255 255 255
70.8346 -3.75789 21.5865  255 255 255
70.8132 -3.7561 21.5552  255 255 255
5.13399 -11.9919 38.3369  255 255 255
-22.5708 -21.3108 35.6011  255 255 255
-12.3757 -25.9862 37.8484  255 255 255
22.8345 76.2444 -87.2885  255 255 255
3.53528 70.7586 -79.1842  255 255 255
3.34708 70.5266 -78.3336  255 255 255
9.96395 69.5613 -86.6364  255 255 255
9.97192 69.3946 -86.5884  255 255 255
49.5797 71.6375 -107.46  255 255 255
61.2518 39.2074 21.4444  255 255 255
68.5638 -5.7771 12.8079  255 255 255
5.46237 -15.1202 38.8117  255 255 255
-6.46226 -21.6232 39.527  255 255 255
-45.602 51.7112 -60.5449  255 255 255
-45.4686 51.4507 -59.6682  255 255 255
69.7261 8.37979 19.4349  255 255 255
67.49 -3.26025 12.6316  255 255 255
-28.2682 67.5757 -61.0066  255 255 255
6.42645 79.6981 -74.1517  255 255 255
24.0492 85.9875 -81.2347  255 255 255
-71.3555 52.8925 -44.3625  255 255 255
-71.307 52.8574 -44.1769  255 255 255
-64.4903 55.2604 -47.2832  255 255 255
23.6504 85.5129 -81.0762  255 255 255
7.63251 79.7589 -74.8699  255 255 255
-55.5606 57.8663 -50.6587  255 255 255
-55.4889 57.727 -50.238  255 255 255
-55.5078 57.7456 -50.2604  255 255 255
21.1695 84.2777 -80.4653  255 255 255
22.3891 84.4448 -80.1762  255 255 255
22.5092 84.5946 -80.728  255 255 255
-28.3308 66.8194 -61.6621  255 255 255
-28.3521 66.8092 -61.4362  255 255 255
-28.3359 66.7993 -61.6361  255 255 255
21.9131 84.3345 -80.6714  255 255 255
21.9009 84.3085 -80.59  255 255 255
-72.7991 51.7935 -44.3243  255 255 255
-71.621 51.7765 -44.7224  255 255 255
38.3502 88.8445 -88.2434  255 255 255
-84.3734 47.202 -41.5241  255 255 255
-62.6407 53.5443 -49.3819  255 255 255
-62.6407 53.5443 -49.3819  255 255 255
-72.4179 49.8251 -45.8946  255 255 255
-33.7679 62.7241 -61.3353  255 255 255
-86.3006 45.1209 -40.7246  255 255 255
-86.4005 45.293 -40.9739  255 255 255
-86.3053 45.1798 -40.6348  255 255 255
28.9243 84.0909 -85.6449  255 255 255
-72.2385 49.3486 -46.2314  255 255 255
35.3059 85.4741 -88.5845  255 255 255
-2.52113 71.8186 -74.6837  255 255 255
-40.9438 58.2346 -59.7253  255 255 255
36.7678 84.9123 -90.0053  255 255 255
28.852 81.6956 -87.0742  255 255 255
-7.95182 68.9591 -73.6265  255 255 255
-74.9773 46.1401 -46.5524  255 255 255
-73.9825 46.3859 -46.6175  255 255 255
-89.0431 41.9311 -41.2684  255 255 255
-64.9259 49.1777 -50.2267  255 255 255
-2.51206 70.5398 -76.1259  255 255 255
37.5496 84.3708 -90.9883  255 255 255
-3.88888 69.6477 -75.3123  255 255 255
-65.3324 48.9475 -50.9651  255 255 255
-20.0393 63.6261 -68.9517  255 255 255
-53.5462 52.4025 -56.7097  255 255 255
-36.4093 57.8125 -63.2577  255 255 255
-81.8386 42.8853 -45.1884  255 255 255
-21.8033 62.2853 -68.612  255 255 255
-83.3742 42.0955 -45.387  255 255 255
-15.8068 64.2478 -71.6428  255 255 255
-21.0565 62.3947 -69.5557  255 255 255
-83.6429 41.8108 -44.8979  255 255 255
-67.7005 46.1994 -49.2972  255 255 255
-18.0702 63.2392 -70.8339  255 255 255
55.3742 88.5159 -99.5552  255 255 255
-89.9654 39.4763 -42.5399  255 255 255
-52.4314 51.401 -57.8447  255 255 255
-15.7473 63.6191 -71.9316  255 255 255
-78.4716 42.5702 -46.436  255 255 255
-48.3314 52.5 -59.2904  255 255 255
-52.0296 51.1472 -58.1734  255 255 255
-1.34508 68.3453 -78.493  255 255 255
-67.2405 45.9914 -52.1695  255 255 255
-67.1856 45.9519 -52.0859  255 255 255
-22.1583 60.7264 -69.9108  255 255 255
-57.2834 49.0211 -56.3451  255 255 255
-48.3058 51.8344 -59.7571  255 255 255
-24.2971 59.8545 -69.2252  255 255 255
-6.81695 65.713 -76.3549  255 255 255
-16.2717 62.3615 -72.8072  255 255 255
-52.8324 50.0801 -58.3236  255 255 255
-0.997001 67.5086 -78.5269  255 255 255
-50.1126 50.82 -59.5045  255 255 255
-49.0656 51.0681 -59.9986  255 255 255
-84.7838 39.7952 -46.6781  255 255 255
30.1392 77.566 -90.4049  255 255 255
67.8608 90.5739 -105.529  255 255 255
-22.8797 59.2837 -70.437  255 255 255
-77.5019 41.2095 -48.2425  255 255 255
-26.6571 58.0439 -69.5325  255 255 255
33.0496 78.3481 -92.1008  255 255 255
-85.9636 38.9083 -46.6182  255 255 255
68.8427 91.0883 -108.058  255 255 255
-79.619 40.4059 -47.5388  255 255 255
-16.4947 61.259 -73.5347  255 255 255
6.06733 68.6217 -81.6151  255 255 255
-76.9286 41.317 -49.9789  255 255 255
-76.9286 41.317 -49.979  255 255 255
-9.46004 63.2263 -76.5028  255 255 255
-37.8073 53.5397 -65.4153  255 255 255
29.6917 76.493 -91.2198  255 255 255
-1.054 65.86 -80.0086  255 255 255
45.2421 81.6095 -97.8289  255 255 255
49.7035 82.9928 -98.8091  255 255 255
-57.0577 46.6706 -57.0672  255 255 255
-62.7722 45.0286 -55.8246  255 255 255
51.7874 83.3349 -100.447  255 255 255
51.8249 83.3696 -100.572  255 255 255
24.0258 73.5118 -89.5222  255 255 255
40.2196 79.2322 -96.1893  255 255 255
60.7494 86.0548 -103.265  255 255 255
-7.88863 62.6571 -77.8208  255 255 255
-8.79346 62.2803 -77.7165  255 255 255
0.106417 65.1036 -80.6157  255 255 255
45.3438 80.8784 -98.9959  255 255 255
-43.1356 50.7263 -64.4532  255 255 255
-50.8352 47.9504 -61.1846  255 255 255
-44.0333 50.0032 -64.21  255 255 255
-58.8977 44.9893 -58.164  255 255 255
-59.618 44.6664 -58.1393  255 255 255
27.3563 73.7107 -91.8335  255 255 255
72.6231 88.7364 -109.093  255 255 255
20.033 71.234 -89.3667  255 255 255
-40.3914 50.7509 -66.0451  255 255 255
-53.8855 45.9657 -60.4421  255 255 255
-9.90856 60.6336 -78.2658  255 255 255
-47.6163 47.7054 -62.341  255 255 255
-47.6146 47.7131 -62.2623  255 255 255
4.25109 65.2705 -83.346  255 255 255
4.27909 65.3707 -83.7048  255 255 255
-72.1303 39.5297 -51.0361  255 255 255
72.8413 88.3018 -111.267  255 255 255
-57.8675 44.2362 -59.4983  255 255 255
-52.2895 45.2721 -61.2363  255 255 255
-12.844 58.4202 -77.1954  255 255 255
-51.6337 45.3286 -61.3546  255 255 255
-58.3046 43.3432 -59.8571  255 255 255
-49.0491 46.1006 -62.4263  255 255 255
-48.5194 46.2288 -62.4208  255 255 255
-39.3164 49.4008 -70.1517  255 255 255
56.4216 81.1081 -104.81  255 255 255
-48.6443 45.9222 -65.506  255 255 255
-47.9102 45.8365 -64.3329  255 255 255
-72.7506 37.5599 -54.081  255 255 255
-90.2355 31.7354 -48.8937  255 255 255
-90.1475 31.6676 -48.6215  255 255 255
-84.5944 33.3796 -50.8314  255 255 255
-17.1849 53.1477 -70.886  255 255 255
-89.1329 31.4744 -48.8487  255 255 255
-51.4371 43.166 -64.1726  255 255 255
-43.6822 45.5318 -67.213  255 255 255
-49.1742 43.6679 -65.2816  255 255 255
-9.86567 56.1989 -81.5918  255 255 255
-40.3706 46.1959 -70.4057  255 255 255
-55.5005 40.8761 -63.6386  255 255 255
-41.9267 45.3684 -69.6117  255 255 255
-4.14479 56.739 -84.7044  255 255 255
19.0243 64.414 -93.4918  255 255 255
-55.349 39.8095 -64.3798  255 255 255
77.7796 83.9448 -117.791  255 255 255
17.0008 63.2161 -92.4311  255 255 255
18.6775 64.0139 -94.2028  255 255 255
-70.4343 34.8911 -58.7315  255 255 255
-70.4343 34.8911 -58.7313  255 255 255
-7.99165 54.7131 -83.8397  255 255 255
-27.5361 48.0058 -76.7426  255 255 255
27.959 66.3423 -97.774  255 255 255
-6.55761 54.7812 -84.6757  255 255 255
-55.5927 38.6301 -65.1605  255 255 255
35.6566 68.3001 -101.027  255 255 255
35.0962 68.01 -100.757  255 255 255
27.9156 65.5694 -98.2154  255 255 255
-57.4217 37.5338 -65.0764  255 255 255
28.0008 65.2701 -98.3118  255 255 255
-7.99521 53.1033 -85.1456  255 255 255
-90.3324 26.8654 -52.7328  255 255 255
17.0147 61.0343 -95.0541  255 255 255
-2.52534 54.5766 -87.5343  255 255 255
-27.2782 46.1887 -77.8391  255 255 255
-69.8482 32.6436 -61.1376  255 255 255
-41.0856 41.4438 -72.3452  255 255 255
-67.8268 33.347 -63.1609  255 255 255
-55.5307 36.7896 -66.4441  255 255 255
36.7276 66.7209 -102.618  255 255 255
-63.3461 34.1382 -63.6216  255 255 255
-80.1414 29.9006 -62.5929  255 255 255
35.8737 66.2472 -102.738  255 255 255
54.397 72.3143 -109.737  255 255 255
38.2203 66.9162 -104.011  255 255 255
38.2203 66.9162 -104.011  255 255 255
35.6404 65.8889 -103.587  255 255 255
-9.2971 50.6393 -86.2063  255 255 255
60.0938 73.113 -112.463  255 255 255
60.1518 73.1788 -112.68  255 255 255
-13.6312 48.6992 -84.9826  255 255 255
35.5652 64.6903 -103.643  255 255 255
35.5361 64.6687 -103.538  255 255 255
36.8569 65.0724 -104.046  255 255 255
37.708 65.2776 -104.112  255 255 255
59.8318 72.3729 -112.858  255 255 255
61.464 72.9599 -113.6  255 255 255
66.3782 74.3658 -115.912  255 255 255
13.4032 56.9624 -95.7995  255 255 255
35.9945 64.4112 -104.891  255 255 255
-33.5835 41.5734 -77.519  255 255 255
71.7333 75.8284 -118.093  255 255 255
-70.4887 29.5929 -62.8977  255 255 255
-35.7888 40.4536 -77.336  255 255 255
56.5723 70.0676 -112.211  255 255 255
12.5268 55.5374 -96.1016  255 255 255
12.5423 55.5221 -95.9404  255 255 255
39.7828 64.3614 -106.949  255 255 255
35.4471 62.3093 -103.924  255 255 255
-26.576 41.809 -81.7571  255 255 255
-39.491 37.058 -76.8624  255 255 255
71.0388 72.8938 -119.946  255 255 255
-36.5224 37.8351 -78.3062  255 255 255
64.5428 70.1325 -117.604  255 255 255
64.4197 70.1404 -117.376  255 255 255
58.5038 67.9171 -114.334  255 255 255
-57.761 28.8179 -64.3563  255 255 255
-57.7612 28.8181 -64.3577  255 255 255
36.1634 60.2808 -107.339  255 255 255
48.698 64.2697 -112.197  255 255 255
48.3939 63.9838 -111.072  255 255 255
62.0917 68.3743 -117.077  255 255 255
17.6961 53.5189 -100.792  255 255 255
-49.324 32.1136 -76.4775  255 255 255
19.7093 53.5041 -101.554  255 255 255
-48.4575 31.8658 -77.1457  255 255 255
42.1266 60.1594 -111.037  255 255 255
37.0125 58.2296 -108.636  255 255 255
33.0788 56.8609 -107.221  255 255 255
56.1174 64.1762 -116.141  255 255 255
-73.6488 22.3272 -67.1364  255 255 255
53.5258 62.5515 -119.747  255 255 255
57.9227 49.5101 -34.9888  255 255 255
-102.398 8.56302 -49.6691  255 255 255
58.3493 46.5025 -32.7962  255 255 255
58.3493 46.5025 -32.7962  255 255 255
-99.0123 8.39341 -49.4306  255 255 255
-76.0442 14.7337 -57.7886  255 255 255
-71.9198 14.5833 -57.23  255 255 255
59.072 43.6982 -33.9157  255 255 255
59.4543 43.5982 -32.5509  255 255 255
59.4543 43.5982 -32.5509  255 255 255
18.2187 38.3632 -87.0695  255 255 255
10.5954 35.9003 -84.1078  255 255 255
20.2632 36.9541 -85.2982  255 255 255
59.2504 40.0697 -33.7417  255 255 255
11.0642 29.1424 -75.2934  255 255 255
24.0475 32.5638 -79.7588  255 255 255
14.2837 27.912 -73.6451  255 255 255
8.20975 25.7069 -70.8077  255 255 255
8.22898 25.7363 -70.9567  255 255 255
47.0074 36.881 -84.9035  255 255 255
9.93553 25.5726 -72.7519  255 255 255
14.5142 26.1497 -71.6376  255 255 255
59.5945 35.7956 -40.8316  255 255 255
-105.888 -8.1803 -27.587  255 255 255
47.974 34.859 -82.2019  255 255 255
-97.9904 -7.31608 -29.1338  255 255 255
58.7352 34.0835 -37.8601  255 255 255
8.69241 22.4496 -68.4495  255 255 255
61.2068 34.1098 -31.4475  255 255 255
-39.3121 8.12596 -52.1183  255 255 255
-87.0488 -5.86389 -30.7446  255 255 255
9.9836 21.5264 -67.6968  255 255 255
22.1759 24.5461 -69.7879  255 255 255
61.3319 32.1199 -32.1892  255 255 255
3.06889 17.8004 -60.4886  255 255 255
11.9084 20.2684 -63.4016  255 255 255
0.930233 17.0643 -59.3963  255 255 255
24.7063 23.9493 -69.1749  255 255 255
26.593 24.2731 -69.254  255 255 255
57.4957 31.2644 -43.5171  255 255 255
34.4714 25.6982 -70.8516  255 255 255
61.2533 30.8099 -33.0708  255 255 255
61.2515 30.8167 -33.0636  255 255 255
56.8885 30.1703 -44.8995  255 255 255
29.8035 23.1717 -67.7671  255 255 255
5.96199 15.8851 -58.1887  255 255 255
33.3278 23.9789 -69.123  255 255 255
61.0996 29.5558 -34.5624  255 255 255
51.198 27.6106 -72.6861  255 255 255
13.4525 16.5379 -59.9756  255 255 255
-68.7474 -6.71957 -32.6439  255 255 255
-23.5929 3.68692 1.24833  255 255 255
-22.8877 3.73368 1.20314  255 255 255
-49.8402 -2.62736 -34.2715  255 255 255
60.1589 27.0601 -41.0154  255 255 255
60.1589 27.0601 -41.0154  255 255 255
-8.19418 5.99722 24.2097  255 255 255
-27.3143 0.763314 5.0463  255 255 255
-0.340459 7.43351 20.9293  255 255 255
-0.340456 7.43351 20.9293  255 255 255
3.30849 8.39804 21.1626  255 255 255
-28.2924 0.0227916 6.07528  255 255 255
2.57012 7.97844 21.637  255 255 255
2.57747 7.94441 21.5461  255 255 255
-11.8146 3.69315 28.5626  255 255 255
-16.8608 1.95243 26.4647  255 255 255
58.7291 24.2385 -43.2451  255 255 255
-42.8753 -4.31292 -32.6269  255 255 255
63.5021 24.8249 -31.9814  255 255 255
-75.2509 -13.1867 -22.7604  255 255 255
47.0987 20.0333 -63.0952  255 255 255
-68.9888 -12.3057 -25.5746  255 255 255
-23.4606 -0.876313 13.3491  255 255 255
59.5595 22.762 -42.6193  255 255 255
6.18582 6.99815 22.6941  255 255 255
23.1367 12.5554 -52.3619  255 255 255
38.2322 16.6125 -58.3937  255 255 255
6.15961 6.56306 24.5751  255 255 255
55.2128 19.9822 -5.306  255 255 255
-0.592168 3.88964 27.7143  255 255 255
-21.6308 -2.02798 24.1768  255 255 255
-11.4683 0.635666 31.6673  255 255 255
57.9377 20.0581 -46.2141  255 255 255
-25.7828 -3.51974 17.0269  255 255 255
8.86489 6.00068 23.0773  255 255 255
-1.69471 2.85675 29.1382  255 255 255
61.505 20.2666 -38.7894  255 255 255
9.89124 5.83149 21.9682  255 255 255
-32.7215 -6.75192 15.3329  255 255 255
36.1442 11.7785 -51.3557  255 255 255
-16.3623 -2.5712 30.9511  255 255 255
39.7224 11.8303 -51.6929  255 255 255
6.74997 3.62576 25.6584  255 255 255
-9.95887 -0.934537 33.8479  255 255 255
-10.0537 -1.1881 33.9997  255 255 255
42.5932 11.3055 -51.9201  255 255 255
52.2394 13.8861 -55.0141  255 255 255
-12.4342 -2.46873 33.6878  255 255 255
-43.1594 -12.2613 -22.8193  255 255 255
-43.0883 -12.2843 -22.8044  255 255 255
-18.3246 -4.41496 30.3263  255 255 255
55.4166 15.3447 -10.3717  255 255 255
-16.4591 -4.11409 32.5469  255 255 255
-16.469 -4.14363 31.7899  255 255 255
40.3242 9.64796 -49.1143  255 255 255
-21.3658 -5.87547 27.7494  255 255 255
55.5022 14.6938 -7.4368  255 255 255
-6.53735 -1.69138 35.4512  255 255 255
33.3563 7.0299 -46.7415  255 255 255
9.56231 2.27476 28.1236  255 255 255
-9.57016 -2.93735 35.3118  255 255 255
-7.73521 -2.40497 35.7252  255 255 255
37.824 7.53779 -46.528  255 255 255
11.2629 2.35764 26.3938  255 255 255
11.242 2.39311 26.5371  255 255 255
34.3891 6.32234 -47.5847  255 255 255
12.3113 2.53091 25.5468  255 255 255
11.4947 2.16832 26.4483  255 255 255
11.4947 2.16832 26.4484  255 255 255
-7.28369 -2.88256 36.1399  255 255 255
57.8625 13.8862 -5.45192  255 255 255
-26.1121 -9.61015 25.0788  255 255 255
-13.4846 -5.6567 34.9468  255 255 255
56.5635 12.236 -6.31069  255 255 255
-2.8964 -2.73279 36.7051  255 255 255
62.4509 12.385 -39.8826  255 255 255
57.2821 12.3088 -4.54134  255 255 255
61.4712 11.598 -42.3108  255 255 255
61.9386 11.6861 -43.6248  255 255 255
-9.74533 -5.00927 36.5565  255 255 255
10.7238 0.374505 29.5808  255 255 255
-9.79609 -5.24688 36.802  255 255 255
57.8067 11.7192 -3.85216  255 255 255
-5.50944 -4.47134 37.3737  255 255 255
7.42543 -1.12053 32.636  255 255 255
57.3918 10.8031 -5.27467  255 255 255
1.43834 -2.96047 36.1411  255 255 255
2.70669 -2.6896 35.3762  255 255 255
15.4254 0.327637 24.4493  255 255 255
-4.41316 -4.66753 37.733  255 255 255
-13.4808 -7.42711 35.5904  255 255 255
-25.5355 -11.4023 27.5124  255 255 255
-25.568 -11.4366 27.1826  255 255 255
-25.5681 -11.4405 27.0986  255 255 255
-25.5817 -11.4436 27.145  255 255 255
-25.2301 -11.4427 27.3929  255 255 255
-25.2301 -11.4427 27.3929  255 255 255
55.9237 9.46673 -10.0414  255 255 255
13.4158 -0.497859 28.0786  255 255 255
-24.3763 -11.294 27.2632  255 255 255
-15.5508 -8.52386 35.4919  255 255 255
-1.23519 -4.35673 37.2174  255 255 255
-7.09476 -6.16724 37.8128  255 255 255
-7.09422 -6.1721 37.805  255 255 255
8.32777 -2.17787 33.3905  255 255 255
-1.52852 -4.8853 37.6459  255 255 255
3.47914 -3.82344 36.0229  255 255 255
-8.27676 -7.01302 37.366  255 255 255
2.56342 -4.31872 36.6514  255 255 255
8.81521 -3.03477 33.0507  255 255 255
-5.45527 -6.80355 38.3452  255 255 255
-8.92181 -7.92336 37.8805  255 255 255
8.75458 -3.35121 33.2275  255 255 255
9.03887 -3.32789 33.138  255 255 255
58.3775 7.72123 -4.89546  255 255 255
59.0013 7.78618 -6.39081  255 255 255
43.872 1.06112 -38.0296  255 255 255
-56.177 -25.2147 -5.57273  255 255 255
-30.9007 -15.8544 27.2769  255 255 255
56.9319 6.48346 -9.43789  255 255 255
56.512 6.15787 -10.5546  255 255 255
-10.6149 -9.34708 37.5461  255 255 255
9.52885 -4.03923 33.4883  255 255 255
0.730004 -6.35251 38.099  255 255 255
-4.89619 -7.9924 39.2769  255 255 255
57.339 5.92243 -9.11401  255 255 255
42.5639 -0.798275 -36.2988  255 255 255
-3.89443 -8.00223 38.719  255 255 255
10.7964 -4.40729 33.0802  255 255 255
-9.40943 -9.92381 38.1919  255 255 255
-7.06185 -9.1935 38.6558  255 255 255
10.5412 -4.67948 32.9678  255 255 255
54.2293 3.61709 -16.5421  255 255 255
9.55011 -4.9764 33.9007  255 255 255
-17.9268 -13.0193 33.7094  255 255 255
-11.1273 -10.6512 37.5313  255 255 255
41.604 -1.85439 -34.6263  255 255 255
14.9857 -4.05684 29.4777  255 255 255
55.5272 3.81558 -13.8449  255 255 255
10.6931 -5.04014 33.1965  255 255 255
13.0705 -4.5488 31.4124  255 255 255
-6.56142 -9.75946 38.881  255 255 255
-11.4119 -11.2672 37.5624  255 255 255
-8.70295 -10.4294 38.426  255 255 255
-8.70161 -10.4301 38.4291  255 255 255
58.3379 4.68881 -7.38313  255 255 255
58.2658 4.66231 -7.17895  255 255 255
-9.93048 -10.9932 38.1022  255 255 255
57.8844 4.17167 -8.34862  255 255 255
8.19653 -6.17505 35.071  255 255 255
-3.4964 -9.25661 39.2371  255 255 255
-13.8503 -12.6487 36.446  255 255 255
55.4023 2.36549 -14.7099  255 255 255
54.7212 1.81317 -16.1905  255 255 255
55.1128 1.84312 -17.2326  255 255 255
-5.16994 -10.2901 39.5286  255 255 255
-5.15682 -10.3203 39.2816  255 255 255
-15.3826 -13.6547 36.0756  255 255 255
-6.79316 -10.9044 39.0436  255 255 255
-6.56392 -10.7808 39.6552  255 255 255
0.390813 -8.86599 38.704  255 255 255
58.6777 3.2632 -6.72555  255 255 255
7.46944 -7.41979 35.9095  255 255 255
-1.55101 -9.72052 39.3025  255 255 255
-16.5623 -15.0693 34.4685  255 255 255
5.16545 -8.49264 37.0378  255 255 255
57.4687 1.27999 -11.5676  255 255 255
-0.0282889 -9.99299 39.3535  255 255 255
15.3088 -6.51227 30.6022  255 255 255
58.7732 1.93208 -7.63595  255 255 255
0.707646 -9.83606 39.3999  255 255 255
3.72965 -9.11482 38.3929  255 255 255
58.0962 1.34172 -9.91889  255 255 255
-18.2019 -16.1326 33.9648  255 255 255
55.8476 -0.144154 -15.4197  255 255 255
7.57612 -8.50871 36.3505  255 255 255
7.57612 -8.5087 36.3505  255 255 255
-22.5568 -17.5079 33.6164  255 255 255
12.2061 -7.50603 33.4659  255 255 255
3.21187 -9.67078 38.2467  255 255 255
0.0815868 -10.669 39.5989  255 255 255
-0.20529 -10.8016 39.6743  255 255 255
-53.6111 -30.8046 1.4169  255 255 255
7.17789 -9.04202 36.6388  255 255 255
-59.8766 -32.7727 1.624  255 255 255
0.7418 -10.7778 39.1422  255 255 255
4.74889 -9.71609 38.1264  255 255 255
-8.6863 -13.5869 39.4888  255 255 255
-8.65689 -13.6592 38.8694  255 255 255
-11.8034 -14.8047 37.5601  255 255 255
10.1845 -8.917 35.1251  255 255 255
-5.61769 -13.1991 39.4996  255 255 255
3.79502 -10.5879 38.6171  255 255 255
11.6876 -8.9897 34.1343  255 255 255
11.6876 -8.9897 34.1343  255 255 255
21.6087 -7.90159 19.9968  255 255 255
14.4799 -8.57401 31.9594  255 255 255
60.0089 0.0703893 -5.42459  255 255 255
-9.79843 -15.0199 38.3786  255 255 255
13.4198 -9.13099 33.1557  255 255 255
-8.40049 -15.2679 38.9226  255 255 255
5.4576 -11.4228 37.9897  255 255 255
57.6215 -3.06769 -14.4246  255 255 255
-11.5991 -16.9399 37.4782  255 255 255
-20.4794 -19.9357 34.7866  255 255 255
1.22255 -13.048 39.6284  255 255 255
-3.84417 -14.6092 39.7271  255 255 255
-1.96895 -14.1837 39.7142  255 255 255
-4.67057 -15.1533 40.1461  255 255 255
-2.38352 -14.5775 39.6103  255 255 255
-1.31168 -14.2864 39.8213  255 255 255
12.8358 -11.0533 33.8984  255 255 255
-1.51444 -14.5209 39.7536  255 255 255
57.3989 -4.92116 -14.5413  255 255 255
57.3742 -4.94519 -14.6171  255 255 255
-49.0796 -33.7262 5.31416  255 255 255
59.5504 -3.8413 -9.77574  255 255 255
5.29942 -12.8913 38.4206  255 255 255
-6.16156 -16.1725 39.4728  255 255 255
12.3945 -11.3638 34.8069  255 255 255
5.71991 -12.8745 38.3861  255 255 255
-83.351 -43.0722 17.8024  255 255 255
-15.7078 -19.7637 38.0165  255 255 255
-23.851 -22.5839 35.6314  255 255 255
-4.28904 -16.4336 39.517  255 255 255
58.9669 -5.57627 -12.4676  255 255 255
-0.623778 -15.3679 39.7659  255 255 255
6.39173 -13.6207 37.9644  255 255 255
59.0094 -5.6536 -11.7592  255 255 255
15.2234 -12.009 32.0864  255 255 255
-11.3788 -19.1253 37.0934  255 255 255
11.5329 -12.6858 35.2114  255 255 255
62.0907 -3.60364 -2.41551  255 255 255
59.2652 -5.92784 -11.6081  255 255 255
5.63704 -14.1656 38.2827  255 255 255
-21.4053 -22.6447 36.087  255 255 255
-81.1801 -43.6898 17.9458  255 255 255
-21.8632 -22.9855 36.2393  255 255 255
-6.11583 -17.9189 38.8608  255 255 255
-22.6847 -23.2293 36.5168  255 255 255
60.8638 -5.00452 -4.50582  255 255 255
58.4862 -6.88149 -11.2403  255 255 255
-4.76633 -17.7094 39.0633  255 255 255
61.9139 -5.05026 -4.29843  255 255 255
-0.00507054 -16.4046 39.4934  255 255 255
-5.89674 -18.284 38.9063  255 255 255
8.9643 -14.4476 35.6068  255 255 255
2.47428 -15.8631 39.0735  255 255 255
-1.28199 -17.0203 39.4483  255 255 255
-12.5969 -20.6201 38.6901  255 255 255
-2.98238 -17.7581 39.2494  255 255 255
15.2832 -13.5484 32.4051  255 255 255
4.00722 -15.8667 38.8673  255 255 255
28.6093 -11.8588 19.9551  255 255 255
-4.83953 -18.7349 39.0966  255 255 255
28.6838 -12.1573 19.5883  255 255 255
5.83736 -16.0154 37.9433  255 255 255
15.8719 -14.2068 31.6342  255 255 255
6.06085 -16.0883 38.0466  255 255 255
-19.077 -23.9904 37.5555  255 255 255
-2.13261 -18.6955 39.0961  255 255 255
61.3753 -8.11281 -7.87876  255 255 255
57.3294 -10.6235 -15.0664  255 255 255
14.5111 -15.0142 33.1574  255 255 255
-9.103 -21.0453 39.8761  255 255 255
29.7589 -12.7875 21.1839  255 255 255
16.1119 -15.0913 31.5348  255 255 255
-0.69824 -18.854 38.9707  255 255 255
0.636278 -18.4644 38.9788  255 255 255
3.10878 -17.782 38.5343  255 255 255
15.926 -15.4179 31.2551  255 255 255
3.32274 -17.826 38.73  255 255 255
0.646555 -18.7023 38.8495  255 255 255
-0.430958 -19.0698 38.863  255 255 255
7.00264 -17.0916 37.7587  255 255 255
2.86707 -18.2867 38.6964  255 255 255
29.4637 -13.4441 22.0556  255 255 255
59.9522 -10.4984 -11.6115  255 255 255
58.5395 -11.9372 -17.0418  255 255 255
17.4521 -15.7319 31.0483  255 255 255
57.814 -12.0254 -14.393  255 255 255
59.8885 -10.5017 -9.39698  255 255 255
-5.05862 -21.0084 39.2553  255 255 255
60.2514 -10.4695 -8.90752  255 255 255
-14.0984 -24.0114 38.2006  255 255 255
12.41 -16.7382 34.7544  255 255 255
-66.1316 -44.0893 17.9375  255 255 255
2.92013 -19.3645 38.1545  255 255 255
-4.78813 -21.8248 40.0667  255 255 255
15.1191 -17.2995 33.0816  255 255 255
-18.7644 -26.1773 40.1701  255 255 255
-10.5538 -23.7949 39.5964  255 255 255
-10.5453 -23.787 39.5783  255 255 255
62.0318 -11.3729 -8.15733  255 255 255
10.7743 -18.3432 35.0507  255 255 255
24.034 -16.2223 25.9825  255 255 255
-18.9535 -26.4899 40.4119  255 255 255
16.9538 -17.2069 33.3348  255 255 255
61.8645 -11.8944 -8.03611  255 255 255
-21.0998 -28.1132 36.6474  255 255 255
7.19379 -19.6416 37.0702  255 255 255
-1.20351 -21.6294 39.8829  255 255 255
4.78614 -20.3962 37.7901  255 255 255
-3.21466 -22.6116 40.9363  255 255 255
4.89307 -20.7814 38.2198  255 255 255
63.2796 -12.0394 -4.60797  255 255 255
62.703 -12.7734 -7.17289  255 255 255
-4.47654 -23.2665 41.2413  255 255 255
1.37333 -21.795 39.822  255 255 255
11.4225 -19.6587 35.78  255 255 255
-8.03335 -24.6828 40.6456  255 255 255
5.94747 -20.9734 38.5371  255 255 255
60.6463 -14.2607 -7.92203  255 255 255
1.47 -22.0769 40.1407  255 255 255
13.5989 -19.3097 36.0472  255 255 255
-0.560301 -22.766 40.8799  255 255 255
8.51747 -20.737 38.1912  255 255 255
-15.4519 -27.3947 41.6614  255 255 255
-9.96086 -26.0668 40.1561  255 255 255
23.0384 -18.5573 29.444  255 255 255
-0.891481 -23.5657 40.8314  255 255 255
-0.891482 -23.5657 40.8314  255 255 255
-3.6829 -24.6391 40.6731  255 255 255
62.025 -15.8622 -10.002  255 255 255
62.0249 -15.8622 -10.002  255 255 255
61.5258 -17.2862 -13.6414  255 255 255
16.9163 -20.2931 33.8899  255 255 255
-48.4795 -44.2446 18.1529  255 255 255
-8.36636 -26.6702 40.9842  255 255 255
63.9765 -15.5421 -5.41001  255 255 255
65.0509 -14.6306 -2.58816  255 255 255
22.8697 -19.9905 30.6987  255 255 255
61.9535 -17.8369 -12.0625  255 255 255
65.0758 -14.8945 -3.15133  255 255 255
64.9353 -14.9338 -2.04766  255 255 255
64.9926 -14.9178 -2.12111  255 255 255
-0.916979 -25.2323 40.2957  255 255 255
-3.07815 -26.0073 40.0301  255 255 255
-3.07815 -26.0073 40.0301  255 255 255
-17.5998 -31.2671 37.2527  255 255 255
-10.0258 -27.7575 42.328  255 255 255
-10.0258 -27.7575 42.328  255 255 255
60.2666 -18.8033 -10.4717  255 255 255
64.5827 -15.9337 -3.77764  255 255 255
-57.3911 -47.4646 23.0577  255 255 255
65.9872 -15.473 -1.33781  255 255 255
65.9949 -15.4453 -1.33947  255 255 255
9.63416 -23.4886 37.986  255 255 255
9.63416 -23.4886 37.986  255 255 255
64.7773 -17.1581 -5.36231  255 255 255
-4.31839 -27.1787 40.9173  255 255 255
6.9147 -24.1329 39.2403  255 255 255
20.967 -21.3599 32.8583  255 255 255
64.1432 -17.0289 -3.32471  255 255 255
65.9188 -16.0932 -1.20098  255 255 255
10.447 -23.6501 37.8071  255 255 255
62.9518 -19.7661 -11.9554  255 255 255
-5.33288 -27.6618 42.1795  255 255 255
-6.83381 -28.349 42.9111  255 255 255
17.9266 -22.8323 34.737  255 255 255
66.2637 -16.9777 -1.30096  255 255 255
66.2416 -16.9846 -1.24846  255 255 255
65.444 -17.9912 -4.2186  255 255 255
65.444 -17.9912 -4.2186  255 255 255
-14.5849 -32.8829 37.6154  255 255 255
-7.06697 -29.0726 43.8051  255 255 255
-48.8694 -47.8566 23.5315  255 255 255
-7.47292 -29.3795 44.7089  255 255 255
7.32775 -26.1065 39.775  255 255 255
-72.6485 -54.1196 32.0773  255 255 255
1.12985 -27.7371 41.8351  255 255 255
4.06547 -27.1032 41.0685  255 255 255
4.94036 -27.0838 40.582  255 255 255
22.0442 -23.4753 34.6807  255 255 255
64.6452 -21.8466 -8.7022  255 255 255
64.6624 -21.848 -8.77204  255 255 255
64.7655 -22.2381 -8.88005  255 255 255
-45.3133 -48.5258 22.7895  255 255 255
8.69171 -26.8309 40.5087  255 255 255
8.69171 -26.8309 40.5087  255 255 255
12.6735 -26.032 38.8042  255 255 255
12.2893 -26.3004 39.4719  255 255 255
12.2893 -26.3004 39.4719  255 255 255
8.00499 -27.2629 40.9299  255 255 255
-2.23972 -29.831 43.5488  255 255 255
12.3944 -26.4852 39.7802  255 255 255
10.0679 -27.022 40.7779  255 255 255
-3.83239 -30.7993 42.8663  255 255 255
9.46713 -27.4428 40.9317  255 255 255
16.9109 -25.8637 38.5631  255 255 255
65.9211 -23.194 -6.09286  255 255 255
-83.2125 -59.0228 37.4849  255 255 255
-36.7251 -47.1503 23.7831  255 255 255
-24.1588 -41.6306 30.4102  255 255 255
22.0894 -26.7784 31.8991  255 255 255
-43.2983 -49.586 25.7565  255 255 255
-27.4427 -44.1339 26.6527  255 255 255
1.28723 -30.5037 43.4159  255 255 255
64.7467 -24.5018 -3.77161  255 255 255
67.187 -23.7097 -3.48433  255 255 255
-43.315 -50.4949 27.0526  255 255 255
22.396 -28.527 30.5019  255 255 255
10.7005 -29.3931 40.3491  255 255 255
67.3245 -25.2332 -3.09257  255 255 255
67.3305 -25.2207 -3.13403  255 255 255
2.48214 -32.3728 41.4718  255 255 255
13.7757 -29.943 38.2442  255 255 255
-44.6179 -51.816 28.2703  255 255 255
-47.7839 -52.8724 29.3591  255 255 255
13.9261 -30.2272 38.0342  255 255 255
68.208 -26.4023 -2.78147  255 255 255
66.8571 -26.2938 0.313726  255 255 255
-46.5623 -53.4 30.7781  255 255 255
6.84252 -33.4316 38.8937  255 255 255
68.7035 -27.1077 -1.93396  255 255 255
68.7909 -27.0155 -1.44451  255 255 255
12.3098 -33.1228 36.4793  255 255 255
9.83443 -33.9454 37.2903  255 255 255
4.00921 -35.6166 38.7954  255 255 255
1.3635 -37.0379 37.7946  255 255 255
-3.3278 -39.0013 36.4834  255 255 255
13.5782 -34.0814 35.15  255 255 255
9.38562 -35.8964 36.0109  255 255 255
9.35096 -35.8396 36.2895  255 255 255
9.19396 -36.1094 35.9465  255 255 255
-6.32304 -42.3083 33.916  255 255 255
60.0015 -31.2568 3.99685  255 255 255
56.8475 -31.6393 6.13045  255 255 255
-58.1356 -58.8543 37.9907  255 255 255
53.8696 -32.5247 6.78148  255 255 255
8.81099 -39.4116 33.744  255 255 255
59.4479 -33.1984 8.88345  255 255 255
14.1537 -40.5462 30.6585  255 255 255
-79.8492 -67.5339 48.2011  255 255 255
5.49054 -42.899 34.7578  255 255 255
-27.8057 -55.8438 33.9863  255 255 255
32.9584 -41.8105 21.1832  255 255 255
57.401 -37.9524 14.1941  255 255 255
56.989 -38.0067 14.6518  255 255 255
56.989 -38.0066 14.6519  255 255 255
55.1108 -39.396 15.1778  255 255 255
-23.9264 -57.6543 36.3301  255 255 255
2.33328 -50.6971 34.1288  255 255 255
-8.89048 -54.9156 36.4658  255 255 255
29.4662 -47.0905 26.4619  255 255 255
-38.1037 -63.8826 41.8857  255 255 255
39.8076 -45.328 23.5856  255 255 255
-65.1775 -70.1513 51.914  255 255 255
-36.8031 -63.4971 43.3939  255 255 255
-36.8031 -63.4971 43.3938  255 255 255
-8.30301 -56.349 36.6288  255 255 255
54.9301 -42.5578 20.5189  255 255 255
50.6942 -43.7011 21.1134  255 255 255
-7.01788 -56.3179 36.599  255 255 255
37.9693 -47.8561 23.2313  255 255 255
-23.8733 -61.3793 41.4889  255 255 255
-71.6403 -73.2011 55.3991  255 255 255
49.5949 -44.9221 22.7614  255 255 255
7.92087 -53.858 35.1078  255 255 255
-0.747339 -58.3203 37.4166  255 255 255
-7.73467 -59.9884 39.2641  255 255 255
-29.0633 -64.8956 45.6138  255 255 255
1.85845 -59.3765 38.7801  255 255 255
-0.693229 -60.6165 39.1037  255 255 255
56.6053 -48.7166 24.4951  255 255 255
53.0062 -49.7853 26.0225  255 255 255
46.9069 -50.0457 30.0236  255 255 255
7.09329 -59.7155 39.3248  255 255 255
-5.12434 -63.1211 43.3118  255 255 255
20.7497 84.6993 -79.9696  255 255 255
3.87831 78.5145 -73.042  255 255 255
-62.2376 55.6377 -48.1273  255 255 255
20.1126 83.7457 -80.1953  255 255 255
28.4244 86.4201 -83.7219  255 255 255
28.4259 86.4149 -83.7212  255 255 255
59.7942 97.7147 -97.8264  255 255 255
56.4816 95.6547 -95.282  255 255 255
27.1737 84.9611 -83.5938  255 255 255
58.8033 96.1598 -96.5267  255 255 255
24.1508 83.7182 -82.81  255 255 255
24.063 83.593 -82.3989  255 255 255
55.1624 95.0117 -96.0055  255 255 255
-86.9662 45.9775 -39.6788  255 255 255
-71.5852 50.8833 -45.6325  255 255 255
-3.16625 73.8002 -72.4975  255 255 255
-3.17084 73.7774 -72.4493  255 255 255
19.1735 81.3671 -80.686  255 255 255
19.1735 81.3671 -80.686  255 255 255
-72.8847 49.9775 -45.8955  255 255 255
39.0984 88.0362 -89.2827  255 255 255
61.8751 96.5589 -99.8206  255 255 255
-3.41969 71.4969 -74.1685  255 255 255
-53.1387 54.2748 -55.0894  255 255 255
4.01593 72.4715 -76.8699  255 255 255
-92.4293 40.6336 -40.2767  255 255 255
-6.81124 68.0864 -74.2909  255 255 255
-86.3268 41.7309 -43.3382  255 255 255
-86.3789 41.7565 -43.5006  255 255 255
55.0505 88.9902 -98.1845  255 255 255
18.3312 76.3056 -84.44  255 255 255
70.62 93.5154 -104.211  255 255 255
-21.764 62.0383 -69.4065  255 255 255
-68.2975 45.8869 -51.5692  255 255 255
70.7164 92.4523 -105.139  255 255 255
-11.3179 64.1383 -74.4275  255 255 255
48.4104 84.3184 -97.9994  255 255 255
32.6189 78.7213 -91.74  255 255 255
-34.8825 55.5201 -65.7973  255 255 255
46.7116 83.174 -97.1747  255 255 255
74.8959 93.5121 -110.689  255 255 255
-57.4047 47.5351 -57.5473  255 255 255
70.86 90.717 -108.97  255 255 255
-57.6921 46.7966 -58.0202  255 255 255
-0.282833 65.7604 -79.9924  255 255 255
-24.437 56.5617 -72.1056  255 255 255
-48.8668 48.0914 -62.392  255 255 255
-48.5042 47.7814 -63.023  255 255 255
-13.2932 58.7093 -77.2088  255 255 255
-47.4005 45.9411 -64.574  255 255 255
-86.7511 33.0901 -49.7869  255 255 255
-56.1126 42.1475 -61.8988  255 255 255
-86.0803 32.6577 -49.303  255 255 255
20.2111 65.8842 -92.9063  255 255 255
-68.6132 35.6944 -59.1743  255 255 255
-68.6515 35.7317 -59.4524  255 255 255
33.0071 68.6736 -99.3385  255 255 255
-70.7726 34.4334 -59.2486  255 255 255
59.9891 76.933 -110.193  255 255 255
-74.5466 32.8645 -57.9713  255 255 255
-55.3751 38.1 -65.6824  255 255 255
59.1612 75.669 -109.75  255 255 255
59.1612 75.669 -109.75  255 255 255
-64.6696 34.1859 -61.8614  255 255 255
-28.2084 45.9262 -77.6006  255 255 255
-28.2352 45.9045 -77.5475  255 255 255
-54.5179 37.356 -66.5519  255 255 255
-8.02892 52.2856 -85.5797  255 255 255
9.02764 57.7272 -92.7745  255 255 255
26.35 63.6474 -102.302  255 255 255
33.2709 65.4169 -101.892  255 255 255
-53.9112 36.6731 -68.2995  255 255 255
-36.6149 41.7732 -75.4155  255 255 255
-25.7609 45.2574 -79.5317  255 255 255
-91.5686 24.6155 -52.9556  255 255 255
-25.3011 44.9337 -79.6104  255 255 255
-15.2799 48.4769 -84.2848  255 255 255
-93.4248 24.0133 -52.6985  255 255 255
-11.0001 49.5854 -85.9539  255 255 255
25.9763 62.2761 -102.163  255 255 255
-25.2808 44.196 -80.4829  255 255 255
-68.6593 30.3092 -63.9994  255 255 255
-26.6376 43.3777 -80.6981  255 255 255
-26.5914 43.2764 -80.2337  255 255 255
-40.4294 38.9773 -76.2868  255 255 255
37.2436 63.9394 -105.829  255 255 255
37.2075 63.9223 -105.705  255 255 255
15.258 56.4218 -97.0884  255 255 255
38.4535 63.7944 -106.24  255 255 255
38.4017 63.8033 -106.143  255 255 255
62.6726 71.0187 -115.745  255 255 255
33.4187 61.1493 -104.85  255 255 255
41.1433 63.238 -106.137  255 255 255
43.0783 62.8621 -108.47  255 255 255
46.4181 63.962 -110.08  255 255 255
15.5317 53.9555 -99.4112  255 255 255
16.2658 53.8241 -99.9422  255 255 255
19.2263 54.4142 -100.993  255 255 255
21.1582 54.5697 -102.224  255 255 255
40.4756 60.8865 -109.498  255 255 255
42.9021 61.1989 -110.877  255 255 255
40.5152 60.4455 -110.382  255 255 255
21.1917 53.9707 -102.693  255 255 255
44.0949 61.194 -110.055  255 255 255
41.5018 60.3964 -110.757  255 255 255
-23.5914 38.0647 -85.6524  255 255 255
-73.7686 21.7593 -66.3387  255 255 255
-30.4587 31.5149 -78.8263  255 255 255
-30.4587 31.5149 -78.8262  255 255 255
-72.2397 18.637 -61.8516  255 255 255
-103.796 9.14139 -50.4291  255 255 255
8.81462 41.839 -91.4384  255 255 255
-77.1399 15.3542 -58.3957  255 255 255
13.9399 42.2693 -92.0585  255 255 255
13.9484 42.2872 -92.1402  255 255 255
17.5969 39.1464 -87.7023  255 255 255
21.3766 38.7361 -87.6847  255 255 255
21.3766 38.7361 -87.6847  255 255 255
19.293 38.0308 -86.6453  255 255 255
10.6984 35.2361 -83.3918  255 255 255
10.0564 34.8255 -82.299  255 255 255
22.3311 38.3124 -87.2924  255 255 255
11.3854 34.7926 -82.5475  255 255 255
14.1169 35.1671 -83.0661  255 255 255
-56.2659 13.9371 -56.6774  255 255 255
7.66077 32.9487 -80.4003  255 255 255
14.1326 34.423 -82.0299  255 255 255
-39.2254 18.1023 -60.7684  255 255 255
58.2757 40.1672 -36.0465  255 255 255
-72.7013 6.41028 -46.5665  255 255 255
20.2625 33.4729 -80.678  255 255 255
-72.441 5.87228 -46.1232  255 255 255
9.02544 29.3285 -76.4851  255 255 255
16.6724 31.5011 -80.3552  255 255 255
-93.4416 -0.755741 -37.6137  255 255 255
21.2122 32.4102 -79.2921  255 255 255
10.1718 28.8799 -74.809  255 255 255
10.0736 28.2427 -74.2596  255 255 255
13.2698 29.0732 -75.2393  255 255 255
11.853 28.4377 -74.3594  255 255 255
8.01795 26.2134 -71.5302  255 255 255
10.5608 25.622 -71.5168  255 255 255
9.70547 24.2203 -69.064  255 255 255
-110.734 -10.2614 -24.6091  255 255 255
2.77633 21.1705 -64.7569  255 255 255
12.6472 21.3621 -65.3919  255 255 255
35.4425 28.1214 -74.122  255 255 255
9.77775 20.4374 -63.8907  255 255 255
12.2782 20.9121 -65.5698  255 255 255
11.7175 19.5287 -61.4669  255 255 255
-40.5851 4.22774 -44.9094  255 255 255
35.1046 23.8279 -68.3141  255 255 255
39.8524 24.7352 -69.1529  255 255 255
31.3687 21.2498 -65.0342  255 255 255
62.994 28.3631 -30.8622  255 255 255
-71.1719 -8.21751 -30.4152  255 255 255
-7.59512 6.35242 24.0143  255 255 255
-28.5554 0.685399 5.06703  255 255 255
-7.89959 5.70967 23.9216  255 255 255
30.6105 17.3745 -60.1085  255 255 255
-44.7911 -5.56313 -30.4036  255 255 255
-28.5787 -1.73922 8.53262  255 255 255
-42.8363 -5.15268 -31.6875  255 255 255
-17.7689 0.563173 27.5515  255 255 255
-30.4406 -3.69769 10.8361  255 255 255
4.59234 5.88763 20.6135  255 255 255
-54.4634 -10.2428 -25.3756  255 255 255
26.9895 11.2063 -51.3589  255 255 255
9.57295 5.96646 21.9376  255 255 255
27.1368 10.5665 -50.7129  255 255 255
39.6438 11.4479 -52.1255  255 255 255
55.0473 16.4272 -9.66602  255 255 255
55.3045 16.2212 -6.70156  255 255 255
9.90649 3.53863 26.605  255 255 255
-47.0994 -13.7188 -21.13  255 255 255
-15.0169 -3.65568 33.0709  255 255 255
-15.0169 -3.65568 33.0709  255 255 255
40.0447 9.21663 -50.9706  255 255 255
-21.5927 -6.20451 27.3312  255 255 255
36.8664 7.87993 -46.7839  255 255 255
-45.5813 -14.5478 -19.2684  255 255 255
55.6059 13.8571 -8.27317  255 255 255
35.2777 6.85968 -46.812  255 255 255
-24.4131 -7.7481 22.6924  255 255 255
38.1786 6.83581 -46.1283  255 255 255
-45.0877 -15.6811 -17.8266  255 255 255
-32.8542 -10.8817 20.5576  255 255 255
47.3701 8.62527 -48.3543  255 255 255
7.59126 0.456762 31.5718  255 255 255
56.5686 12.5689 -6.06262  255 255 255
48.1185 8.02057 -47.4374  255 255 255
47.6962 7.571 -47.0232  255 255 255
-5.15803 -3.7054 36.9109  255 255 255
-5.15803 -3.7054 36.9109  255 255 255
-26.5271 -10.2544 25.5144  255 255 255
-4.19159 -3.44394 37.1187  255 255 255
57.4471 12.0473 -4.18934  255 255 255
54.5903 10.6227 -12.8505  255 255 255
-28.7453 -11.6167 22.2478  255 255 255
51.0936 6.38167 -45.8284  255 255 255
7.40641 -2.03029 33.8532  255 255 255
-8.90073 -6.69407 37.6917  255 255 255
-21.7055 -10.9859 28.8479  255 255 255
-18.0868 -10.155 32.6803  255 255 255
1.12177 -4.38922 37.1836  255 255 255
6.78834 -3.11531 34.8223  255 255 255
-4.79217 -6.41575 38.2845  255 255 255
-11.5633 -8.93612 37.0069  255 255 255
56.0109 5.67564 -12.2855  255 255 255
7.74231 -4.68165 35.0395  255 255 255
-20.8917 -13.38 30.4774  255 255 255
-62.1358 -28.4417 -2.54182  255 255 255
-54.5843 -26.8408 -3.89964  255 255 255
-30.0666 -16.9021 28.5296  255 255 255
-12.0971 -11.3603 37.3633  255 255 255
55.733 3.47575 -13.7427  255 255 255
-7.22145 -10.1411 38.8392  255 255 255
-7.22145 -10.1411 38.8393  255 255 255
17.8826 -4.13114 25.581  255 255 255
-1.6941 -9.45618 39.2598  255 255 255
15.9932 -5.74812 29.2385  255 255 255
-84.9573 -37.3309 9.39755  255 255 255
-4.85499 -11.9692 39.9082  255 255 255
1.43763 -10.5008 39.1172  255 255 255
-29.0904 -20.6761 33.6149  255 255 255
59.2061 -0.679634 -8.64545  255 255 255
2.77053 -11.5726 39.1816  255 255 255
57.3025 -3.82783 -12.6169  255 255 255
-15.838 -18.8353 37.1634  255 255 255
0.875653 -13.6368 39.743  255 255 255
-20.8271 -20.9878 35.3709  255 255 255
12.5064 -11.3391 34.2559  255 255 255
61.9811 -2.26561 -2.30188  255 255 255
-12.7559 -18.8061 37.0672  255 255 255
-12.2507 -18.6834 37.6128  255 255 255
20.6216 -11.1641 25.3762  255 255 255
1.72806 -14.9681 39.3722  255 255 255
2.87797 -14.791 38.9765  255 255 255
-13.8316 -20.0371 38.0287  255 255 255
-0.64635 -15.9217 39.3447  255 255 255
0.0140816 -15.8177 39.5064  255 255 255
15.2958 -12.5247 32.2961  255 255 255
17.8699 -12.7839 29.2037  255 255 255
-8.90076 -19.5189 38.0179  255 255 255
-21.6807 -23.5138 37.199  255 255 255
-20.4976 -23.752 37.1945  255 255 255
-12.1872 -21.5623 39.6585  255 255 255
-43.8384 -36.6245 11.0902  255 255 255
14.4227 -15.6271 33.1944  255 255 255
18.0839 -15.1341 30.3641  255 255 255
-12.0864 -22.5581 39.4921  255 255 255
20.3632 -14.6829 29.9105  255 255 255
60.9432 -9.26318 -7.04185  255 255 255
0.200993 -19.2831 38.6656  255 255 255
60.9784 -10.2093 -9.85489  255 255 255
-11.9732 -23.2453 39.2979  255 255 255
7.72757 -17.8297 37.4609  255 255 255
4.23356 -19.1866 38.1103  255 255 255
6.1974 -18.8547 37.8134  255 255 255
6.19501 -18.8536 37.8209  255 255 255
6.66524 -18.9583 37.2875  255 255 255
59.6279 -13.2293 -10.6737  255 255 255
-90.8001 -52.2985 28.9043  255 255 255
-4.81698 -23.1201 41.2381  255 255 255
-75.747 -49.534 25.8496  255 255 255
1.70337 -22.6538 40.6463  255 255 255
10.9471 -20.5142 37.4841  255 255 255
5.82536 -21.9815 39.7929  255 255 255
9.42709 -21.3315 38.8179  255 255 255
6.97932 -22.2484 39.8125  255 255 255
19.1327 -20.3434 32.2763  255 255 255
-65.1778 -48.8094 24.5698  255 255 255
-7.93024 -26.9866 41.1262  255 255 255
-7.94355 -26.9111 41.5099  255 255 255
-2.85878 -26.1522 40.0516  255 255 255
-11.6461 -28.4381 42.7083  255 255 255
-16.2936 -31.8267 37.3878  255 255 255
-87.6923 -56.0355 33.5905  255 255 255
-87.7575 -57.0031 34.167  255 255 255
-50.8589 -48.0126 22.7193  255 255 255
16.7061 -23.6352 36.1853  255 255 255
-3.58036 -28.3687 42.5339  255 255 255
64.078 -21.0803 -9.83942  255 255 255
0.558604 -27.5504 41.54  255 255 255
64.3423 -19.7523 -4.22691  255 255 255
-73.1012 -54.0278 31.575  255 255 255
-55.8629 -49.9412 25.7275  255 255 255
-46.3955 -47.7974 22.4387  255 255 255
-46.3955 -47.7974 22.4387  255 255 255
-85.6985 -57.8242 35.761  255 255 255
-44.9282 -47.9607 23.2342  255 255 255
-18.1559 -36.9574 32.7089  255 255 255
65.7668 -21.5979 -6.14044  255 255 255
-18.2356 -37.3411 32.3647  255 255 255
64.9647 -22.7531 -9.11043  255 255 255
21.807 -24.9718 33.8391  255 255 255
20.9548 -24.9824 35.0652  255 255 255
-3.08829 -30.512 42.9025  255 255 255
-17.7848 -38.4309 31.3605  255 255 255
-2.26925 -30.4364 43.3374  255 255 255
-44.0199 -49.4537 23.3079  255 255 255
20.9198 -26.5739 33.7888  255 255 255
17.112 -26.3459 39.5992  255 255 255
11.909 -27.7105 41.0504  255 255 255
4.62994 -29.2199 43.754  255 255 255
-81.2134 -59.3454 38.1841  255 255 255
21.543 -28.139 31.8305  255 255 255
12.9709 -28.6771 39.6298  255 255 255
12.9709 -28.6771 39.6299  255 255 255
-2.29042 -33.2327 40.9219  255 255 255
22.6423 -29.165 29.49  255 255 255
49.1097 -30.1491 0.618244  255 255 255
-60.3119 -56.0906 32.7154  255 255 255
-46.3811 -52.4846 29.3521  255 255 255
58.6355 -28.9909 0.405104  255 255 255
9.60827 -33.6779 37.4715  255 255 255
-43.7092 -53.8019 31.2914  255 255 255
24.8441 -34.3948 23.3727  255 255 255
-80.4542 -63.8881 43.4306  255 255 255
-0.978285 -38.9314 37.0285  255 255 255
56.7685 -31.2706 5.11669  255 255 255
-34.2811 -54.1612 29.2142  255 255 255
-82.7236 -65.935 45.851  255 255 255
9.14695 -38.5698 34.6542  255 255 255
38.625 -36.8506 13.5165  255 255 255
2.03752 -42.1577 33.7738  255 255 255
7.97119 -41.1155 31.9163  255 255 255
7.77333 -41.2375 32.9188  255 255 255
-53.1271 -60.4218 39.9852  255 255 255
37.1731 -39.6268 15.4511  255 255 255
-79.9956 -67.8108 48.4263  255 255 255
-75.3837 -67.4162 48.145  255 255 255
-33.079 -56.88 35.8445  255 255 255
-33.0518 -58.1283 36.8076  255 255 255
-75.7253 -68.8508 49.8208  255 255 255
-48.6662 -62.1986 42.0123  255 255 255
-77.4844 -69.9981 51.4513  255 255 255
-31.6171 -58.7703 37.6971  255 255 255
-77.2683 -70.2056 51.793  255 255 255
64.6788 -39.7583 12.3933  255 255 255
54.6109 -42.5407 16.6842  255 255 255
-41.1171 -64.2654 44.4698  255 255 255
35.455 -48.0596 24.385  255 255 255
4.26789 -59.1932 37.9901  255 255 255
59.2027 -48.7172 27.0991  255 255 255
-3.59289 -63.0786 42.846  255 255 255
21.9265 84.9516 -80.5037  255 255 255
0.60654 77.1534 -71.6553  255 255 255
25.4292 85.8583 -82.0467  255 255 255
27.652 86.6022 -82.9491  255 255 255
25.0287 85.0677 -82.1996  255 255 255
24.9995 85.0706 -82.1337  255 255 255
27.0478 85.6929 -83.1845  255 255 255
22.1397 83.7014 -81.078  255 255 255
22.2987 83.8018 -81.5965  255 255 255
67.2154 99.7417 -102.461  255 255 255
20.2412 82.7431 -81.08  255 255 255
18.7538 81.9315 -80.8049  255 255 255
20.9307 82.3919 -81.367  255 255 255
55.1153 94.0306 -94.4665  255 255 255
22.4947 82.8115 -81.9695  255 255 255
25.9268 84.0357 -83.686  255 255 255
24.6979 83.5048 -83.1811  255 255 255
35.4498 87.1059 -87.9719  255 255 255
26.5926 83.5351 -84.343  255 255 255
26.5297 83.4885 -84.1969  255 255 255
29.9616 83.6427 -86.1419  255 255 255
36.1116 84.9269 -89.7392  255 255 255
36.0998 84.8526 -89.6459  255 255 255
34.2048 82.9028 -88.629  255 255 255
-77.6536 44.6085 -44.3153  255 255 255
69.251 95.2946 -105.579  255 255 255
-72.3212 45.9137 -48.0937  255 255 255
-68.7272 46.8433 -50.7724  255 255 255
-35.7546 57.5278 -63.6038  255 255 255
-19.981 62.6775 -69.6086  255 255 255
-75.8052 44.0471 -48.1666  255 255 255
34.0801 79.6727 -90.5432  255 255 255
-51.5941 50.261 -59.5113  255 255 255
-41.1736 53.5989 -63.7861  255 255 255
68.7867 90.0252 -105.312  255 255 255
67.9924 89.3174 -105.503  255 255 255
-67.2304 43.508 -53.971  255 255 255
-52.0125 48.4387 -60.1939  255 255 255
71.3766 89.7865 -108.925  255 255 255
57.1209 84.4619 -103.264  255 255 255
-76.1731 38.9775 -49.6545  255 255 255
-68.0912 41.0641 -51.5  255 255 255
9.13039 67.2005 -85.5077  255 255 255
-13.8307 59.2471 -77.196  255 255 255
-55.3462 44.648 -58.7352  255 255 255
-80.2669 35.8841 -47.7386  255 255 255
-48.0153 44.2799 -65.2181  255 255 255
-57.9709 39.496 -63.1625  255 255 255
-65.1393 36.1955 -60.3777  255 255 255
60.6797 76.0336 -110.752  255 255 255
8.57934 58.685 -91.4545  255 255 255
-55.1153 37.5678 -66.5801  255 255 255
81.2514 82.471 -123.775  255 255 255
-25.3075 46.346 -78.949  255 255 255
-27.6372 45.3159 -77.3922  255 255 255
-27.6316 45.4311 -78.5982  255 255 255
-7.78936 51.5962 -85.7788  255 255 255
-6.97016 51.5094 -86.9652  255 255 255
62.4727 74.2251 -113.24  255 255 255
-14.6183 48.8159 -84.5912  255 255 255
-26.1937 43.8191 -80.1512  255 255 255
12.0004 56.014 -95.8616  255 255 255
-6.57904 49.7614 -88.2811  255 255 255
16.109 56.9939 -96.6983  255 255 255
-27.8119 42.3814 -80.2175  255 255 255
68.3456 73.6609 -117.247  255 255 255
33.3832 61.8554 -104.923  255 255 255
-160.381 5.46121 -46.6554  255 255 255
62.0064 69.9075 -115.259  255 255 255
66.4248 71.3926 -117.309  255 255 255
42.0168 63.2457 -108.477  255 255 255
-26.6593 40.6869 -81.9072  255 255 255
41.3712 62.3819 -109.083  255 255 255
14.4441 53.292 -98.9681  255 255 255
39.0317 61.1319 -108.371  255 255 255
42.088 61.8679 -109.499  255 255 255
47.5642 63.3739 -111.769  255 255 255
14.4694 52.3579 -99.9399  255 255 255
19.8462 53.8741 -102.002  255 255 255
14.1269 51.2819 -100.582  255 255 255
14.1 51.2662 -100.456  255 255 255
21.1102 53.2065 -103.454  255 255 255
14.2109 44.4072 -94.8906  255 255 255
-67.0428 17.5086 -61.2838  255 255 255
-77.7448 13.9028 -56.3644  255 255 255
-77.818 13.2452 -55.4315  255 255 255
57.7212 45.194 -35.0751  255 255 255
51.8017 50.9632 -102.969  255 255 255
21.8023 39.6848 -89.0459  255 255 255
14.3226 36.8239 -85.0586  255 255 255
28.7752 41.2387 -90.7575  255 255 255
14.3252 35.9102 -83.9133  255 255 255
-94.1417 2.37719 -42.1472  255 255 255
8.09857 28.931 -74.9593  255 255 255
-99.7132 -3.25782 -34.3527  255 255 255
-99.8042 -3.27852 -34.3519  255 255 255
-79.3636 1.76543 -41.1644  255 255 255
8.046 26.9197 -72.313  255 255 255
8.02775 26.8987 -72.1354  255 255 255
9.07339 26.8997 -72.7334  255 255 255
6.46686 25.1506 -69.917  255 255 255
8.02241 24.9751 -69.9995  255 255 255
11.8076 25.7418 -70.6917  255 255 255
-1.99122 20.9355 -66.8427  255 255 255
2.13303 20.9585 -64.6448  255 255 255
-94.7317 -6.36092 -30.2984  255 255 255
60.0925 34.4511 -34.576  255 255 255
-1.796 19.1479 -63.1927  255 255 255
-113.36 -13.55 -20.1259  255 255 255
-71.8706 -2.24017 -39.0077  255 255 255
3.32678 18.543 -61.7057  255 255 255
3.311 18.5463 -61.843  255 255 255
4.31073 18.3051 -61.6205  255 255 255
-20.0848 10.7171 -51.3462  255 255 255
11.5424 19.1318 -62.5285  255 255 255
-30.068 6.72847 -46.4381  255 255 255
-96.2768 -11.5253 -23.2258  255 255 255
31.5148 21.9496 -66.632  255 255 255
14.3241 16.7258 -61.6866  255 255 255
-49.932 -3.23905 -33.7332  255 255 255
-7.55284 5.91158 23.6437  255 255 255
-7.54178 5.92237 23.5776  255 255 255
59.7178 24.098 -41.2516  255 255 255
-44.0734 -5.46766 -31.2205  255 255 255
-44.0734 -5.46766 -31.2205  255 255 255
-11.7526 2.42948 29.3536  255 255 255
-50.1073 -8.27934 -27.6684  255 255 255
-29.6472 -3.09109 10.0184  255 255 255
-29.6568 -3.07198 9.98416  255 255 255
-11.6607 1.62559 30.4681  255 255 255
-10.8681 1.15123 31.5063  255 255 255
43.4307 14.7208 -56.7395  255 255 255
-21.3397 -4.08927 26.3875  255 255 255
-21.3397 -4.08927 26.3875  255 255 255
-16.2621 -3.16435 31.4677  255 255 255
-64.9053 -18.5569 -15.8555  255 255 255
42.1352 10.0403 -50.4277  255 255 255
46.8558 10.4043 -48.56  255 255 255
-14.8119 -4.73457 33.7527  255 255 255
57.1325 12.8288 -4.31174  255 255 255
-10.4238 -5.03095 36.0362  255 255 255
-87.1102 -28.0552 -1.90983  255 255 255
-22.9693 -9.65648 26.5783  255 255 255
36.4174 3.62807 -40.641  255 255 255
-1.6813 -3.46727 36.803  255 255 255
-13.1036 -7.37759 35.9703  255 255 255
10.263 -1.16516 30.768  255 255 255
10.282 -1.18748 30.6375  255 255 255
-31.9846 -13.7107 24.4532  255 255 255
-25.7616 -11.7268 27.4848  255 255 255
-29.4907 -14.2214 25.6233  255 255 255
-18.777 -11.1622 32.4351  255 255 255
-58.6174 -25.2965 -6.81548  255 255 255
58.3287 5.243 -6.41873  255 255 255
14.3371 -5.11487 30.8434  255 255 255
-53.7247 -28.5933 -1.16842  255 255 255
5.47498 -7.57455 37.7381  255 255 255
-54.0528 -29.2312 -0.253474  255 255 255
58.8028 2.38804 -6.71279  255 255 255
14.153 -6.56344 31.6752  255 255 255
-6.54083 -12.2218 39.3857  255 255 255
-11.761 -14.1037 37.5952  255 255 255
60.0183 1.2563 -4.99081  255 255 255
-27.243 -20.1581 32.5244  255 255 255
3.45086 -10.8317 38.977  255 255 255
3.45296 -10.8425 39.0079  255 255 255
-10.5094 -15.148 38.2833  255 255 255
13.021 -8.9893 33.3912  255 255 255
-9.94645 -16.3885 38.2059  255 255 255
-20.0787 -20.6237 34.884  255 255 255
-8.58889 -16.7789 38.6264  255 255 255
4.97878 -13.3847 38.6776  255 255 255
5.01345 -13.397 38.6722  255 255 255
-5.15192 -16.9875 39.3759  255 255 255
3.55696 -14.8533 39.0512  255 255 255
1.70705 -16.3487 39.3588  255 255 255
1.70705 -16.3487 39.3588  255 255 255
21.5777 -13.768 28.2341  255 255 255
-1.17975 -19.1582 38.9504  255 255 255
-79.9728 -46.6583 22.1667  255 255 255
-10.3628 -21.7566 41.2329  255 255 255
60.8788 -10.2179 -8.21392  255 255 255
60.8816 -10.2401 -8.17582  255 255 255
-18.3 -25.2921 39.0636  255 255 255
16.7005 -16.3385 32.1499  255 255 255
29.1281 -14.372 23.4999  255 255 255
-23.8123 -29.4466 32.1611  255 255 255
-5.72202 -22.5892 40.9996  255 255 255
-66.5784 -45.8664 21.1082  255 255 255
-2.86273 -22.3095 40.6211  255 255 255
62.2541 -14.2264 -9.72935  255 255 255
-25.2296 -32.9824 28.2365  255 255 255
-90.5467 -54.9903 32.5096  255 255 255
23.5809 -20.0112 30.3752  255 255 255
-9.85939 -27.6323 42.1382  255 255 255
-50.5888 -45.5351 19.9758  255 255 255
-47.2931 -46.5096 21.7194  255 255 255
-86.9473 -57.036 34.6488  255 255 255
16.3672 -23.7673 36.1818  255 255 255
-87.0626 -57.9281 35.8838  255 255 255
-62.5449 -51.6011 28.6181  255 255 255
-18.1685 -36.2729 32.8922  255 255 255
-28.8343 -41.9404 26.4247  255 255 255
65.4785 -21.4093 -6.3438  255 255 255
-85.1715 -58.2428 36.458  255 255 255
23.2187 -24.5312 32.3521  255 255 255
64.2223 -22.3539 -5.18181  255 255 255
-83.7782 -58.5059 36.7242  255 255 255
14.3031 -26.2389 39.3996  255 255 255
-44.3443 -49.1687 24.8779  255 255 255
-61.3822 -53.3603 30.3667  255 255 255
65.8884 -23.4941 -7.0364  255 255 255
12.1002 -27.3176 40.9373  255 255 255
10.4634 -27.8002 41.2615  255 255 255
7.16673 -28.7078 42.6367  255 255 255
66.7099 -25.2376 -6.26946  255 255 255
67.3789 -26.1306 -5.12781  255 255 255
-84.926 -64.3111 44.369  255 255 255
-84.4089 -64.4772 44.4459  255 255 255
-1.31863 -38.4962 36.7647  255 255 255
26.8175 -34.1933 22.7722  255 255 255
10.4531 -36.1069 35.3751  255 255 255
-85.6394 -65.6423 45.7729  255 255 255
-39.117 -54.2169 32.128  255 255 255
-79.1574 -64.6973 44.6541  255 255 255
-34.4973 -53.5285 31.1869  255 255 255
6.83518 -38.7171 35.171  255 255 255
60.9388 -32.8536 3.67548  255 255 255
7.40531 -41.3644 32.8459  255 255 255
7.92114 -41.6822 32.7269  255 255 255
-10.8386 -46.5446 36.7544  255 255 255
-32.3316 -55.3333 33.9301  255 255 255
-29.8902 -55.7549 34.1903  255 255 255
-31.6914 -56.3141 34.7373  255 255 255
37.8852 -40.5284 15.6303  255 255 255
-76.3911 -67.5967 48.464  255 255 255
-26.1662 -56.6125 35.1372  255 255 255
-42.1728 -63.3226 43.059  255 255 255
66.0356 -41.0041 13.6864  255 255 255
67.5174 -42.8998 15.1363  255 255 255
-39.9472 -66.5715 47.7528  255 255 255
50.0383 -47.4435 23.7703  255 255 255
56.9872 -46.5876 21.8679  255 255 255
67.7976 -45.6125 18.3137  255 255 255
61.9217 -46.7301 21.2823  255 255 255
-14.5368 -63.1994 43.8081  255 255 255
37.6432 90.6962 -86.1487  255 255 255
30.1448 87.2481 -83.8272  255 255 255
21.531 84.1319 -80.579  255 255 255
21.5465 84.1563 -80.6608  255 255 255
20.8605 83.507 -80.7287  255 255 255
65.8705 100.265 -101.097  255 255 255
24.1136 84.4653 -82.0821  255 255 255
-121.92 54.0536 -87.3857  255 255 255
27.9532 85.55 -84.0915  255 255 255
-3.92571 73.7055 -72.0512  255 255 255
-186.534 41.7253 -93.7634  255 255 255
1.28002 73.0339 -75.6783  255 255 255
27.3983 82.0251 -86.1177  255 255 255
36.9644 84.6042 -90.0858  255 255 255
36.9741 84.6148 -90.1049  255 255 255
-20.6639 62.9502 -68.8305  255 255 255
55.6084 87.5669 -100.012  255 255 255
29.5657 78.1083 -90.217  255 255 255
68.861 90.8709 -104.912  255 255 255
-53.7668 49.6288 -59.4724  255 255 255
50.0234 83.4285 -98.9834  255 255 255
35.761 78.4906 -94.4211  255 255 255
54.6473 84.7413 -101.22  255 255 255
-48.1913 48.4035 -62.4649  255 255 255
-74.2986 39.7044 -51.6392  255 255 255
-50.5406 46.4127 -61.6756  255 255 255
46.9777 78.9931 -101.161  255 255 255
-9.72257 56.5017 -81.0736  255 255 255
-5.4572 57.4698 -82.9146  255 255 255
45.8277 73.0023 -103.492  255 255 255
-132.491 3.56274 18.3416  255 255 255
-6.12235 52.5984 -86.8552  255 255 255
14.5503 58.7691 -95.0349  255 255 255
41.8438 67.6499 -104.423  255 255 255
31.045 63.5939 -100.657  255 255 255
14.475 57.5373 -95.7607  255 255 255
-39.9694 38.713 -75.4695  255 255 255
59.645 70.6316 -113.321  255 255 255
-157.958 7.17109 -49.0814  255 255 255
41.9164 64.716 -107.062  255 255 255
15.9083 56.0693 -97.7199  255 255 255
52.8665 69.1855 -116.769  255 255 255
44.7822 65.1129 -108.87  255 255 255
44.86 65.1664 -109.148  255 255 255
-27.3714 41.0494 -81.2461  255 255 255
9.26392 52.6936 -96.451  255 255 255
-36.4415 37.335 -79.8544  255 255 255
31.0773 58.551 -106.009  255 255 255
-153.299 4.05723 -44.5995  255 255 255
43.5337 61.983 -110.187  255 255 255
62.5417 67.7162 -117.928  255 255 255
62.5896 67.7696 -117.952  255 255 255
69.179 68.9857 -121.414  255 255 255
-150.954 3.05482 -43.7656  255 255 255
42.9923 60.3032 -110.716  255 255 255
-105.436 14.1083 -57.0348  255 255 255
10.8348 46.4169 -96.3801  255 255 255
-110.358 9.15834 -50.546  255 255 255
-147.397 -1.51144 -37.5082  255 255 255
-31.3064 26.7567 -72.4646  255 255 255
-72.6541 14.2222 -57.3413  255 255 255
22.0618 40.4849 -89.4276  255 255 255
22.0811 40.4406 -89.4458  255 255 255
24.8384 41.5373 -90.8646  255 255 255
12.0769 36.7962 -84.9993  255 255 255
17.9546 35.1218 -83.3897  255 255 255
-39.2291 17.1684 -59.8542  255 255 255
-73.747 5.43019 -46.3357  255 255 255
-79.1638 3.2955 -42.5162  255 255 255
-88.6418 0.181514 -39.195  255 255 255
-70.8783 4.67218 -45.0081  255 255 255
-106.008 -5.44015 -32.1259  255 255 255
6.95532 25.9076 -70.1677  255 255 255
-70.0526 0.915565 -39.1599  255 255 255
-71.0121 0.478235 -39.3461  255 255 255
4.74408 21.8666 -66.28  255 255 255
7.73071 21.8428 -65.9352  255 255 255
6.99113 21.1016 -65.0368  255 255 255
13.4089 23.024 -67.2211  255 255 255
-25.5164 11.1535 -52.0925  255 255 255
10.2969 21.1168 -65.0608  255 255 255
10.3669 21.1442 -65.0249  255 255 255
13.5809 22.3153 -69.2634  255 255 255
4.83627 19.1266 -61.9799  255 255 255
34.9242 24.9255 -69.0121  255 255 255
28.9804 22.5816 -66.5362  255 255 255
58.8414 29.2672 -40.4456  255 255 255
28.0323 20.3141 -64.0495  255 255 255
-38.8505 0.672287 -38.7671  255 255 255
27.2969 19.5201 -66.2262  255 255 255
-90.9231 -14.6249 -19.6445  255 255 255
-46.4898 -4.87652 -31.6151  255 255 255
-13.5984 -0.256708 31.1785  255 255 255
35.2847 10.9949 -51.1412  255 255 255
10.392 4.56039 24.414  255 255 255
34.8653 7.39172 -45.5275  255 255 255
55.9923 14.4114 -7.05462  255 255 255
-13.9033 -7.36703 35.3232  255 255 255
15.2253 -1.6393 27.0548  255 255 255
15.2388 -1.62689 26.9819  255 255 255
9.29192 -3.01251 33.6179  255 255 255
-27.0034 -14.3175 26.4681  255 255 255
7.7854 -5.23014 35.4436  255 255 255
1.45102 -7.05179 38.275  255 255 255
14.3905 -4.44977 30.7508  255 255 255
15.067 -4.51968 29.8842  255 255 255
-54.4848 -28.3746 -2.46957  255 255 255
-52.2615 -28.0985 -1.76874  255 255 255
-13.0243 -14.7697 36.9862  255 255 255
59.0192 0.487522 -8.10688  255 255 255
2.2121 -10.695 39.2286  255 255 255
-4.61113 -12.8836 39.5654  255 255 255
-7.33145 -14.9299 39.1861  255 255 255
60.0049 -1.92276 -7.64645  255 255 255
-100.764 -46.1212 21.5972  255 255 255
-6.6406 -16.411 39.2912  255 255 255
-1.38654 -14.737 39.8641  255 255 255
-9.86281 -17.6777 38.259  255 255 255
-6.79078 -17.203 38.9706  255 255 255
15.8755 -11.7299 31.431  255 255 255
6.60031 -13.8915 38.1985  255 255 255
17.2877 -12.8241 29.5986  255 255 255
17.2877 -12.8241 29.5986  255 255 255
-7.8937 -19.8888 38.146  255 255 255
-4.18975 -18.6818 38.9904  255 255 255
19.2095 -14.1866 29.0467  255 255 255
-47.5906 -38.3831 11.0945  255 255 255
-13.0675 -22.9232 39.1247  255 255 255
-27.8807 -29.8145 27.1191  255 255 255
23.1634 -15.3218 25.6286  255 255 255
-3.10055 -21.4571 39.4502  255 255 255
14.3615 -17.562 33.6715  255 255 255
-13.7293 -26.6765 40.77  255 255 255
-72.5259 -49.3241 27.0584  255 255 255
16.4187 -19.9114 34.418  255 255 255
-91.9953 -55.2429 32.5937  255 255 255
63.4506 -15.0295 -2.03387  255 255 255
-71.1293 -50.6674 27.6075  255 255 255
62.8933 -18.8172 -10.2106  255 255 255
17.0116 -23.2153 35.9233  255 255 255
-46.8848 -46.7392 22.3588  255 255 255
64.3559 -21.9241 -10.0141  255 255 255
65.6664 -22.155 -6.46405  255 255 255
-60.4217 -53.1554 27.8305  255 255 255
13.2699 -26.2293 39.7679  255 255 255
66.9067 -21.4804 -2.95961  255 255 255
66.6975 -22.8745 -4.40575  255 255 255
-42.9175 -49.2544 25.4794  255 255 255
11.572 -27.5843 40.7263  255 255 255
-59.8095 -53.582 30.7732  255 255 255
-43.8667 -50.1792 26.5081  255 255 255
-61.3242 -55.0306 32.2735  255 255 255
11.4454 -30.3322 39.192  255 255 255
11.4454 -30.3322 39.192  255 255 255
12.3046 -32.0761 36.9026  255 255 255
-59.1414 -56.6604 33.3587  255 255 255
-59.1415 -56.6605 33.3584  255 255 255
-49.7498 -54.2046 31.4012  255 255 255
58.9632 -29.3959 -0.989297  255 255 255
58.4615 -30.3429 1.43839  255 255 255
-3.35127 -38.6264 36.8231  255 255 255
-3.06981 -39.5594 35.6697  255 255 255
14.0123 -36.6531 33.1814  255 255 255
-81.4209 -66.1645 46.357  255 255 255
48.8391 -39.2575 13.4765  255 255 255
-35.1746 -58.3952 37.0876  255 255 255
58.2379 -38.3833 11.189  255 255 255
3.04371 -47.1701 36.8068  255 255 255
61.202 -38.6069 11.8426  255 255 255
-73.3503 -71.627 53.2857  255 255 255
64.4915 -40.9146 13.308  255 255 255
-65.0417 -71.6927 54.079  255 255 255
4.61946 -59.1468 37.5441  255 255 255
58.5471 97.03 -96.2996  255 255 255
41.2522 90.5433 -89.386  255 255 255
41.1501 90.4225 -89.0848  255 255 255
28.6255 84.7485 -84.7806  255 255 255
37.6548 87.8743 -88.4242  255 255 255
37.7082 87.9222 -88.6175  255 255 255
40.4304 88.6801 -89.3018  255 255 255
-71.3733 49.9618 -45.5888  255 255 255
20.0037 81.1103 -81.6933  255 255 255
20.0569 81.1368 -81.8727  255 255 255
21.667 81.4392 -82.6934  255 255 255
24.2942 82.2468 -83.8258  255 255 255
27.8291 83.4138 -85.2676  255 255 255
36.3433 86.0305 -89.0858  255 255 255
34.6995 84.2518 -88.8166  255 255 255
70.5071 96.4416 -104.996  255 255 255
68.8135 95.1673 -101.68  255 255 255
53.4944 87.7082 -98.2696  255 255 255
53.544 86.2437 -99.2316  255 255 255
71.1522 90.9345 -107.622  255 255 255
-136.561 11.4516 17.5468  255 255 255
-75.1169 40.193 -50.5904  255 255 255
-84.2931 35.7932 -47.9276  255 255 255
-26.3349 53.3316 -71.5526  255 255 255
50.9179 77.5678 -109.884  255 255 255
-80.3202 29.1781 -60.1421  255 255 255
-26.0205 44.8656 -79.6158  255 255 255
37.5636 65.3188 -104.587  255 255 255
37.5636 65.3188 -104.587  255 255 255
40.7178 65.2408 -106.684  255 255 255
14.5164 55.4863 -97.5505  255 255 255
-157.626 6.145 -49.0232  255 255 255
18.8725 56.4183 -100.392  255 255 255
18.8268 56.3981 -100.07  255 255 255
38.4517 62.0579 -107.518  255 255 255
40.227 62.5297 -108.569  255 255 255
40.2092 62.5138 -108.495  255 255 255
-154.924 4.97998 -46.0173  255 255 255
14.3263 53.522 -98.7129  255 255 255
-158.67 2.22024 -42.7553  255 255 255
13.0535 51.8486 -99.1217  255 255 255
13.0236 51.8365 -99.0512  255 255 255
36.1794 58.4598 -108.416  255 255 255
-17.58 29.5397 -76.1133  255 255 255
-104.413 4.29504 -44.3498  255 255 255
25.7887 39.8257 -89.8199  255 255 255
23.5169 38.7799 -87.1594  255 255 255
23.4674 38.7607 -87.1093  255 255 255
-101.338 -2.40073 -35.9885  255 255 255
-74.2134 4.69623 -44.9634  255 255 255
-110.526 -8.51684 -27.4051  255 255 255
-110.526 -8.51684 -27.4051  255 255 255
8.95885 25.3879 -70.7068  255 255 255
6.20517 24.4146 -70.922  255 255 255
-103.378 -7.51216 -28.2639  255 255 255
3.11386 20.3069 -63.9944  255 255 255
5.23774 20.965 -65.3536  255 255 255
58.4503 32.3327 -40.4152  255 255 255
5.6409 18.4672 -63.5631  255 255 255
5.5006 18.3449 -61.603  255 255 255
9.88841 19.3234 -63.7324  255 255 255
4.79274 17.4118 -61.1111  255 255 255
55.6144 29.4314 -50.2003  255 255 255
33.0937 22.8812 -65.4325  255 255 255
29.0456 20.3472 -63.9283  255 255 255
-50.0238 -4.6396 -32.0993  255 255 255
-11.0796 3.48517 28.866  255 255 255
32.604 16.7947 -58.366  255 255 255
-88.9736 -17.3779 -16.3859  255 255 255
-51.6454 -9.75183 -25.7206  255 255 255
-19.3954 -1.83626 27.2491  255 255 255
36.0221 6.99349 -46.8121  255 255 255
-7.12289 -3.47658 36.5647  255 255 255
-7.11402 -3.47549 36.3954  255 255 255
11.4647 0.0311774 29.9182  255 255 255
-3.66871 -4.28655 37.6821  255 255 255
0.165429 -4.01738 37.1904  255 255 255
-55.5644 -24.666 -6.31031  255 255 255
5.2035 -5.24454 36.4079  255 255 255
-54.3632 -26.6134 -4.49058  255 255 255
-51.903 -29.0606 -0.897587  255 255 255
8.78307 -8.68582 35.9262  255 255 255
-56.6485 -31.7381 2.83826  255 255 255
-54.1022 -31.498 1.75698  255 255 255
-68.8317 -38.1208 10.611  255 255 255
-100.557 -47.305 21.8598  255 255 255
-62.9045 -39.0321 11.505  255 255 255
-13.9905 -20.0946 38.4231  255 255 255
-81.2354 -43.691 18.8473  255 255 255
61.4251 -6.94539 -7.35942  255 255 255
-5.3785 -19.1017 38.9303  255 255 255
5.00231 -16.1933 38.5876  255 255 255
29.7305 -12.4441 20.4253  255 255 255
-81.0015 -45.9386 21.0632  255 255 255
5.93582 -16.8723 38.2175  255 255 255
-14.3685 -23.8193 38.2787  255 255 255
25.4749 -14.5059 24.258  255 255 255
-5.26796 -22.1148 40.5419  255 255 255
2.08683 -20.6602 38.2536  255 255 255
14.2225 -18.2555 34.5146  255 255 255
-77.8666 -49.7438 26.3201  255 255 255
-68.2717 -50.7506 27.1122  255 255 255
9.91004 -23.9911 37.9265  255 255 255
1.13609 -26.6578 40.2034  255 255 255
-10.435 -29.759 42.4477  255 255 255
-3.18533 -28.4829 42.9251  255 255 255
65.5598 -23.6988 -7.91636  255 255 255
-87.4021 -60.1717 38.6982  255 255 255
66.4789 -23.2064 -5.44129  255 255 255
66.2883 -23.1951 -5.2443  255 255 255
-61.2771 -54.1597 29.9473  255 255 255
-42.0516 -49.2325 25.321  255 255 255
66.0857 -24.4096 -7.01341  255 255 255
-41.4398 -49.8701 24.442  255 255 255
-51.6071 -52.4972 28.9996  255 255 255
-39.966 -49.714 26.0756  255 255 255
67.8785 -26.9308 -4.03531  255 255 255
12.4649 -32.5751 36.6491  255 255 255
24.6085 -33.3643 24.3236  255 255 255
-80.2374 -62.8701 42.183  255 255 255
-84.4033 -63.8592 44.0392  255 255 255
-82.0219 -63.3428 42.7956  255 255 255
-77.1978 -62.7165 42.2891  255 255 255
23.9168 -34.8797 23.9705  255 255 255
8.16435 -39.9873 33.3147  255 255 255
-78.3492 -67.2149 47.706  255 255 255
-49.8957 -60.3207 40.3811  255 255 255
-35.2614 -56.9022 34.9858  255 255 255
-78.0504 -70.1812 51.4815  255 255 255
-31.3805 -59.2117 38.0315  255 255 255
-42.1331 -63.4499 43.4578  255 255 255
60.3045 -41.614 15.3966  255 255 255
-36.8482 -63.0562 42.9511  255 255 255
38.1062 -47.8222 22.3158  255 255 255
-6.74003 -60.3114 39.6121  255 255 255
-8.09 74.3904 -60.9041  255 255 255
55.7433 95.7824 -93.7529  255 255 255
65.7531 98.3808 -98.0524  255 255 255
29.606 86.4934 -85.5086  255 255 255
19.892 82.1599 -81.2426  255 255 255
19.9075 82.1636 -81.3197  255 255 255
19.8213 82.087 -81.0501  255 255 255
32.2162 84.8427 -86.5914  255 255 255
29.6937 84.2123 -86.8226  255 255 255
32.1497 82.1872 -88.5255  255 255 255
31.9959 82.0614 -88.017  255 255 255
-77.341 43.3251 -48.6701  255 255 255
31.6043 78.6095 -89.5779  255 255 255
-4.87838 62.8113 -79.5067  255 255 255
-135.586 10.231 17.1707  255 255 255
-57.7177 41.7821 -61.1682  255 255 255
40.4404 69.3307 -103.449  255 255 255
11.8867 50.1791 -99.4992  255 255 255
14.0684 50.8441 -100.119  255 255 255
54.1975 63.4282 -115.764  255 255 255
-148.979 -1.54458 -38.0162  255 255 255
-149.994 -2.06479 -36.432  255 255 255
-31.1982 31.4663 -78.2279  255 255 255
18.4618 38.9393 -87.747  255 255 255
23.665 40.3835 -89.2033  255 255 255
13.2264 35.6294 -83.7244  255 255 255
-56.5664 14.4354 -57.8106  255 255 255
23.6457 37.388 -85.797  255 255 255
25.7912 37.995 -85.991  255 255 255
25.9655 38.0456 -86.3194  255 255 255
-55.6102 12.9297 -54.3882  255 255 255
-72.1722 5.45255 -45.9189  255 255 255
9.51032 28.9798 -74.8936  255 255 255
10.9342 27.4432 -72.7806  255 255 255
-95.6882 -10.0694 -24.4911  255 255 255
28.9637 21.3841 -61.9352  255 255 255
-56.9306 -4.3695 -31.3823  255 255 255
-22.9044 1.58102 10.0204  255 255 255
-28.1611 -0.220934 6.11483  255 255 255
35.6722 14.0876 -55.1192  255 255 255
-12.6679 -3.84178 34.4331  255 255 255
-9.93725 -3.06015 35.4042  255 255 255
-13.4783 -6.02992 35.0576  255 255 255
6.42696 -1.16007 34.0067  255 255 255
-11.8652 -8.20873 37.0222  255 255 255
-11.8862 -8.25387 36.6851  255 255 255
1.80759 -4.96804 37.2154  255 255 255
-61.7912 -29.1179 -6.94212  255 255 255
-5.8607 -10.3081 39.1714  255 255 255
11.4802 -6.68232 34.1901  255 255 255
-10.389 -14.8738 38.2161  255 255 255
1.01637 -11.4626 39.401  255 255 255
-9.51534 -18.3687 37.6253  255 255 255
6.31767 -14.0139 38.1226  255 255 255
-84.3193 -44.3609 19.093  255 255 255
-80.6363 -44.9406 19.8242  255 255 255
-69.8961 -43.7559 18.5451  255 255 255
-76.6334 -45.5148 21.2303  255 255 255
-0.411573 -20.0725 38.454  255 255 255
-0.239997 -20.9099 39.0319  255 255 255
15.5823 -17.7552 34.2095  255 255 255
14.8447 -19.0206 35.6494  255 255 255
-76.877 -50.2027 25.8633  255 255 255
-76.7415 -51.6558 29.662  255 255 255
15.204 -21.4664 35.5867  255 255 255
-49.9849 -46.6642 21.7829  255 255 255
-49.9468 -46.5903 22.0448  255 255 255
-47.6565 -46.0238 21.2657  255 255 255
-72.2278 -52.4658 30.4493  255 255 255
-63.9032 -50.5066 27.8454  255 255 255
-50.1686 -47.4012 22.9009  255 255 255
0.546793 -27.1724 41.0528  255 255 255
-64.3203 -51.3383 29.0144  255 255 255
-2.29556 -29.0211 43.6039  255 255 255
-82.7543 -58.5344 36.6405  255 255 255
-59.586 -53.7931 31.0207  255 255 255
-61.2708 -54.4365 32.7685  255 255 255
-61.2268 -54.4432 32.9425  255 255 255
-41.8988 -50.5354 24.5299  255 255 255
-41.4925 -49.7028 26.5499  255 255 255
-40.6445 -50.2316 26.3715  255 255 255
0.764997 -33.1215 41.1686  255 255 255
-41.5708 -51.4576 27.6406  255 255 255
57.8585 -29.1109 -0.95049  255 255 255
-52.0172 -54.9148 30.6505  255 255 255
-51.3779 -55.4931 30.5912  255 255 255
-18.662 -45.7253 32.8981  255 255 255
60.2597 -32.0922 3.67392  255 255 255
19.7958 -37.1385 28.07  255 255 255
51.2492 -45.432 19.3253  255 255 255
35.1993 87.0296 -87.2545  255 255 255
47.7881 81.0424 -100.641  255 255 255
-43.6114 46.9751 -65.1311  255 255 255
39.8524 66.4796 -105.137  255 255 255
59.2509 70.5778 -113.72  255 255 255
-115.278 -10.6144 -24.238  255 255 255
4.56773 7.16388 20.9056  255 255 255
-12.7137 1.31192 29.8113  255 255 255
46.2893 14.3317 -56.7117  255 255 255
56.4754 14.3595 -5.77333  255 255 255
-11.3345 -4.69347 35.5771  255 255 255
-13.8884 -14.5624 37.3491  255 255 255
59.7732 0.932756 -5.37675  255 255 255
3.20342 -11.1969 38.8975  255 255 255
-86.449 -42.8346 18.3425  255 255 255
-13.2878 -18.9479 36.8813  255 255 255
-13.3257 -18.8763 37.2567  255 255 255
-79.3457 -45.5516 18.8751  255 255 255
-44.0395 -37.2401 11.8536  255 255 255
-19.5882 -25.4665 39.3946  255 255 255
-81.2165 -48.2776 24.8022  255 255 255
16.4505 -18.1809 34.0337  255 255 255
2.1337 -22.398 40.3414  255 255 255
-80.9302 -51.2512 28.1157  255 255 255
-48.6681 -46.6998 21.7743  255 255 255
-1.71619 -28.2453 42.4986  255 255 255
-58.858 -52.3641 28.8307  255 255 255
-52.638 -51.3253 24.4785  255 255 255
-52.2226 -51.7844 28.0383  255 255 255
-44.0637 -51.007 27.1293  255 255 255
-43.9562 -50.942 27.5668  255 255 255
-0.318877 -33.0266 40.9591  255 255 255
60.0987 -29.9493 -0.384471  255 255 255
-37.0258 -51.8746 28.3062  255 255 255
-0.753257 -37.6569 37.4967  255 255 255
43.9679 -35.8456 8.60073  255 255 255
-52.3041 -64.3021 45.5126  255 255 255
60.0865 -39.8223 12.038  255 255 255
59.6462 -42.2819 16.3936  255 255 255
48.2176 -50.7746 29.2038  255 255 255
54.8817 70.248 -111.419  255 255 255
-79.6207 7.75561 -49.8922  255 255 255
34.9909 21.8724 -66.7229  255 255 255
-14.4315 -12.7243 36.6679  255 255 255
0.871376 -9.30358 38.6804  255 255 255
-3.0105 -14.7584 40.2583  255 255 255
-2.96924 -14.8179 39.7816  255 255 255
-80.0663 -44.3658 18.1263  255 255 255
-77.9916 -49.1474 24.8639  255 255 255
-26.8014 -33.6397 25.434  255 255 255
-70.5488 -48.9044 26.2454  255 255 255
2.63805 -23.4009 40.5835  255 255 255
-88.697 -55.8557 32.8885  255 255 255
-5.43374 -28.9993 43.9452  255 255 255
-65.0314 -52.4965 29.2413  255 255 255
-26.2625 -40.4016 26.7215  255 255 255
4.02758 -28.9412 43.6264  255 255 255
17.8953 -34.337 32.0138  255 255 255
15.7737 -40.672 30.2578  255 255 255
60.0793 -41.1277 14.9651  255 255 255
25.0251 75.0108 -88.534  255 255 255
-15.9603 53.4553 -85.4877  255 255 255
16.4308 55.4389 -98.2865  255 255 255
16.4133 55.4409 -98.1854  255 255 255
55.0084 66.4374 -113.753  255 255 255
-10.9988 -13.4728 38.0393  255 255 255
-81.8144 -50.2122 23.8066  255 255 255
5.88208 -26.1486 40.1206  255 255 255
14.5916 -27.3866 39.2367  255 255 255
-81.5217 -63.1369 42.4146  255 255 255
-81.5324 -64.8666 45.6361  255 255 255
-53.1032 -62.9694 43.2558  255 255 255
-53.1032 -62.9694 43.2558  255 255 255
61.9162 -40.1679 11.2126  255 255 255
14.8964 66.5165 -87.5631  255 255 255
-82.0703 -59.4931 38.3473  255 255 255
-79.5508 -65.736 45.6232  255 255 255
-9.89424 -45.5946 33.0778  255 255 255
46.5519 80.1438 -100.925  255 255 255
-62.9554 37.1501 -60.3649  255 255 255
53.1479 81.2731 -101.813  255 255 255
-2.31118 -21.2194 39.0321  255 255 255
3.71425 -24.5353 38.5968  255 255 255
23.2812 60.8379 -100.211  255 255 255
12.5781 -22.2318 36.7492  255 255 255
-48.6796 58.8242 -55.0096  255 255 255
-48.677 40.1623 -67.5749  255 255 255
-21.029 106.689 -47.913  255 255 255
31.4661 114.856 -63.4243  255 255 255
31.3175 114.718 -64.2028  255 255 255
61.4186 120.866 -75.7308  255 255 255
40.6333 114.953 -68.259  255 255 255
0.396371 104.021 -51.7189  255 255 255
-5.67782 103.244 -50.2928  255 255 255
40.1478 114.486 -69.4163  255 255 255
64.5109 120.251 -79.3051  255 255 255
40.2757 114.01 -71.222  255 255 255
-0.8726 102.253 -52.3788  255 255 255
40.918 111.98 -71.3825  255 255 255
13.7038 103.982 -60.3828  255 255 255
-14.3107 96.7227 -48.4077  255 255 255
37.4476 109.876 -71.291  255 255 255
37.4476 109.876 -71.291  255 255 255
-21.8575 94.7188 -45.0137  255 255 255
17.8311 105.22 -63.2966  255 255 255
15.8517 104.33 -61.9928  255 255 255
13.7108 103.731 -61.1277  255 255 255
13.6093 103.636 -60.9615  255 255 255
59.721 67.9221 -10.2588  255 255 255
-20.871 94.6371 -45.522  255 255 255
79.1146 119.774 -88.6324  255 255 255
-11.2804 97.1012 -50.2431  255 255 255
-9.05384 97.564 -51.2103  255 255 255
-9.94695 97.1791 -50.9822  255 255 255
57.7603 70.4825 -15.2217  255 255 255
6.15739 100.861 -58.0753  255 255 255
-45.6559 84.866 -30.1107  255 255 255
-30.2202 91.6334 -41.6503  255 255 255
-2.60624 98.6258 -54.25  255 255 255
-13.5999 95.8002 -49.3773  255 255 255
25.1562 105.613 -66.771  255 255 255
27.5299 106.251 -67.9591  255 255 255
64.0495 62.2838 -3.33236  255 255 255
14.745 102.837 -61.9892  255 255 255
4.20966 100.005 -57.6237  255 255 255
3.22385 99.6698 -57.1746  255 255 255
60.0711 67.6524 -12.206  255 255 255
60.2551 67.0618 -11.3495  255 255 255
-52.6973 85.5289 -31.2906  255 255 255
62.23 63.2747 -5.73412  255 255 255
-45.7734 85.6915 -32.4833  255 255 255
20.7663 103.834 -65.1596  255 255 255
57.1189 70.8066 -17.6325  255 255 255
24.8419 105.022 -67.5057  255 255 255
25.2144 104.622 -66.904  255 255 255
26.5718 105.273 -68.2159  255 255 255
-8.19244 96.4174 -52.6174  255 255 255
22.8473 104.193 -66.5996  255 255 255
58.2791 68.5722 -14.7952  255 255 255
61.7851 64.8146 -9.01861  255 255 255
17.5954 102.739 -64.2212  255 255 255
58.0276 67.6543 -13.6036  255 255 255
-15.8675 94.2659 -49.1853  255 255 255
-13.0631 94.9009 -50.5189  255 255 255
-55.3603 84.193 -30.3993  255 255 255
58.9686 67.8866 -14.3454  255 255 255
-13.9141 94.5302 -50.2006  255 255 255
2.02722 98.4071 -57.2322  255 255 255
3.0196 98.8137 -57.9779  255 255 255
52.9073 111.278 -80.1433  255 255 255
23.8507 103.77 -67.3418  255 255 255
23.8508 103.77 -67.3419  255 255 255
-46.3358 86.5048 -35.559  255 255 255
27.3269 104.651 -69.1676  255 255 255
66.5422 58.3509 -0.50952  255 255 255
-38.9772 88.319 -39.1599  255 255 255
3.97946 98.4688 -58.2951  255 255 255
5.80354 99.0659 -59.336  255 255 255
26.7682 104.301 -69.3173  255 255 255
26.7296 104.234 -69.1912  255 255 255
59.1714 41.9118 24.854  255 255 255
-7.68472 95.5306 -53.6414  255 255 255
89.4443 119.104 -95.846  255 255 255
64.6381 112.922 -85.5035  255 255 255
58.5341 67.3251 -15.2432  255 255 255
61.7778 40.5301 25.7294  255 255 255
64.3615 112.129 -85.5884  255 255 255
56.9309 69.2403 -19.4793  255 255 255
61.643 37.9074 29.4699  255 255 255
6.76803 98.0382 -60.6607  255 255 255
6.72935 98.0235 -60.6076  255 255 255
6.78063 98.0637 -60.701  255 255 255
55.8284 46.6912 15.4914  255 255 255
0.575287 96.5033 -58.08  255 255 255
21.7422 101.773 -67.7795  255 255 255
2.32398 96.7917 -58.8524  255 255 255
-0.190625 96.1135 -57.9202  255 255 255
29.3187 103.102 -71.3533  255 255 255
58.0823 43.1491 20.146  255 255 255
58.2372 43.2589 20.0206  255 255 255
57.9139 42.1903 21.5597  255 255 255
59.3075 39.1725 26.4163  255 255 255
57.4845 44.2414 18.0574  255 255 255
-13.5016 92.3826 -52.2775  255 255 255
24.9578 101.532 -69.9107  255 255 255
57.2441 67.209 -18.5778  255 255 255
61.0883 40.1098 23.4427  255 255 255
58.1476 65.9906 -17.8268  255 255 255
-0.284778 94.7924 -58.4294  255 255 255
57.4572 66.2119 -18.6935  255 255 255
64.0945 36.8119 28.0322  255 255 255
24.3737 99.8091 -69.027  255 255 255
56.8778 44.1803 16.1973  255 255 255
59.5486 41.2215 20.9437  255 255 255
59.0431 108.449 -85.5409  255 255 255
40.1812 104.177 -77.5979  255 255 255
39.5143 103.764 -77.5258  255 255 255
-11.4869 91.5054 -53.9164  255 255 255
-15.0366 90.5024 -52.3262  255 255 255
0.469994 94.1815 -59.7588  255 255 255
16.7466 97.598 -67.3054  255 255 255
-9.61065 91.0951 -55.3677  255 255 255
55.7633 44.4389 13.354  255 255 255
-25.3482 87.3152 -47.9454  255 255 255
61.0062 60.6908 -13.089  255 255 255
80.3619 111.171 -96.0358  255 255 255
61.3127 59.883 -12.5945  255 255 255
62.7393 58.8477 -10.9322  255 255 255
77.5578 110.504 -94.8352  255 255 255
60.8375 60.1659 -13.1221  255 255 255
58.9944 106.46 -87.0435  255 255 255
59.0157 106.441 -87.0519  255 255 255
61.9667 37.1451 24.018  255 255 255
80.0459 110.577 -96.2697  255 255 255
26.4992 98.0285 -72.3326  255 255 255
26.442 97.9817 -72.1958  255 255 255
73.8727 109.24 -94.1554  255 255 255
73.8726 109.24 -94.1554  255 255 255
63.9925 56.2777 -8.09645  255 255 255
-61.3719 77.2814 -29.7945  255 255 255
79.1028 109.563 -96.3014  255 255 255
-12.5105 88.9329 -54.9666  255 255 255
57.0369 42.4371 13.7795  255 255 255
80.1562 109.767 -97.1211  255 255 255
60.1384 104.979 -88.6317  255 255 255
55.9468 42.1114 13.6015  255 255 255
-9.53454 89.1321 -57.0358  255 255 255
64.169 55.2209 -8.86524  255 255 255
63.4202 56.0673 -10.3805  255 255 255
-7.91381 89.0904 -58.0605  255 255 255
-7.91381 89.0904 -58.0605  255 255 255
71.5518 106.463 -94.2043  255 255 255
-55.8918 78.3522 -34.9917  255 255 255
52.7286 102.339 -86.4771  255 255 255
62.8251 55.1872 -10.391  255 255 255
72.613 106.308 -95.3651  255 255 255
-0.759521 89.97 -61.8369  255 255 255
53.8534 101.959 -87.3601  255 255 255
74.7387 106.359 -96.3235  255 255 255
74.7575 106.418 -96.4073  255 255 255
-63.3335 76.275 -31.8666  255 255 255
56.6359 40.462 13.1863  255 255 255
-7.14318 88.0555 -59.1954  255 255 255
45.9221 99.7014 -84.326  255 255 255
97.9501 110.888 -107.874  255 255 255
66.7505 50.407 -4.9634  255 255 255
56.4803 40.2779 12.7076  255 255 255
-54.0825 77.9347 -37.3501  255 255 255
59.9307 58.1075 -18.0118  255 255 255
-30.3316 82.478 -48.4685  255 255 255
47.1047 99.063 -85.0698  255 255 255
48.9108 99.2896 -85.6844  255 255 255
61.7736 55.9256 -15.126  255 255 255
66.2469 50.5592 -6.40323  255 255 255
-17.1559 85.1665 -55.2713  255 255 255
48.0211 99.046 -85.595  255 255 255
-2.09088 88.2759 -62.6481  255 255 255
57.9366 37.8154 14.9176  255 255 255
109.017 111.56 -113.376  255 255 255
-35.4353 80.6116 -46.3761  255 255 255
56.4359 39.2106 12.4042  255 255 255
15.4322 91.515 -71.4524  255 255 255
63.4296 52.9178 -11.9292  255 255 255
63.1852 31.6736 24.3677  255 255 255
-1.53444 87.304 -63.0874  255 255 255
59.1911 57.5747 -19.9388  255 255 255
64.9912 29.4195 27.5946  255 255 255
54.7562 98.6635 -89.6588  255 255 255
12.4535 90.0496 -70.6822  255 255 255
-31.4 80.7563 -49.3025  255 255 255
-17.5316 83.4972 -55.9038  255 255 255
-17.5572 83.4839 -55.8543  255 255 255
-2.39208 86.6554 -63.3745  255 255 255
-2.39209 86.6554 -63.3744  255 255 255
-2.40542 86.6707 -63.3682  255 255 255
-3.95447 85.7764 -61.8933  255 255 255
-61.2147 74.1305 -34.2822  255 255 255
-61.2147 74.1305 -34.2823  255 255 255
-19.0626 83.0786 -55.4174  255 255 255
117.06 111.634 -118.971  255 255 255
-18.6294 82.8345 -55.4766  255 255 255
-18.6294 82.8345 -55.4766  255 255 255
61.4077 32.768 20.1944  255 255 255
65.42 27.9641 28.1071  255 255 255
-36.6924 78.9381 -47.2188  255 255 255
-36.6874 78.8723 -47.0623  255 255 255
-14.1998 83.4195 -58.0853  255 255 255
-1.18243 86.2388 -64.5187  255 255 255
68.9928 100.88 -97.3974  255 255 255
-21.2698 81.9826 -54.7037  255 255 255
41.3459 95.1073 -84.9513  255 255 255
69.4026 100.533 -97.2746  255 255 255
-61.9621 73.5293 -34.882  255 255 255
83.3396 103.194 -103.939  255 255 255
36.4482 93.8279 -83.1599  255 255 255
40.5032 94.4895 -84.8242  255 255 255
40.4878 94.5054 -84.8485  255 255 255
65.0877 28.1584 26.5555  255 255 255
-18.0251 82.4336 -56.9088  255 255 255
39.4773 94.0925 -84.4442  255 255 255
-17.9568 81.9185 -56.8814  255 255 255
-17.9791 81.8994 -56.8121  255 255 255
39.8962 93.6508 -84.5319  255 255 255
61.617 52.766 -16.7368  255 255 255
60.6107 53.6121 -18.6781  255 255 255
-40.9603 76.9914 -45.5922  255 255 255
-16.2951 82.1731 -58.0053  255 255 255
-7.94708 83.5324 -62.2658  255 255 255
44.0833 94.1598 -87.3432  255 255 255
44.0833 94.1598 -87.3432  255 255 255
40.5474 93.7652 -86.4245  255 255 255
56.1693 36.9659 9.80389  255 255 255
-23.2962 80.0701 -54.8513  255 255 255
54.0453 95.072 -92.0248  255 255 255
39.8199 92.2842 -85.8275  255 255 255
57.7067 56.0394 -25.8086  255 255 255
65.1505 46.5011 -9.80921  255 255 255
-45.1223 74.9666 -44.5402  255 255 255
60.0305 31.4752 17.2664  255 255 255
60.8599 51.008 -18.1488  255 255 255
-49.7058 73.761 -42.462  255 255 255
38.6988 91.0573 -85.7784  255 255 255
-18.4025 79.6636 -58.1288  255 255 255
66.1273 45.4658 -9.7127  255 255 255
56.055 35.4145 9.05437  255 255 255
61.8643 29.4137 19.1232  255 255 255
62.3712 28.8444 20.0066  255 255 255
62.3712 28.8445 20.0066  255 255 255
-52.0574 72.7625 -41.3697  255 255 255
-52.0574 72.7625 -41.3697  255 255 255
-51.9925 71.0138 -38.4787  255 255 255
-20.6871 78.6407 -57.5828  255 255 255
30.3257 88.5651 -82.4957  255 255 255
59.9381 30.7209 15.7528  255 255 255
58.6135 32.1672 12.8477  255 255 255
65.8628 24.3256 25.9606  255 255 255
18.5791 85.6375 -77.4612  255 255 255
-1.79785 81.7116 -67.6779  255 255 255
56.8571 92.8364 -95.9317  255 255 255
-61.3099 70.1755 -37.6921  255 255 255
-62.8321 69.6855 -36.6939  255 255 255
-51.6608 71.6164 -42.3066  255 255 255
61.147 28.7786 17.4216  255 255 255
-54.6632 71.4989 -41.7394  255 255 255
-53.2277 69.4623 -38.5174  255 255 255
-53.2277 69.4623 -38.5174  255 255 255
57.6508 54.013 -28.1098  255 255 255
-0.201137 81.479 -68.8748  255 255 255
54.6014 91.7139 -95.0714  255 255 255
54.6014 91.7139 -95.0714  255 255 255
84.1398 97.0995 -108.782  255 255 255
-0.358098 80.8544 -68.9322  255 255 255
60.1229 29.3869 14.6844  255 255 255
-26.9152 75.5888 -55.7274  255 255 255
-29.7008 75.1223 -54.6288  255 255 255
-48.1968 71.6912 -45.3231  255 255 255
-46.4302 71.86 -45.8945  255 255 255
-14.119 77.795 -62.2928  255 255 255
-71.4887 67.1301 -33.4385  255 255 255
59.2888 29.9561 12.7687  255 255 255
-17.849 76.9658 -60.7594  255 255 255
39.5616 87.688 -89.336  255 255 255
-15.8714 77.0592 -61.4846  255 255 255
58.9528 50.4486 -25.3637  255 255 255
-64.7162 67.9334 -37.1353  255 255 255
-77.572 65.7256 -31.2038  255 255 255
-55.665 69.5094 -42.1561  255 255 255
85.0128 95.0732 -111.016  255 255 255
93.446 96.6449 -115.278  255 255 255
-61.9449 68.0003 -38.4797  255 255 255
-13.2353 76.9524 -63.7002  255 255 255
1.54681 79.6719 -71.1973  255 255 255
4.67114 80.6361 -73.4352  255 255 255
58.5549 29.9607 10.9329  255 255 255
84.2844 94.6128 -110.989  255 255 255
-23.0211 74.8156 -58.4312  255 255 255
85.6705 94.6255 -111.714  255 255 255
59.138 27.992 13.971  255 255 255
0.379223 79.0064 -70.7411  255 255 255
-25.7196 74.0454 -57.2805  255 255 255
-24.0207 74.4834 -58.6055  255 255 255
-25.3098 74.2828 -57.9097  255 255 255
-76.2605 65.3247 -32.2498  255 255 255
-73.2002 62.1963 -27.4084  255 255 255
25.0276 83.0016 -83.4593  255 255 255
79.7352 92.4605 -109.138  255 255 255
54.1041 87.9306 -97.8654  255 255 255
-6.97495 77.0707 -67.7957  255 255 255
4.09372 78.8888 -73.1208  255 255 255
83.5887 92.9348 -111.307  255 255 255
65.8911 21.4997 23.6779  255 255 255
-11.3593 76.0159 -65.3707  255 255 255
2.62199 78.5811 -72.5675  255 255 255
2.45421 78.3793 -72.1011  255 255 255
99.6625 96.1207 -119.884  255 255 255
-13.5782 75.5765 -64.3259  255 255 255
-15.3274 74.9802 -63.135  255 255 255
84.5356 92.88 -112.198  255 255 255
0.174571 77.6107 -71.0836  255 255 255
0.356352 77.8444 -71.5424  255 255 255
58.6091 28.2701 11.1393  255 255 255
-25.3386 73.1925 -58.6368  255 255 255
25.9321 82.7142 -85.0359  255 255 255
73.0547 89.9968 -106.953  255 255 255
59.4932 47.5019 -26.2773  255 255 255
-14.9585 74.4964 -64.1586  255 255 255
5.04132 77.8254 -74.4996  255 255 255
-15.2505 74.2123 -64.4345  255 255 255
0.459847 76.5325 -72.1926  255 255 255
-46.0913 68.3971 -48.3869  255 255 255
77.3641 89.9901 -110.586  255 255 255
62.9167 23.0308 17.8148  255 255 255
57.6542 48.8726 -30.9864  255 255 255
-14.6173 73.4604 -65.0391  255 255 255
98.9344 92.9914 -121.076  255 255 255
64.9609 39.8367 -15.4493  255 255 255
65.6404 39.361 -14.784  255 255 255
60.1779 46.0112 -26.853  255 255 255
66.5986 18.8951 24.0221  255 255 255
66.4706 18.9347 24.0861  255 255 255
-15.4177 73.0097 -64.6613  255 255 255
-15.4177 73.0097 -64.6613  255 255 255
0.652679 75.8124 -73.0963  255 255 255
43.503 83.1339 -94.9287  255 255 255
64.8318 18.2852 24.8398  255 255 255
66.2383 18.8894 23.6192  255 255 255
39.7666 82.4213 -93.0971  255 255 255
67.0017 18.2632 24.3712  255 255 255
38.759 82.4915 -93.406  255 255 255
26.547 79.8267 -86.6792  255 255 255
58.0065 27.0334 7.58936  255 255 255
67.9228 16.4157 26.88  255 255 255
53.2005 83.9616 -100.5  255 255 255
66.4637 86.1248 -107.257  255 255 255
87.1379 89.3895 -116.89  255 255 255
-52.4439 65.5423 -45.8742  255 255 255
56.566 28.134 4.81271  255 255 255
53.93 83.4134 -101.408  255 255 255
-63.2624 61.4626 -36.7395  255 255 255
59.8458 24.5269 10.3885  255 255 255
-12.9057 71.8071 -67.5036  255 255 255
48.7068 81.5735 -98.8338  255 255 255
58.3371 25.3513 7.87947  255 255 255
58.2903 25.3233 7.89917  255 255 255
58.0522 45.3751 -31.6041  255 255 255
-68.1975 62.4529 -39.2788  255 255 255
18.3188 76.3199 -84.4516  255 255 255
59.9211 43.401 -28.3393  255 255 255
57.6084 26.4956 5.02086  255 255 255
35.5586 78.9949 -93.3297  255 255 255
60.828 22.7567 11.5915  255 255 255
-53.8552 64.2711 -46.6675  255 255 255
34.415 79.6213 -94.9009  255 255 255
65.7038 17.5041 20.6525  255 255 255
-53.1381 64.2764 -47.4611  255 255 255
58.1899 24.7193 6.98008  255 255 255
-26.964 68.1687 -61.2415  255 255 255
66.1434 35.674 -16.0801  255 255 255
-37.8606 66.2289 -55.2826  255 255 255
-6.68098 71.0795 -72.0101  255 255 255
60.3087 41.6313 -27.7152  255 255 255
57.6919 24.7007 6.01972  255 255 255
66.3757 35.2608 -16.4229  255 255 255
30.9941 76.5559 -90.9789  255 255 255
47.2227 79.526 -99.9982  255 255 255
55.2405 27.284 1.02618  255 255 255
60.2748 21.8776 10.5874  255 255 255
-3.18859 70.8067 -73.9788  255 255 255
65.1619 35.5112 -17.9316  255 255 255
54.4539 26.6084 1.50412  255 255 255
66.3702 34.7748 -16.8692  255 255 255
64.7825 35.7652 -19.0686  255 255 255
28.7431 75.8306 -91.5326  255 255 255
28.7211 75.8473 -91.537  255 255 255
57.9457 20.5988 12.3654  255 255 255
60.1884 21.5227 10.1366  255 255 255
76.7277 83.0204 -115.411  255 255 255
-36.6972 65.1231 -56.9842  255 255 255
61.0264 20.5464 11.3024  255 255 255
58.8469 41.4029 -30.6958  255 255 255
54.701 26.6191 -0.244841  255 255 255
65.555 34.4069 -18.0021  255 255 255
62.7098 18.6842 14.0745  255 255 255
-26.2251 66.5515 -63.2705  255 255 255
60.9594 38.5381 -25.767  255 255 255
51.2658 78.1308 -102.893  255 255 255
-54.4787 62.0414 -48.4124  255 255 255
63.7116 17.2131 16.178  255 255 255
-32.3732 65.3296 -60.5225  255 255 255
21.9022 73.3454 -88.4601  255 255 255
64.2861 16.6852 16.8484  255 255 255
54.8658 25.9987 -0.532121  255 255 255
-2.21776 69.5894 -76.3253  255 255 255
81.5732 82.0468 -118.521  255 255 255
64.796 33.7338 -18.6278  255 255 255
57.5645 42.4343 -35.3467  255 255 255
31.677 74.6561 -94.7541  255 255 255
61.0021 19.5044 10.4958  255 255 255
-13.5853 67.4953 -70.791  255 255 255
64.2562 33.9917 -19.9274  255 255 255
-54.417 61.4053 -49.394  255 255 255
-54.3951 61.3483 -49.2348  255 255 255
64.5814 33.4234 -19.2379  255 255 255
61.5158 78.0706 -109.85  255 255 255
60.7922 19.0746 10.2726  255 255 255
60.7959 19.0853 10.2403  255 255 255
-55.3702 60.7945 -48.7277  255 255 255
-53.502 61.012 -49.6554  255 255 255
24.8886 72.6394 -91.646  255 255 255
-14.8595 66.4412 -70.1775  255 255 255
-14.8486 66.418 -70.1471  255 255 255
-24.7926 65.1419 -65.5917  255 255 255
57.6026 41.2953 -35.8135  255 255 255
60.9009 37.5855 -28.8634  255 255 255
60.9285 37.6126 -28.8767  255 255 255
61.9554 36.3733 -26.9618  255 255 255
64.7 33.2482 -21.0176  255 255 255
64.9149 32.8638 -20.4779  255 255 255
-53.9829 60.4323 -49.8602  255 255 255
-5.41469 67.2436 -75.2229  255 255 255
55.0318 24.3461 -1.08023  255 255 255
55.1785 24.3924 -1.26357  255 255 255
59.8755 19.6594 7.49069  255 255 255
-3.08869 67.5689 -76.949  255 255 255
61.8325 36.2201 -27.3141  255 255 255
15.0838 67.9294 -81.9416  255 255 255
60.5408 18.7252 9.03587  255 255 255
-27.1702 64.2187 -64.693  255 255 255
-53.5023 60.1993 -50.1025  255 255 255
14.5039 67.7701 -81.9333  255 255 255
62.9066 35.0134 -25.8523  255 255 255
62.9066 35.0134 -25.8523  255 255 255
57.7408 21.348 3.1217  255 255 255
63.9115 15.0862 14.9463  255 255 255
-42.0337 61.5644 -56.7253  255 255 255
-42.0337 61.5644 -56.7253  255 255 255
-43.5441 61.288 -55.9064  255 255 255
55.6544 75.3742 -108.448  255 255 255
62.7745 34.5717 -26.1418  255 255 255
-54.3104 59.5763 -50.3564  255 255 255
-2.54122 66.6392 -78.1718  255 255 255
60.4135 18.0389 8.20157  255 255 255
-12.0955 64.8569 -72.8779  255 255 255
60.9508 36.3996 -31.0287  255 255 255
59.1137 18.8685 6.08272  255 255 255
-56.3962 58.7537 -49.4227  255 255 255
2.59129 67.1611 -81.5748  255 255 255
-55.7052 58.8474 -50.0464  255 255 255
-1.12271 66.4438 -79.3654  255 255 255
14.9956 65.6401 -81.6895  255 255 255
61.3164 35.1873 -29.4501  255 255 255
-7.75979 65.1431 -75.8094  255 255 255
-7.74317 65.169 -75.8695  255 255 255
-7.73253 65.2046 -75.9465  255 255 255
-37.0034 61.024 -60.1006  255 255 255
64.6441 13.4076 15.2707  255 255 255
65.4545 30.6332 -21.4251  255 255 255
65.2778 30.5762 -21.1896  255 255 255
-8.72122 -12.702 85.3335  255 255 255
56.6875 21.1905 0.257676  255 255 255
56.5433 21.145 0.423646  255 255 255
61.3217 16.3262 9.58837  255 255 255
61.3218 16.3228 9.59835  255 255 255
-38.2481 60.6218 -59.6246  255 255 255
63.4307 14.1018 13.2722  255 255 255
59.2387 18.229 5.30969  255 255 255
59.2387 18.229 5.3097  255 255 255
-71.7203 56.2014 -42.1958  255 255 255
59.8067 73.7012 -111.663  255 255 255
63.1111 32.1542 -26.0695  255 255 255
56.6316 72.969 -110.586  255 255 255
59.0161 35.9665 -33.4433  255 255 255
62.4066 14.624 11.3383  255 255 255
63.2626 13.7556 13.0362  255 255 255
59.6327 73.4132 -112.687  255 255 255
-43.1705 59.1882 -57.8483  255 255 255
-43.1132 59.2015 -57.9346  255 255 255
-0.205161 64.9677 -81.3113  255 255 255
60.5056 72.5528 -112.871  255 255 255
60.4205 72.4757 -112.615  255 255 255
60.1803 16.246 6.37374  255 255 255
-66.532 55.7358 -45.4568  255 255 255
-24.6143 60.8946 -67.8289  255 255 255
-20.8634 61.5744 -70.5755  255 255 255
58.8889 17.1725 3.96718  255 255 255
61.54 14.6305 8.68544  255 255 255
-13.7746 61.9722 -74.2753  255 255 255
58.6582 35.4419 -36.2466  255 255 255
-7.31589 62.6232 -78.2556  255 255 255
-23.611 60.2537 -69.2244  255 255 255
-23.5955 60.2492 -69.263  255 255 255
-21.8469 60.4863 -70.3584  255 255 255
33.5832 67.7915 -100.435  255 255 255
-30.1869 59.2293 -65.5024  255 255 255
-16.4804 61.3534 -73.7294  255 255 255
57.3651 18.0253 0.237052  255 255 255
-17.7923 60.8693 -72.8555  255 255 255
-11.2032 61.6728 -76.2497  255 255 255
35.8615 67.877 -101.894  255 255 255
32.9777 67.3439 -100.292  255 255 255
58.0551 17.4005 1.09766  255 255 255
39.8959 67.8872 -103.819  255 255 255
30.495 66.8718 -99.5421  255 255 255
-40.9562 57.6556 -60.5214  255 255 255
22.891 65.5589 -94.7926  255 255 255
-61.4471 54.839 -48.9429  255 255 255
-55.0744 55.7032 -52.7477  255 255 255
-15.281 60.7863 -74.9371  255 255 255
31.8329 66.7471 -100.529  255 255 255
-13.5831 60.4871 -75.565  255 255 255
-53.2456 55.383 -53.7097  255 255 255
-22.0157 59.3571 -71.0906  255 255 255
73.9519 0.605944 32.1445  255 255 255
-59.7279 54.5946 -50.5431  255 255 255
-18.7082 59.2883 -73.4047  255 255 255
11.9283 63.247 -90.5413  255 255 255
71.9581 2.31238 27.3891  255 255 255
-26.6534 58.0466 -69.5455  255 255 255
-40.72 55.6215 -60.2278  255 255 255
-62.6107 53.6133 -49.6451  255 255 255
57.692 67.9668 -114.778  255 255 255
66.7293 2.13519 28.39  255 255 255
-3.41485 60.6071 -82.7494  255 255 255
56.4807 17.0899 -3.02831  255 255 255
-30.5805 57.0653 -67.8281  255 255 255
14.4907 62.2711 -92.5716  255 255 255
61.776 67.8842 -118.039  255 255 255
-25.2934 57.4952 -70.7795  255 255 255
-24.5095 57.3522 -70.9067  255 255 255
-26.7323 57.0664 -69.8842  255 255 255
60.6816 12.4335 5.10909  255 255 255
-31.1723 56.3917 -67.2651  255 255 255
-40.9033 55.1281 -62.0411  255 255 255
-40.9033 55.1282 -62.0411  255 255 255
60.0557 13.0231 3.37274  255 255 255
57.2974 15.2622 -1.46322  255 255 255
-68.0959 52.0443 -47.5821  255 255 255
-55.9897 53.1885 -53.9149  255 255 255
-43.5339 54.5849 -61.1129  255 255 255
-31.1464 55.7951 -67.946  255 255 255
55.2226 17.3516 -6.6809  255 255 255
-23.4049 56.6002 -72.5419  255 255 255
55.7553 16.5461 -5.15814  255 255 255
-43.2958 54.3297 -61.6561  255 255 255
0.721873 58.8905 -85.0769  255 255 255
37.4315 63.4631 -106.177  255 255 255
-24.5922 56.0956 -72.351  255 255 255
-26.6738 55.7901 -71.1456  255 255 255
-33.2142 54.9315 -67.3909  255 255 255
60.5454 11.3188 4.28977  255 255 255
-18.109 53.9352 -70.4305  255 255 255
33.0524 62.372 -104.602  255 255 255
69.2287 2.58137 20.5058  255 255 255
-50.4507 52.4427 -58.1372  255 255 255
-48.7715 52.5908 -59.0097  255 255 255
-48.9486 52.1781 -57.9841  255 255 255
-16.7092 53.4353 -71.2729  255 255 255
-16.7092 53.4353 -71.2729  255 255 255
36.1308 62.0539 -106.463  255 255 255
58.7563 12.4009 0.23875  255 255 255
59.3595 11.7767 1.09231  255 255 255
66.6017 4.81139 14.9313  255 255 255
-39.1704 53.21 -64.9599  255 255 255
68.2079 3.09962 18.0771  255 255 255
-57.441 50.9401 -54.1602  255 255 255
59.5781 11.2226 1.25295  255 255 255
69.2184 0.967184 22.1657  255 255 255
70.7873 0.616608 22.5522  255 255 255
-7.93836 56.0459 -82.2036  255 255 255
59.4796 28.656 -39.7253  255 255 255
59.4796 28.656 -39.7253  255 255 255
-47.9689 51.7651 -60.3602  255 255 255
60.1582 28.0703 -39.0349  255 255 255
66.9975 3.84693 15.5284  255 255 255
-38.9627 52.5644 -65.7761  255 255 255
58.5181 11.4574 -0.772155  255 255 255
69.0445 1.72413 18.7796  255 255 255
50.9118 61.7551 -116.473  255 255 255
70.0696 0.281978 21.3525  255 255 255
72.0306 -1.71401 25.2061  255 255 255
72.0306 -1.71401 25.2061  255 255 255
70.0952 0.291476 20.8266  255 255 255
71.2898 -0.45126 22.1019  255 255 255
-51.0678 50.7027 -59.4162  255 255 255
-33.4059 52.5311 -69.3893  255 255 255
-28.8793 52.9776 -71.8972  255 255 255
-28.8847 52.9509 -71.8734  255 255 255
42.4386 60.3783 -111.746  255 255 255
59.8811 9.82851 0.977876  255 255 255
-45.6678 50.9274 -62.0386  255 255 255
-53.5866 50.0705 -58.2126  255 255 255
69.3774 0.74447 18.7706  255 255 255
65.9056 3.68655 12.4943  255 255 255
-53.1986 49.9263 -58.5228  255 255 255
-64.9966 48.4924 -51.58  255 255 255
-32.1201 51.9262 -71.0062  255 255 255
59.9382 9.16004 0.380244  255 255 255
60.5665 8.2583 1.82542  255 255 255
-48.4817 49.6756 -61.2486  255 255 255
57.5882 11.0379 -4.23985  255 255 255
57.5882 11.0379 -4.23985  255 255 255
-65.0911 47.8398 -52.1262  255 255 255
-57.9386 48.4546 -56.0978  255 255 255
-50.4491 49.2605 -60.8926  255 255 255
65.8424 2.88126 11.6387  255 255 255
35.6663 57.8237 -109.967  255 255 255
-73.3375 46.6619 -47.3837  255 255 255
69.3758 -0.546035 18.0189  255 255 255
58.9282 9.00422 -2.02464  255 255 255
64.1619 20.5509 -31.7119  255 255 255
59.8305 8.06375 -0.213611  255 255 255
59.8305 8.06375 -0.213607  255 255 255
-62.9117 47.4562 -53.9224  255 255 255
67.5592 0.737251 14.5611  255 255 255
67.7041 0.371129 14.8762  255 255 255
66.221 1.85822 11.8174  255 255 255
-65.3429 46.8633 -52.6373  255 255 255
-65.3323 46.822 -52.5802  255 255 255
65.2107 2.26614 10.5095  255 255 255
61.0495 6.69717 0.876491  255 255 255
72.0707 -4.09121 23.4509  255 255 255
72.4463 -4.06395 23.1798  255 255 255
64.0713 19.7472 -32.2663  255 255 255
64.0898 19.7649 -32.3032  255 255 255
62.4619 4.82844 4.28261  255 255 255
-75.1223 45.6537 -47.7569  255 255 255
-71.552 46.0436 -49.67  255 255 255
-58.9151 47.1033 -56.748  255 255 255
68.9688 -1.17359 16.6526  255 255 255
61.5313 -3.63623 25.1937  255 255 255
-69.8958 45.9761 -50.2377  255 255 255
-37.8794 49.0954 -69.7367  255 255 255
-37.8881 49.1288 -69.8471  255 255 255
67.1786 0.18686 13.1284  255 255 255
-50.3639 47.2672 -61.59  255 255 255
72.9314 -5.58696 25.3039  255 255 255
72.9314 -5.58696 25.3039  255 255 255
-63.4612 46.1796 -54.5652  255 255 255
-56.8476 46.5985 -58.0053  255 255 255
-30.1407 49.081 -73.9434  255 255 255
72.9112 -5.83811 25.1541  255 255 255
20.515 53.4972 -103.186  255 255 255
12.2145 52.7456 -98.4427  255 255 255
-29.7523 48.8824 -74.4387  255 255 255
68.6212 -1.61738 15.3827  255 255 255
-7.35381 50.7154 -87.5905  255 255 255
69.6132 -2.67398 17.3239  255 255 255
69.7757 -2.65588 17.1535  255 255 255
-56.1013 46.1412 -58.9712  255 255 255
-75.3532 44.4158 -48.0216  255 255 255
-10.9482 2.77759 29.706  255 255 255
4.60331 -1.57553 34.8186  255 255 255
70.3013 -3.53378 17.7203  255 255 255
-16.0658 48.6489 -81.5478  255 255 255
-72.7087 44.3355 -49.823  255 255 255
71.0787 -4.15263 18.8884  255 255 255
75.4631 -9.08116 29.5999  255 255 255
75.4631 -9.08116 29.5999  255 255 255
-53.1245 45.5212 -60.2827  255 255 255
-50.2328 45.681 -61.7776  255 255 255
-56.4458 45.4353 -59.3968  255 255 255
-67.3399 44.4262 -53.2008  255 255 255
-4.48162 50.0824 -90.0201  255 255 255
-14.2825 47.3742 -80.5141  255 255 255
-15.5338 47.5096 -80.8861  255 255 255
-68.8062 43.9505 -52.2818  255 255 255
-68.8211 44.0961 -52.5128  255 255 255
-27.8358 47.6383 -76.7239  255 255 255
-70.4026 43.5897 -51.386  255 255 255
-57.3608 44.428 -59.2133  255 255 255
60.9939 3.77427 -0.830942  255 255 255
60.9939 3.77427 -0.830941  255 255 255
-71.7198 43.5052 -51.5115  255 255 255
-63.5846 43.9697 -56.0711  255 255 255
-66.2821 43.6662 -54.6987  255 255 255
-73.3933 42.9609 -50.6416  255 255 255
-40.5857 45.4622 -69.4433  255 255 255
-40.5857 45.4622 -69.4433  255 255 255
72.3735 -7.6257 22.965  255 255 255
-61.6608 43.6058 -57.5076  255 255 255
-44.6422 44.9713 -67.3618  255 255 255
65.247 -0.74665 7.45776  255 255 255
65.3237 -0.743595 7.37939  255 255 255
-57.8812 43.4207 -58.3796  255 255 255
-53.7816 43.8659 -61.5595  255 255 255
-0.612958 -3.34015 37.0579  255 255 255
-58.2551 43.7381 -59.6665  255 255 255
1.82899 -3.83322 37.0251  255 255 255
62.819 1.10588 2.47676  255 255 255
-60.2196 43.2611 -58.3746  255 255 255
-41.608 44.7158 -69.4522  255 255 255
-58.8104 43.4339 -59.5784  255 255 255
74.424 -9.80234 25.9874  255 255 255
-74.1861 42.2183 -50.4435  255 255 255
-4.22352 47.6382 -91.374  255 255 255
-4.12214 47.681 -91.6205  255 255 255
-9.61234 -1.4119 34.4386  255 255 255
-9.5286 -1.36688 34.2749  255 255 255
-10.6314 -0.954986 33.4875  255 255 255
70.0106 -5.35866 15.7428  255 255 255
69.9832 -5.38374 15.7902  255 255 255
-49.435 44.0514 -65.492  255 255 255
-2.60318 -3.36485 36.5425  255 255 255
-5.75115 -2.98282 36.5034  255 255 255
-3.47098 -3.41737 36.9041  255 255 255
-15.1288 1.64682 28.0334  255 255 255
-26.7282 45.378 -78.7588  255 255 255
-26.7282 45.378 -78.7589  255 255 255
-5.35104 -3.05239 36.1759  255 255 255
-5.70128 -3.23742 36.7808  255 255 255
-6.29069 -3.22521 36.5535  255 255 255
-26.3856 45.1028 -79.0244  255 255 255
62.6993 0.409221 1.51284  255 255 255
-10.782 -1.85528 34.1766  255 255 255
-10.7746 -1.85547 34.1721  255 255 255
-28.2687 44.7112 -78.219  255 255 255
62.518 0.315989 1.14651  255 255 255
69.596 -6.16384 15.1716  255 255 255
61.8635 0.793825 -0.0597092  255 255 255
-14.3407 -0.149994 30.4058  255 255 255
-59.8649 41.9977 -59.904  255 255 255
-41.5044 43.303 -70.6374  255 255 255
-18.2315 2.8715 23.9326  255 255 255
-42.2536 43.2024 -70.1753  255 255 255
-7.47416 -3.6808 36.5806  255 255 255
-65.1743 41.4191 -57.0989  255 255 255
-4.69787 -4.5533 37.647  255 255 255
66.182 -3.45591 7.89694  255 255 255
-57.6682 41.6901 -61.1508  255 255 255
-5.99299 -4.38987 37.2929  255 255 255
-60.9282 41.4068 -59.3983  255 255 255
-60.8825 41.6752 -60.0278  255 255 255
-5.5332 -4.72555 37.5606  255 255 255
-24.7643 43.9247 -81.3487  255 255 255
-14.6314 -0.872888 30.8274  255 255 255
59.1944 2.42665 -6.17948  255 255 255
60.1512 1.49252 -4.30389  255 255 255
70.4902 -7.69322 16.0088  255 255 255
70.4902 -7.69322 16.0088  255 255 255
3.6338 -6.21183 37.6861  255 255 255
-17.5594 1.35237 25.8732  255 255 255
61.5319 0.109188 -1.64466  255 255 255
59.6447 1.71722 -5.61041  255 255 255
65.4434 -3.59104 6.11861  255 255 255
65.4395 -3.5928 6.12006  255 255 255
71.6737 -8.18232 15.8824  255 255 255
-57.4086 40.9889 -61.7833  255 255 255
-8.87785 -4.22386 36.4289  255 255 255
62.7896 -1.20529 0.558077  255 255 255
65.6814 -3.88485 6.40406  255 255 255
65.7019 -3.89263 6.42605  255 255 255
-65.7194 40.4011 -57.2875  255 255 255
-66.3291 40.2858 -56.9016  255 255 255
21.1615 38.0092 -87.1882  255 255 255
57.5173 3.36188 -10.0896  255 255 255
66.2817 -4.53024 7.41177  255 255 255
-15.6642 -1.25163 30.3182  255 255 255
-15.4785 -1.43214 30.7973  255 255 255
-18.3302 0.927918 25.4989  255 255 255
-15.1166 -2.13318 31.4215  255 255 255
-5.18146 -6.26528 38.2074  255 255 255
61.8835 -1.29602 -1.96683  255 255 255
71.5748 -9.89751 17.003  255 255 255
-17.9131 -0.290946 27.2774  255 255 255
-33.6045 41.554 -77.4189  255 255 255
-27.1845 41.8023 -81.0195  255 255 255
70.2419 -8.96467 14.2475  255 255 255
-7.67137 -6.04067 37.6786  255 255 255
-8.23778 -5.86377 37.2812  255 255 255
-34.2466 40.9271 -77.3293  255 255 255
-6.3302 -6.51631 38.0996  255 255 255
4.82638 -8.1357 37.8473  255 255 255
65.9066 -5.59797 5.84965  255 255 255
65.1887 -4.65064 3.45076  255 255 255
65.1887 -4.65064 3.45075  255 255 255
-65.7629 38.7284 -58.1027  255 255 255
-62.2717 38.8542 -60.044  255 255 255
68.7845 -8.17818 11.1909  255 255 255
68.7845 -8.17818 11.1909  255 255 255
59.1498 0.277008 -8.09385  255 255 255
-10.3875 -5.58446 36.5447  255 255 255
-10.369 -5.58155 36.4948  255 255 255
57.1174 1.88207 -11.8722  255 255 255
58.5663 0.686232 -9.24139  255 255 255
-11.7241 -5.20088 35.6524  255 255 255
2.65577 -8.60611 38.7616  255 255 255
57.0595 1.86495 -12.3968  255 255 255
65.8517 -7.43357 8.98947  255 255 255
67.9547 -7.91505 9.3736  255 255 255
65.7569 -6.21133 4.9319  255 255 255
-55.9055 38.5049 -64.7993  255 255 255
-41.2315 39.44 -73.8154  255 255 255
68.6462 -9.05966 11.0475  255 255 255
-32.4056 39.8948 -79.3639  255 255 255
-32.472 39.913 -79.3686  255 255 255
-4.66028 -7.89241 38.8317  255 255 255
-49.2409 39.2554 -70.5316  255 255 255
66.3761 -7.13324 6.26841  255 255 255
67.9507 -8.68637 9.80668  255 255 255
67.7023 -8.50479 8.63353  255 255 255
69.5247 -9.96233 11.8598  255 255 255
-70.3327 37.1789 -56.4406  255 255 255
-18.5912 -2.21495 28.3522  255 255 255
-67.8231 37.3515 -58.1757  255 255 255
67.6562 -8.5313 8.20364  255 255 255
-64.6577 37.1794 -59.5333  255 255 255
59.7388 -1.68801 -8.05234  255 255 255
59.7388 -1.68801 -8.05234  255 255 255
-61.0857 37.1312 -62.0538  255 255 255
61.0956 -2.92458 -5.31272  255 255 255
-8.62251 -7.68061 37.8339  255 255 255
8.90803 -10.0585 36.7392  255 255 255
-4.30048 -8.93711 39.1983  255 255 255
60.0919 -2.36984 -7.64381  255 255 255
-60.1115 37.1489 -63.805  255 255 255
-60.144 36.9598 -63.3372  255 255 255
58.1114 -0.860164 -11.4659  255 255 255
-8.92842 -7.91478 37.8621  255 255 255
-66.0498 36.5213 -59.5898  255 255 255
-34.5973 38.1048 -79.2385  255 255 255
10.7558 29.5376 -76.0379  255 255 255
10.7718 29.5819 -76.1285  255 255 255
-9.2277 -8.02469 37.8658  255 255 255
65.129 -7.16353 2.30935  255 255 255
-54.7618 36.5848 -66.0845  255 255 255
-54.7618 36.5848 -66.0845  255 255 255
-31.3485 38.0384 -81.4509  255 255 255
8.18609 29.7077 -76.4552  255 255 255
-2.33285 -9.92971 39.3717  255 255 255
-2.33285 -9.92971 39.3717  255 255 255
72.28 -11.672 10.2574  255 255 255
-16.6301 -5.46248 32.3381  255 255 255
-19.8507 -3.37171 27.5872  255 255 255
-60.1156 35.7162 -64.4324  255 255 255
-60.1156 35.7162 -64.4324  255 255 255
59.1748 -2.93937 -10.4856  255 255 255
-59.3714 35.7006 -64.8874  255 255 255
-13.4507 -7.43746 35.675  255 255 255
59.1441 -3.14843 -10.9835  255 255 255
66.6138 -9.69468 4.36637  255 255 255
61.7881 -5.45011 -5.75549  255 255 255
-14.7273 -7.08875 34.582  255 255 255
68.3989 -11.5441 7.96082  255 255 255
-14.4502 -7.47828 34.9039  255 255 255
-14.4478 -7.47614 34.8785  255 255 255
-11.6335 -8.63925 36.8722  255 255 255
-57.8166 35.0205 -66.4301  255 255 255
-21.8877 -1.88907 22.1266  255 255 255
-17.2769 -6.19537 32.1301  255 255 255
-17.2934 -6.1992 32.1625  255 255 255
-5.90751 -10.4739 39.1389  255 255 255
67.8972 -11.2882 6.27781  255 255 255
-12.7732 -8.4511 36.2371  255 255 255
-18.5306 -4.87214 28.6774  255 255 255
-18.5306 -4.87214 28.6774  255 255 255
-19.2922 -5.19772 29.6222  255 255 255
-5.75814 -10.7324 39.253  255 255 255
68.1781 -11.8961 6.99228  255 255 255
68.1781 -11.8961 6.99226  255 255 255
-14.4927 -8.10084 35.2014  255 255 255
5.79437 -12.5899 38.531  255 255 255
-10.4913 -9.60988 37.5999  255 255 255
-10.4913 -9.60988 37.5999  255 255 255
-9.88917 -9.87876 37.9236  255 255 255
-6.77938 -10.9122 39.0306  255 255 255
-8.69553 -10.4309 38.4119  255 255 255
61.3513 -6.43887 -7.23754  255 255 255
-18.3992 -6.43066 31.0393  255 255 255
-14.7284 -8.48184 35.0659  255 255 255
-14.736 -8.47233 35.0815  255 255 255
-14.7321 -8.47714 35.0362  255 255 255
60.5221 -6.05996 -9.26543  255 255 255
-4.52203 -11.8839 39.5833  255 255 255
68.302 -12.9162 6.69523  255 255 255
68.1543 -12.84 6.2247  255 255 255
70.4499 -14.8092 10.4368  255 255 255
70.421 -14.7754 10.4336  255 255 255
5.97238 -13.4296 38.3458  255 255 255
5.97239 -13.4296 38.3458  255 255 255
6.33316 -13.6085 38.3605  255 255 255
61.2635 -7.20413 -8.08202  255 255 255
69.2034 -14.3179 8.58935  255 255 255
75.1638 -19.8877 22.0489  255 255 255
-14.6041 -9.15042 35.0833  255 255 255
61.4836 -7.68489 -7.67605  255 255 255
-29.3355 31.4469 -78.3942  255 255 255
-20.8676 3.76312 -0.284147  255 255 255
6.60711 -13.8969 38.2725  255 255 255
69.7009 -14.7938 8.97889  255 255 255
-7.62829 -11.764 38.9405  255 255 255
-12.2503 -10.3753 36.9598  255 255 255
71.5053 -16.019 11.5416  255 255 255
-65.0181 32.4281 -63.6615  255 255 255
65.2717 -11.2797 0.069238  255 255 255
-23.1272 -0.738285 12.9923  255 255 255
-15.1632 -9.48679 35.0151  255 255 255
-12.7098 -10.5581 36.765  255 255 255
-43.1597 32.7796 -77.6312  255 255 255
-18.6917 -7.85417 31.4823  255 255 255
-13.205 -10.5486 36.5254  255 255 255
6.35492 -14.5119 38.2982  255 255 255
-6.27465 -12.7203 39.3626  255 255 255
-25.0282 2.67106 2.26131  255 255 255
-24.6122 -1.16626 13.6287  255 255 255
-13.5139 -10.5873 36.31  255 255 255
72.6361 -18.3935 14.7487  255 255 255
-13.7355 -10.567 36.1563  255 255 255
-14.9377 -10.1079 35.1937  255 255 255
70.263 -16.254 8.95855  255 255 255
70.263 -16.254 8.95854  255 255 255
72.9478 -18.4897 14.1545  255 255 255
-10.2955 -12.1276 38.0852  255 255 255
0.466689 -14.4437 39.5519  255 255 255
67.3818 -14.1511 2.72164  255 255 255
-14.3767 -10.7741 35.8132  255 255 255
68.9283 -15.4743 5.73131  255 255 255
-0.695518 -14.7185 39.8061  255 255 255
-0.695519 -14.7185 39.8061  255 255 255
-9.62102 -12.8053 38.4044  255 255 255
63.8748 -11.4965 -5.17601  255 255 255
-14.1114 -11.2711 36.0357  255 255 255
-6.85938 -13.6336 39.1932  255 255 255
-24.4829 -3.04353 16.0517  255 255 255
-6.30618 -13.7842 39.3535  255 255 255
-12.2228 -12.1592 37.2982  255 255 255
4.20576 -15.6869 39.03  255 255 255
64.9067 -12.9817 -2.34934  255 255 255
-4.92907 -14.2926 39.6151  255 255 255
-44.4612 29.9902 -76.6348  255 255 255
-8.63396 -13.6591 38.8325  255 255 255
69.9065 -17.5059 7.53351  255 255 255
-6.98773 -14.1004 39.2491  255 255 255
65.9904 -14.2547 -0.609733  255 255 255
-25.813 -3.49411 16.5359  255 255 255
-12.0655 -12.7013 37.3983  255 255 255
67.3621 -15.5708 2.24763  255 255 255
70.3371 -17.9466 7.51562  255 255 255
68.3137 -16.6039 4.04987  255 255 255
73.3549 -20.5827 13.5896  255 255 255
1.87772 -16.0358 39.3924  255 255 255
-4.37621 -15.0809 39.63  255 255 255
69.312 -17.5284 5.68021  255 255 255
65.2498 -14.2786 -2.15562  255 255 255
64.5911 -13.7901 -3.63201  255 255 255
-29.1908 -0.436221 6.81822  255 255 255
-24.9591 -4.58781 17.5559  255 255 255
69.0641 -17.5926 5.40604  255 255 255
-13.8383 -12.6406 36.3992  255 255 255
-5.52519 -15.1368 39.4859  255 255 255
-4.23313 -15.5085 39.5976  255 255 255
1.2094 -16.5307 39.5287  255 255 255
6.82587 -17.0974 38.0162  255 255 255
-25.5899 -5.22499 18.6438  255 255 255
70.5599 -19.272 7.85475  255 255 255
-27.6332 -1.64397 7.86695  255 255 255
-63.976 27.8265 -66.4427  255 255 255
-25.5816 -5.50177 18.5604  255 255 255
64.8351 -14.8926 -3.71474  255 255 255
-9.92918 -14.3801 37.4379  255 255 255
-55.1453 27.8745 -72.4092  255 255 255
26.5953 -18.0598 27.8481  255 255 255
-0.761865 -16.8602 39.4106  255 255 255
-31.5245 20.5713 -64.3286  255 255 255
-28.0199 -3.10959 10.2701  255 255 255
66.9977 -17.323 -0.237406  255 255 255
-23.4173 -8.37499 24.4239  255 255 255
65.9663 -16.4929 -2.23701  255 255 255
66.0533 -16.49 -2.32278  255 255 255
-19.2911 -11.4149 31.7912  255 255 255
-19.3044 -11.4113 31.7953  255 255 255
-4.69644 -16.5305 39.4416  255 255 255
67.1277 -17.994 0.0183287  255 255 255
-21.0523 -10.91 29.6306  255 255 255
-18.3673 -12.4629 33.0173  255 255 255
-10.7122 -15.4067 38.0146  255 255 255
23.1139 -19.5969 30.8355  255 255 255
-6.10665 -16.7719 39.276  255 255 255
68.0823 -19.3046 1.29562  255 255 255
68.1131 -19.3037 1.2267  255 255 255
65.3638 -17.2913 -4.21555  255 255 255
64.865 -17.1971 -5.46062  255 255 255
65.3744 -17.6458 -4.06518  255 255 255
67.1222 -18.9663 -1.08026  255 255 255
67.0527 -18.9447 -1.01022  255 255 255
73.4204 -24.0748 11.9329  255 255 255
-21.4996 -11.3047 28.4357  255 255 255
7.90609 -19.345 36.7483  255 255 255
-31.8857 -4.56104 12.1447  255 255 255
-18.9063 -13.1412 32.458  255 255 255
-19.0769 -13.2102 32.7596  255 255 255
4.8351 -19.2954 37.9751  255 255 255
-10.9889 -16.2879 37.7491  255 255 255
-9.55297 -16.8391 38.2574  255 255 255
-26.1131 -9.50403 24.0551  255 255 255
-18.5598 -13.5434 32.7694  255 255 255
65.0295 -17.8211 -6.14657  255 255 255
69.9662 -21.8423 4.22932  255 255 255
-7.5242 -17.4455 38.7576  255 255 255
-3.55477 -18.2928 39.1261  255 255 255
-17.1057 -14.5147 34.0967  255 255 255
3.6787 -19.6949 38.2894  255 255 255
-17.2882 -14.5149 33.965  255 255 255
65.3904 -19.1997 -5.21154  255 255 255
-14.432 -15.9621 35.9768  255 255 255
-31.0214 -6.78871 14.8441  255 255 255
-19.1298 -14.2316 32.1882  255 255 255
-19.1298 -14.2316 32.1882  255 255 255
-12.2201 -17.073 37.0828  255 255 255
-27.5989 -10.2516 23.5883  255 255 255
71.6916 -24.9049 7.68534  255 255 255
-1.09734 -19.7528 38.2274  255 255 255
-10.8617 -17.7788 37.6295  255 255 255
-3.94995 -19.4579 38.8006  255 255 255
-3.38006 -19.327 37.9851  255 255 255
66.1647 -20.9018 -4.48265  255 255 255
-15.8603 -16.3383 34.9521  255 255 255
-3.82217 -19.838 38.6666  255 255 255
-20.7132 -14.8655 31.5244  255 255 255
-13.1463 -17.8489 36.4533  255 255 255
-16.1172 -16.8638 34.6497  255 255 255
-15.5906 -17.0604 34.9967  255 255 255
-7.30451 -19.9499 38.2606  255 255 255
-9.21342 -19.4914 37.845  255 255 255
-9.01426 -19.5822 37.9269  255 255 255
64.6782 -21.0295 -9.60661  255 255 255
-21.1412 -15.8893 33.0254  255 255 255
64.3568 -21.0857 -9.74171  255 255 255
72.554 -28.6179 11.0689  255 255 255
73.793 -28.4083 8.8403  255 255 255
65.0577 -22.3626 -6.8587  255 255 255
-32.5746 -10.4786 19.837  255 255 255
68.3233 -24.3846 -3.12426  255 255 255
-19.5997 -17.528 34.7996  255 255 255
-25.5015 -14.566 27.5526  255 255 255
72.9178 -28.7942 6.34393  255 255 255
-24.5808 -15.4012 29.5361  255 255 255
-24.8128 -15.758 29.7255  255 255 255
-24.6319 -15.6984 29.3804  255 255 255
-22.5126 -17.2125 33.5536  255 255 255
-12.6038 -20.6366 38.7115  255 255 255
88.2616 -31.9238 2.9727  255 255 255
-22.3123 -17.5011 33.6932  255 255 255
-22.5074 -17.4947 33.5026  255 255 255
-25.4677 -15.3579 27.9075  255 255 255
-33.1318 -10.1163 13.0075  255 255 255
-15.6806 -20.5704 38.5458  255 255 255
11.6648 -26.7021 40.2244  255 255 255
-20.9268 -18.5661 34.6544  255 255 255
8.66184 -26.4662 39.909  255 255 255
-17.1951 -20.5324 37.4444  255 255 255
-17.1969 -20.5269 37.4572  255 255 255
-17.2062 -20.7821 37.42  255 255 255
9.73124 -27.6881 41.7014  255 255 255
14.8449 -28.295 39.2949  255 255 255
70.7034 -30.0373 0.523175  255 255 255
71.8665 -31.1955 3.15455  255 255 255
-16.2788 -21.5442 38.0335  255 255 255
-16.2585 -21.5485 37.9979  255 255 255
-16.282 -21.551 38.0317  255 255 255
-15.8275 -21.6076 38.1189  255 255 255
-30.3842 -15.8231 26.9059  255 255 255
-42.0701 3.96865 -43.5693  255 255 255
-29.7463 -16.2349 27.1758  255 255 255
-17.0593 -21.4693 37.3334  255 255 255
-32.2009 -15.5001 25.2181  255 255 255
-35.6192 1.26256 -39.7657  255 255 255
-14.341 -22.611 38.4746  255 255 255
-2.70905 -25.5346 40.3067  255 255 255
-12.2038 -23.2689 39.0105  255 255 255
-43.2869 2.81825 -41.5467  255 255 255
-22.3582 -19.7346 32.9775  255 255 255
-22.3582 -19.7346 32.9775  255 255 255
-11.2747 -23.8117 39.2377  255 255 255
-11.2779 -23.8194 39.2621  255 255 255
6.07123 -28.325 42.3558  255 255 255
-20.2434 -20.9966 34.6466  255 255 255
-18.2248 -21.8764 36.2009  255 255 255
-10.5126 -24.2831 39.3647  255 255 255
-7.25597 -25.2177 40.1693  255 255 255
-32.6033 -16.3049 23.8141  255 255 255
-32.6033 -16.3049 23.8141  255 255 255
-28.4613 -19.0127 31.3413  255 255 255
-14.1016 -23.7439 38.1888  255 255 255
-11.7614 -24.3955 38.7882  255 255 255
-20.1207 -21.9516 34.9124  255 255 255
75.6022 -36.4794 8.18276  255 255 255
-43.1462 0.0383814 -38.2045  255 255 255
-12.6912 -24.5783 38.4477  255 255 255
-31.1539 -3.74129 -33.2426  255 255 255
-29.2607 -5.37427 -31.1411  255 255 255
-30.1108 -19.5079 29.8381  255 255 255
77.3659 -38.9893 10.5646  255 255 255
-28.8358 -20.875 33.5456  255 255 255
-30.0297 -19.8016 29.9494  255 255 255
-12.2158 -26.0338 39.9935  255 255 255
-22.2647 -23.1558 36.4826  255 255 255
-1.85219 -29.8042 43.6297  255 255 255
-9.30393 -27.9217 42.318  255 255 255
-31.4905 -19.3036 25.7246  255 255 255
-51.9919 -1.35672 -36.1492  255 255 255
-2.77857 -29.7394 43.1867  255 255 255
-1.00292 -30.2193 43.2115  255 255 255
15.3439 -32.2852 35.6283  255 255 255
71.6237 -39.8648 12.1119  255 255 255
-45.7373 -4.64694 -32.0876  255 255 255
-26.0027 -23.7028 34.0373  255 255 255
-29.4765 -21.9321 28.4395  255 255 255
-1.3643 -31.6413 42.0643  255 255 255
-47.9833 -6.22825 -29.9176  255 255 255
-53.9405 -5.0322 -31.1873  255 255 255
-23.0686 -25.818 35.8486  255 255 255
-28.0408 -23.863 31.492  255 255 255
-14.5937 -28.8543 40.7798  255 255 255
-28.3978 -24.0128 31.7504  255 255 255
-13.7841 -29.2777 40.9265  255 255 255
-14.4128 -29.2172 40.8893  255 255 255
-28.3245 -24.4944 31.1736  255 255 255
-23.8854 -26.1284 34.2695  255 255 255
-2.99609 -32.5284 41.5021  255 255 255
-31.7456 -21.9863 22.2261  255 255 255
-2.69689 -32.7514 41.2445  255 255 255
-40.1614 -11.6137 -22.7321  255 255 255
-19.8557 -28.7975 38.9169  255 255 255
-8.26557 -32.4584 43.0731  255 255 255
-42.8704 -11.8789 -22.0666  255 255 255
10.3441 -35.6255 35.5005  255 255 255
-27.3003 -25.9448 30.2731  255 255 255
-27.3003 -25.9448 30.2731  255 255 255
-14.9715 -30.6615 39.2288  255 255 255
4.22872 -35.3964 39.0346  255 255 255
-26.1591 -26.736 31.5336  255 255 255
-13.7316 -31.5618 38.928  255 255 255
-52.9474 -11.3118 -23.3118  255 255 255
4.34252 -36.3081 39.19  255 255 255
-19.9125 -30.2994 37.9261  255 255 255
-14.6442 -31.713 38.3395  255 255 255
-54.0169 -11.7105 -23.0863  255 255 255
11.3997 -37.4401 34.4051  255 255 255
-53.7133 -11.9698 -22.4168  255 255 255
-30.8688 -25.3054 22.917  255 255 255
-9.33222 -33.5997 39.7554  255 255 255
46.199 -42.6526 14.1606  255 255 255
-18.0769 -31.0611 36.9954  255 255 255
-19.8752 -30.5566 35.9843  255 255 255
-59.7656 -11.5153 -23.0301  255 255 255
15.6672 -38.8585 30.2041  255 255 255
-45.3054 -15.9951 -17.3655  255 255 255
-51.521 -14.154 -20.0975  255 255 255
9.15689 -38.3262 34.9663  255 255 255
-13.2136 -33.4754 37.2433  255 255 255
4.31241 -38.0124 37.7592  255 255 255
52.167 -47.4815 22.2172  255 255 255
-8.86464 -35.0897 39.0815  255 255 255
-15.4004 -33.3677 36.7926  255 255 255
-27.9297 -28.8723 27.8237  255 255 255
-27.8756 -29.1491 27.709  255 255 255
-27.6047 -29.3106 28.0321  255 255 255
-28.3536 -29.5548 27.4789  255 255 255
-28.2699 -29.578 26.7577  255 255 255
-59.2855 -15.6619 -17.5457  255 255 255
-24.9851 -31.1593 30.1399  255 255 255
-29.727 -29.6298 27.0934  255 255 255
-10.946 -36.2942 36.9916  255 255 255
-30.8294 -28.8447 21.0454  255 255 255
4.67328 -40.5815 35.1195  255 255 255
-26.2544 -31.5676 28.2344  255 255 255
-26.2593 -31.8125 27.5293  255 255 255
-3.86455 -39.0938 36.303  255 255 255
-23.1801 -33.5097 30.7796  255 255 255
-20.7043 -34.5612 31.9532  255 255 255
-8.66161 -38.4388 36.7827  255 255 255
-8.55819 -38.4373 36.6277  255 255 255
-15.6253 -36.4451 34.5005  255 255 255
3.93547 -41.7058 34.2108  255 255 255
4.24525 -41.8666 34.2385  255 255 255
2.70679 -41.5288 34.2879  255 255 255
-15.3775 -36.8192 34.1039  255 255 255
-8.7416 -39.1473 35.8228  255 255 255
-8.89249 -39.3905 37.1598  255 255 255
-27.8967 -33.611 24.0777  255 255 255
-28.295 -33.5828 24.2379  255 255 255
-21.8647 -36.294 29.3435  255 255 255
-15.2873 -38.8113 32.6838  255 255 255
15.4134 -48.2685 30.6369  255 255 255
-48.7258 -28.0892 -1.62134  255 255 255
-8.8121 -43.5482 34.8262  255 255 255
-19.6627 -40.7868 31.2079  255 255 255
-20.7257 -41.2732 29.9916  255 255 255
-7.90391 -45.4289 33.4297  255 255 255
-9.46289 -46.6213 36.8905  255 255 255
-9.27197 -48.2766 36.4703  255 255 255
-32.6439 -40.5284 23.0909  255 255 255
-32.642 -40.5291 23.1025  255 255 255
-2.89224 -50.1863 34.4747  255 255 255
-52.9984 -35.0552 6.5986  255 255 255
-32.1121 -41.7343 23.029  255 255 255
-48.9079 -36.6492 9.05453  255 255 255
-52.2631 -35.9973 7.69655  255 255 255
-7.58935 -51.5544 34.2965  255 255 255
-22.0839 -47.3641 30.4426  255 255 255
-20.752 -48.7365 30.462  255 255 255
-11.8683 -52.5204 34.1357  255 255 255
6.18043 -58.5343 37.2745  255 255 255
-0.694661 -56.47 36.7983  255 255 255
-28.4377 -48.8628 29.3187  255 255 255
-9.36483 -60.3517 40.252  255 255 255
-48.8885 -47.8654 23.6968  255 255 255
-14.8513 -59.1246 38.4131  255 255 255
-4.64099 -63.5224 42.6678  255 255 255
-4.35141 -63.7257 44.2378  255 255 255
-52.5359 99.8198 -34.2058  255 255 255
8.20955 108.122 -53.653  255 255 255
-5.20063 104.302 -48.1289  255 255 255
21.26 111.715 -60.2491  255 255 255
26.6086 112.86 -62.0641  255 255 255
8.09877 107.69 -54.0854  255 255 255
17.7169 110.064 -58.689  255 255 255
48.3253 117.418 -70.8917  255 255 255
57.908 119.842 -74.5955  255 255 255
-5.57113 103.315 -48.8068  255 255 255
49.1806 117.446 -71.5952  255 255 255
53.5786 118.911 -73.8836  255 255 255
33.2517 112.97 -65.6663  255 255 255
47.1439 116.356 -72.5626  255 255 255
62.6309 119.994 -78.4844  255 255 255
62.44 119.814 -78.1538  255 255 255
39.0792 113.963 -69.305  255 255 255
15.5146 107.507 -59.2541  255 255 255
17.8689 108.309 -60.5712  255 255 255
39.3667 113.527 -69.5949  255 255 255
17.7032 107.681 -60.5781  255 255 255
14.6138 106.417 -59.3307  255 255 255
13.1891 105.336 -59.1513  255 255 255
65.4098 118.931 -81.3936  255 255 255
65.4048 118.927 -81.3887  255 255 255
15.9625 105.587 -60.1317  255 255 255
14.4319 105.069 -60.4385  255 255 255
62.7431 116.801 -81.3834  255 255 255
19.4441 105.393 -63.0888  255 255 255
68.7037 117.904 -84.0991  255 255 255
-26.9763 90.9757 -38.7208  255 255 255
-20.7637 95.1656 -45.4165  255 255 255
14.3411 104.024 -61.0138  255 255 255
57.3005 71.6994 -15.1525  255 255 255
57.0693 71.9674 -15.7955  255 255 255
58.3929 69.905 -12.8015  255 255 255
10.4893 102.818 -59.6324  255 255 255
23.6045 106.073 -65.5377  255 255 255
9.27242 102.409 -59.3051  255 255 255
57.389 70.8459 -15.0724  255 255 255
57.955 69.9571 -13.8241  255 255 255
56.8029 72.0712 -17.286  255 255 255
22.5506 105.066 -65.0059  255 255 255
-3.39314 98.7325 -53.9956  255 255 255
60.7078 66.3231 -9.1304  255 255 255
4.46422 100.362 -57.3207  255 255 255
58.4674 69.2737 -13.5827  255 255 255
26.3166 106.005 -67.3693  255 255 255
57.3788 70.3471 -15.679  255 255 255
-20.4146 93.8061 -46.1419  255 255 255
-27.9459 91.9622 -42.952  255 255 255
6.71567 100.694 -58.6133  255 255 255
23.7705 105.032 -66.4915  255 255 255
1.74914 99.15 -56.4157  255 255 255
2.41261 99.2013 -56.5969  255 255 255
60.4022 66.5112 -10.7368  255 255 255
60.7501 41.6956 27.0959  255 255 255
-48.6358 86.2659 -33.512  255 255 255
-46.8056 86.8351 -34.6815  255 255 255
-39.1772 88.8364 -38.345  255 255 255
-12.521 95.4641 -50.8084  255 255 255
-51.4002 85.4478 -32.5163  255 255 255
16.3301 102.311 -63.8419  255 255 255
-9.34731 95.9094 -52.3576  255 255 255
5.70292 99.43 -58.8908  255 255 255
-41.659 87.4504 -36.8829  255 255 255
17.15 102.349 -64.4079  255 255 255
-34.2815 89.319 -40.4824  255 255 255
-27.3181 91.2333 -44.111  255 255 255
57.2522 70.8348 -19.2905  255 255 255
59.7899 66.6031 -12.8643  255 255 255
2.53659 98.319 -57.8765  255 255 255
-28.4173 90.7803 -43.7896  255 255 255
28.1742 104.713 -69.8626  255 255 255
61.0078 112.182 -83.5813  255 255 255
58.1826 67.6328 -15.3477  255 255 255
58.1826 67.6329 -15.3477  255 255 255
55.2097 47.1539 16.3705  255 255 255
59.1166 42.4395 23.6872  255 255 255
-8.67263 95.1294 -53.3118  255 255 255
21.0274 102.457 -66.7715  255 255 255
19.8711 102.043 -66.3899  255 255 255
3.58891 97.5612 -58.8175  255 255 255
20.4906 101.877 -66.5968  255 255 255
-48.153 85.174 -35.4174  255 255 255
59.0041 43.2428 21.2773  255 255 255
13.278 99.5733 -63.4472  255 255 255
57.3597 68.4535 -18.4845  255 255 255
64.2232 38.3446 28.4841  255 255 255
-76.1462 78.0987 -21.8732  255 255 255
5.00222 97.7322 -60.1463  255 255 255
4.86084 97.5544 -59.7894  255 255 255
5.00222 97.7322 -60.1463  255 255 255
20.5104 101.465 -67.077  255 255 255
-76.2422 77.8724 -22.0481  255 255 255
-51.0948 84.0222 -34.3562  255 255 255
61.181 39.6105 25.4924  255 255 255
69.5612 112.354 -88.8723  255 255 255
-64.0596 80.3504 -27.9673  255 255 255
63.0073 38.5077 26.8791  255 255 255
-48.8856 83.6761 -35.3504  255 255 255
28.7262 101.606 -70.8219  255 255 255
2.97106 95.9632 -60.061  255 255 255
67.7938 34.8211 31.4243  255 255 255
64.5483 109.867 -87.7167  255 255 255
58.0996 108.266 -85.3811  255 255 255
33.9542 102.447 -74.7585  255 255 255
73.5943 32.3014 34.3417  255 255 255
0.966836 94.2468 -59.9025  255 255 255
57.2761 65.53 -20.392  255 255 255
57.2114 65.6384 -20.3706  255 255 255
52.8886 106.1 -84.4738  255 255 255
-7.21862 91.8011 -56.7342  255 255 255
103.075 117.147 -106.318  255 255 255
-14.9768 89.7149 -53.1446  255 255 255
-13.8067 89.7685 -53.6025  255 255 255
-13.8067 89.7685 -53.6025  255 255 255
-68.5967 77.1538 -27.2238  255 255 255
57.3343 65.2405 -21.1558  255 255 255
-11.8774 89.709 -55.1844  255 255 255
-11.8922 89.7319 -55.2111  255 255 255
11.4906 95.1379 -66.4271  255 255 255
-9.89942 90.0855 -56.3019  255 255 255
77.2362 109.997 -95.8952  255 255 255
74.596 108.939 -94.1611  255 255 255
19.1321 96.3932 -69.6528  255 255 255
21.5797 96.9587 -70.79  255 255 255
-13.7209 88.7777 -54.5812  255 255 255
-13.715 88.856 -54.7512  255 255 255
-13.6949 88.8921 -54.7451  255 255 255
-62.8572 77.6719 -31.0169  255 255 255
-55.8913 78.8627 -33.6022  255 255 255
-55.7225 79.5915 -34.8355  255 255 255
-9.15091 89.5155 -56.8736  255 255 255
19.7189 95.8916 -70.5304  255 255 255
51.182 102.928 -84.7134  255 255 255
60.4323 32.0758 30.015  255 255 255
53.5626 103.352 -85.9306  255 255 255
-53.6849 79.3465 -35.6762  255 255 255
49.8818 102.695 -84.6441  255 255 255
8.15112 92.6638 -64.7917  255 255 255
59.0939 38.6107 19.0181  255 255 255
18.4856 95.223 -70.1601  255 255 255
69.478 106.922 -93.6258  255 255 255
62.496 56.9796 -11.9609  255 255 255
-59.6142 77.7887 -32.9318  255 255 255
-73.5464 74.664 -26.0863  255 255 255
9.69964 93.0502 -66.4041  255 255 255
-67.2384 75.7826 -29.4953  255 255 255
-55.4882 77.988 -34.7957  255 255 255
-73.6436 73.9848 -26.0437  255 255 255
53.1334 101.965 -86.7091  255 255 255
4.47887 90.8105 -63.738  255 255 255
52.3046 101.554 -86.7522  255 255 255
60.5585 103.073 -90.4831  255 255 255
56.4824 40.7215 11.996  255 255 255
87.2276 108.329 -103.214  255 255 255
87.2276 108.33 -103.214  255 255 255
-12.7192 86.0981 -57.0325  255 255 255
-16.1064 85.2238 -55.664  255 255 255
-18.5653 84.466 -54.1515  255 255 255
39.6928 97.2044 -81.9843  255 255 255
-65.117 74.9556 -32.4395  255 255 255
-1.55041 88.027 -63.0278  255 255 255
40.2158 96.8586 -82.6916  255 255 255
12.5822 90.9523 -69.9175  255 255 255
51.2702 99.3135 -88.0186  255 255 255
-7.64478 86.4005 -60.3004  255 255 255
22.8054 92.5594 -74.4386  255 255 255
66.3413 49.4645 -6.52088  255 255 255
20.3268 92.0967 -74.0235  255 255 255
30.3637 94.0419 -78.5696  255 255 255
-52.637 76.5177 -38.5593  255 255 255
49.4592 97.902 -87.7575  255 255 255
-55.094 75.8816 -37.5981  255 255 255
66.3432 48.908 -7.03479  255 255 255
-54.3206 75.8318 -38.1475  255 255 255
-20.4903 82.6433 -54.5866  255 255 255
59.243 35.1544 16.901  255 255 255
59.2901 35.165 16.8483  255 255 255
64.9421 28.8957 27.308  255 255 255
-7.58039 85.3241 -60.9047  255 255 255
34.7401 94.309 -81.6381  255 255 255
70.3204 100.946 -97.6348  255 255 255
-24.2367 81.3613 -53.2479  255 255 255
37.5852 94.0091 -83.2997  255 255 255
37.5876 94.0136 -83.3247  255 255 255
64.3209 49.1047 -9.53154  255 255 255
-25.1846 80.8422 -52.9621  255 255 255
-25.2117 80.8107 -52.8458  255 255 255
70.641 100.555 -98.7755  255 255 255
36.8507 93.4742 -83.3084  255 255 255
36.8986 93.5272 -83.3952  255 255 255
-69.0917 71.9377 -31.879  255 255 255
19.5451 89.6539 -74.8792  255 255 255
-8.12108 83.8484 -61.8934  255 255 255
-8.11134 83.8454 -61.9286  255 255 255
54.7312 96.3824 -91.2622  255 255 255
5.90559 86.3484 -68.2574  255 255 255
-11.4974 82.8223 -60.3987  255 255 255
13.2001 87.5766 -72.7296  255 255 255
-39.3489 76.9475 -46.9977  255 255 255
-54.1847 70.8084 -34.3661  255 255 255
39.4462 92.6797 -85.8987  255 255 255
-19.2933 80.618 -57.2613  255 255 255
-44.6881 75.495 -44.8827  255 255 255
41.3278 92.8961 -87.6332  255 255 255
58.3188 32.9351 15.0523  255 255 255
61.4014 51.6917 -18.6839  255 255 255
-38.2397 76.0252 -47.3594  255 255 255
60.1389 31.7785 16.5534  255 255 255
-47.1626 74.6648 -44.0687  255 255 255
65.4819 46.0702 -10.0989  255 255 255
-6.48428 82.1962 -63.9849  255 255 255
-46.2845 74.666 -44.8164  255 255 255
19.5063 87.2892 -76.8504  255 255 255
-47.3361 74.1155 -43.9521  255 255 255
-49.5931 73.5123 -43.2418  255 255 255
-74.6806 68.2351 -29.9417  255 255 255
-49.1532 73.4134 -43.3251  255 255 255
23.8088 87.0672 -78.7304  255 255 255
-53.763 72.3676 -41.1685  255 255 255
-52.455 71.8805 -40.5744  255 255 255
21.4327 86.5071 -77.9674  255 255 255
22.1305 86.6483 -78.1709  255 255 255
71.4136 96.3347 -101.906  255 255 255
-55.0205 71.8397 -40.3986  255 255 255
-55.0205 71.8397 -40.3986  255 255 255
-46.4525 73.4651 -44.7834  255 255 255
-46.4875 73.3861 -44.6312  255 255 255
21.9343 86.2755 -78.5863  255 255 255
-45.7421 73.5422 -45.8372  255 255 255
-49.581 72.5029 -43.4879  255 255 255
-14.4183 78.9953 -60.628  255 255 255
-74.9704 67.9659 -31.1122  255 255 255
-0.321114 81.8417 -68.2102  255 255 255
72.6685 95.8917 -103.515  255 255 255
-72.8897 68.0412 -31.9354  255 255 255
-71.1438 68.3396 -32.7513  255 255 255
23.9436 86.4417 -80.8526  255 255 255
-73.974 67.6197 -31.8027  255 255 255
66.018 23.6776 25.3402  255 255 255
-15.5722 77.9237 -60.8587  255 255 255
67.3487 93.7209 -101.329  255 255 255
-45.5513 72.5284 -46.3858  255 255 255
-45.5424 72.5442 -46.2947  255 255 255
-45.5646 72.329 -46.003  255 255 255
-61.2256 69.4035 -37.8559  255 255 255
-77.4382 66.6845 -30.5466  255 255 255
-77.4382 66.6845 -30.5466  255 255 255
-44.661 72.4528 -46.7023  255 255 255
-44.6483 72.452 -46.575  255 255 255
25.3861 85.7926 -81.8928  255 255 255
28.3539 86.3311 -83.4687  255 255 255
-61.6325 69.4123 -38.4643  255 255 255
-61.6073 69.4669 -38.4668  255 255 255
-37.6986 73.7564 -50.3772  255 255 255
-28.7668 75.0128 -55.1679  255 255 255
-28.7803 75.0767 -55.1417  255 255 255
-28.7668 75.0127 -55.1679  255 255 255
-50.2409 70.9894 -44.2032  255 255 255
-50.2131 70.9623 -44.1642  255 255 255
-73.0473 66.7081 -32.707  255 255 255
0.23772 79.9861 -69.8733  255 255 255
54.8482 34.1756 5.10959  255 255 255
-74.2371 66.3225 -32.5137  255 255 255
-51.0812 70.3515 -44.0841  255 255 255
20.8837 83.7699 -80.5984  255 255 255
-75.5846 65.9527 -31.6553  255 255 255
-26.7204 74.9848 -56.9771  255 255 255
24.9935 84.2364 -82.4361  255 255 255
24.9935 84.2364 -82.4361  255 255 255
-20.7239 75.534 -59.4001  255 255 255
27.1412 84.2358 -83.44  255 255 255
27.3166 84.4053 -83.8849  255 255 255
-62.7511 68.0858 -38.6057  255 255 255
-62.7404 68.1345 -38.695  255 255 255
-55.1929 69.2125 -42.1045  255 255 255
-55.1733 69.3229 -42.3631  255 255 255
-23.6112 74.8735 -58.5568  255 255 255
21.6777 83.1962 -81.4571  255 255 255
65.0031 41.988 -12.5513  255 255 255
65.2295 21.7843 24.6833  255 255 255
-0.578298 78.6972 -70.286  255 255 255
-0.477335 78.8295 -70.6148  255 255 255
-51.7264 69.6483 -44.7524  255 255 255
-74.1405 65.4882 -33.4302  255 255 255
-74.8249 65.2343 -33.0909  255 255 255
77.5464 91.9126 -108.363  255 255 255
82.2246 92.84 -111.053  255 255 255
82.1217 92.8225 -110.897  255 255 255
7.56409 79.3925 -75.3781  255 255 255
41.5726 85.924 -92.6207  255 255 255
63.8306 23.0284 20.3597  255 255 255
65.1729 21.7839 22.4274  255 255 255
-59.4516 67.1261 -40.8757  255 255 255
59.6214 20.8325 24.1941  255 255 255
58.6135 87.7479 -100.896  255 255 255
-37.0044 70.6619 -53.0552  255 255 255
76.7813 90.6917 -110.554  255 255 255
-60.2793 65.7608 -42.3463  255 255 255
-2.01585 75.4613 -72.435  255 255 255
13.3711 77.8643 -80.2289  255 255 255
74.0905 87.8811 -109.976  255 255 255
-64.9055 64.5529 -39.8518  255 255 255
-2.04063 74.7675 -72.2053  255 255 255
-52.7042 66.159 -46.571  255 255 255
66.244 37.6869 -14.5874  255 255 255
19.85 77.8456 -83.8458  255 255 255
65.8057 38.1331 -16.0489  255 255 255
59.5662 24.8619 10.5994  255 255 255
-53.8274 65.5403 -46.3974  255 255 255
-53.8201 65.545 -46.404  255 255 255
20.6056 78.7971 -86.8266  255 255 255
-43.4641 66.8118 -51.3844  255 255 255
82.8842 87.616 -115.405  255 255 255
44.261 81.3742 -96.8488  255 255 255
59.4912 23.8855 10.4464  255 255 255
75.6754 85.4941 -112.3  255 255 255
-54.0558 64.8304 -47.2609  255 255 255
-25.0318 69.1476 -62.409  255 255 255
-72.9663 60.635 -35.8325  255 255 255
93.7379 87.6643 -121.668  255 255 255
52.911 80.7761 -102.493  255 255 255
58.0747 24.6359 6.30836  255 255 255
64.9778 36.3582 -18.2262  255 255 255
-28.2375 67.7027 -61.1349  255 255 255
43.7011 79.1995 -98.6261  255 255 255
65.0756 35.9444 -17.5446  255 255 255
60.3038 41.5332 -28.5965  255 255 255
-54.2907 63.2328 -47.6794  255 255 255
-71.5512 60.4058 -38.1739  255 255 255
45.5991 79.1026 -100.342  255 255 255
60.3205 40.3451 -27.1901  255 255 255
-72.2585 57.4082 -32.8141  255 255 255
60.2791 40.6665 -28.0522  255 255 255
-25.2432 67.1011 -63.0447  255 255 255
-54.653 62.0419 -47.4204  255 255 255
91.1871 84.7377 -122.694  255 255 255
55.1197 26.1292 0.314174  255 255 255
26.5572 74.3256 -90.9294  255 255 255
23.3507 73.5044 -89.7527  255 255 255
63.6436 17.0054 15.7674  255 255 255
62.2997 36.8705 -24.4678  255 255 255
56.9497 23.6671 3.23728  255 255 255
65.3605 33.5899 -18.8646  255 255 255
-38.1528 63.787 -57.5259  255 255 255
58.7762 40.8292 -33.3738  255 255 255
60.4745 38.417 -29.1521  255 255 255
60.445 38.4092 -29.1085  255 255 255
-62.4948 59.8442 -44.8797  255 255 255
-62.5095 59.7698 -44.6552  255 255 255
12.5218 70.4825 -84.8909  255 255 255
63.8072 34.6107 -23.0946  255 255 255
-55.7713 60.2724 -48.4869  255 255 255
63.4992 34.7442 -23.6873  255 255 255
60.8385 18.9617 9.37049  255 255 255
62.1684 36.0371 -26.258  255 255 255
25.713 71.9677 -92.0997  255 255 255
63.4155 34.5776 -24.3863  255 255 255
-61.5132 59.2336 -46.0261  255 255 255
-39.5082 62.3942 -57.9169  255 255 255
63.9596 33.6429 -23.0611  255 255 255
56.4883 75.6795 -107.839  255 255 255
35.0518 71.582 -95.3652  255 255 255
58.8341 20.5642 4.47756  255 255 255
64.1145 11.406 20.8462  255 255 255
-38.5891 61.1932 -59.0828  255 255 255
70.5407 7.29826 27.3067  255 255 255
-0.347428 65.705 -79.8397  255 255 255
-71.1972 56.002 -42.119  255 255 255
-59.6915 57.6031 -48.4909  255 255 255
60.9175 73.8606 -112.789  255 255 255
-41.3383 59.659 -58.6151  255 255 255
58.1426 16.1449 8.30257  255 255 255
62.5105 32.4935 -27.7051  255 255 255
42.2725 70.2127 -103.22  255 255 255
-33.7041 59.9852 -63.2691  255 255 255
65.0251 29.3361 -23.232  255 255 255
33.0848 68.8462 -99.7127  255 255 255
64.8385 11.1158 15.5154  255 255 255
-54.2788 56.7832 -52.4047  255 255 255
-7.95941 62.432 -77.7984  255 255 255
20.8034 66.5576 -94.625  255 255 255
58.8464 16.7435 2.67972  255 255 255
-12.2593 61.3056 -76.2889  255 255 255
-21.5435 59.6964 -70.7936  255 255 255
57.8759 35.0179 -39.048  255 255 255
29.4201 66.1201 -99.4099  255 255 255
-65.1226 54.0223 -47.5095  255 255 255
-5.36972 61.2684 -80.4495  255 255 255
36.2799 65.8612 -103.243  255 255 255
-71.9087 50.0876 -38.6876  255 255 255
-23.1954 58.297 -71.275  255 255 255
58.7665 15.0548 1.1023  255 255 255
58.4985 15.0075 1.4059  255 255 255
36.4467 65.3964 -104.222  255 255 255
-69.8661 52.14 -45.251  255 255 255
-50.7131 53.7999 -55.6461  255 255 255
-71.6798 51.8464 -44.9791  255 255 255
-28.1579 56.9408 -69.3678  255 255 255
74.1132 -0.721986 31.1755  255 255 255
61.515 11.54 6.51543  255 255 255
64.8243 25.9649 -27.0314  255 255 255
12.8031 60.9877 -92.2325  255 255 255
60.9091 29.0816 -34.5264  255 255 255
-4.33378 58.3008 -82.9025  255 255 255
65.6257 4.86119 17.2136  255 255 255
65.9662 5.79259 14.8114  255 255 255
71.0935 0.841318 24.5435  255 255 255
-64.2357 51.2733 -50.5582  255 255 255
66.5953 5.03108 15.7249  255 255 255
63.8603 7.86876 9.74504  255 255 255
-0.161171 58.0269 -86.3267  255 255 255
33.4398 61.8737 -105.014  255 255 255
64.7966 2.47654 21.526  255 255 255
57.4589 13.9883 -3.54031  255 255 255
65.4349 5.84104 12.7084  255 255 255
59.9341 11.2781 1.56203  255 255 255
-58.9354 50.8135 -53.4977  255 255 255
59.4028 28.1196 -38.6901  255 255 255
66.9361 3.70508 15.1364  255 255 255
-24.6104 53.2242 -72.087  255 255 255
64.7104 5.81332 10.5705  255 255 255
-30.2581 53.4021 -70.7812  255 255 255
-30.2581 53.4021 -70.7812  255 255 255
55.8961 14.3945 -6.95933  255 255 255
62.2497 8.20697 5.68226  255 255 255
67.1908 3.3572 15.356  255 255 255
74.8789 -4.30533 31.4372  255 255 255
-63.908 49.3526 -51.6268  255 255 255
70.2541 -0.039072 21.0868  255 255 255
-8.66451 54.4578 -83.511  255 255 255
70.4656 -0.312477 20.6343  255 255 255
-68.5371 48.0658 -48.8906  255 255 255
-6.6496 54.3434 -84.8096  255 255 255
14.6409 56.4971 -97.0279  255 255 255
65.6227 3.6237 11.939  255 255 255
-63.7238 48.2731 -52.7084  255 255 255
66.0717 3.03895 12.3471  255 255 255
66.2736 2.70332 12.7607  255 255 255
69.3833 -0.206087 18.1824  255 255 255
-74.0255 46.4544 -46.9996  255 255 255
-54.8358 47.8891 -56.8919  255 255 255
-54.569 48.6463 -58.7909  255 255 255
71.4327 -2.82967 22.3215  255 255 255
-72.0275 46.0992 -47.5501  255 255 255
74.9449 -6.53976 29.8192  255 255 255
74.9449 -6.53976 29.8192  255 255 255
66.1086 2.0827 11.5178  255 255 255
7.27192 3.19309 26.6498  255 255 255
68.1258 -0.121787 15.6776  255 255 255
74.7255 -6.51466 29.2866  255 255 255
-1.95215 3.4154 28.3591  255 255 255
69.2988 -1.19457 17.6975  255 255 255
68.9941 -0.938848 17.1251  255 255 255
-74.0986 45.8017 -47.8075  255 255 255
-1.73597 3.36524 28.5036  255 255 255
7.12282 2.76953 27.0397  255 255 255
63.8965 19.6496 -32.7292  255 255 255
-43.2771 48.0672 -65.438  255 255 255
68.245 -0.919439 15.2552  255 255 255
-42.7973 48.0515 -66.4101  255 255 255
66.9919 0.0537793 12.7886  255 255 255
-45.9371 47.0474 -63.6865  255 255 255
-69.4583 45.3081 -51.3354  255 255 255
-14.9466 49.1166 -80.8907  255 255 255
8.46368 52.0496 -96.2017  255 255 255
-56.767 45.7001 -59.1854  255 255 255
-9.63159 49.7664 -87.0624  255 255 255
5.23511 -1.77869 34.5609  255 255 255
61.0436 4.20844 0.741591  255 255 255
-15.1988 47.8834 -81.6928  255 255 255
-56.174 45.1275 -59.5162  255 255 255
-64.3891 44.6216 -55.5334  255 255 255
-56.8687 44.8675 -59.2615  255 255 255
-42.8416 46.3557 -68.0624  255 255 255
75.41 -9.76857 29.3727  255 255 255
-59.5873 44.7466 -58.4461  255 255 255
-25.0107 47.1774 -77.3689  255 255 255
2.72025 -2.7957 36.4423  255 255 255
-14.7943 46.6666 -80.1274  255 255 255
-61.3045 44.0097 -57.3997  255 255 255
-43.1642 45.5368 -68.1114  255 255 255
68.4083 -3.40724 13.8237  255 255 255
-14.6695 2.89863 27.0997  255 255 255
2.45457 -3.62148 36.7753  255 255 255
-3.3578 -2.62614 36.4888  255 255 255
-3.10282 -2.97951 36.7544  255 255 255
-7.4933 -1.81456 35.2512  255 255 255
63.8 0.311803 3.77709  255 255 255
-2.55882 -3.58305 37.2891  255 255 255
-4.16903 -3.42903 37.0868  255 255 255
69.4694 -5.4466 15.1788  255 255 255
-63.7935 42.3274 -56.8705  255 255 255
-42.1155 44.0421 -69.8875  255 255 255
-26.7497 44.8869 -79.3361  255 255 255
-64.1374 41.9092 -56.6663  255 255 255
-15.6429 0.97783 28.1682  255 255 255
56.7884 5.60557 -11.186  255 255 255
-17.7195 3.50982 22.1679  255 255 255
-35.7706 43.9935 -74.5865  255 255 255
69.79 -6.70373 15.7469  255 255 255
79.0043 -11.082 23.2778  255 255 255
79.0052 -11.0818 23.2771  255 255 255
-7.68919 -3.74639 36.4879  255 255 255
24.62 38.8535 -87.4752  255 255 255
-11.2778 -2.71844 34.4602  255 255 255
-8.86529 45.0315 -90.9275  255 255 255
-17.8483 0.983437 27.1757  255 255 255
-3.27386 45.0533 -93.7215  255 255 255
-3.12709 45.1807 -94.2107  255 255 255
-0.595391 45.1056 -95.6773  255 255 255
-7.12244 -4.80297 37.2809  255 255 255
-10.7827 -3.83942 35.3463  255 255 255
79.5465 -12.8549 23.1177  255 255 255
-10.9727 -4.19307 35.5589  255 255 255
65.3121 -9.12693 18.056  255 255 255
69.5994 -8.3294 14.264  255 255 255
-57.9371 40.1342 -62.6361  255 255 255
56.1282 3.90208 -13.6513  255 255 255
-36.0561 41.4331 -75.5964  255 255 255
71.6573 -10.1427 17.2685  255 255 255
71.6448 -10.1461 17.2919  255 255 255
-14.4755 -3.29453 32.8584  255 255 255
-10.941 -5.03736 35.9539  255 255 255
63.8639 -3.79465 1.63861  255 255 255
56.8863 2.41537 -12.6143  255 255 255
12.2409 35.5042 -83.5269  255 255 255
61.8472 -2.13398 -2.7651  255 255 255
15.0775 34.3434 -82.5528  255 255 255
-19.1196 -0.431064 26.1135  255 255 255
-65.0973 38.4003 -59.2663  255 255 255
62.7255 -3.19451 -1.47995  255 255 255
-59.9596 38.5863 -62.6188  255 255 255
-44.4137 39.1221 -71.8149  255 255 255
-41.3229 39.1262 -74.3221  255 255 255
-54.8812 37.9675 -65.9419  255 255 255
69.3105 -10.0092 11.3157  255 255 255
68.2775 -9.26359 9.12276  255 255 255
-18.9927 -2.64808 28.7916  255 255 255
-19.4657 -1.72716 26.464  255 255 255
-26.238 39.2586 -83.841  255 255 255
-10.6898 -6.94994 36.9517  255 255 255
-56.8449 37.4603 -65.1049  255 255 255
67.3348 -8.62311 7.07789  255 255 255
61.2737 -3.31061 -5.17114  255 255 255
68.2544 -9.688 9.36009  255 255 255
-18.1334 -3.76243 30.0224  255 255 255
59.4135 -2.07848 -9.13442  255 255 255
-32.2192 37.6926 -81.3368  255 255 255
-35.6045 37.2257 -78.9463  255 255 255
-18.4777 -4.26573 29.4553  255 255 255
68.7339 -11.4451 8.96081  255 255 255
76.6244 -15.7936 17.552  255 255 255
-8.30153 -9.44352 38.449  255 255 255
65.7181 -9.16027 3.01494  255 255 255
-13.0038 -7.93018 36.1206  255 255 255
2.71285 -12.0566 39.3402  255 255 255
78.6757 -17.511 18.4461  255 255 255
2.84769 -12.2746 39.277  255 255 255
68.385 -12.2387 7.6525  255 255 255
59.3353 -4.83338 -11.1259  255 255 255
-21.9569 0.2754 12.1538  255 255 255
-4.82906 -12.021 39.6112  255 255 255
-60.3285 29.7684 -60.445  255 255 255
-24.7566 3.28449 1.29606  255 255 255
65.2902 -11.3922 -1.01883  255 255 255
63.6392 -11.6491 0.616131  255 255 255
-20.4037 -6.84298 29.0637  255 255 255
66.3703 -12.7055 1.28263  255 255 255
-23.0591 -1.76562 14.3618  255 255 255
67.2768 -13.8087 3.21048  255 255 255
-9.57745 -12.2207 38.3329  255 255 255
-9.57745 -12.2207 38.3329  255 255 255
-44.9663 31.6265 -77.4145  255 255 255
67.542 -14.4867 3.64137  255 255 255
67.5206 -14.4584 3.63783  255 255 255
-15.6457 -10.3653 34.875  255 255 255
-23.648 -2.6378 15.4555  255 255 255
5.98336 -15.3967 38.4351  255 255 255
-2.5645 -14.5875 39.909  255 255 255
-23.3251 -5.48175 22.7982  255 255 255
-12.4549 -12.265 37.1848  255 255 255
64.9917 -13.3961 -2.67822  255 255 255
70.9891 -18.0439 8.02764  255 255 255
7.70155 -16.4254 37.591  255 255 255
7.70155 -16.4254 37.591  255 255 255
-26.4621 -0.257741 5.46259  255 255 255
62.4427 -12.4414 -7.98456  255 255 255
-23.3213 -7.34428 23.8082  255 255 255
-7.19368 -15.0774 39.2043  255 255 255
-7.19368 -15.0774 39.2043  255 255 255
1.9469 -16.732 38.8866  255 255 255
-23.2804 -7.75835 24.4698  255 255 255
-12.9662 -13.5496 36.9529  255 255 255
-25.8163 -6.67274 20.7672  255 255 255
-7.25957 -15.8504 39.1675  255 255 255
26.197 -19.6129 30.4279  255 255 255
2.40167 -18.1365 38.8602  255 255 255
2.48305 -18.1049 38.7383  255 255 255
-22.1613 -10.3319 27.7032  255 255 255
-22.1686 -10.3253 27.7392  255 255 255
-0.201854 -18.0062 39.1549  255 255 255
69.5448 -20.4953 4.2309  255 255 255
69.7706 -20.948 5.2311  255 255 255
-12.136 -15.4774 37.3092  255 255 255
69.0431 -20.4038 2.70953  255 255 255
-21.7387 -10.7932 27.1459  255 255 255
-21.7387 -10.7932 27.1459  255 255 255
-10.7056 -16.2608 37.9088  255 255 255
-5.80412 -17.629 38.9105  255 255 255
5.29383 -19.5973 37.9842  255 255 255
2.21582 -19.5823 38.7873  255 255 255
-69.5617 23.8732 -66.5387  255 255 255
-24.2984 -11.7684 27.6349  255 255 255
-32.4898 -6.44294 14.1241  255 255 255
-32.6239 -6.52907 14.5393  255 255 255
68.4727 -21.9039 0.170999  255 255 255
6.45622 -21.5434 39.362  255 255 255
10.2634 -22.3576 38.325  255 255 255
70.8505 -27.6124 10.8403  255 255 255
-30.5909 -9.92947 19.2487  255 255 255
-26.8285 -12.9818 26.6557  255 255 255
71.2586 -26.6331 5.24065  255 255 255
-3.07263 -21.4834 39.7241  255 255 255
-1.66896 -22.0926 40.4904  255 255 255
-26.8017 -13.2919 26.6027  255 255 255
-21.6698 -16.1218 33.1128  255 255 255
75.5264 -30.5196 14.26  255 255 255
71.9807 -27.3093 4.53428  255 255 255
67.8323 -24.4609 -3.77254  255 255 255
66.2722 -24.4785 -2.18582  255 255 255
-32.852 -10.9208 20.5464  255 255 255
73.0338 -28.7595 7.32907  255 255 255
-33.3884 -11.4391 21.0685  255 255 255
-28.1034 3.98026 -43.3547  255 255 255
-21.0221 -18.1893 34.516  255 255 255
75.9635 -30.1414 3.63071  255 255 255
-19.7694 -19.3615 35.4295  255 255 255
-10.8162 -22.4591 39.8632  255 255 255
-20.0352 -19.5144 35.1612  255 255 255
72.641 -31.3306 5.42422  255 255 255
14.2915 -28.0169 39.7091  255 255 255
-28.6941 -15.874 27.0577  255 255 255
-33.2776 -14.4322 24.8705  255 255 255
-22.1773 -18.8548 33.4373  255 255 255
-22.396 -18.8374 33.277  255 255 255
-17.2016 -21.0482 37.3891  255 255 255
72.7133 -31.614 3.8996  255 255 255
-23.0865 -18.7778 32.5961  255 255 255
7.03961 -27.6159 41.6451  255 255 255
72.2474 -31.8898 3.88106  255 255 255
-22.7932 -19.1803 32.7395  255 255 255
-22.8006 -19.1835 32.7571  255 255 255
13.7811 -28.7241 39.8801  255 255 255
-19.7517 -20.6095 35.2039  255 255 255
-9.47961 -24.1324 39.8047  255 255 255
-6.14048 -25.2855 40.6929  255 255 255
4.26732 -28.0276 41.8147  255 255 255
12.2262 -29.2658 39.8763  255 255 255
-31.6334 -16.8629 27.2549  255 255 255
-26.6022 -18.7929 30.8888  255 255 255
-18.3948 -21.9358 35.974  255 255 255
-17.1331 -22.4234 37.0609  255 255 255
82.6492 -35.4755 2.55576  255 255 255
12.9217 -29.5062 39.3158  255 255 255
74.5565 -35.3696 7.98222  255 255 255
74.5565 -35.3696 7.98221  255 255 255
-33.0965 -16.1304 23.8639  255 255 255
-64.7953 6.61628 -46.9527  255 255 255
-35.7101 -0.960391 -39.4518  255 255 255
1.10087 -28.3168 42.5955  255 255 255
14.8202 -30.1716 37.4674  255 255 255
14.8202 -30.1716 37.4674  255 255 255
79.2713 -35.8035 2.40427  255 255 255
77.2314 -38.3765 12.9324  255 255 255
-25.0372 -21.081 33.9146  255 255 255
-30.3711 -19.1859 29.1846  255 255 255
-28.405 -20.8457 33.355  255 255 255
-30.8036 -19.1146 27.8541  255 255 255
-31.3856 -18.6635 26.5998  255 255 255
-25.9527 -21.9497 34.8599  255 255 255
-33.2813 -4.8499 -33.5429  255 255 255
77.2246 -39.8283 12.3784  255 255 255
-0.234628 -29.8753 43.5341  255 255 255
3.84673 -30.7184 42.7103  255 255 255
-4.40167 -29.5344 43.8959  255 255 255
-30.8955 -19.8826 26.4226  255 255 255
-27.8861 -22.9844 32.3606  255 255 255
-27.9 -22.9958 32.3999  255 255 255
-19.8667 -26.5607 40.5921  255 255 255
-18.8082 -27.3049 42.3915  255 255 255
-2.57577 -31.1194 42.5475  255 255 255
-52.4876 -4.4825 -32.2717  255 255 255
-4.78533 -30.8273 42.8803  255 255 255
69.8664 -42.5506 15.4787  255 255 255
-16.2666 -28.1235 40.4619  255 255 255
-14.2753 -28.9121 40.9252  255 255 255
-40.4741 -10.9667 -23.4234  255 255 255
-42.8211 -10.4845 -23.7955  255 255 255
2.97542 -33.9839 40.0281  255 255 255
-16.5678 -29.2677 39.3756  255 255 255
-5.57182 -32.4676 41.5661  255 255 255
4.64854 -34.8978 39.5056  255 255 255
-7.88884 -32.7528 43.0112  255 255 255
-23.6661 -27.3823 33.9116  255 255 255
-46.2004 -11.7688 -22.9611  255 255 255
12.4485 -36.7161 33.9564  255 255 255
-44.6349 -13.2949 -20.2776  255 255 255
-23.1345 -28.3757 33.7527  255 255 255
12.6776 -37.125 33.7261  255 255 255
-29.8029 -25.5423 26.0566  255 255 255
11.2798 -37.1392 34.3422  255 255 255
-50.6799 -12.2747 -24.2145  255 255 255
-74.6939 -6.38956 -29.2728  255 255 255
-54.5928 -12.1644 -22.1988  255 255 255
-44.9867 -15.4349 -17.1867  255 255 255
-28.206 -27.448 28.8139  255 255 255
-22.7064 -29.9895 33.1099  255 255 255
-20.0788 -31.45 37.1661  255 255 255
-8.27472 -34.8653 39.3557  255 255 255
9.17843 -38.6266 34.4247  255 255 255
-8.27998 -35.0659 38.7863  255 255 255
4.40528 -38.4213 37.7285  255 255 255
-27.6526 -28.5297 26.6586  255 255 255
-26.6575 -29.2943 29.0586  255 255 255
-10.4626 -34.9601 38.1518  255 255 255
4.29337 -38.6247 37.3961  255 255 255
9.1051 -39.4172 33.7848  255 255 255
15.7188 -40.4224 29.7638  255 255 255
14.7548 -40.4052 30.3509  255 255 255
-55.6776 -15.8131 -17.2235  255 255 255
-48.8337 -17.9927 -14.3564  255 255 255
-48.6718 -17.9298 -14.989  255 255 255
0.341839 -38.4404 36.9715  255 255 255
-48.9653 -18.4868 -13.6149  255 255 255
-6.36996 -37.0881 38.2843  255 255 255
-16.6843 -34.9712 34.9642  255 255 255
-12.5053 -36.6685 35.889  255 255 255
-8.43708 -38.1638 36.7142  255 255 255
-23.7098 -33.4166 30.2562  255 255 255
-9.70661 -38.1047 36.3471  255 255 255
-9.61761 -38.1087 36.1754  255 255 255
-8.4554 -38.6966 36.6612  255 255 255
-59.068 -19.3822 -12.2662  255 255 255
-59.0411 -19.368 -12.4799  255 255 255
-23.8614 -33.8217 29.9669  255 255 255
-23.5451 -33.9657 30.0729  255 255 255
-23.1934 -34.1632 30.447  255 255 255
-23.3471 -34.1943 30.7968  255 255 255
-3.34548 -40.284 36.3541  255 255 255
-24.0402 -34.0071 29.8638  255 255 255
-15.4249 -37.1115 34.4984  255 255 255
-26.9733 -33.0546 25.9776  255 255 255
-3.31314 -40.962 34.7172  255 255 255
-18.1666 -37.0073 32.6513  255 255 255
-25.4716 -34.6637 27.1567  255 255 255
-25.3133 -34.6726 26.8392  255 255 255
-13.5623 -38.9607 34.1359  255 255 255
-67.3111 -20.1859 -10.8951  255 255 255
-27.1956 -34.5958 24.364  255 255 255
-26.1454 -35.271 25.2353  255 255 255
-27.0258 -35.6771 24.5495  255 255 255
-40.0511 -31.688 7.3421  255 255 255
-8.43084 -43.5591 34.9875  255 255 255
-19.7067 -40.3384 31.5662  255 255 255
-49.7808 -29.4028 -0.00939475  255 255 255
-38.0023 -34.0021 11.9933  255 255 255
-49.1055 -32.2307 3.34221  255 255 255
-31.6159 -39.3697 24.8363  255 255 255
-30.8399 -39.9273 25.3674  255 255 255
-51.7581 -32.964 4.65111  255 255 255
-9.62904 -48.4698 36.1085  255 255 255
-30.369 -42.5677 24.2771  255 255 255
-32.0647 -42.1122 22.5475  255 255 255
-15.2364 -47.7858 33.5064  255 255 255
-54.811 -35.3593 7.50507  255 255 255
-21.9862 -45.8672 31.5163  255 255 255
-23.013 -45.7697 31.0032  255 255 255
-22.9594 -46.5528 30.262  255 255 255
-32.8785 -43.3127 22.5721  255 255 255
-63.0928 -35.6498 7.84338  255 255 255
12.3218 -59.7855 38.0907  255 255 255
14.6873 -64.1563 44.4205  255 255 255
13.1572 -63.8023 44.011  255 255 255
15.4849 -65.044 45.7245  255 255 255
0.632844 -60.0514 38.8695  255 255 255
7.83173 -62.8027 40.2422  255 255 255
-16.9578 -54.9432 35.2137  255 255 255
-0.466197 -61.1366 36.754  255 255 255
-3.48894 -61.6581 38.7814  255 255 255
-21.3222 -55.9328 34.177  255 255 255
-2.60382 -63.1789 41.2674  255 255 255
-19.3887 -57.6386 36.6195  255 255 255
-16.4189 -59.0348 38.3814  255 255 255
-16.6635 -58.9539 38.1693  255 255 255
17.9256 111.393 -56.4131  255 255 255
16.4594 109.912 -58.1322  255 255 255
7.23087 106.402 -54.0866  255 255 255
7.29331 106.464 -54.1702  255 255 255
14.5124 108.192 -57.8187  255 255 255
18.008 109.22 -59.5293  255 255 255
15.4981 108.327 -58.5218  255 255 255
33.7956 112.661 -66.8358  255 255 255
48.8201 116.757 -73.4304  255 255 255
52.0515 117.599 -74.8047  255 255 255
34.9187 112.737 -67.5903  255 255 255
32.8274 111.885 -66.6523  255 255 255
50.7505 116.796 -74.678  255 255 255
78.882 123.711 -85.4732  255 255 255
12.5805 106.366 -58.3509  255 255 255
64.3889 119.844 -80.0539  255 255 255
64.2743 119.788 -79.9815  255 255 255
51.2556 116.311 -75.1836  255 255 255
51.2579 116.347 -75.2294  255 255 255
13.7848 105.992 -58.8956  255 255 255
14.5195 105.855 -59.6184  255 255 255
13.9483 105.073 -60.091  255 255 255
39.4877 111.996 -71.5633  255 255 255
16.0275 105.031 -60.623  255 255 255
78.7131 121.22 -87.3597  255 255 255
65.5366 117.557 -82.2082  255 255 255
57.8196 73.3691 -16.8006  255 255 255
57.9138 70.5702 -12.6611  255 255 255
70.0095 118.551 -84.788  255 255 255
61.1346 67.5748 -8.97218  255 255 255
-28.2117 92.042 -40.3778  255 255 255
47.3312 112.457 -75.5653  255 255 255
58.8259 68.2597 -10.5758  255 255 255
25.7824 106.623 -66.4005  255 255 255
-9.66717 97.5527 -50.6336  255 255 255
5.51338 100.898 -57.2243  255 255 255
53.885 48.976 18.0262  255 255 255
-11.8908 96.6175 -49.7936  255 255 255
26.8921 106.504 -67.3853  255 255 255
57.1297 71.0491 -16.1244  255 255 255
2.72925 99.8732 -56.6355  255 255 255
13.8358 102.555 -61.397  255 255 255
1.13008 99.2975 -55.7323  255 255 255
30.7906 107.234 -69.5115  255 255 255
22.7742 104.744 -66.0546  255 255 255
-32.9645 90.5261 -40.7261  255 255 255
61.7991 43.5272 24.5026  255 255 255
-72.5971 79.8273 -21.8353  255 255 255
63.086 113.835 -84.1026  255 255 255
-36.3418 88.7955 -39.5737  255 255 255
-8.40068 95.7536 -52.8248  255 255 255
-8.36508 95.8058 -52.9229  255 255 255
-38.4143 88.2104 -38.8341  255 255 255
57.1931 45.9028 19.0265  255 255 255
-0.741019 97.3416 -56.5158  255 255 255
58.907 43.914 21.6834  255 255 255
24.0358 103.561 -68.1612  255 255 255
57.6769 45.4812 19.0418  255 255 255
66.6507 57.8352 -1.02573  255 255 255
-12.7881 93.6104 -50.7348  255 255 255
-6.2337 95.2867 -54.5162  255 255 255
58.2503 43.4222 21.2968  255 255 255
-39.3484 87.4265 -39.5339  255 255 255
61.0861 39.4618 27.3057  255 255 255
-1.23308 96.3376 -57.0994  255 255 255
-14.0944 93.1231 -51.1533  255 255 255
83.1666 116.24 -94.1081  255 255 255
58.212 43.2865 20.6123  255 255 255
61.5314 39.3941 26.4288  255 255 255
7.40958 97.9128 -61.2766  255 255 255
72.885 113.174 -90.0367  255 255 255
63.1706 38.3513 27.687  255 255 255
-65.3164 80.2157 -27.4101  255 255 255
61.5613 38.8014 26.5101  255 255 255
66.5707 36.767 29.6387  255 255 255
66.5729 36.768 29.637  255 255 255
64.7183 110.687 -86.7209  255 255 255
15.9391 99.4031 -65.9957  255 255 255
57.958 66.6088 -17.9092  255 255 255
1.79165 95.7878 -59.2637  255 255 255
61.9111 38.4852 26.0574  255 255 255
68.1596 36.288 29.4103  255 255 255
28.8508 101.199 -71.2263  255 255 255
80.7233 34.7501 30.7823  255 255 255
63.2077 109.307 -87.2296  255 255 255
71.1469 34.0649 31.0795  255 255 255
-10.8649 91.2355 -54.4894  255 255 255
-70.6039 77.2335 -26.0693  255 255 255
-70.6363 77.3759 -26.2497  255 255 255
-13.5833 90.4425 -53.3683  255 255 255
-13.5305 90.4917 -53.6421  255 255 255
81.0662 111.791 -95.637  255 255 255
77.1357 110.501 -93.8328  255 255 255
-8.93949 90.8015 -55.7898  255 255 255
82.4222 111.632 -96.9054  255 255 255
118.338 119.998 -113.574  255 255 255
59.3917 105.816 -87.6225  255 255 255
53.5643 104.153 -85.0852  255 255 255
55.8887 42.391 14.31  255 255 255
64.3738 55.6495 -8.00019  255 255 255
62.6982 35.1517 25.682  255 255 255
62.6982 35.1517 25.682  255 255 255
-65.618 76.8081 -29.7185  255 255 255
55.4576 103.455 -86.2045  255 255 255
46.2106 101.487 -82.8585  255 255 255
19.629 94.9373 -71.1785  255 255 255
70.2626 106.21 -94.8027  255 255 255
53.3316 101.489 -87.5875  255 255 255
-36.1087 81.7979 -45.365  255 255 255
30.5738 96.501 -77.4107  255 255 255
-24.766 83.4922 -51.2095  255 255 255
-0.953392 88.3338 -62.9802  255 255 255
30.4334 95.3698 -78.1933  255 255 255
69.2908 103.159 -95.5635  255 255 255
69.4253 103.229 -95.685  255 255 255
72.0734 103.547 -96.7683  255 255 255
83.2896 106.404 -102.433  255 255 255
-65.0698 74.3434 -32.6936  255 255 255
43.4605 96.4655 -85.4064  255 255 255
43.3125 96.3273 -85.126  255 255 255
14.445 90.173 -71.6756  255 255 255
14.4334 90.1804 -71.672  255 255 255
-43.044 78.0416 -43.7943  255 255 255
44.6698 96.6264 -86.2063  255 255 255
105.99 108.72 -113.468  255 255 255
56.2572 38.1285 11.3939  255 255 255
42.553 95.6106 -85.1772  255 255 255
66.7773 48.033 -6.52457  255 255 255
19.4584 90.7527 -74.1396  255 255 255
58.7365 56.9593 -21.625  255 255 255
-2.88579 86.0056 -63.9918  255 255 255
-68.6434 71.8719 -31.4414  255 255 255
-54.179 74.7413 -38.823  255 255 255
-44.1414 76.8274 -44.1246  255 255 255
54.314 96.9397 -91.8662  255 255 255
44.3383 94.8449 -86.9824  255 255 255
-65.6446 72.2618 -33.2072  255 255 255
-45.0569 76.5541 -43.9297  255 255 255
56.8874 97.053 -92.8614  255 255 255
30.2012 91.5487 -80.5069  255 255 255
37.784 93.1905 -84.3056  255 255 255
-20.0165 80.9857 -56.1032  255 255 255
61.1079 52.4528 -17.7771  255 255 255
70.2628 98.6208 -98.8644  255 255 255
117.966 108.619 -121.281  255 255 255
-51.8397 74.0882 -41.1918  255 255 255
60.0466 54.7696 -23.3746  255 255 255
63.0505 49.837 -15.4032  255 255 255
39.6393 92.3292 -86.7541  255 255 255
34.887 91.0844 -84.2154  255 255 255
68.7854 98.2212 -100.502  255 255 255
65.9891 46.1799 -9.7424  255 255 255
84.7795 100.325 -106.65  255 255 255
-49.9493 73.8185 -42.4454  255 255 255
59.7016 95.3086 -95.6864  255 255 255
-52.3627 72.8153 -41.3559  255 255 255
-52.7912 71.1211 -38.3799  255 255 255
-4.82121 81.8787 -65.2248  255 255 255
-15.0615 79.5264 -60.8334  255 255 255
-67.3148 69.4531 -34.5469  255 255 255
-47.7137 73.255 -44.6249  255 255 255
-47.6847 73.2801 -44.6494  255 255 255
90.1975 99.702 -111.204  255 255 255
70.8197 95.7213 -102.092  255 255 255
20.1852 85.8847 -78.1591  255 255 255
-37.198 75.1523 -50.2661  255 255 255
25.0766 86.8511 -81.0393  255 255 255
-74.3388 67.6334 -31.0706  255 255 255
21.8706 85.9415 -79.3793  255 255 255
-29.6036 76.0991 -54.1346  255 255 255
57.4949 92.3538 -96.38  255 255 255
57.4262 92.2738 -96.2002  255 255 255
-54.0845 71.0548 -41.8299  255 255 255
72.3399 94.6338 -103.761  255 255 255
-73.1437 63.9146 -26.5261  255 255 255
65.8361 23.814 24.2124  255 255 255
69.1539 94.008 -103.801  255 255 255
68.4089 93.4298 -102.531  255 255 255
61.9915 26.6834 18.4903  255 255 255
-24.2913 75.2645 -57.3286  255 255 255
97.5208 97.937 -116.481  255 255 255
57.8382 31.154 9.89922  255 255 255
-23.315 75.2467 -58.31  255 255 255
-54.0149 69.8978 -43.159  255 255 255
90.8561 96.056 -113.967  255 255 255
-8.38 77.7895 -66.1887  255 255 255
-8.41019 77.7597 -66.0899  255 255 255
65.3114 42.6892 -13.6263  255 255 255
-51.227 69.9227 -44.3517  255 255 255
-51.2152 69.9304 -44.3739  255 255 255
55.1643 33.3145 4.95607  255 255 255
55.1643 33.3145 4.95608  255 255 255
33.274 84.9738 -86.4171  255 255 255
7.08075 80.3289 -74.1798  255 255 255
5.8116 80.0514 -73.851  255 255 255
3.30994 79.3221 -72.7392  255 255 255
-62.2443 67.5978 -39.5336  255 255 255
1.93969 78.7785 -71.7772  255 255 255
2.03529 78.8795 -72.07  255 255 255
0.558489 78.5165 -71.354  255 255 255
0.582521 78.5407 -71.4453  255 255 255
-43.207 70.152 -48.4183  255 255 255
-71.4652 65.5562 -35.0213  255 255 255
2.37979 77.8132 -72.6703  255 255 255
66.5335 89.2142 -104.234  255 255 255
63.0625 88.1944 -102.607  255 255 255
42.1593 83.5768 -93.7155  255 255 255
42.2214 83.646 -93.8506  255 255 255
78.5785 89.6739 -111.447  255 255 255
89.9696 91.2551 -117.195  255 255 255
89.9696 91.2551 -117.195  255 255 255
91.0989 91.0342 -117.536  255 255 255
37.119 82.0551 -92.2818  255 255 255
89.2522 90.8245 -117.769  255 255 255
-32.4886 69.6926 -56.9185  255 255 255
-68.8848 63.3806 -38.0045  255 255 255
62.9319 21.5994 16.8365  255 255 255
58.1204 25.7621 7.83677  255 255 255
79.9881 86.7413 -114.14  255 255 255
74.5643 85.3207 -112.727  255 255 255
69.526 83.661 -109.897  255 255 255
65.36 82.702 -108.722  255 255 255
65.7403 35.4201 -17.1474  255 255 255
65.2448 15.6438 20.5546  255 255 255
22.4296 74.1818 -88.4574  255 255 255
89.1472 84.2063 -122.19  255 255 255
62.2638 18.8723 13.7596  255 255 255
60.136 38.8658 -28.7445  255 255 255
-25.8548 65.5993 -64.3568  255 255 255
63.2582 35.2377 -23.7816  255 255 255
55.047 24.7881 -1.7781  255 255 255
63.0671 35.5111 -25.7899  255 255 255
0.272104 67.9832 -78.5755  255 255 255
-5.02643 66.5487 -77.1003  255 255 255
16.2776 66.9286 -83.1364  255 255 255
-54.7165 59.3258 -50.2271  255 255 255
-1.96852 66.3469 -78.35  255 255 255
64.077 32.6777 -23.9174  255 255 255
16.7842 65.0229 -82.5239  255 255 255
1.16664 66.2451 -81.4534  255 255 255
15.6441 65.9873 -85.5387  255 255 255
63.6237 31.0097 -25.9626  255 255 255
65.1294 11.4782 15.6381  255 255 255
56.3485 19.8272 -0.991012  255 255 255
56.5086 19.5555 -1.74695  255 255 255
-23.6714 59.779 -69.5935  255 255 255
59.6383 33.0335 -35.6094  255 255 255
62.6546 12.1701 9.39342  255 255 255
62.7335 12.1921 9.23053  255 255 255
63.1371 11.1556 10.6706  255 255 255
-35.7205 57.0984 -64.3642  255 255 255
-67.9013 53.1608 -46.694  255 255 255
68.3241 69.3751 -121.264  255 255 255
56.0239 17.7654 -3.97451  255 255 255
16.858 62.7597 -93.4622  255 255 255
66.4087 7.01278 15.5756  255 255 255
70.3778 2.40504 24.3414  255 255 255
-56.4423 52.9348 -54.1111  255 255 255
65.8678 5.73318 15.6529  255 255 255
10.2081 59.6936 -91.4326  255 255 255
65.6343 6.11257 13.6066  255 255 255
66.3735 4.19907 17.1581  255 255 255
-71.176 50.0626 -46.7055  255 255 255
61.8756 26.5604 -34.3773  255 255 255
-46.7065 52.744 -61.4807  255 255 255
-46.7 52.7671 -61.4787  255 255 255
65.6554 5.45812 12.9112  255 255 255
55.2469 14.7278 -8.45163  255 255 255
-59.4242 49.8521 -54.2175  255 255 255
30.1395 59.1005 -104.123  255 255 255
68.6287 1.5474 17.5127  255 255 255
-12.6307 53.6447 -81.8312  255 255 255
74.7839 -5.46721 30.1688  255 255 255
67.7663 -0.731162 20.269  255 255 255
66.2145 2.44267 12.1782  255 255 255
-2.15088 4.35248 26.5902  255 255 255
59.4358 7.56353 -0.864865  255 255 255
-14.9915 51.3573 -82.3176  255 255 255
70.5092 -2.59514 20.0297  255 255 255
-65.9796 46.4251 -52.9375  255 255 255
60.159 6.23201 1.12067  255 255 255
-6.00244 51.6024 -87.4092  255 255 255
-56.8383 46.2547 -59.3142  255 255 255
-24.7952 48.6854 -77.7203  255 255 255
5.69427 -1.65957 34.5345  255 255 255
-65.688 44.8121 -53.958  255 255 255
-61.9623 45.0811 -56.0088  255 255 255
-61.9577 45.0237 -55.9448  255 255 255
62.3204 3.52621 2.53112  255 255 255
62.4019 3.53516 2.43502  255 255 255
6.26271 -2.05196 34.5657  255 255 255
-12.9832 47.6917 -81.5379  255 255 255
67.0221 -1.40142 11.8566  255 255 255
-73.9933 43.7904 -49.4902  255 255 255
72.7945 -7.37936 23.8575  255 255 255
3.11352 -3.23427 36.8253  255 255 255
-53.9124 43.3853 -59.8486  255 255 255
8.88184 49.1879 -98.6161  255 255 255
-15.9705 3.95239 24.1907  255 255 255
-63.6922 42.9652 -56.5758  255 255 255
64.4105 -0.6293 5.55964  255 255 255
-4.41964 47.2116 -91.9803  255 255 255
-8.52992 -2.33736 35.5065  255 255 255
-73.2268 41.31 -50.3857  255 255 255
-17.0626 3.64439 22.7372  255 255 255
-7.88929 46.403 -90.3283  255 255 255
23.6356 40.4694 -89.3634  255 255 255
-62.359 41.824 -58.7685  255 255 255
61.7268 0.117207 -0.97328  255 255 255
-5.15565 -4.90283 37.7321  255 255 255
55.8337 5.381 -13.0335  255 255 255
62.4598 -2.07311 3.89437  255 255 255
-15.6198 -0.586173 29.9553  255 255 255
70.1802 -7.79403 15.2269  255 255 255
5.68173 -6.85096 37.2423  255 255 255
-12.1426 -3.35785 34.3168  255 255 255
-12.3372 43.2653 -89.3139  255 255 255
-16.4681 -1.59248 30.1357  255 255 255
-15.0344 -2.79691 31.984  255 255 255
10.8122 36.4298 -84.4911  255 255 255
-8.38751 41.4104 -91.1404  255 255 255
66.4042 -6.8718 7.42392  255 255 255
66.4042 -6.8718 7.42392  255 255 255
-2.15709 -8.20906 39.1578  255 255 255
-15.0437 40.7726 -89.104  255 255 255
-57.8121 38.0128 -64.8224  255 255 255
12.2152 -9.42208 34.5535  255 255 255
-20.6439 -1.04469 24.4286  255 255 255
-63.3476 36.6864 -61.2079  255 255 255
-56.8359 36.9875 -65.7106  255 255 255
-56.8359 36.9875 -65.7106  255 255 255
-53.919 36.5819 -67.5244  255 255 255
-23.3069 38.3273 -86.5751  255 255 255
-60.2187 36.1468 -63.6843  255 255 255
-24.3926 37.9146 -85.6674  255 255 255
3.50269 29.816 -75.8466  255 255 255
5.73658 -10.9822 37.7425  255 255 255
-8.22508 -8.99082 38.251  255 255 255
67.6272 -10.2047 6.93431  255 255 255
72.0889 -14.8142 15.18  255 255 255
5.47363 27.9633 -76.86  255 255 255
69.2606 -12.5983 9.37301  255 255 255
-13.7878 -8.00617 35.4343  255 255 255
-4.49889 -11.0681 39.5508  255 255 255
67.5783 -11.3873 5.89289  255 255 255
-29.9371 35.5707 -83.4571  255 255 255
73.8487 -15.6646 13.7274  255 255 255
-15.6063 -8.23789 34.298  255 255 255
-22.2836 -3.58698 22.3929  255 255 255
69.1257 -14.1517 7.52877  255 255 255
-13.4479 -10.0701 36.1433  255 255 255
10.4995 -13.9216 35.2643  255 255 255
69.1103 -15.0645 7.39323  255 255 255
71.6144 -17.0542 11.9809  255 255 255
71.6294 -17.061 11.9856  255 255 255
-38.9095 31.8708 -79.1076  255 255 255
72.7017 -19.0113 12.9457  255 255 255
-18.7317 -9.05486 30.8986  255 255 255
65.7699 -13.9895 -1.44202  255 255 255
-21.3577 -8.37918 29.1173  255 255 255
-2.32318 -15.0909 39.6212  255 255 255
-24.5812 -4.09051 17.0715  255 255 255
-11.5515 -13.4016 37.6069  255 255 255
-30.2077 -0.551692 5.96964  255 255 255
72.1282 -20.639 10.4839  255 255 255
-26.7679 -5.52118 19.2099  255 255 255
-26.2885 -5.69594 18.6463  255 255 255
1.25222 -17.1209 39.1735  255 255 255
72.4497 -21.4715 10.3426  255 255 255
-17.784 -12.083 33.3683  255 255 255
-26.3987 -6.83998 20.5963  255 255 255
-17.1208 -12.7417 34.1505  255 255 255
-0.396062 -17.4896 39.3711  255 255 255
3.73284 -18.7503 38.4228  255 255 255
-25.0848 -8.92391 23.4945  255 255 255
71.6375 -23.4641 11.1086  255 255 255
71.6901 -22.8895 7.58001  255 255 255
71.7271 -22.8843 7.50107  255 255 255
1.63886 -19.0435 38.7432  255 255 255
7.73279 -20.3294 37.8026  255 255 255
78.9866 -26.2053 9.90516  255 255 255
-33.7031 -7.00149 14.7463  255 255 255
-27.8511 -10.6832 23.6341  255 255 255
74.5412 -27.76 13.0558  255 255 255
-25.5569 8.36301 -49.8295  255 255 255
-23.0224 -14.6134 30.9808  255 255 255
64.8745 -20.8916 -8.74271  255 255 255
-7.38446 -19.8511 38.2187  255 255 255
78.7782 -28.8412 6.74163  255 255 255
-20.0711 -17.1525 34.18  255 255 255
-25.9589 -14.6512 27.55  255 255 255
74.8874 -30.6596 10.5787  255 255 255
83.8218 -30.8404 2.36209  255 255 255
-32.5329 -13.0914 22.9455  255 255 255
-50.9046 9.0433 -49.5983  255 255 255
68.4918 -27.35 -3.92011  255 255 255
9.40767 -26.8543 40.5833  255 255 255
9.90515 -27.0536 40.8449  255 255 255
-31.7778 -14.0187 23.6364  255 255 255
-32.7717 -14.3428 24.9053  255 255 255
-32.6033 -14.673 25.5438  255 255 255
10.3606 -27.7397 41.5415  255 255 255
-32.8309 -14.9051 25.3773  255 255 255
-22.5709 -19.0224 33.0378  255 255 255
11.1387 -28.0431 40.4857  255 255 255
74.9757 -34.7073 8.87516  255 255 255
75.6401 -36.2902 10.2181  255 255 255
77.0209 -37.7799 13.1524  255 255 255
-37.2281 -2.17427 -34.8767  255 255 255
-37.2401 -2.15748 -34.9435  255 255 255
-26.5104 -20.7777 33.3692  255 255 255
-30.1345 -19.1079 29.515  255 255 255
-30.1919 -19.4943 29.2648  255 255 255
-7.58387 -27.8776 42.4155  255 255 255
9.87552 -31.112 39.5666  255 255 255
10.9646 -31.2458 38.8126  255 255 255
10.9646 -31.2458 38.8126  255 255 255
-28.9948 -21.2193 33.6384  255 255 255
-8.86729 -28.8049 43.4381  255 255 255
-23.9616 -23.9337 36.3692  255 255 255
-6.78123 -29.5649 44.26  255 255 255
12.7433 -32.3721 36.7039  255 255 255
-22.6424 -24.675 37.2022  255 255 255
-15.9349 -27.7096 41.0113  255 255 255
-47.1727 -5.72309 -30.8127  255 255 255
-31.4386 -21.2896 24.3929  255 255 255
-16.6101 -28.2776 40.1102  255 255 255
-3.70367 -31.7901 42.0741  255 255 255
-3.71409 -31.785 42.0982  255 255 255
-7.94276 -31.1293 43.183  255 255 255
-4.51064 -32.4089 42.5713  255 255 255
-41.3813 -11.141 -22.4833  255 255 255
-3.93258 -32.8946 41.2873  255 255 255
-62.3455 -7.04051 -28.5989  255 255 255
-25.3336 -26.7346 32.5272  255 255 255
-8.45598 -32.8428 42.5754  255 255 255
-14.1199 -30.8766 39.4083  255 255 255
-22.6408 -28.0245 34.9027  255 255 255
10.3172 -36.1564 35.1959  255 255 255
-22.7934 -28.0991 34.4371  255 255 255
-8.07333 -33.042 41.1953  255 255 255
-9.08403 -32.8353 40.2887  255 255 255
-23.8279 -28.1363 33.2671  255 255 255
9.51151 -36.6113 35.5248  255 255 255
-13.4534 -31.7584 38.8507  255 255 255
-24.3695 -28.1401 32.4917  255 255 255
-52.1467 -11.8597 -23.9049  255 255 255
52.2078 -44.7406 18.3181  255 255 255
-45.8098 -15.1269 -18.4063  255 255 255
-51.4063 -13.7067 -20.2119  255 255 255
-51.4062 -13.7067 -20.2122  255 255 255
16.2477 -38.8648 30.6689  255 255 255
16.1071 -38.7345 30.2469  255 255 255
-8.45031 -34.6264 40.4866  255 255 255
8.88892 -38.0565 35.148  255 255 255
-13.1752 -33.4146 37.7419  255 255 255
-47.8711 -16.4371 -16.491  255 255 255
4.49233 -38.4516 38.105  255 255 255
-16.7248 -33.0506 35.9766  255 255 255
-3.3421 -37.2318 37.0187  255 255 255
-46.1086 -19.005 -13.1977  255 255 255
-24.4443 -31.073 30.2016  255 255 255
-50.9066 -18.1796 -14.5809  255 255 255
-12.4127 -35.8359 36.3587  255 255 255
-1.02392 -38.977 37.1414  255 255 255
-31.1315 -28.8867 20.998  255 255 255
-12.4226 -36.1551 36.1906  255 255 255
-31.066 -29.3333 20.8783  255 255 255
-11.9469 -36.724 35.9114  255 255 255
-30.2554 -29.9299 21.6695  255 255 255
-49.1332 -20.9512 -10.8501  255 255 255
-49.1357 -20.9596 -10.8895  255 255 255
-50.5077 -20.7294 -11.5353  255 255 255
-8.04765 -38.2451 36.7006  255 255 255
-49.5611 -21.1423 -10.5706  255 255 255
-2.78312 -39.5481 35.672  255 255 255
-55.6243 -19.9198 -13.1094  255 255 255
-8.79968 -38.5209 36.4129  255 255 255
-54.2196 -20.5689 -12.4617  255 255 255
-25.3566 -33.833 27.5854  255 255 255
-25.6527 -33.8653 28.2958  255 255 255
-23.2285 -34.8797 30.0071  255 255 255
-67.7434 -18.5901 -13.9015  255 255 255
-10.3339 -39.3981 34.901  255 255 255
24.368 -47.7577 26.3337  255 255 255
-52.1902 -23.9169 -7.07662  255 255 255
-26.5856 -34.436 25.31  255 255 255
-27.1137 -34.3483 24.673  255 255 255
-25.4063 -35.2156 26.5816  255 255 255
-25.4063 -35.2156 26.5816  255 255 255
-60.8866 -22.661 -8.62273  255 255 255
-48.2665 -27.2079 -3.60189  255 255 255
-59.8237 -24.6486 -5.87897  255 255 255
-58.4642 -25.1177 -5.51348  255 255 255
21.4906 -50.932 31.3191  255 255 255
4.54217 -47.1003 37.2577  255 255 255
-29.5232 -36.3977 22.9297  255 255 255
-7.76089 -44.1888 34.8498  255 255 255
-48.4941 -30.2138 -0.137532  255 255 255
-10.8394 -43.6783 31.8282  255 255 255
-53.6192 -29.2544 -0.290174  255 255 255
-48.6331 -30.8554 1.54894  255 255 255
-8.42665 -46.2941 36.4009  255 255 255
-33.0337 -38.6335 24.6462  255 255 255
-8.99288 -46.5608 36.7601  255 255 255
-54.3689 -31.746 3.62011  255 255 255
-31.7646 -39.5615 24.4778  255 255 255
-32.9796 -40.776 22.92  255 255 255
12.6683 -55.7594 34.0988  255 255 255
-59.0392 -35.12 6.96119  255 255 255
-51.7279 -37.6447 10.6896  255 255 255
-59.8677 -35.4288 7.11496  255 255 255
-60.698 -36.2879 8.59356  255 255 255
11.4143 -61.4561 38.392  255 255 255
8.37602 -63.9869 44.5813  255 255 255
9.00466 -64.294 44.8953  255 255 255
10.9311 -66.4066 42.2576  255 255 255
9.51661 -66.0484 44.2799  255 255 255
-38.7334 -50.7848 27.9189  255 255 255
-12.5231 -59.7293 39.2203  255 255 255
-12.284 -60.3801 40.0192  255 255 255
-10.67 -62.0564 42.2979  255 255 255
-5.61477 104.168 -48.7575  255 255 255
6.92746 107.225 -53.7163  255 255 255
43.382 116.989 -68.8827  255 255 255
9.02863 107.695 -54.8843  255 255 255
50.2511 117.783 -71.6929  255 255 255
54.1138 118.819 -73.0007  255 255 255
39.5893 114.729 -67.4115  255 255 255
12.2362 107.34 -57.103  255 255 255
31.6944 111.139 -66.8029  255 255 255
-6.22182 99.3242 -50.8934  255 255 255
-6.17764 99.3873 -51.0093  255 255 255
51.0509 113.634 -76.7574  255 255 255
52.476 114.07 -77.3691  255 255 255
52.5505 114.11 -77.4194  255 255 255
58.7169 115.849 -80.3218  255 255 255
58.377 115.54 -79.8048  255 255 255
32.8099 109.036 -69.2266  255 255 255
38.5319 110.314 -71.6705  255 255 255
38.4824 110.242 -71.6673  255 255 255
-7.95183 98.3201 -51.3055  255 255 255
-4.426 98.873 -52.2434  255 255 255
44.202 111.733 -74.0155  255 255 255
-38.0923 87.6808 -33.626  255 255 255
68.4678 116.889 -84.5857  255 255 255
14.9707 103.63 -62.0056  255 255 255
57.0977 71.3432 -17.3978  255 255 255
-63.3864 80.0855 -21.9448  255 255 255
-59.8066 79.8329 -22.0821  255 255 255
17.2561 103.131 -63.4488  255 255 255
14.937 102.304 -62.7468  255 255 255
24.3495 104.98 -67.5167  255 255 255
55.55 46.6861 19.1804  255 255 255
0.369861 98.2774 -56.6925  255 255 255
-1.49269 97.5096 -55.4322  255 255 255
63.9551 113.288 -85.3833  255 255 255
11.7277 100.271 -62.3608  255 255 255
-35.1799 88.8384 -40.9953  255 255 255
6.52136 98.7417 -59.8614  255 255 255
64.5525 39.2374 28.4169  255 255 255
64.2685 39.1198 28.6676  255 255 255
62.7627 37.4435 31.4462  255 255 255
4.94711 98.3477 -59.2835  255 255 255
32.6426 105.003 -71.7882  255 255 255
-73.0066 79.7435 -23.5256  255 255 255
-70.2913 79.9789 -24.481  255 255 255
64.7462 37.2744 31.1295  255 255 255
61.6218 39.4116 27.589  255 255 255
-9.48743 94.3187 -52.875  255 255 255
-9.37357 94.5008 -53.2848  255 255 255
-42.8271 86.3023 -37.956  255 255 255
18.9896 101.165 -66.1961  255 255 255
73.1648 35.4832 32.9385  255 255 255
60.6022 39.8895 26.2076  255 255 255
17.5583 100.792 -65.9311  255 255 255
59.7758 41.8752 22.4702  255 255 255
62.6895 37.4985 29.1083  255 255 255
62.892 37.5847 28.9387  255 255 255
-62.9486 80.491 -28.6282  255 255 255
-40.8387 85.9299 -39.4074  255 255 255
31.9534 103.956 -73.9604  255 255 255
31.9533 103.955 -73.9603  255 255 255
14.5111 98.7915 -65.1802  255 255 255
58.6808 42.8078 19.4013  255 255 255
-63.467 80.2905 -29.266  255 255 255
-52.9038 82.5521 -34.3064  255 255 255
-12.9931 91.7287 -52.9695  255 255 255
-9.06566 92.5131 -54.7591  255 255 255
35.054 102.804 -75.0979  255 255 255
18.3528 98.3562 -67.3569  255 255 255
18.2814 98.2377 -67.1899  255 255 255
28.8305 100.79 -72.5996  255 255 255
-71.5478 77.072 -25.3379  255 255 255
31.4153 100.891 -74.4008  255 255 255
34.6091 101.36 -75.5163  255 255 255
30.3293 100.132 -74.4028  255 255 255
73.1245 109.599 -92.8324  255 255 255
63.6894 57.6173 -8.69091  255 255 255
-13.1321 89.5486 -53.9859  255 255 255
-12.9893 89.7146 -54.2748  255 255 255
-1.39661 92.299 -59.2668  255 255 255
64.6659 56.1061 -6.95998  255 255 255
8.81619 94.6734 -64.4668  255 255 255
38.8328 101.239 -78.7567  255 255 255
50.997 103.939 -84.9964  255 255 255
-55.3616 78.8516 -34.9638  255 255 255
56.0212 103.194 -87.8564  255 255 255
71.3627 106.089 -94.753  255 255 255
-6.51136 88.8506 -59.1085  255 255 255
99.2663 111.542 -108.052  255 255 255
99.395 111.588 -108.261  255 255 255
49.7597 100.406 -86.1359  255 255 255
-31.4416 82.4554 -47.9225  255 255 255
-13.8094 85.2855 -56.735  255 255 255
-13.8081 85.2648 -56.7015  255 255 255
53.9305 100.042 -88.4861  255 255 255
63.3808 32.0784 24.8269  255 255 255
63.4746 32.0983 24.7307  255 255 255
52.4215 99.7344 -88.0852  255 255 255
52.6571 100.044 -88.5149  255 255 255
47.3362 98.5093 -86.028  255 255 255
82.5699 105.853 -101.479  255 255 255
-22.8381 83.1292 -52.9194  255 255 255
99.5897 108.789 -110.013  255 255 255
-8.22847 85.7947 -60.6846  255 255 255
-6.62337 86.2028 -61.3423  255 255 255
53.4222 98.7945 -89.3335  255 255 255
78.8366 103.783 -100.276  255 255 255
111.591 110.992 -115.72  255 255 255
64.7861 50.4187 -9.32509  255 255 255
54.3375 98.1817 -90.1657  255 255 255
63.7268 100.362 -94.6694  255 255 255
39.3561 95.3516 -83.3715  255 255 255
-4.89941 84.9439 -61.6547  255 255 255
-57.0005 74.2867 -36.1586  255 255 255
-52.7211 75.1699 -39.1408  255 255 255
57.9316 98.4056 -92.6683  255 255 255
33.5662 92.3567 -81.6606  255 255 255
16.4024 88.5262 -74.1846  255 255 255
-6.71894 83.6055 -62.8405  255 255 255
65.3092 97.9997 -97.2646  255 255 255
-52.4774 73.7227 -39.6277  255 255 255
-48.8848 75.061 -42.3314  255 255 255
-38.112 77.0163 -47.6881  255 255 255
-9.77712 82.5637 -61.503  255 255 255
60.4085 52.7617 -20.1836  255 255 255
64.5281 47.8863 -12.0154  255 255 255
-67.3626 70.6938 -33.425  255 255 255
-67.3273 70.6064 -33.2004  255 255 255
-26.9264 78.3669 -53.8875  255 255 255
32.702 90.4619 -83.6942  255 255 255
-48.2541 73.0014 -41.9282  255 255 255
-47.0751 73.9964 -44.5077  255 255 255
39.1157 90.5943 -86.9429  255 255 255
38.9434 90.4158 -86.633  255 255 255
-7.95936 81.032 -64.0716  255 255 255
-52.0819 72.1536 -41.616  255 255 255
-21.3612 78.5112 -57.6912  255 255 255
-9.85411 80.5549 -63.3865  255 255 255
22.7327 86.3519 -79.1099  255 255 255
27.8546 87.5283 -81.6345  255 255 255
-11.0476 79.9868 -63.293  255 255 255
-11.191 79.7675 -62.8868  255 255 255
-47.4395 72.969 -45.3383  255 255 255
6.18615 82.2497 -71.3658  255 255 255
26.338 86.41 -81.78  255 255 255
26.3379 86.41 -81.78  255 255 255
-16.6432 77.4628 -60.4124  255 255 255
-81.0102 66.1612 -28.9018  255 255 255
-80.9375 65.9778 -28.669  255 255 255
69.5188 93.516 -102.291  255 255 255
69.4863 93.5484 -102.33  255 255 255
-18.8572 77.1535 -60.1323  255 255 255
14.4584 83.5193 -76.6939  255 255 255
14.5279 83.6059 -76.8663  255 255 255
93.5334 97.8455 -114.683  255 255 255
-80.9524 65.3917 -29.1997  255 255 255
-46.9864 71.5254 -46.4602  255 255 255
63.0139 25.5179 20.3964  255 255 255
-48.2569 70.963 -45.3148  255 255 255
89.4744 96.7048 -113.516  255 255 255
55.2434 89.8918 -97.074  255 255 255
28.5371 84.6282 -84.5177  255 255 255
31.1791 85.2203 -86.2819  255 255 255
31.3854 85.5031 -86.7806  255 255 255
-78.3339 65.206 -31.3006  255 255 255
-13.2052 76.1807 -63.8434  255 255 255
-2.14662 78.5603 -69.8109  255 255 255
61.7016 90.1759 -101.491  255 255 255
61.7081 90.2354 -101.617  255 255 255
61.749 90.234 -101.627  255 255 255
71.8223 91.7187 -105.728  255 255 255
-75.7627 65.4532 -33.1894  255 255 255
-0.653127 78.3134 -71.2292  255 255 255
66.9431 20.843 24.923  255 255 255
32.1076 83.4775 -87.5853  255 255 255
-6.86428 76.2565 -68.0517  255 255 255
83.3237 92.5744 -112.628  255 255 255
99.5774 95.0838 -120.248  255 255 255
79.9069 91.4717 -111.017  255 255 255
96.496 94.2228 -119.131  255 255 255
-25.2526 72.7626 -59.3422  255 255 255
-0.6329 77.0803 -71.7844  255 255 255
-1.82489 76.8126 -71.8821  255 255 255
89.3 92.5019 -116.412  255 255 255
89.1583 92.465 -116.392  255 255 255
67.1807 88.1179 -105.811  255 255 255
62.3088 86.674 -103.305  255 255 255
53.6097 85.2614 -100.12  255 255 255
63.0071 22.3131 17.6108  255 255 255
63.0071 22.3131 17.6108  255 255 255
-75.2647 62.7114 -34.5592  255 255 255
64.908 38.7513 -16.2834  255 255 255
3.0403 73.6729 -76.7645  255 255 255
1.86223 72.3576 -75.5618  255 255 255
45.3434 79.9426 -99.0217  255 255 255
60.1199 41.9744 -27.7758  255 255 255
-25.5705 68.0104 -62.6997  255 255 255
33.8219 77.4468 -93.9512  255 255 255
-27.542 67.4236 -61.6987  255 255 255
30.5104 76.251 -91.6612  255 255 255
41.8691 77.2591 -97.6913  255 255 255
38.5801 74.8424 -93.4487  255 255 255
-82.4258 53.3748 -25.6782  255 255 255
-13.1946 67.7109 -70.7153  255 255 255
-14.9101 67.1111 -69.8062  255 255 255
-34.1849 63.2134 -60.284  255 255 255
64.3218 33.6201 -22.2369  255 255 255
62.9667 34.4422 -25.2105  255 255 255
-28.332 63.3363 -64.0133  255 255 255
57.8109 20.7971 3.1929  255 255 255
60.748 35.9389 -29.6824  255 255 255
-58.6431 58.4835 -48.1835  255 255 255
65.7296 30.6211 -20.3735  255 255 255
55.5078 22.4774 -2.3354  255 255 255
31.9933 69.1152 -94.8843  255 255 255
12.9744 67.0522 -87.05  255 255 255
35.1886 70.2764 -99.403  255 255 255
28.853 69.5868 -97.3277  255 255 255
-72.0985 55.2451 -41.4803  255 255 255
-72.0802 55.338 -41.7176  255 255 255
-72.0691 55.3597 -41.7732  255 255 255
65.4884 29.4582 -21.5397  255 255 255
-55.6635 57.3416 -51.3609  255 255 255
-55.6543 57.3233 -51.2819  255 255 255
28.6427 68.3636 -96.4104  255 255 255
-33.0797 60.3819 -64.1704  255 255 255
-33.0797 60.3819 -64.1704  255 255 255
13.3937 64.7742 -86.4182  255 255 255
44.2479 70.4379 -105.667  255 255 255
65.0469 72.2412 -116.429  255 255 255
70.4387 5.34291 26.1135  255 255 255
57.6176 36.8369 -39.4428  255 255 255
-25.1251 60.1043 -68.6028  255 255 255
43.7421 68.6102 -105.786  255 255 255
43.7774 68.6363 -105.858  255 255 255
-22.2683 59.952 -70.1411  255 255 255
-22.1719 60.0971 -70.6138  255 255 255
-22.1905 60.0656 -70.3695  255 255 255
-6.4422 61.485 -78.4736  255 255 255
60.1975 33.168 -35.0198  255 255 255
36.7506 67.0854 -102.794  255 255 255
25.4851 65.2498 -97.5074  255 255 255
56.0778 18.3883 -3.40816  255 255 255
56.2564 18.4503 -3.61056  255 255 255
42.1972 66.4691 -106.527  255 255 255
70.6477 2.53136 25.595  255 255 255
14.4215 61.9282 -91.6408  255 255 255
-55.6373 53.616 -54.4332  255 255 255
56.1823 16.4627 -4.70704  255 255 255
46.288 64.5201 -110.631  255 255 255
14.2754 60.6548 -92.5796  255 255 255
11.8225 60.0994 -92.2679  255 255 255
0.218816 58.8189 -86.1441  255 255 255
36.5101 62.8163 -106.243  255 255 255
61.3881 27.9099 -34.9453  255 255 255
61.1532 27.8711 -34.7384  255 255 255
61.8376 27.1332 -33.8381  255 255 255
40.2221 62.5373 -108.538  255 255 255
63.6777 24.437 -30.3458  255 255 255
-7.4843 55.6704 -83.3073  255 255 255
10.8559 57.7867 -94.0145  255 255 255
-6.45293 55.5627 -83.5279  255 255 255
-6.42873 55.5492 -83.5176  255 255 255
65.7334 4.10489 11.9977  255 255 255
-33.1797 51.9768 -69.8392  255 255 255
-7.7517 54.5983 -84.2569  255 255 255
66.95 2.55186 14.3278  255 255 255
63.4927 21.8174 -32.4777  255 255 255
71.3545 -3.76575 24.4469  255 255 255
-53.5741 46.7729 -56.1811  255 255 255
64.2816 19.9045 -31.3739  255 255 255
-48.2156 48.4647 -62.6826  255 255 255
-31.1127 49.1729 -72.9827  255 255 255
-31.1127 49.1729 -72.9827  255 255 255
68.8351 -1.73248 15.8883  255 255 255
-59.484 46.3677 -57.5432  255 255 255
-11.1841 3.39424 28.9368  255 255 255
-11.1739 3.41233 28.8799  255 255 255
-63.0019 45.1086 -55.4371  255 255 255
-63.0223 45.1097 -55.4436  255 255 255
-66.9519 44.6077 -53.313  255 255 255
-61.2711 44.9037 -56.8876  255 255 255
-7.40155 49.6157 -88.1846  255 255 255
68.0385 -2.24358 13.9339  255 255 255
4.17484 -3.30474 36.009  255 255 255
-67.2982 43.3697 -54.003  255 255 255
-46.92 44.5775 -65.8246  255 255 255
67.3762 -2.44537 11.1659  255 255 255
67.3439 -2.41011 11.2216  255 255 255
-12.0972 46.829 -85.5586  255 255 255
-14.9697 2.21338 27.2377  255 255 255
69.3363 -4.77621 14.7124  255 255 255
-52.2623 43.7634 -63.3819  255 255 255
-3.96662 46.7001 -92.3308  255 255 255
-12.431 -1.67587 32.866  255 255 255
9.77691 42.6188 -92.032  255 255 255
69.5945 -7.45723 15.1184  255 255 255
23.8122 37.4205 -86.1559  255 255 255
-15.9819 -0.33858 29.0407  255 255 255
67.5434 -6.32486 9.41464  255 255 255
-19.1875 0.778539 24.649  255 255 255
71.7307 -11.3245 16.5631  255 255 255
-29.4629 40.2749 -81.252  255 255 255
-20.2432 -0.598219 24.4938  255 255 255
-24.0807 39.6943 -84.283  255 255 255
11.0173 -9.50927 35.2513  255 255 255
60.0353 -1.91842 -7.67494  255 255 255
12.1877 -10.3804 34.8496  255 255 255
-41.6071 35.6482 -76.72  255 255 255
-10.2238 -9.29179 37.73  255 255 255
-10.2238 -9.29179 37.73  255 255 255
-20.538 2.35912 8.42457  255 255 255
-22.3263 -2.19298 21.7113  255 255 255
-35.0929 32.5394 -79.2408  255 255 255
64.2635 -11.6797 -2.75656  255 255 255
-5.47165 -14.545 39.5316  255 255 255
75.8072 -23.1905 20.1258  255 255 255
75.2605 -23.3682 17.6778  255 255 255
74.3418 -22.2072 10.4021  255 255 255
-17.6038 -13.3404 33.7919  255 255 255
10.3233 -19.4912 34.9094  255 255 255
26.1135 -22.1919 33.4822  255 255 255
9.21637 -20.5017 37.3808  255 255 255
71.083 -23.2306 6.28119  255 255 255
-13.7406 -16.1369 36.6513  255 255 255
-31.4344 -7.28706 15.5175  255 255 255
66.6455 -20.9076 -3.91832  255 255 255
67.9471 -24.334 -3.1103  255 255 255
73.7796 -29.91 7.52607  255 255 255
-33.4307 -13.4013 23.7808  255 255 255
68.5282 -27.7376 -3.23848  255 255 255
10.1998 -27.7377 41.4899  255 255 255
-28.9609 -16.4189 27.9053  255 255 255
78.6507 -32.2899 0.95169  255 255 255
78.6486 -32.29 0.953627  255 255 255
-7.55025 -24.6273 40.9162  255 255 255
-8.26409 -24.411 40.1652  255 255 255
-8.26698 -24.4094 40.1963  255 255 255
76.536 -31.7383 -2.55249  255 255 255
-31.7182 -16.5089 27.3145  255 255 255
74.7854 -35.0035 7.38743  255 255 255
-30.1658 -18.6662 30.4006  255 255 255
13.2694 -30.9341 37.7266  255 255 255
-34.0763 -17.1983 22.2292  255 255 255
-27.4413 -21.8199 34.8759  255 255 255
-35.1109 -6.02137 -30.0141  255 255 255
-34.1252 -18.2492 21.6786  255 255 255
-7.05538 -29.2498 43.9459  255 255 255
-6.8536 -29.2663 43.6999  255 255 255
68.9295 -40.1248 12.6121  255 255 255
-17.3553 -26.9207 40.8114  255 255 255
-28.9151 -22.748 33.1566  255 255 255
-18.3004 -26.748 40.6845  255 255 255
-8.24743 -29.9682 44.7332  255 255 255
-51.1346 -4.93686 -31.4576  255 255 255
-16.2092 -27.8939 40.7789  255 255 255
-37.654 -9.90715 -25.4624  255 255 255
-9.20738 -30.5397 42.4329  255 255 255
-43.6708 -9.62255 -25.7012  255 255 255
4.64622 -33.8977 40.196  255 255 255
4.92294 -33.9206 39.8472  255 255 255
-42.0021 -10.4593 -24.4316  255 255 255
-24.2222 -26.5391 33.9656  255 255 255
-15.792 -30.0283 39.1898  255 255 255
-41.6236 -12.9178 -21.1201  255 255 255
-27.5299 -25.9546 30.4603  255 255 255
-27.5241 -25.9586 30.4432  255 255 255
-42.8364 -12.7172 -21.4282  255 255 255
-14.4618 -31.0186 39.0934  255 255 255
-8.28497 -33.2263 42.146  255 255 255
-44.2968 -13.8581 -19.8803  255 255 255
3.75729 -36.0457 38.8947  255 255 255
-30.2824 -25.2373 24.8652  255 255 255
-13.9767 -31.5357 38.8288  255 255 255
-12.3731 -32.0867 38.5732  255 255 255
-71.5609 -7.77734 -27.6794  255 255 255
-19.6722 -30.7358 36.2762  255 255 255
8.68986 -38.4166 35.7556  255 255 255
-48.8232 -16.8488 -15.8744  255 255 255
-7.52802 -36.1061 40.1976  255 255 255
4.07173 -38.445 36.5152  255 255 255
-31.9987 -26.8476 21.0069  255 255 255
-48.5668 -17.3672 -15.6008  255 255 255
-41.6411 -20.0151 -9.53457  255 255 255
-45.912 -18.3884 -14.0283  255 255 255
-19.8152 -32.9555 36.3324  255 255 255
-23.2876 -31.1539 30.8935  255 255 255
-23.9555 -31.1686 30.737  255 255 255
18.6072 -42.4748 31.8122  255 255 255
-17.6906 -34.6602 34.5922  255 255 255
-8.47138 -37.3877 37.3057  255 255 255
-58.4237 -17.5272 -15.1641  255 255 255
-23.5838 -32.5027 29.7172  255 255 255
-28.9662 -30.9933 26.8328  255 255 255
-30.0421 -30.2112 22.366  255 255 255
-55.1567 -19.2325 -13.726  255 255 255
-24.393 -32.9104 28.689  255 255 255
1.49541 -40.6431 34.798  255 255 255
-3.64783 -39.5866 35.9024  255 255 255
-15.0746 -36.6754 34.6512  255 255 255
-1.95347 -40.7086 35.4902  255 255 255
-55.2923 -21.0784 -10.9391  255 255 255
-1.28803 -41.1258 34.9149  255 255 255
-23.1734 -35.5046 29.6388  255 255 255
-26.0977 -34.9928 25.4633  255 255 255
-54.9994 -24.1104 -6.82286  255 255 255
-53.4338 -24.6335 -6.13153  255 255 255
-58.3945 -23.4969 -7.24008  255 255 255
-8.94992 -41.6792 34.0255  255 255 255
-20.3396 -39.6185 31.5827  255 255 255
-7.32847 -43.7265 35.2205  255 255 255
-48.1536 -29.1969 -1.15662  255 255 255
-50.6749 -28.5681 -1.10063  255 255 255
-70.6452 -23.6307 -7.24359  255 255 255
-50.1154 -30.8149 1.41633  255 255 255
-48.7176 -31.9601 3.17068  255 255 255
10.3606 -53.2804 34.5459  255 255 255
-32.4863 -41.7873 22.5257  255 255 255
11.8589 -58.6673 37.5428  255 255 255
-60.8386 -37.4665 9.77833  255 255 255
10.1973 -62.2031 38.7633  255 255 255
2.06189 -59.9285 36.2794  255 255 255
-2.89392 -59.0265 37.2883  255 255 255
-2.78545 -59.6689 38.4185  255 255 255
5.27803 -65.0221 45.8349  255 255 255
-5.03053 -62.1262 39.7908  255 255 255
-11.3015 -60.074 39.8283  255 255 255
-12.8699 -59.7778 38.327  255 255 255
0.833054 -64.441 41.7774  255 255 255
-14.4233 -59.9919 40.8239  255 255 255
-10.9241 -61.2989 41.0124  255 255 255
4.84261 106.53 -52.7561  255 255 255
0.413539 105.292 -51.0211  255 255 255
32.8868 112.972 -64.4629  255 255 255
64.1398 121.731 -77.9327  255 255 255
31.6889 112.61 -64.8803  255 255 255
16.1265 106.313 -60.5781  255 255 255
62.7593 118.419 -80.0285  255 255 255
11.4725 104.278 -57.8393  255 255 255
11.8335 104.842 -58.7053  255 255 255
59.8613 117.265 -79.2989  255 255 255
59.8876 117.264 -79.3081  255 255 255
50.4865 114.627 -75.6384  255 255 255
-5.32968 99.1716 -51.7105  255 255 255
24.3499 106.69 -65.3754  255 255 255
-11.4632 97.1644 -49.4299  255 255 255
57.3838 71.2309 -14.767  255 255 255
40.1376 110.5 -72.62  255 255 255
18.3329 104.703 -63.1304  255 255 255
-12.5295 96.6943 -49.3541  255 255 255
16.3547 104.124 -62.3906  255 255 255
66.4027 43.5189 26.293  255 255 255
-1.33112 99.0864 -55.0831  255 255 255
59.4117 67.753 -11.6077  255 255 255
-16.9845 94.4228 -48.4252  255 255 255
57.5947 69.8304 -16.5284  255 255 255
60.267 66.8988 -12.1946  255 255 255
-63.2121 82.2936 -26.7091  255 255 255
-58.8161 83.6826 -29.408  255 255 255
21.9423 103.382 -66.547  255 255 255
21.5435 102.887 -65.7659  255 255 255
62.0682 63.5467 -8.15513  255 255 255
-6.62962 96.0663 -53.6064  255 255 255
-29.3621 90.3793 -43.3777  255 255 255
57.6504 45.0319 20.0006  255 255 255
65.9103 37.3112 31.0561  255 255 255
-28.3239 89.7188 -43.9884  255 255 255
-4.23577 95.6439 -55.2829  255 255 255
26.2531 103.355 -69.6032  255 255 255
62.2505 37.934 29.5243  255 255 255
35.3752 105.43 -73.7434  255 255 255
-5.37486 94.5176 -55.6073  255 255 255
5.70911 97.0497 -60.4998  255 255 255
21.5314 100.831 -68.0249  255 255 255
27.6188 102.312 -71.0579  255 255 255
-6.49576 93.8672 -55.6935  255 255 255
-24.636 89.6905 -47.3846  255 255 255
-10.0042 93.0139 -54.1895  255 255 255
17.8834 99.5289 -66.7154  255 255 255
63.0662 36.2796 27.733  255 255 255
-6.61022 92.5603 -56.4672  255 255 255
-4.23983 93.2261 -57.5283  255 255 255
-68.023 77.698 -27.3134  255 255 255
16.1738 96.8779 -67.6173  255 255 255
16.1684 96.9062 -67.7068  255 255 255
-75.8039 75.8564 -24.3164  255 255 255
-62.4394 78.7247 -31.1036  255 255 255
-62.427 78.6614 -30.9372  255 255 255
-6.65175 91.379 -57.5335  255 255 255
-10.2864 90.2402 -55.5928  255 255 255
62.4861 106.65 -88.6797  255 255 255
86.2023 111.908 -99.261  255 255 255
18.5492 96.7639 -69.8235  255 255 255
35.2875 100.317 -76.9034  255 255 255
103.953 115.614 -107.443  255 255 255
-29.1368 85.2765 -46.8744  255 255 255
-29.1109 85.3593 -47.027  255 255 255
-1.94613 91.4755 -59.9769  255 255 255
79.0036 109.61 -96.9338  255 255 255
79.2042 109.736 -97.2412  255 255 255
39.8874 100.038 -78.6829  255 255 255
39.8875 100.038 -78.683  255 255 255
-66.6971 76.407 -29.7662  255 255 255
52.455 102.55 -86.1742  255 255 255
52.3364 102.43 -86.0364  255 255 255
47.4401 101.206 -83.9918  255 255 255
49.1397 101.557 -84.5806  255 255 255
49.2595 101.667 -84.9049  255 255 255
73.2154 106.661 -95.123  255 255 255
-3.07103 88.4912 -61.2986  255 255 255
-2.96747 88.6909 -61.6376  255 255 255
40.3603 97.9396 -82.3915  255 255 255
-65.8787 74.676 -31.8252  255 255 255
-16.7911 84.1884 -55.4957  255 255 255
-23.2836 82.4632 -53.3894  255 255 255
70.9098 102.155 -97.4531  255 255 255
13.2162 89.9881 -71.5107  255 255 255
-54.8226 75.1707 -38.2177  255 255 255
-54.7973 75.2339 -38.3615  255 255 255
38.293 94.5037 -83.6515  255 255 255
55.0867 97.4192 -90.0982  255 255 255
68.4262 100.963 -98.13  255 255 255
68.1706 100.755 -97.5855  255 255 255
-19.2988 82.1593 -55.8496  255 255 255
60.0347 52.9109 -16.1912  255 255 255
13.8834 88.6237 -72.0343  255 255 255
13.9407 88.6485 -72.1941  255 255 255
35.0398 92.9861 -82.5221  255 255 255
-61.6094 72.9205 -35.6666  255 255 255
-61.6094 72.9205 -35.6666  255 255 255
-61.5499 73.0641 -35.8403  255 255 255
38.2573 93.0471 -85.0436  255 255 255
-21.5033 80.3782 -55.5975  255 255 255
66.205 46.4263 -8.61589  255 255 255
-24.0061 79.8419 -55.3633  255 255 255
-23.0532 79.7822 -55.5779  255 255 255
-75.0146 69.0355 -28.9684  255 255 255
-6.88452 82.3998 -63.9246  255 255 255
29.6806 89.1808 -81.7674  255 255 255
-45.6286 74.3473 -45.2215  255 255 255
35.1191 89.6953 -84.8164  255 255 255
-48.9465 73.1797 -43.2866  255 255 255
-48.9372 73.2014 -43.4204  255 255 255
-17.282 79.5396 -59.736  255 255 255
61.6042 29.4179 18.3574  255 255 255
-31.0142 76.4669 -52.6201  255 255 255
-20.2684 78.1181 -57.983  255 255 255
-42.9215 73.8308 -46.7341  255 255 255
-54.5442 71.5267 -41.0116  255 255 255
64.1053 93.7977 -99.9147  255 255 255
65.5975 43.4771 -10.0152  255 255 255
-73.7851 67.1488 -31.4436  255 255 255
58.9226 30.3762 12.7446  255 255 255
63.9976 92.4794 -100.53  255 255 255
-2.13586 79.7705 -68.6643  255 255 255
32.5038 86.2986 -85.8345  255 255 255
65.0439 23.5596 23.5767  255 255 255
58.315 51.389 -27.0245  255 255 255
-7.16229 78.0871 -66.3354  255 255 255
-6.03168 77.9146 -66.6951  255 255 255
-5.99575 77.9723 -66.8107  255 255 255
-55.9015 68.717 -42.3353  255 255 255
-55.8822 68.9372 -42.8865  255 255 255
-55.9137 68.7518 -42.464  255 255 255
-54.5476 69.1306 -43.1334  255 255 255
-63.8639 67.4 -38.6227  255 255 255
96.5436 96.1766 -118.323  255 255 255
-26.0099 73.675 -58.115  255 255 255
91.8389 95.6884 -118.042  255 255 255
56.9312 50.8633 -31.7662  255 255 255
-57.9276 66.9637 -42.6802  255 255 255
91.9781 92.8631 -117.3  255 255 255
40.5718 83.2285 -93.4695  255 255 255
57.7942 26.2833 10.6881  255 255 255
32.2943 80.8629 -90.1188  255 255 255
59.1918 25.4287 10.3174  255 255 255
-57.5559 64.9295 -43.8304  255 255 255
85.168 87.9765 -116.183  255 255 255
59.493 25.0473 8.9931  255 255 255
-32.8346 67.8593 -56.6769  255 255 255
-32.8345 67.8594 -56.6771  255 255 255
47.3672 80.2976 -99.1923  255 255 255
59.1222 42.6329 -30.7583  255 255 255
59.1633 42.6427 -30.787  255 255 255
65.8945 34.4326 -15.7403  255 255 255
65.8944 34.4144 -15.7392  255 255 255
-29.2632 66.9517 -60.7685  255 255 255
59.4311 22.3585 8.28999  255 255 255
-41.4655 64.2451 -54.5781  255 255 255
31.6852 74.6303 -92.825  255 255 255
22.2394 75.074 -92.1477  255 255 255
-4.65595 68.9542 -75.0249  255 255 255
-29.2245 64.4207 -61.3454  255 255 255
63.0145 17.1007 14.614  255 255 255
-58.346 60.4328 -46.9762  255 255 255
-12.2094 66.8151 -72.1226  255 255 255
16.5764 68.7947 -84.5393  255 255 255
64.928 13.93 17.6427  255 255 255
14.6196 69.9255 -87.1615  255 255 255
65.4777 31.4427 -19.3896  255 255 255
-55.6689 59.4734 -49.73  255 255 255
-55.6622 59.4639 -49.7138  255 255 255
-55.6282 59.4075 -49.511  255 255 255
-55.651 59.4795 -49.7661  255 255 255
-39.6624 61.7603 -58.3365  255 255 255
37.687 72.0011 -97.3743  255 255 255
-61.7821 58.379 -46.1855  255 255 255
55.3873 23.3615 -1.52434  255 255 255
51.4294 74.5819 -106.806  255 255 255
-35.0563 62.0215 -61.0045  255 255 255
61.4313 35.2637 -28.5464  255 255 255
-4.63528 65.7427 -78.1259  255 255 255
63.938 32.0164 -24.5848  255 255 255
64.8506 30.5657 -22.4724  255 255 255
-28.4675 61.882 -65.9808  255 255 255
-31.7594 60.8262 -63.7595  255 255 255
62.3809 14.6862 9.94678  255 255 255
55.8014 21.1413 -2.41954  255 255 255
64.4124 30.1056 -24.4073  255 255 255
64.3731 30.0903 -24.3541  255 255 255
59.8582 16.5226 5.4613  255 255 255
-71.4771 54.6104 -43.1358  255 255 255
-56.9098 55.7959 -51.5709  255 255 255
57.7746 35.3195 -39.6863  255 255 255
63.9034 10.9582 10.9652  255 255 255
62.5583 29.1404 -29.7093  255 255 255
-38.7132 56.202 -62.1995  255 255 255
61.371 29.9509 -33.082  255 255 255
61.371 29.9509 -33.082  255 255 255
-27.2411 57.8076 -70.968  255 255 255
60.1078 30.7327 -36.0775  255 255 255
62.3636 28.1819 -30.65  255 255 255
-56.892 53.3723 -53.388  255 255 255
-23.5759 57.2516 -71.983  255 255 255
62.7305 27.0111 -28.9689  255 255 255
-4.5748 58.944 -82.4273  255 255 255
4.04083 59.9133 -87.5225  255 255 255
64.5246 25.4622 -27.5952  255 255 255
-33.9978 55.2258 -66.6983  255 255 255
32.0179 62.9382 -102.816  255 255 255
71.1738 66.7935 -122.88  255 255 255
-70.0247 50.7379 -47.2957  255 255 255
64.0255 24.8701 -28.9179  255 255 255
64.5641 24.4525 -28.074  255 255 255
64.4774 24.44 -27.9511  255 255 255
-33.0098 54.4039 -68.0538  255 255 255
-27.6455 54.5889 -71.1603  255 255 255
-41.9919 53.0165 -63.7395  255 255 255
59.2869 11.258 0.454026  255 255 255
-19.3121 53.7902 -74.6636  255 255 255
64.8644 22.8144 -28.4193  255 255 255
63.8861 6.2323 9.41449  255 255 255
12.718 57.4621 -94.4387  255 255 255
-22.2626 52.7038 -72.8886  255 255 255
60.5319 9.13518 2.33913  255 255 255
-42.7154 51.3026 -63.9887  255 255 255
64.5596 -0.75871 23.6233  255 255 255
64.5604 -0.758526 23.6226  255 255 255
68.6711 1.16732 17.671  255 255 255
3.35176 6.25994 23.5844  255 255 255
-9.4651 52.3012 -84.6446  255 255 255
-9.44259 52.2945 -84.6017  255 255 255
-54.5414 47.5518 -58.7557  255 255 255
-11.1319 51.928 -84.0651  255 255 255
-39.8636 48.4 -67.7372  255 255 255
-70.2291 45.6456 -50.7883  255 255 255
-58.2007 46.6116 -57.5429  255 255 255
74.8579 -7.47275 28.8061  255 255 255
-63.7841 45.8001 -54.4115  255 255 255
64.7479 1.7569 7.5713  255 255 255
-8.35824 0.323534 33.2295  255 255 255
-14.1508 3.22237 27.0856  255 255 255
62.8262 2.17879 3.07495  255 255 255
-74.0493 43.1397 -49.8588  255 255 255
-23.9611 47.1467 -78.9529  255 255 255
-68.5902 43.1067 -53.2207  255 255 255
-42.3446 45.1575 -68.8468  255 255 255
-9.90836 -0.404202 33.2311  255 255 255
1.16919 -3.34875 36.7338  255 255 255
-61.3132 43.3606 -57.6755  255 255 255
-12.4223 0.00759314 31.6971  255 255 255
61.8964 1.19154 -0.64551  255 255 255
-60.99 42.0125 -58.8133  255 255 255
58.7762 3.41877 -6.04114  255 255 255
-5.51738 45.4457 -92.0182  255 255 255
-18.8102 3.01706 21.1391  255 255 255
-9.11483 44.0479 -90.7536  255 255 255
65.4166 -4.05562 5.45829  255 255 255
-16.829 -0.787455 29.1689  255 255 255
-8.26152 -5.12977 36.8792  255 255 255
-0.924296 -6.97588 38.7962  255 255 255
76.0847 -12.8173 23.1425  255 255 255
-0.331936 -7.54646 38.8613  255 255 255
-6.33414 -7.22899 39.047  255 255 255
-39.5573 39.8799 -74.603  255 255 255
-18.3815 -1.54362 28.1536  255 255 255
-18.3375 -1.54317 28.0065  255 255 255
59.0585 -0.22291 -8.74983  255 255 255
69.0008 -12.1141 19.6615  255 255 255
-40.5463 39.6814 -74.5658  255 255 255
68.0816 -8.72314 9.06369  255 255 255
14.2969 30.5061 -77.5969  255 255 255
59.6862 -2.10502 -8.83748  255 255 255
-33.5418 38.0929 -80.6604  255 255 255
-6.36048 -9.32012 38.851  255 255 255
-13.0013 -7.22616 35.6982  255 255 255
-18.3634 -5.50213 30.7492  255 255 255
60.9254 -5.48548 -6.72633  255 255 255
-36.0301 35.9035 -80.1243  255 255 255
59.2624 -4.15618 -10.7639  255 255 255
-22.1545 -2.67074 22.8836  255 255 255
-12.6534 -9.04643 36.5261  255 255 255
65.2874 -9.86278 1.19906  255 255 255
-14.5663 -8.85458 35.0412  255 255 255
-22.0455 -4.35715 24.9432  255 255 255
11.9893 -13.4632 34.2496  255 255 255
80.6228 -18.7789 14.9838  255 255 255
80.6227 -18.7789 14.9839  255 255 255
-3.74892 -12.8106 39.7595  255 255 255
-3.70621 -12.7738 39.671  255 255 255
-40.4104 33.4084 -79.5291  255 255 255
30.3826 -14.2384 24.1004  255 255 255
-22.4887 -5.81687 25.3069  255 255 255
-22.1074 -5.57663 24.4728  255 255 255
68.7292 -16.8807 5.45704  255 255 255
68.8341 -16.94 5.3867  255 255 255
-28.5827 -0.902772 5.73508  255 255 255
67.6191 -18.6764 3.0128  255 255 255
67.6185 -18.6764 3.01336  255 255 255
84.095 -25.0035 10.3241  255 255 255
72.82 -23.7563 9.35829  255 255 255
68.6887 -21.1864 0.924409  255 255 255
71.26 -24.1765 7.73152  255 255 255
66.0899 -20.137 -4.67399  255 255 255
-30.2122 -7.57291 15.9067  255 255 255
73.3411 -25.3098 7.21947  255 255 255
-27.6951 -10.4752 23.3919  255 255 255
-11.5252 -17.9065 37.2792  255 255 255
65.513 -21.4023 -7.73104  255 255 255
11.1141 -24.1791 38.1502  255 255 255
75.6315 -28.4982 2.0531  255 255 255
66.1751 -24.4338 -7.15087  255 255 255
-33.158 -12.4883 20.9408  255 255 255
-32.7301 -15.1789 25.6959  255 255 255
78.8692 -32.0848 -2.06406  255 255 255
-20.0593 -20.6237 34.8756  255 255 255
-7.73286 -24.5443 40.2838  255 255 255
-7.1503 -24.9911 40.3617  255 255 255
-31.4161 -16.9459 27.9879  255 255 255
73.7708 -33.9802 6.06699  255 255 255
6.14917 -29.2409 43.8239  255 255 255
75.0045 -35.6834 8.25256  255 255 255
75.6609 -36.3204 9.15077  255 255 255
-15.819 -23.373 37.5731  255 255 255
77.3353 -38.3485 11.4451  255 255 255
4.68689 -30.5295 45.2464  255 255 255
-29.2426 -20.3307 32.6984  255 255 255
-29.9921 -19.9296 30.399  255 255 255
-29.1951 -20.873 33.2705  255 255 255
-26.4942 -21.9504 34.3189  255 255 255
-24.9664 -23.1048 36.1809  255 255 255
-43.4715 -3.88585 -32.9242  255 255 255
-23.8272 -23.6649 36.6729  255 255 255
-26.8307 -22.8113 33.8247  255 255 255
-20.853 -25.4286 38.9803  255 255 255
73.6171 -41.7454 13.9454  255 255 255
-33.1956 -19.1603 21.4994  255 255 255
-16.6903 -27.2085 41.2779  255 255 255
-2.25151 -30.9279 42.7238  255 255 255
12.4747 -32.984 36.1075  255 255 255
13.2249 -33.3961 35.8863  255 255 255
-27.6424 -23.85 32.0474  255 255 255
-11.5424 -29.6676 41.8573  255 255 255
68.4807 -43.117 16.1107  255 255 255
4.00969 -33.4642 40.5342  255 255 255
-23.2668 -26.1644 35.5733  255 255 255
-40.7762 -12.5851 -21.7709  255 255 255
-54.0225 -10.4046 -24.6441  255 255 255
-29.3941 -25.8877 30.3287  255 255 255
-24.123 -27.8522 32.9264  255 255 255
-18.1708 -31.3334 36.9526  255 255 255
-11.9906 -33.3866 38.5366  255 255 255
-2.45972 -36.1855 38.5251  255 255 255
11.1033 -38.9954 33.3049  255 255 255
-44.3807 -17.478 -15.4115  255 255 255
-64.9995 -11.9107 -22.5761  255 255 255
-24.3636 -30.6834 30.8922  255 255 255
-32.1119 -27.0717 18.8518  255 255 255
-30.4256 -28.2657 23.2251  255 255 255
-31.7659 -28.0682 21.4613  255 255 255
-8.74519 -36.4234 38.0241  255 255 255
-4.36818 -37.557 37.6049  255 255 255
-12.2285 -35.4205 36.9755  255 255 255
-17.0186 -34.7024 34.9221  255 255 255
-49.9523 -19.7673 -12.9502  255 255 255
4.12923 -41.7451 34.2594  255 255 255
-27.4353 -32.6411 25.7269  255 255 255
-69.0331 -17.196 -15.6205  255 255 255
-25.2609 -34.4816 27.7584  255 255 255
-13.5918 -38.6083 34.4554  255 255 255
-23.8446 -35.3545 28.9889  255 255 255
-55.5701 -24.6245 -6.04745  255 255 255
-54.689 -25.1744 -5.98786  255 255 255
-8.65353 -42.4296 34.3055  255 255 255
-8.7181 -42.42 34.4173  255 255 255
-9.03668 -43.3454 34.9858  255 255 255
-61.1399 -27.16 -2.4724  255 255 255
-50.4287 -32.8673 3.15961  255 255 255
-13.2745 -49.2903 33.3005  255 255 255
-22.4599 -48.3201 30.0627  255 255 255
-0.420076 -59.502 38.5845  255 255 255
-44.4791 -50.0114 26.133  255 255 255
2.95344 -66.4202 47.6361  255 255 255
-2.47033 105.424 -48.2668  255 255 255
-6.27793 104.848 -50.2727  255 255 255
-3.10377 99.7983 -51.3195  255 255 255
16.8667 105.104 -61.5845  255 255 255
67.702 118.054 -83.091  255 255 255
54.6576 114.624 -78.1498  255 255 255
54.6576 114.624 -78.1498  255 255 255
53.4725 48.9402 18.777  255 255 255
8.34964 101.937 -58.922  255 255 255
11.8079 102.57 -60.2736  255 255 255
11.8196 102.602 -60.297  255 255 255
-4.017 98.1241 -53.7219  255 255 255
-12.1387 95.9088 -50.3565  255 255 255
60.5081 66.0367 -9.60571  255 255 255
67.3308 114.614 -83.9908  255 255 255
62.7951 62.3186 -6.69215  255 255 255
-63.6169 81.8535 -27.712  255 255 255
-41.6716 86.7624 -37.4263  255 255 255
71.2509 114.201 -88.301  255 255 255
59.5714 41.0002 25.4038  255 255 255
-70.493 79.6354 -24.3916  255 255 255
-56.1654 82.716 -30.9435  255 255 255
-53.3175 83.5317 -32.6496  255 255 255
-53.2657 83.6627 -32.9765  255 255 255
62.8001 61.2584 -7.75101  255 255 255
-52.1862 83.7895 -33.8369  255 255 255
-37.88 86.9031 -40.5298  255 255 255
-1.04732 95.4015 -57.7372  255 255 255
4.22669 96.6674 -60.043  255 255 255
62.8954 60.67 -9.29743  255 255 255
-51.5264 82.7314 -34.2518  255 255 255
-56.2363 81.3436 -32.5261  255 255 255
1.42522 94.6976 -59.5248  255 255 255
7.47186 96.055 -62.2181  255 255 255
-62.3834 79.6798 -30.1496  255 255 255
0.0366487 93.9556 -59.5193  255 255 255
-66.579 78.1438 -27.8247  255 255 255
7.93876 95.2354 -63.375  255 255 255
7.98659 95.2902 -63.5933  255 255 255
-56.9093 80.2706 -32.9918  255 255 255
-61.4274 78.908 -31.0313  255 255 255
-66.1547 77.5984 -29.4141  255 255 255
-66.1547 77.5984 -29.4141  255 255 255
65.224 107.368 -90.3466  255 255 255
56.5291 37.0733 22.1747  255 255 255
-53.2812 79.355 -36.051  255 255 255
-54.466 78.9619 -36.7008  255 255 255
-33.6491 83.0689 -45.9422  255 255 255
-65.9896 75.1614 -30.7307  255 255 255
51.47 100.705 -86.789  255 255 255
51.4237 100.617 -86.6404  255 255 255
12.2379 91.7795 -68.6611  255 255 255
12.5679 92.2021 -69.5671  255 255 255
65.9278 50.5472 -7.55149  255 255 255
37.8325 95.7776 -82.1534  255 255 255
56.4006 40.4819 8.83639  255 255 255
56.4006 40.4819 8.8364  255 255 255
60.8597 29.5252 26.5754  255 255 255
-66.6679 72.8595 -32.2121  255 255 255
-17.4458 82.7161 -56.5288  255 255 255
-17.4484 82.7129 -56.5175  255 255 255
47.8278 97.7129 -89.8605  255 255 255
-9.34145 83.9849 -60.8254  255 255 255
-9.34146 83.9849 -60.8254  255 255 255
-18.8709 81.0799 -56.9134  255 255 255
-18.8715 81.0888 -56.9159  255 255 255
-18.8858 81.0522 -56.8248  255 255 255
59.478 33.5614 15.2452  255 255 255
57.9963 32.8544 16.627  255 255 255
-39.0616 76.2869 -47.6114  255 255 255
-53.2201 73.8076 -41.521  255 255 255
-74.4945 68.6786 -29.4507  255 255 255
-30.6451 77.668 -52.2528  255 255 255
-29.8846 76.8208 -53.3311  255 255 255
55.7864 35.3706 7.5798  255 255 255
59.8864 29.9477 15.193  255 255 255
59.8864 29.9477 15.193  255 255 255
-49.6967 70.3205 -41.3013  255 255 255
-53.2615 70.6914 -42.5707  255 255 255
27.6439 86.7864 -86.3246  255 255 255
25.5909 84.6275 -82.1321  255 255 255
25.6497 84.6941 -82.3115  255 255 255
60.2762 28.6028 14.2922  255 255 255
-61.4324 68.7754 -39.5079  255 255 255
80.1261 94.3676 -109.272  255 255 255
92.7628 96.1282 -115.212  255 255 255
-74.4971 65.7351 -33.0383  255 255 255
-77.0757 64.9146 -31.8296  255 255 255
-77.0757 64.9146 -31.8296  255 255 255
-23.0218 74.9504 -60.5684  255 255 255
64.4091 42.3817 -14.7209  255 255 255
-62.3621 66.8856 -39.9292  255 255 255
-65.7584 65.7079 -38.7645  255 255 255
-59.3198 66.6121 -41.9488  255 255 255
-70.2232 64.7007 -36.5664  255 255 255
-7.281 75.0166 -68.9964  255 255 255
-67.4772 64.2335 -38.5819  255 255 255
41.1739 81.3999 -94.9439  255 255 255
-67.5193 63.2179 -39.1622  255 255 255
63.5528 20.4932 17.8649  255 255 255
60.0063 43.8272 -27.6439  255 255 255
59.8276 43.6551 -27.413  255 255 255
-4.60809 72.4235 -72.2234  255 255 255
85.0678 87.8323 -119.166  255 255 255
93.6103 87.7708 -122.382  255 255 255
90.0913 86.8615 -121.58  255 255 255
60.5405 40.4098 -26.6708  255 255 255
55.59 26.2668 0.495243  255 255 255
60.9168 20.456 10.6529  255 255 255
59.4783 40.7296 -31.0633  255 255 255
60.8235 38.1869 -26.4049  255 255 255
0.72661 67.2575 -79.9087  255 255 255
-2.3225 66.1379 -78.7125  255 255 255
72.6717 4.53678 31.1379  255 255 255
21.3328 67.4014 -90.4281  255 255 255
19.8245 66.9726 -89.957  255 255 255
22.2359 66.7908 -92.9654  255 255 255
58.4542 17.3913 2.09163  255 255 255
61.0227 14.1667 6.59077  255 255 255
65.1466 24.2104 -21.2964  255 255 255
-70.9776 49.9465 -41.9324  255 255 255
-17.9391 56.7775 -73.8108  255 255 255
49.4685 65.4955 -112.649  255 255 255
-67.6412 51.3533 -48.0148  255 255 255
43.9653 63.9382 -109.75  255 255 255
62.9012 26.6614 -31.1566  255 255 255
61.7891 9.94398 6.42613  255 255 255
73.8136 -2.43222 29.7584  255 255 255
73.8136 -2.43221 29.7584  255 255 255
61.1496 26.4448 -35.329  255 255 255
56.4324 14.338 -5.71288  255 255 255
63.9403 6.33815 8.78833  255 255 255
63.9504 22.7567 -30.5877  255 255 255
-24.0983 52.3069 -72.4951  255 255 255
57.4254 11.7616 -4.07747  255 255 255
67.2826 1.68325 14.7049  255 255 255
-66.7961 46.6261 -51.7947  255 255 255
-66.798 46.6604 -51.8457  255 255 255
58.2097 8.37635 -4.82741  255 255 255
-8.81814 50.0754 -86.9179  255 255 255
-69.5013 44.5293 -51.6713  255 255 255
57.6247 7.86452 -6.9588  255 255 255
57.7719 7.88973 -7.11699  255 255 255
-58.5406 45.1249 -58.4312  255 255 255
65.5932 -0.451336 8.17425  255 255 255
-63.3816 42.8478 -56.8828  255 255 255
23.4262 46.274 -99.985  255 255 255
29.7187 42.2441 -92.5618  255 255 255
-15.3119 44.8479 -82.6062  255 255 255
63.0982 -0.0133221 2.43704  255 255 255
70.6374 -7.06016 16.7309  255 255 255
20.4919 41.2582 -90.5997  255 255 255
71.451 -8.17352 18.0875  255 255 255
70.7549 -8.49648 15.9757  255 255 255
66.3987 -5.30691 7.24687  255 255 255
65.2508 -5.03644 4.39423  255 255 255
-13.5669 41.9737 -89.9657  255 255 255
68.2269 -7.84671 10.3039  255 255 255
68.2272 -7.84102 10.2974  255 255 255
-44.3482 39.7641 -71.3582  255 255 255
-19.4494 -0.0998012 25.1641  255 255 255
-19.4277 -0.0846445 25.1034  255 255 255
-16.8048 -2.71139 30.326  255 255 255
7.00318 -9.2502 38.0008  255 255 255
6.57705 33.6448 -81.1442  255 255 255
68.9595 -10.6129 10.1813  255 255 255
65.5419 -7.80167 2.91986  255 255 255
73.5344 -14.8765 18.9232  255 255 255
-0.465673 -10.3459 39.2013  255 255 255
-17.4291 -5.33805 31.6396  255 255 255
70.0679 -12.4933 11.3676  255 255 255
-19.4211 2.36285 9.2626  255 255 255
-18.6958 -5.10938 30.0079  255 255 255
-18.6779 -5.10256 29.9709  255 255 255
1.20134 -12.3482 38.4958  255 255 255
2.44681 -13.5577 40.4848  255 255 255
72.1226 -16.4212 13.6396  255 255 255
-18.7089 -7.04665 31.1253  255 255 255
-18.7222 -7.05097 31.131  255 255 255
-0.835961 -13.7576 40.0821  255 255 255
-22.4432 -4.49498 23.2669  255 255 255
67.398 -13.7326 3.74436  255 255 255
67.3112 -13.7286 3.84815  255 255 255
-25.2429 1.85515 3.47143  255 255 255
66.1304 -14.4698 -0.181946  255 255 255
-12.4125 -12.8788 36.9481  255 255 255
-16.7253 -11.7071 34.321  255 255 255
-15.1414 -12.5976 35.5326  255 255 255
69.7392 -20.5063 4.78076  255 255 255
69.6124 -20.5242 4.91625  255 255 255
-30.2801 -3.58455 9.42228  255 255 255
72.8427 -23.073 10.0639  255 255 255
-33.12 -4.94101 13.5604  255 255 255
-4.98284 -17.9263 39.4859  255 255 255
-19.7202 -13.3124 31.5792  255 255 255
-19.7188 -13.3002 31.5685  255 255 255
69.258 -22.1445 2.27705  255 255 255
69.2885 -22.1076 2.21596  255 255 255
-31.7291 -6.74515 14.9966  255 255 255
-31.7471 -6.68461 14.9718  255 255 255
-16.6609 -15.3949 34.4438  255 255 255
-27.5297 -10.9085 24.7212  255 255 255
71.8611 -25.2452 5.66588  255 255 255
-31.1077 -8.94218 18.3346  255 255 255
-26.4702 -12.6426 26.692  255 255 255
70.1913 -25.2533 2.33109  255 255 255
-31.8828 -15.3119 26.4502  255 255 255
-20.9736 -19.6626 34.2813  255 255 255
-35.4268 -14.3469 24.1485  255 255 255
-33.0543 -15.3411 24.6203  255 255 255
-11.7625 -24.1682 38.9186  255 255 255
13.4871 -29.9758 38.3001  255 255 255
75.0365 -35.9423 6.89181  255 255 255
-34.3535 -16.3209 23.5175  255 255 255
12.6576 -30.0823 37.95  255 255 255
-30.5792 -19.6781 28.1242  255 255 255
-0.799981 -30.9947 43.8034  255 255 255
3.90275 -31.8295 41.7653  255 255 255
11.5047 -33.5597 36.5272  255 255 255
14.6703 -34.2351 34.6536  255 255 255
-39.7698 -10.7438 -24.3399  255 255 255
-50.1612 -7.89929 -27.9409  255 255 255
-38.8198 -11.6201 -23.3198  255 255 255
-43.1321 -11.5219 -23.2362  255 255 255
-21.1928 -28.0941 36.3334  255 255 255
-16.1919 -29.8425 39.1477  255 255 255
-65.6969 -7.20499 -28.6016  255 255 255
4.34345 -35.8242 38.994  255 255 255
-31.6856 -24.2139 22.17  255 255 255
-53.3349 -13.6581 -20.325  255 255 255
-51.3089 -14.5037 -20.0463  255 255 255
-5.98878 -35.4882 39.3845  255 255 255
-46.1739 -17.8713 -14.6209  255 255 255
-29.7981 -28.5026 23.3087  255 255 255
-14.929 -35.341 35.6771  255 255 255
-52.0999 -19.4128 -13.3696  255 255 255
-4.6126 -38.9147 36.7926  255 255 255
-59.5587 -17.949 -14.388  255 255 255
-15.7918 -37.239 33.4699  255 255 255
-53.6032 -22.0251 -9.7428  255 255 255
-8.41104 -40.0283 35.5269  255 255 255
-68.9565 -19.3106 -12.8515  255 255 255
-15.9528 -38.227 33.1264  255 255 255
-65.6547 -20.5274 -10.8071  255 255 255
-53.0244 -25.3549 -5.28339  255 255 255
-49.5267 -26.4462 -3.99979  255 255 255
-59.6626 -24.3034 -6.60191  255 255 255
-69.9557 -23.3929 -7.93114  255 255 255
-54.3982 -29.9418 0.668268  255 255 255
-51.1784 -31.3916 2.45536  255 255 255
-56.66 -31.769 3.13947  255 255 255
4.25523 -54.0479 36.1013  255 255 255
-62.4452 -35.2262 9.76358  255 255 255
14.4347 -61.6148 43.7246  255 255 255
14.1912 -61.782 41.6099  255 255 255
-4.00567 -58.4919 37.5161  255 255 255
2.06568 -60.3534 34.4044  255 255 255
7.13322 108.107 -51.9436  255 255 255
13.7761 108.126 -57.9555  255 255 255
59.8027 119.592 -77.9189  255 255 255
58.5882 69.6156 -12.1023  255 255 255
-14.8954 96.3165 -48.6335  255 255 255
-55.0291 84.3409 -30.6797  255 255 255
29.6257 104.192 -70.9927  255 255 255
-60.2073 81.2102 -29.5075  255 255 255
-54.96 83.1801 -32.9882  255 255 255
-43.6128 84.783 -38.1375  255 255 255
27.6885 101.675 -72.9888  255 255 255
37.891 102.585 -77.8898  255 255 255
62.0744 36.9207 24.8937  255 255 255
-59.7434 79.6322 -32.1616  255 255 255
-32.1742 84.6951 -46.1903  255 255 255
61.2109 36.7818 22.5509  255 255 255
-60.5596 78.3848 -32.976  255 255 255
-65.0236 77.1423 -30.5405  255 255 255
-61.2587 77.1339 -33.4341  255 255 255
110.255 114.518 -114.097  255 255 255
59.9126 34.0713 17.4757  255 255 255
59.32 54.5121 -21.7297  255 255 255
-65.2099 71.0468 -35.0808  255 255 255
-19.4418 79.6866 -58.0574  255 255 255
-22.0448 75.5898 -58.1998  255 255 255
-66.1819 66.554 -37.3061  255 255 255
-78.2964 63.1518 -32.0287  255 255 255
66.0629 38.7802 -13.6491  255 255 255
-58.5008 65.8098 -43.3633  255 255 255
61.744 15.9137 29.3968  255 255 255
-77.5063 63.2515 -35.1693  255 255 255
67.7324 86.1123 -107.076  255 255 255
6.10356 75.4321 -77.1318  255 255 255
64.0574 19.7615 19.0169  255 255 255
72.5025 83.5867 -112.326  255 255 255
25.739 74.8544 -90.3573  255 255 255
58.2272 22.3341 5.83289  255 255 255
65.3079 15.1007 18.1105  255 255 255
54.7144 22.686 -2.64738  255 255 255
61.1663 15.1039 7.71788  255 255 255
64.1413 11.866 13.3407  255 255 255
11.0835 64.0414 -86.1533  255 255 255
7.9774 63.1425 -85.2968  255 255 255
55.4471 17.6715 -5.57838  255 255 255
65.168 7.55046 15.0441  255 255 255
17.6515 62.407 -94.323  255 255 255
18.7943 60.8527 -94.6689  255 255 255
-1.18942 58.3051 -84.0034  255 255 255
17.4686 60.0198 -96.0094  255 255 255
64.2667 21.3498 -31.1153  255 255 255
-43.0121 50.28 -65.6774  255 255 255
-7.99419 6.43549 24.4444  255 255 255
-14.7634 52.2305 -82.2171  255 255 255
7.00716 2.86731 26.1378  255 255 255
-11.5613 -3.63554 35.0761  255 255 255
82.3574 -10.3273 15.0768  255 255 255
73.0319 -11.2965 19.0807  255 255 255
73.1387 -11.3039 18.9691  255 255 255
-12.2954 -5.52272 35.7384  255 255 255
-20.2013 -1.90963 26.048  255 255 255
-20.1789 -1.89597 25.9967  255 255 255
9.05674 -14.3698 36.8072  255 255 255
64.8441 -11.2784 -1.69604  255 255 255
-41.2874 31.6962 -77.4771  255 255 255
73.2866 -19.954 13.5233  255 255 255
71.0231 -18.2674 9.36111  255 255 255
-19.2244 -9.65848 31.7463  255 255 255
-19.1774 -9.6452 31.6488  255 255 255
26.0962 -21.3904 33.2816  255 255 255
69.2305 -20.98 3.25317  255 255 255
-30.4486 -5.73826 13.4532  255 255 255
-30.4486 -5.73827 13.4533  255 255 255
75.1537 -26.6044 15.0159  255 255 255
-33.7267 -6.17803 13.7823  255 255 255
17.9538 -26.9555 40.0188  255 255 255
-32.9639 -12.7546 9.95416  255 255 255
-31.68 -17.4504 26.9513  255 255 255
-28.9962 -19.3455 31.7263  255 255 255
-31.2498 -18.5825 26.6021  255 255 255
-29.3037 -21.7121 33.2582  255 255 255
4.60343 -31.7709 43.5809  255 255 255
-33.3051 -16.7852 13.5798  255 255 255
-22.6824 -25.1528 36.76  255 255 255
-41.7256 -9.8499 -25.9007  255 255 255
-33.643 -23.6501 17.8362  255 255 255
-46.3062 -14.3773 -19.303  255 255 255
-29.3717 -26.5863 26.8924  255 255 255
-20.4758 -31.176 34.9152  255 255 255
-31.4792 -25.9206 19.6958  255 255 255
41.1422 -44.2898 19.0155  255 255 255
-22.0959 -33.0812 31.6908  255 255 255
-2.23714 -39.9314 36.1714  255 255 255
-64.4996 -24.3351 -6.33575  255 255 255
-64.4271 -24.4016 -6.85679  255 255 255
-8.85237 -42.838 33.4211  255 255 255
-64.3346 -29.4892 -0.541945  255 255 255
9.01513 -53.9963 35.4768  255 255 255
-60.2284 -36.4615 9.04935  255 255 255
0.682688 -56.8643 37.1815  255 255 255
6.67283 -66.1247 47.4673  255 255 255
-2.66523 -64.0008 44.5841  255 255 255
-1.31059 -64.4669 44.9144  255 255 255
-4.30521 103.194 -48.2225  255 255 255
36.3858 112.583 -68.5127  255 255 255
8.60235 103.906 -57.1792  255 255 255
55.4953 47.6394 17.0064  255 255 255
58.0374 69.4035 -17.1677  255 255 255
-41.8816 85.0277 -37.6686  255 255 255
58.0807 65.1972 -19.9443  255 255 255
-3.33367 92.6646 -58.9772  255 255 255
1.63951 92.0231 -61.9282  255 255 255
28.3716 96.9199 -74.9135  255 255 255
49.4988 99.005 -87.6097  255 255 255
64.5191 47.0996 -7.37118  255 255 255
55.8835 36.5892 8.76392  255 255 255
-38.3967 74.2508 -47.8117  255 255 255
57.1726 33.2965 10.3313  255 255 255
58.0184 32.2645 11.6362  255 255 255
55.7244 30.5448 4.47716  255 255 255
36.472 82.6127 -91.2265  255 255 255
65.4162 17.0144 19.636  255 255 255
59.9766 40.1936 -28.1406  255 255 255
59.9766 40.1936 -28.1406  255 255 255
30.4841 72.009 -94.1957  255 255 255
61.2567 74.6406 -112.595  255 255 255
54.8213 19.6194 -2.63137  255 255 255
64.8378 26.9375 -27.0866  255 255 255
66.016 5.45645 14.9647  255 255 255
59.5512 64.0894 -118.434  255 255 255
60.6448 10.4576 3.8651  255 255 255
60.6448 10.4576 3.8651  255 255 255
-25.8676 52.724 -71.7516  255 255 255
28.5928 56.52 -106.575  255 255 255
25.0647 55.1613 -104.633  255 255 255
-16.8408 4.57382 25.3998  255 255 255
-13.1254 47.1744 -83.1818  255 255 255
-13.9021 46.3998 -80.3944  255 255 255
57.1959 4.92139 -10.3185  255 255 255
-14.8515 -1.91792 31.6582  255 255 255
60.0981 -0.743475 -6.57671  255 255 255
73.862 -10.4341 14.5587  255 255 255
-23.2452 1.21189 9.88838  255 255 255
-21.5479 0.183895 11.559  255 255 255
70.9008 -15.9246 11.0339  255 255 255
70.7888 -15.9468 11.1397  255 255 255
69.5769 -19.9025 9.86151  255 255 255
-22.1958 -8.84619 27.4886  255 255 255
-21.3487 -9.78982 28.8559  255 255 255
24.2195 -22.5005 34.1447  255 255 255
76.0922 -28.3391 11.0112  255 255 255
77.6538 -26.954 2.5651  255 255 255
-32.5409 -17.2481 24.9913  255 255 255
-29.7307 -21.5859 28.763  255 255 255
-31.1479 -20.7998 25.727  255 255 255
-8.38393 -33.6547 40.7365  255 255 255
11.1009 -37.3342 34.2756  255 255 255
-44.0428 -14.8434 -18.3065  255 255 255
5.98846 -38.386 36.899  255 255 255
-7.78776 -35.8989 40.2899  255 255 255
-30.2469 -26.923 19.9996  255 255 255
-32.7482 -26.4667 16.2103  255 255 255
-58.2333 -15.9517 -17.3041  255 255 255
-23.719 -32.0341 30.205  255 255 255
-11.6769 -37.4686 35.3095  255 255 255
-3.50918 -40.7487 35.251  255 255 255
-20.6442 -38.5022 31.2236  255 255 255
-53.5753 -27.5669 -3.27598  255 255 255
-52.7482 -30.4868 1.23849  255 255 255
15.9483 -53.4695 32.6724  255 255 255
1.76878 -50.7951 34.074  255 255 255
6.46494 -57.9994 37.1232  255 255 255
6.46494 -57.9994 37.1232  255 255 255
57 45.3728 15.8816  255 255 255
-7.99497 91.4119 -56.4965  255 255 255
33.4018 101.293 -76.7107  255 255 255
29.6413 100.471 -75.3523  255 255 255
7.74184 93.4248 -64.4309  255 255 255
32.5881 96.9211 -77.908  255 255 255
32.4119 96.7289 -77.4974  255 255 255
66.6993 28.9376 26.2803  255 255 255
105.131 107.825 -112.998  255 255 255
-17.2343 80.3282 -59.2464  255 255 255
-22.9508 77.5434 -57.1283  255 255 255
57.9791 48.9262 -28.5595  255 255 255
70.1061 89.4211 -106.973  255 255 255
-3.76683 73.6696 -71.3987  255 255 255
66.9592 37.7403 -17.1203  255 255 255
66.981 35.2341 -14.7948  255 255 255
27.7535 73.8356 -93.9723  255 255 255
-22.6796 61.6545 -69.7201  255 255 255
64.4716 0.0333104 24.3003  255 255 255
69.4909 1.09801 20.2177  255 255 255
72.7629 -5.95387 24.7486  255 255 255
-9.56859 48.0134 -89.5753  255 255 255
67.6165 -5.24857 10.7498  255 255 255
-2.49705 -10.5242 39.2129  255 255 255
117.09 -14.7122 -13.9775  255 255 255
-20.5611 -8.97588 31.5923  255 255 255
-25.5621 -4.0166 16.7269  255 255 255
-6.00385 -16.867 39.2765  255 255 255
72.2469 -24.0298 8.84105  255 255 255
72.8651 -30.7714 6.51029  255 255 255
74.7348 -33.3127 9.99083  255 255 255
-33.6781 -15.0228 23.3734  255 255 255
-18.5104 -30.1596 39.3682  255 255 255
3.0342 -37.3387 37.4547  255 255 255
9.78069 -39.0634 34.2767  255 255 255
-8.83387 -41.5178 34.9775  255 255 255
-19.6327 -38.8924 31.562  255 255 255
-19.6517 -38.8815 31.6473  255 255 255
-20.0579 -41.4318 30.5736  255 255 255
20.6893 -53.2085 32.0754  255 255 255
17.1897 -53.6191 34.0736  255 255 255
-45.0393 -35.6418 10.4413  255 255 255
-37.9537 -45.4231 23.115  255 255 255
-8.01745 97.575 -52.1517  255 255 255
59.668 66.4652 -13.9662  255 255 255
64.2325 46.9071 -1.941  255 255 255
32.3062 86.1092 -85.9402  255 255 255
32.2514 86.0259 -85.7841  255 255 255
73.7761 87.7032 -112.514  255 255 255
-78.6197 60.5507 -33.1139  255 255 255
33.2354 78.9973 -92.9061  255 255 255
36.697 77.0028 -95.4625  255 255 255
-3.41241 60.038 -79.4803  255 255 255
-10.5741 6.12968 26.1672  255 255 255
-14.6331 49.1795 -81.3341  255 255 255
-2.54717 49.5658 -91.8746  255 255 255
-16.7244 -6.91187 33.0077  255 255 255
68.8247 -12.667 6.71261  255 255 255
-28.3873 -20.5028 32.877  255 255 255
-18.9423 -25.9623 40.4239  255 255 255
-30.0596 -26.825 24.7269  255 255 255
-20.1172 -32.1451 34.9517  255 255 255
-17.768 -34.4234 35.2  255 255 255
-24.8179 -32.696 29.1577  255 255 255
-1.28072 -48.4979 35.0824  255 255 255
18.2083 109.388 -60.8321  255 255 255
-2.15176 102.635 -51.0976  255 255 255
-7.63382 99.8791 -49.3051  255 255 255
22.4937 93.9008 -71.7444  255 255 255
23.9633 95.9706 -75.1264  255 255 255
76.5791 78.8864 -117.416  255 255 255
64.349 31.7143 -24.1699  255 255 255
9.43072 58.0293 -92.8069  255 255 255
-7.27724 -2.22247 35.0938  255 255 255
-28.7123 -25.0438 26.1192  255 255 255
13.3897 -49.5946 31.0673  255 255 255
13.39 -49.5947 31.0669  255 255 255
23.7319 108.746 -63.7487  255 255 255
4.11967 102.637 -55.3517  255 255 255
4.11442 102.641 -55.3486  255 255 255
-33.4883 88.3268 -39.4753  255 255 255
27.1406 105.457 -70.6774  255 255 255
62.4599 53.5066 2.82365  255 255 255
3.41965 88.5812 -64.1509  255 255 255
3.45375 83.7806 -69.2755  255 255 255
3.32309 83.6435 -68.8574  255 255 255
-31.2776 -18.7816 27.5969  255 255 255
-2.51369 -36.3924 38.7103  255 255 255
-6.10334 -38.4726 37.1036  255 255 255
6.52653 -46.5585 37.7925  255 255 255
4.51454 98.1925 -59.2492  255 255 255
61.675 63.8971 -12.3873  255 255 255
62.4517 52.5723 -15.1796  255 255 255
25.1447 84.9705 -85.5759  255 255 255
-19.7354 72.043 -63.8247  255 255 255
49.675 70.5911 -109.427  255 255 255
64.4619 70.8844 -117.174  255 255 255
4.67822 57.6877 -95.283  255 255 255
2.70829 50.1388 -92.7849  255 255 255
-27.7753 46.1051 -77.7089  255 255 255
-22.1106 -9.6473 27.6361  255 255 255
-27.3426 -9.47445 24.3651  255 255 255
-31.5517 -15.8115 28.0209  255 255 255
6.89239 -43.7615 36.4163  255 255 255
65.7732 95.9141 -102.648  255 255 255
-23.0592 57.2867 -69.9522  255 255 255
-8.72479 49.3559 -85.3813  255 255 255
-8.65488 49.5692 -85.9086  255 255 255
-12.8874 60.9339 -76.1887  255 255 255
16.8627 84.9256 -84.6146  255 255 255
-20.1307 138.054 -50.0112  255 255 255
24.6906 153.555 -66.0616  255 255 255
22.5333 152.752 -66.1743  255 255 255
25.042 152.762 -66.763  255 255 255
23.4068 152.207 -67.4724  255 255 255
22.6947 150.239 -68.2746  255 255 255
131.903 248.747 -201.429  255 255 255
23.7626 135.862 -68.9244  255 255 255
-24.347 108.18 -47.2952  255 255 255
49.5563 117.669 -71.1513  255 255 255
36.2603 112.932 -68.377  255 255 255
15.0516 106.95 -59.381  255 255 255
-2.79436 99.0071 -53.7936  255 255 255
56.6587 72.1115 -16.5249  255 255 255
-8.10425 97.5759 -51.751  255 255 255
61.9053 64.8561 -6.28586  255 255 255
-0.795461 97.2841 -56.3674  255 255 255
55.8838 46.6113 17.822  255 255 255
12.8845 100.165 -62.2814  255 255 255
64.7555 60.0813 -3.96895  255 255 255
59.8281 43.8904 21.0954  255 255 255
57.0029 69.2853 -19.5985  255 255 255
108.584 121.201 -105.143  255 255 255
53.5472 111.604 -88.8033  255 255 255
55.9843 44.5378 13.1155  255 255 255
-12.3745 90.3173 -54.2095  255 255 255
58.5208 107.188 -86.2829  255 255 255
62.3051 36.1974 25.2859  255 255 255
-57.442 79.0588 -33.5994  255 255 255
47.8823 103.819 -82.0294  255 255 255
57.4683 64.7954 -20.8083  255 255 255
45.8087 103.563 -81.7534  255 255 255
-55.8898 78.3166 -34.8838  255 255 255
59.7063 60.8023 -17.7278  255 255 255
59.0425 38.0121 18.4841  255 255 255
52.7095 102.764 -85.7384  255 255 255
33.2039 98.304 -77.6235  255 255 255
-29.4589 83.2678 -48.4191  255 255 255
63.8526 54.247 -10.5488  255 255 255
63.8527 54.247 -10.5488  255 255 255
-2.75314 87.8416 -62.2261  255 255 255
56.9143 38.4444 13.0702  255 255 255
58.8811 36.6099 15.7072  255 255 255
39.1021 96.9554 -82.0704  255 255 255
59.053 57.1474 -21.3466  255 255 255
61.0313 31.9194 19.073  255 255 255
-52.0411 74.4543 -39.9914  255 255 255
28.9212 91.8324 -79.7459  255 255 255
39.95 93.7062 -84.6227  255 255 255
32.8651 91.6671 -81.483  255 255 255
61.991 50.9243 -17.5621  255 255 255
-44.9819 73.7725 -45.1629  255 255 255
-44.9978 73.822 -45.1083  255 255 255
72.1877 96.0354 -102.274  255 255 255
61.025 28.1987 16.3783  255 255 255
-29.7019 75.1114 -54.4538  255 255 255
65.8638 22.4373 23.415  255 255 255
23.0344 84.5812 -81.164  255 255 255
65.6655 42.2356 -12.6222  255 255 255
65.6471 21.0571 23.6686  255 255 255
3.65518 79.7915 -72.4935  255 255 255
-24.9727 73.8885 -57.939  255 255 255
64.2843 43.8487 -17.9385  255 255 255
102.626 97.4724 -121.223  255 255 255
78.425 90.6316 -110.139  255 255 255
50.7529 86.2412 -98.0242  255 255 255
62.4145 22.2793 16.3029  255 255 255
13.1398 77.6601 -79.6097  255 255 255
60.7079 23.3383 12.7056  255 255 255
60.0255 23.0128 13.3461  255 255 255
65.7924 36.8312 -14.5945  255 255 255
58.6036 45.5212 -30.3348  255 255 255
51.8614 82.2893 -100.824  255 255 255
63.3743 18.1838 15.5062  255 255 255
57.9648 22.2459 4.46338  255 255 255
61.0779 37.5408 -28.4025  255 255 255
61.8884 36.3824 -26.9318  255 255 255
65.0064 11.7334 16.0332  255 255 255
62.6063 32.1235 -27.547  255 255 255
58.8196 36.3792 -35.8946  255 255 255
59.539 36.7663 -36.8364  255 255 255
59.7974 15.6624 4.76154  255 255 255
53.7545 71.8272 -110.263  255 255 255
57.3841 17.0147 -0.8503  255 255 255
28.9249 67.2232 -98.2443  255 255 255
65.0782 26.1339 -23.3816  255 255 255
-22.025 59.3355 -71.0108  255 255 255
59.6811 31.9322 -35.9054  255 255 255
59.9752 13.022 3.44301  255 255 255
59.7648 13.2875 2.93762  255 255 255
62.9128 28.0313 -29.8201  255 255 255
59.1315 13.3146 1.43972  255 255 255
59.074 13.32 1.49566  255 255 255
65.2334 6.7735 13.1064  255 255 255
63.9 7.00485 9.47525  255 255 255
41.5905 63.7602 -107.3  255 255 255
68.6635 1.81282 17.9829  255 255 255
34.4865 62.0447 -104.998  255 255 255
64.5246 22.8025 -29.3638  255 255 255
67.9245 0.355619 15.2713  255 255 255
-7.87127 55.2926 -83.5457  255 255 255
69.1594 -1.27567 17.3262  255 255 255
71.6877 -3.33959 20.902  255 255 255
69.2617 -1.64887 17.7524  255 255 255
59.4507 7.87381 -1.04523  255 255 255
59.4065 7.77291 -1.53901  255 255 255
67.7818 -0.609903 14.226  255 255 255
61.3991 5.56069 1.90352  255 255 255
65.9814 -0.144256 10.7682  255 255 255
59.714 5.52036 -2.61951  255 255 255
67.986 -3.02242 13.1907  255 255 255
65.0729 -0.457658 7.5025  255 255 255
65.1222 -0.739322 7.66161  255 255 255
62.9159 1.24063 2.96525  255 255 255
-6.59994 50.3878 -87.9078  255 255 255
-6.59995 50.3878 -87.9078  255 255 255
76.5266 -13.5192 29.3199  255 255 255
69.98 -7.20141 15.8407  255 255 255
12.2817 50.1194 -100.228  255 255 255
-3.91714 48.5617 -90.6951  255 255 255
67.6506 -5.29939 10.8183  255 255 255
62.6016 -0.230181 0.64886  255 255 255
62.5894 -0.224859 0.654039  255 255 255
66.0773 -3.45121 6.06595  255 255 255
77.7897 -16.1237 30.4386  255 255 255
6.51735 47.6752 -97.6976  255 255 255
64.8468 -4.05176 4.34916  255 255 255
-13.7768 -2.39448 32.652  255 255 255
-15.6108 -1.74333 30.9949  255 255 255
66.4928 -6.21857 6.97148  255 255 255
64.7852 -4.75441 3.37094  255 255 255
68.2763 -8.5332 9.97368  255 255 255
77.8812 -18.2225 29.7387  255 255 255
69.2598 -9.57698 12.0681  255 255 255
68.4627 -8.96183 10.2146  255 255 255
-10.5263 -5.78223 36.6164  255 255 255
67.6468 -8.53898 8.23156  255 255 255
67.6472 -8.70668 7.85198  255 255 255
-2.60535 -8.93341 39.2416  255 255 255
66.0608 -7.76942 4.58249  255 255 255
5.38704 -10.3114 38.1088  255 255 255
78.95 -20.8697 30.8234  255 255 255
69.8661 -11.7499 11.2439  255 255 255
-84.3282 -23.0872 110.6  255 255 255
65.757 -8.73285 3.2304  255 255 255
-20.5398 -2.23823 25.9312  255 255 255
-18.5903 -4.02245 29.7902  255 255 255
66.8322 -10.2367 4.92294  255 255 255
70.0706 -13.2953 11.0844  255 255 255
65.9532 -9.92301 2.71089  255 255 255
-1.64112 -12.0976 39.7659  255 255 255
65.3014 -10.1855 1.13212  255 255 255
-20.1654 3.3995 7.06845  255 255 255
74.0281 -23.8565 32.4257  255 255 255
65.247 -10.1973 0.301746  255 255 255
-20.7543 -4.45886 27.2814  255 255 255
6.11938 -13.6516 38.1165  255 255 255
66.9041 -12.6359 3.45145  255 255 255
68.2769 -13.964 5.62675  255 255 255
68.659 -14.497 6.24403  255 255 255
65.7991 -12.0402 0.719713  255 255 255
67.5378 -14.916 3.81237  255 255 255
-23.1712 -3.70758 21.0591  255 255 255
69.4117 -16.8609 6.47909  255 255 255
69.3973 -16.8326 6.45656  255 255 255
-21.6463 -6.72282 27.282  255 255 255
17.8736 -16.3629 32.246  255 255 255
67.61 -15.9304 2.88957  255 255 255
67.9712 -16.2612 3.26348  255 255 255
-18.4783 -9.91571 32.39  255 255 255
-25.3963 -3.26331 16.0869  255 255 255
66.7157 -16.75 0.665982  255 255 255
-6.11335 -16.203 39.2312  255 255 255
-13.7513 -13.7826 36.51  255 255 255
25.2917 -19.97 31.1479  255 255 255
-23.3566 -7.99492 24.3262  255 255 255
2.9385 -18.2684 38.6304  255 255 255
-21.6766 -10.2091 28.5021  255 255 255
68.7258 -20.8835 2.7924  255 255 255
71.6205 -23.5074 7.70999  255 255 255
21.1334 -21.6785 33.6545  255 255 255
22.71 -22.3854 34.5756  255 255 255
-9.92654 -17.7846 38.0566  255 255 255
-15.8128 -15.67 35.1009  255 255 255
73.2533 -27.1166 8.65429  255 255 255
66.2437 -21.2073 -4.67953  255 255 255
-12.0212 -17.9473 36.9782  255 255 255
-83.7869 -26.0549 107.798  255 255 255
-20.4468 -16.9438 34.0195  255 255 255
11.1211 -25.8579 39.3487  255 255 255
-18.0108 -19.3587 37.0534  255 255 255
69.6091 -28.3066 -0.713097  255 255 255
69.8077 -28.325 -0.882571  255 255 255
-20.5907 -18.6999 34.9059  255 255 255
-23.1652 -17.6756 32.7661  255 255 255
-0.918632 -25.2287 40.3176  255 255 255
-84.5634 -26.6243 107.803  255 255 255
79.4353 -37.8556 19.4558  255 255 255
-34.0875 -9.77583 12.0367  255 255 255
-11.0254 -23.0728 39.565  255 255 255
-17.0754 -21.4711 37.3785  255 255 255
-3.99937 -25.5476 40.1588  255 255 255
-30.6368 -15.3859 25.9842  255 255 255
-10.4926 -24.2801 39.3281  255 255 255
-10.0984 -24.5175 39.4787  255 255 255
-39.6746 6.01801 -45.3419  255 255 255
-12.699 -23.9397 38.6843  255 255 255
1.18883 -28.5808 42.9481  255 255 255
-29.7267 -17.7457 29.3909  255 255 255
77.2015 -38.4593 10.6053  255 255 255
-32.941 -16.1142 24.3964  255 255 255
-28.6634 -20.1802 32.8418  255 255 255
-7.14579 -28.0641 42.5158  255 255 255
-28.4774 -20.4557 33.2744  255 255 255
-28.4868 -20.6638 33.5398  255 255 255
-28.2571 -20.5948 33.1122  255 255 255
3.616 -30.9013 42.4875  255 255 255
-18.0054 -25.0617 38.8657  255 255 255
-19.483 -25.8949 39.9976  255 255 255
-19.173 -26.5402 40.539  255 255 255
-15.0017 -29.066 40.4926  255 255 255
-33.5033 -19.3667 20.0864  255 255 255
-17.4296 -28.5333 39.5575  255 255 255
-45.8873 -4.2666 -32.2797  255 255 255
54.0592 -41.851 15.0547  255 255 255
-3.53612 -33.4898 40.6207  255 255 255
4.19886 -35.3963 39.0788  255 255 255
-48.3092 -6.09868 -29.9483  255 255 255
-45.8385 -7.27791 -28.2876  255 255 255
3.50741 -35.6644 38.7361  255 255 255
-30.9978 -22.7165 22.1065  255 255 255
-23.3177 -28.0343 33.8944  255 255 255
-13.7048 -32.4807 38.4045  255 255 255
-14.8622 -32.16 38.0181  255 255 255
0.854087 -37.1715 37.6096  255 255 255
-12.1083 -34.2533 37.2831  255 255 255
-22.6367 -31.3599 32.0731  255 255 255
-25.772 -30.2535 29.2706  255 255 255
-25.541 -30.5963 29.2992  255 255 255
-10.4312 -36.6692 36.9124  255 255 255
-26.2865 -31.5492 27.741  255 255 255
-11.9806 -37.2633 35.7667  255 255 255
-5.69378 247.577 -163.578  255 255 255
24.6292 153.808 -64.9407  255 255 255
23.5052 153.383 -67.0695  255 255 255
-20.7888 135.017 -53.1613  255 255 255
24.8665 149.398 -69.9203  255 255 255
-15.8267 132.978 -55.2645  255 255 255
-20.5967 130.91 -55.2995  255 255 255
5.25328 130.417 -54.5375  255 255 255
23.3427 143.293 -71.4585  255 255 255
-19.4845 129.461 -56.221  255 255 255
122.932 247.976 -203.084  255 255 255
-11.6815 124.285 -52.6921  255 255 255
-2.23394 126.483 -56.9318  255 255 255
-12.0543 120.724 -50.9501  255 255 255
-9.50347 115.288 -49.4492  255 255 255
-7.78271 115.95 -50.1952  255 255 255
24.6649 127.167 -65.0005  255 255 255
-10.8894 116.291 -51.1625  255 255 255
-7.51599 111.149 -48.0903  255 255 255
4.95313 107.891 -50.3843  255 255 255
17.9722 111.426 -56.507  255 255 255
26.7182 112.878 -62.1424  255 255 255
6.86923 106.031 -54.3428  255 255 255
-4.69572 99.6743 -50.4058  255 255 255
61.7899 116.416 -81.257  255 255 255
49.2609 112.954 -76.3078  255 255 255
57.5746 69.8484 -12.7662  255 255 255
-39.1342 88.818 -38.3513  255 255 255
54.4815 49.0453 16.4417  255 255 255
-44.5261 86.6177 -35.7992  255 255 255
62.6873 62.6934 -5.03425  255 255 255
62.7641 62.8204 -5.82337  255 255 255
56.2092 46.3105 18.4365  255 255 255
27.2317 104.533 -68.8933  255 255 255
-48.2937 84.8629 -34.869  255 255 255
25.0838 104.351 -68.7834  255 255 255
62.1043 112.475 -84.3227  255 255 255
73.1019 114.396 -88.7945  255 255 255
21.6869 102.143 -67.2472  255 255 255
44.5416 107.749 -77.8835  255 255 255
-23.0542 90.0268 -46.8738  255 255 255
47.8404 105.399 -81.4467  255 255 255
52.6527 105.835 -84.0089  255 255 255
38.6133 102.35 -77.7238  255 255 255
57.0664 65.7109 -21.1736  255 255 255
18.5614 97.5789 -68.8599  255 255 255
59.358 39.3216 19.2169  255 255 255
11.4639 95.041 -66.4506  255 255 255
11.5399 95.1353 -66.6076  255 255 255
53.2821 103.274 -85.7169  255 255 255
69.4287 106.888 -93.5328  255 255 255
53.258 102.063 -86.9243  255 255 255
-24.605 83.7124 -51.4792  255 255 255
-18.5634 84.4656 -54.1534  255 255 255
23.0707 92.0802 -74.9808  255 255 255
19.9475 90.2935 -74.2236  255 255 255
-19.1953 81.1532 -56.7387  255 255 255
64.9503 48.5729 -11.4578  255 255 255
-44.7196 75.2548 -44.3436  255 255 255
-19.2664 80.6447 -57.3612  255 255 255
-50.3853 73.5784 -42.4651  255 255 255
-24.9194 78.7068 -54.9101  255 255 255
55.3978 35.8595 6.50474  255 255 255
-31.1993 75.3773 -52.3412  255 255 255
-24.3859 76.4694 -56.5884  255 255 255
56.3975 52.1104 -32.3865  255 255 255
63.4666 89.1183 -102.809  255 255 255
65.5791 39.5029 -15.4646  255 255 255
40.223 81.3759 -94.0326  255 255 255
65.5236 17.1149 21.2137  255 255 255
65.5236 17.1149 21.2137  255 255 255
40.5571 80.8111 -95.4206  255 255 255
-0.503395 72.074 -75.1673  255 255 255
63.0604 33.7399 -25.6726  255 255 255
63.0604 33.7399 -25.6726  255 255 255
63.0604 33.7399 -25.6726  255 255 255
66.1128 10.4132 17.7831  255 255 255
57.0449 73.4441 -109.684  255 255 255
85.3823 72.9538 -122.454  255 255 255
84.451 72.0504 -123.507  255 255 255
84.4509 72.0503 -123.507  255 255 255
-34.7486 57.668 -63.4554  255 255 255
67.8107 2.9249 19.4705  255 255 255
70.1918 -1.37292 20.6689  255 255 255
60.3272 8.52177 1.54836  255 255 255
3.44431 -1.71645 35.2491  255 255 255
1.59863 -2.66261 36.4544  255 255 255
-12.7407 1.82004 29.8024  255 255 255
-13.1937 1.6081 29.7287  255 255 255
-9.05768 50.2827 -88.1302  255 255 255
-3.86981 -2.84141 36.4822  255 255 255
-9.63994 50.316 -88.5054  255 255 255
-8.02632 -1.68678 34.6585  255 255 255
-0.832041 -5.3839 38.0747  255 255 255
63.4216 -2.21131 1.81061  255 255 255
65.0537 -4.19973 4.85268  255 255 255
77.7141 -17.7254 29.6798  255 255 255
69.0603 -9.6517 11.3382  255 255 255
5.41111 -9.10111 38.0478  255 255 255
70.1943 -11.2996 13.0149  255 255 255
59.7386 -2.72423 -8.57209  255 255 255
-12.5248 -8.97021 36.5905  255 255 255
68.5281 -13.3707 7.63882  255 255 255
68.7301 -14.1059 7.34409  255 255 255
79.7188 -24.9926 29.1484  255 255 255
-20.0522 -6.20148 29.1648  255 255 255
69.7962 -16.2082 8.82323  255 255 255
-13.6969 -10.4227 36.2906  255 255 255
-17.9471 -8.36087 32.4232  255 255 255
-8.42053 -12.6719 38.8471  255 255 255
75.7435 -22.5155 20.2243  255 255 255
75.7435 -22.5155 20.2243  255 255 255
-6.76473 -13.2599 39.325  255 255 255
-16.9603 -9.96178 33.6615  255 255 255
-23.1982 -2.23361 15.1331  255 255 255
6.84693 -16.3821 37.8718  255 255 255
65.7456 -14.6196 -1.01109  255 255 255
77.9129 -26.4186 23.5179  255 255 255
-23.1913 -7.30343 24.3054  255 255 255
-22.7029 -8.00907 26.1728  255 255 255
-23.0902 -7.58588 24.8025  255 255 255
68.4947 -18.9391 2.47676  255 255 255
66.7409 -18.0144 -0.766773  255 255 255
-13.1857 -14.9169 36.833  255 255 255
-83.1844 -25.0115 108.289  255 255 255
-5.44822 -18.3143 38.9805  255 255 255
18.7128 -23.4444 36.0743  255 255 255
3.09089 -21.4528 39.3477  255 255 255
-7.64023 -19.6127 38.1244  255 255 255
-83.5733 -25.7898 107.775  255 255 255
-83.83 -25.8569 107.99  255 255 255
-83.9567 -25.9086 108.034  255 255 255
-84.7221 -26.111 108.563  255 255 255
-10.2724 -20.7204 38.7857  255 255 255
2.91571 -25.2942 40.3166  255 255 255
-18.0791 -19.5894 36.9094  255 255 255
-33.418 -12.6882 22.8969  255 255 255
-38.4657 8.95183 -49.0892  255 255 255
5.8584 -27.8448 42.1159  255 255 255
-28.81 -15.0568 25.6266  255 255 255
-11.7799 -23.636 39.0871  255 255 255
-19.9723 -21.0652 34.7015  255 255 255
-27.0044 -19.0762 31.187  255 255 255
-28.1002 -18.7489 30.8554  255 255 255
-3.8675 -28.3601 42.8898  255 255 255
-21.9382 -22.2764 35.1464  255 255 255
-31.2629 -18.2971 27.3698  255 255 255
-9.8507 -27.6726 41.9813  255 255 255
0.67991 -30.8813 42.6205  255 255 255
-11.2349 -27.8055 42.2182  255 255 255
-11.6409 -28.0587 42.4884  255 255 255
-3.30716 -30.7829 42.7731  255 255 255
-12.1373 -29.7876 41.6331  255 255 255
-13.4747 -29.8059 40.8089  255 255 255
-14.6013 -30.6052 39.4992  255 255 255
-17.3902 -30.0199 38.3621  255 255 255
-14.5342 -32.0527 38.2532  255 255 255
-16.9255 -31.5907 37.3831  255 255 255
-16.9255 -31.5907 37.3831  255 255 255
-8.27096 -35.2982 39.02  255 255 255
-44.8351 -14.0567 -19.5495  255 255 255
-45.3009 -13.2201 -23.2751  255 255 255
-14.5257 -35.1296 35.843  255 255 255
-16.0233 -35.1503 35.0467  255 255 255
-9.01949 -38.619 36.1836  255 255 255
-48.5999 -16.9935 -22.5627  255 255 255
-5.65071 240.776 -167.27  255 255 255
-20.9316 139.259 -51.1265  255 255 255
23.5065 154.422 -66.646  255 255 255
23.7899 151.897 -67.849  255 255 255
25.0815 145.872 -72.2189  255 255 255
29.4606 129.354 -67.3783  255 255 255
-12.1947 116.658 -52.8332  255 255 255
-8.18998 112.712 -48.418  255 255 255
-49.5623 100.364 -35.2776  255 255 255
-5.20164 106.997 -46.6957  255 255 255
-50.8686 98.8136 -35.3033  255 255 255
13.786 110.614 -54.5387  255 255 255
14.7185 110.003 -55.582  255 255 255
46.7059 116.784 -70.2438  255 255 255
39.9935 115.194 -68.1124  255 255 255
78.838 121.337 -87.6685  255 255 255
54.1063 114.609 -78.5149  255 255 255
99.443 127.111 -99.8262  255 255 255
-47.6005 86.6707 -34.4695  255 255 255
15.6976 102.508 -62.6536  255 255 255
23.9801 103.453 -68.0483  255 255 255
56.6638 45.8857 17.9792  255 255 255
60.9982 40.8678 23.0613  255 255 255
-61.5047 79.9841 -30.6639  255 255 255
17.5687 98.5797 -67.8665  255 255 255
-35.1582 84.6115 -44.1569  255 255 255
79.3409 111.277 -95.3402  255 255 255
12.0579 95.6781 -66.0943  255 255 255
48.1389 103.327 -82.3642  255 255 255
-12.0625 88.7417 -55.8302  255 255 255
62.9426 55.5113 -12.6176  255 255 255
60.1837 58.005 -17.4181  255 255 255
81.6235 106.378 -100.958  255 255 255
69.121 102.991 -95.1797  255 255 255
12.6979 90.7345 -70.4698  255 255 255
-54.1672 74.693 -38.7107  255 255 255
50.3422 96.6586 -90.1112  255 255 255
72.455 100.08 -100.242  255 255 255
60.7591 52.7268 -18.5187  255 255 255
60.9186 52.1395 -20.2358  255 255 255
69.3173 97.8627 -99.6236  255 255 255
27.2742 88.5273 -80.3044  255 255 255
63.7494 26.4391 22.1374  255 255 255
-29.5891 76.1121 -54.1415  255 255 255
-21.4745 77.6114 -58.1431  255 255 255
52.7931 90.5459 -94.4749  255 255 255
57.3254 52.5037 -30.7045  255 255 255
59.2857 89.6139 -99.2948  255 255 255
71.4558 91.4602 -104.966  255 255 255
4.99311 78.8174 -73.9489  255 255 255
66.2664 90.012 -104.4  255 255 255
65.8781 19.6498 22.9763  255 255 255
101.698 95.6777 -121.23  255 255 255
46.1368 85.2995 -95.1826  255 255 255
65.1904 18.5632 22.8606  255 255 255
71.7555 88.5116 -109.175  255 255 255
94.2861 90.73 -120.185  255 255 255
80.0484 86.8033 -114.273  255 255 255
24.2167 78.2722 -87.7144  255 255 255
24.2167 78.2722 -87.7145  255 255 255
65.1058 32.5401 -20.9989  255 255 255
65.501 31.9445 -20.1799  255 255 255
-41.6391 61.8339 -56.1015  255 255 255
14.6741 66.6397 -81.8712  255 255 255
29.9714 69.551 -99.4124  255 255 255
55.3797 19.3328 -5.4295  255 255 255
64.8882 26.3015 -25.4039  255 255 255
62.6501 69.5632 -116.8  255 255 255
33.7363 64.027 -103.487  255 255 255
74.6651 -5.47389 29.4731  255 255 255
-29.747 53.8466 -70.3106  255 255 255
65.779 3.16668 12.0091  255 255 255
69.8895 -1.49244 18.8102  255 255 255
-5.79146 7.26517 22.4925  255 255 255
68.951 -2.34167 16.0595  255 255 255
2.615 -1.8668 35.3711  255 255 255
12.7774 53.5827 -98.4216  255 255 255
1.63243 -4.7026 37.4359  255 255 255
58.4137 4.49078 -6.90473  255 255 255
-15.4654 46.7192 -81.6303  255 255 255
77.3994 -15.3619 30.0735  255 255 255
24.9101 39.0203 -88.107  255 255 255
-19.0662 -1.76907 27.5945  255 255 255
69.4461 -11.3268 11.4547  255 255 255
68.5811 -10.9244 8.96041  255 255 255
-19.2501 -2.62123 28.0889  255 255 255
-20.2372 -5.02079 28.3566  255 255 255
4.46773 -14.215 38.8125  255 255 255
-22.1822 1.28966 9.93474  255 255 255
-21.0535 -6.03159 27.6551  255 255 255
-22.7583 4.2547 -0.0942067  255 255 255
-2.49758 -14.0278 39.7465  255 255 255
19.3288 -15.1148 30.3911  255 255 255
-24.1921 -0.173547 11.9593  255 255 255
-22.8605 -4.88242 23.7144  255 255 255
66.1196 -13.5737 -0.601  255 255 255
78.5447 -27.2224 24.6841  255 255 255
78.6039 -27.6374 24.8741  255 255 255
-18 -10.919 33.1886  255 255 255
79.0917 -28.9886 24.707  255 255 255
-84.5475 -25.0924 109.585  255 255 255
-22.6245 -9.81789 26.9076  255 255 255
-83.211 -25.1158 108.085  255 255 255
2.37385 -19.5876 38.5302  255 255 255
-84.15 -25.1946 108.632  255 255 255
-21.1959 -12.1008 29.5218  255 255 255
-18.1204 -14.139 33.1901  255 255 255
9.79978 -22.0074 38.5408  255 255 255
78.7424 -32.4601 22.073  255 255 255
-20.4045 12.3833 -53.518  255 255 255
-84.1918 -25.7978 108.444  255 255 255
-84.4481 -25.8401 108.65  255 255 255
-19.1723 -16.6974 33.9467  255 255 255
-19.6392 -17.2314 34.4122  255 255 255
11.3419 -26.6686 39.8878  255 255 255
16.3927 -28.0246 39.8047  255 255 255
-33.982 -13.5682 23.839  255 255 255
-17.3908 -21.3814 37.1127  255 255 255
77.4517 -37.5521 14.5436  255 255 255
4.44901 -29.5158 43.8117  255 255 255
76.9614 -37.8865 12.4629  255 255 255
3.40723 -29.8628 43.4746  255 255 255
-3.35715 -28.0161 42.3579  255 255 255
-29.8157 -18.9936 30.6877  255 255 255
-32.4635 -16.9714 25.0844  255 255 255
-29.4578 -19.8062 32.0295  255 255 255
-0.617085 -29.9295 43.1432  255 255 255
-3.569 -29.4713 43.593  255 255 255
-16.5281 -25.9383 39.6059  255 255 255
-22.1086 -25.6132 37.3631  255 255 255
-22.0592 -25.6353 37.3081  255 255 255
60.839 -41.1537 13.5857  255 255 255
-3.75749 -32.3182 41.5913  255 255 255
-28.0504 -24.337 31.3956  255 255 255
-23.1145 -26.6915 35.095  255 255 255
-31.9518 -21.7351 22.9177  255 255 255
-23.9456 -26.5949 33.899  255 255 255
-34.4517 -20.0519 15.7648  255 255 255
-20.0888 -29.5416 38.8515  255 255 255
-47.694 -7.95911 -27.4645  255 255 255
50.7972 -46.1847 20.1342  255 255 255
-24.1805 -29.751 31.6878  255 255 255
-25.6516 -29.9781 29.4954  255 255 255
-32.7239 -27.202 24.0305  255 255 255
-25.9071 -30.415 28.8055  255 255 255
-31.6536 -27.5378 21.8203  255 255 255
-46.3219 -15.7878 -17.265  255 255 255
-32.6548 -27.8478 22.9649  255 255 255
-47.9247 -17.0762 -15.7122  255 255 255
-17.5457 -35.6703 35.213  255 255 255
23.7952 153.7 -65.2281  255 255 255
-11.6063 115.08 -52.1419  255 255 255
-11.2783 114.268 -52.0395  255 255 255
-54.0831 97.4602 -34.1568  255 255 255
42.9254 115.633 -68.7118  255 255 255
35.6345 109.526 -70.7781  255 255 255
51.0711 113.665 -76.9419  255 255 255
57.6161 70.2581 -13.1713  255 255 255
-58.3888 82.9925 -30.0344  255 255 255
60.1534 66.4034 -11.4831  255 255 255
60.6517 39.8996 26.1618  255 255 255
-47.4038 83.0998 -36.5898  255 255 255
17.4928 99.2741 -66.0718  255 255 255
68.5272 109.476 -90.8392  255 255 255
39.671 102.585 -78.1102  255 255 255
58.4335 63.5091 -18.8698  255 255 255
-45.2977 80.38 -38.0582  255 255 255
60.5074 59.8713 -15.5974  255 255 255
34.8659 98.9389 -77.6901  255 255 255
70.0485 106.183 -94.6747  255 255 255
99.9819 110.724 -109.543  255 255 255
61.9153 54.2188 -13.8585  255 255 255
16.3986 90.8536 -72.2381  255 255 255
73.6767 103.428 -98.9066  255 255 255
57.5445 58.707 -25.017  255 255 255
-17.3413 81.6612 -57.8577  255 255 255
69.0608 99.5637 -98.2216  255 255 255
63.5469 48.8147 -13.1463  255 255 255
65.2362 48.332 -16.0671  255 255 255
99.6169 99.5147 -117.357  255 255 255
71.7672 92.9674 -104.709  255 255 255
81.4711 93.4078 -109.846  255 255 255
74.1342 91.1775 -107.215  255 255 255
84.2367 92.0813 -111.31  255 255 255
37.7767 83.7863 -90.7617  255 255 255
67.169 88.0334 -105.77  255 255 255
57.35 48.436 -32.1555  255 255 255
54.6207 84.6866 -101.182  255 255 255
65.4171 17.0132 22.3599  255 255 255
18.2379 76.1625 -85.1506  255 255 255
59.9697 41.4352 -29.3376  255 255 255
60.1352 41.4868 -29.5557  255 255 255
59.7033 18.6543 7.38532  255 255 255
59.8351 34.2999 -23.5881  255 255 255
30.71 72.9911 -94.5542  255 255 255
65.054 31.448 -21.412  255 255 255
62.6272 33.7786 -26.4371  255 255 255
87.7634 77.1712 -124.816  255 255 255
-16.3544 63.0862 -71.8863  255 255 255
61.304 31.4421 -32.6076  255 255 255
61.502 31.5158 -32.8326  255 255 255
83.6693 72.5508 -125.341  255 255 255
84.8636 71.4681 -123.115  255 255 255
58.2765 68.8477 -113.61  255 255 255
-24.5695 58.2395 -70.0246  255 255 255
-2.56662 60.3835 -81.9685  255 255 255
15.4618 60.2258 -93.9351  255 255 255
65.8365 4.088 11.8713  255 255 255
65.3279 3.92556 10.6128  255 255 255
2.55862 7.65915 21.8795  255 255 255
69.7329 -1.37757 20.1843  255 255 255
-0.131833 -2.07461 36.3415  255 255 255
-12.6992 1.03654 30.9965  255 255 255
-15.1295 2.08959 27.668  255 255 255
76.199 -15.3094 26.9662  255 255 255
-15.9841 -1.01438 30.1558  255 255 255
-5.4082 -6.09248 38.1583  255 255 255
-6.64648 -5.87236 37.8124  255 255 255
-7.6177 -7.17931 38.1341  255 255 255
78.1972 -19.1095 29.8632  255 255 255
68.4055 -11.2145 8.34864  255 255 255
-21.2083 -4.91612 27.1931  255 255 255
67.5731 -13.9599 4.05563  255 255 255
-19.4734 -7.53708 30.7468  255 255 255
70.2016 -17.395 8.30581  255 255 255
70.2016 -17.395 8.30581  255 255 255
-5.92353 -13.968 38.7417  255 255 255
-20.0426 -8.79717 31.5101  255 255 255
-27.597 1.57952 3.84545  255 255 255
79.2022 -28.0294 25.4347  255 255 255
-22.9072 -7.29838 25.4238  255 255 255
-21.4615 -9.42819 28.5763  255 255 255
78.6027 -29.0691 23.1657  255 255 255
-1.42035 -19.4905 38.0825  255 255 255
-21.0495 -16.4841 33.6249  255 255 255
-13.1704 -19.8307 37.7921  255 255 255
-10.8843 -20.6894 38.9512  255 255 255
-13.2799 -20.4287 38.3663  255 255 255
-84.0208 -26.4338 107.333  255 255 255
-83.2273 -26.3358 106.29  255 255 255
-83.2273 -26.3358 106.29  255 255 255
-9.47294 -24.1642 39.8544  255 255 255
-35.5639 -14.0152 22.6978  255 255 255
-27.3064 -18.7599 30.9429  255 255 255
-33.2909 -12.1894 11.0733  255 255 255
-30.5678 -18.1181 29.6731  255 255 255
-38.0834 1.3579 -39.1575  255 255 255
-40.5704 1.16895 -39.1847  255 255 255
-18.524 -25.0756 38.6364  255 255 255
-14.8484 -27.0661 41.5955  255 255 255
-47.2389 -5.09769 -31.1521  255 255 255
-2.44386 -36.2188 38.4322  255 255 255
-28.7675 -27.5627 28.9549  255 255 255
-14.1911 -33.2157 37.0671  255 255 255
-28.9717 -28.1788 27.5724  255 255 255
-14.3603 -36.0706 35.2735  255 255 255
-8.19589 -38.3028 36.8177  255 255 255
-12.0069 -37.1281 36.3605  255 255 255
-31.1538 -29.3531 21.0988  255 255 255
22.7724 152.676 -67.4799  255 255 255
22.2673 153.098 -70.8755  255 255 255
-10.9102 114.876 -51.1947  255 255 255
-6.8161 112.706 -48.5377  255 255 255
-22.16 109.355 -47.0391  255 255 255
0.894031 105.997 -52.1721  255 255 255
33.1126 113.244 -64.9785  255 255 255
31.1292 113.558 -65.999  255 255 255
58.3966 73.705 -12.6799  255 255 255
-5.38375 98.3386 -52.6586  255 255 255
57.9775 68.3658 -17.0496  255 255 255
-61.3567 79.0076 -31.2681  255 255 255
-53.1425 79.4783 -36.1591  255 255 255
55.972 42.4225 14.1701  255 255 255
16.0047 92.6886 -70.6666  255 255 255
65.1914 51.4738 -8.80452  255 255 255
70.9659 102.269 -97.7128  255 255 255
20.5217 87.1996 -77.5642  255 255 255
-43.837 72.2269 -46.9911  255 255 255
63.9174 43.4189 -17.6364  255 255 255
57.9508 49.4778 -29.6427  255 255 255
57.9508 49.4778 -29.6427  255 255 255
56.4848 23.7198 9.91916  255 255 255
-31.6119 66.1728 -59.9733  255 255 255
67.6508 14.7027 18.5137  255 255 255
78.0414 62.9579 -81.7146  255 255 255
64.4699 32.5844 -22.8535  255 255 255
59.254 16.4704 3.41472  255 255 255
56.9511 18.1078 -3.31306  255 255 255
59.7252 11.7453 1.81159  255 255 255
58.8291 12.0481 -0.603482  255 255 255
58.8522 12.0526 -0.646275  255 255 255
58.6156 11.9698 -0.354485  255 255 255
-3.66088 54.7869 -85.9721  255 255 255
65.8453 2.13543 8.95412  255 255 255
58.6536 8.52847 -4.14513  255 255 255
58.1399 8.62168 -3.09157  255 255 255
-2.58869 54.4565 -90.7491  255 255 255
-3.7518 53.3066 -87.5359  255 255 255
14.5938 54.0152 -96.9039  255 255 255
-3.46648 52.2226 -89.3673  255 255 255
-3.4665 52.2226 -89.3673  255 255 255
2.05771 54.2546 -96.9281  255 255 255
67.2938 -6.44586 8.51284  255 255 255
77.2081 -16.796 29.1009  255 255 255
-21.6234 -1.92206 23.6614  255 255 255
-5.23478 -11.349 39.1938  255 255 255
-21.8064 -5.45425 26.2416  255 255 255
78.8649 -28.0373 24.6175  255 255 255
-1.17417 -16.9858 39.4347  255 255 255
-11.1487 -14.7028 37.8515  255 255 255
79.4255 -31.2267 23.6807  255 255 255
77.3486 -29.4605 19.4164  255 255 255
-19.0824 -13.7772 32.3038  255 255 255
-30.6263 -6.44783 14.3546  255 255 255
-83.7371 -25.6912 108.001  255 255 255
-17.3799 -16.936 34.1902  255 255 255
1.00475 -24.9004 40.4323  255 255 255
-33.2954 -9.71955 14.878  255 255 255
78.6256 -36.7788 18.1682  255 255 255
78.6424 -37.4746 17.675  255 255 255
77.5639 -38.2833 14.0508  255 255 255
-41.5319 2.87904 -41.5462  255 255 255
-28.3944 -20.2478 32.5821  255 255 255
-13.075 -26.704 40.9879  255 255 255
-23.2263 -26.1835 35.4196  255 255 255
-41.2159 -10.7955 -24.3161  255 255 255
-23.0934 -31.4933 31.5521  255 255 255
-23.0934 -31.4933 31.5521  255 255 255
-26.9759 -29.9908 28.2113  255 255 255
-21.4332 133.905 -56.2922  255 255 255
-19.7254 131.106 -55.2154  255 255 255
4.54706 130.825 -54.4531  255 255 255
-50.3639 105.946 -30.4515  255 255 255
21.4624 128.587 -64.525  255 255 255
0.44896 117.129 -52.8636  255 255 255
0.448955 117.129 -52.8636  255 255 255
-7.49259 109.277 -47.7611  255 255 255
-5.14996 105.091 -47.4838  255 255 255
-15.0681 96.4655 -46.2749  255 255 255
60.7337 65.2661 -10.5699  255 255 255
0.80495 95.623 -58.5452  255 255 255
-27.7274 77.2359 -54.3461  255 255 255
98.8911 98.1161 -118.312  255 255 255
12.9067 76.4372 -82.9614  255 255 255
58.5324 42.0867 -32.9895  255 255 255
-5.90201 69.5494 -74.2236  255 255 255
56.1603 23.2815 2.20691  255 255 255
45.3651 68.204 -109.826  255 255 255
62.4445 28.3901 -30.8242  255 255 255
48.4982 66.667 -111.092  255 255 255
54.4471 13.5431 -9.94221  255 255 255
57.7612 9.43624 -4.04569  255 255 255
71.7058 -5.51047 21.3455  255 255 255
77.1085 -13.2736 31.4793  255 255 255
57.449 4.93305 -4.108  255 255 255
77.1322 -15.0771 29.4455  255 255 255
-18.5196 -0.0164701 26.3506  255 255 255
-7.48681 -7.77477 37.3927  255 255 255
-7.87965 -8.7655 38.3424  255 255 255
76.3581 -19.3876 24.8447  255 255 255
-20.6937 -3.45231 26.7764  255 255 255
-11.8841 -9.49445 36.7895  255 255 255
-7.44964 -11.1963 38.9243  255 255 255
-17.6495 -8.27789 32.8539  255 255 255
-1.16758 -15.8527 39.5831  255 255 255
-20.3748 -9.53458 30.0311  255 255 255
-33.2048 -8.67225 17.5327  255 255 255
-83.5971 -26.059 107.45  255 255 255
-33.748 -11.4717 19.2046  255 255 255
79.2649 -38.0202 18.4349  255 255 255
79.2649 -38.0202 18.4349  255 255 255
-34.9505 5.27696 -44.2894  255 255 255
-30.7609 -16.7479 28.3886  255 255 255
-27.3781 -20.7048 33.3272  255 255 255
-8.15299 -27.8281 41.8987  255 255 255
-23.6956 -22.9888 36.0625  255 255 255
-11.0943 -33.1944 39.2562  255 255 255
-43.1858 -11.5829 -22.9947  255 255 255
-24.2907 -30.6536 30.799  255 255 255
3.06892 120.521 -55.0476  255 255 255
9.46772 119.991 -56.7364  255 255 255
-45.9574 86.7618 -34.983  255 255 255
59.1817 42.9544 22.9663  255 255 255
36.4072 106.097 -74.0161  255 255 255
63.7051 37.5952 23.4849  255 255 255
-8.74564 87.1061 -56.2821  255 255 255
57.4761 62.2693 -22.1983  255 255 255
72.3262 99.4375 -99.0145  255 255 255
59.9357 88.4947 -101.392  255 255 255
62.6943 15.1992 12.268  255 255 255
1.91897 59.9121 -87.2026  255 255 255
1.78252 58.7128 -89.8815  255 255 255
-11.0635 -2.70281 35.1464  255 255 255
78.1476 -16.8035 31.1868  255 255 255
-12.2673 -2.8984 34.1231  255 255 255
-2.76899 -6.28338 38.2797  255 255 255
59.7649 0.936731 -5.39098  255 255 255
-13.1065 -4.79337 34.575  255 255 255
-13.1312 -4.77424 34.4991  255 255 255
-19.4248 -1.71598 27.0911  255 255 255
-22.9111 -2.75527 19.793  255 255 255
-22.0602 -6.72156 26.6554  255 255 255
-0.948445 -18.2097 39.2316  255 255 255
-83.5098 -25.3307 108.079  255 255 255
-13.7993 -20.5581 38.4409  255 255 255
-26.2802 -21.4156 34.083  255 255 255
-21.8786 -23.9986 37.4619  255 255 255
-21.2505 -24.4133 38.2746  255 255 255
-18.1891 -31.58 37.0474  255 255 255
-32.6766 -24.6105 19.0912  255 255 255
-45.3835 -13.9256 -22.4546  255 255 255
-47.1258 -15.3364 -18.4792  255 255 255
26.6911 112.255 -64.4976  255 255 255
-5.3107 99.2755 -50.7572  255 255 255
-49.883 85.7271 -33.2858  255 255 255
-61.7601 82.2954 -28.5991  255 255 255
101.696 107.04 -113.581  255 255 255
67.4802 4.90673 18.8974  255 255 255
-16.8908 2.52727 25.0068  255 255 255
-22.167 -1.61078 21.512  255 255 255
-85.1399 -26.2933 109.15  255 255 255
-83.351 -27.9887 104.988  255 255 255
-31.9827 -24.608 25.3189  255 255 255
-24.3571 -29.9911 31.4546  255 255 255
55.2865 40.1759 15.8521  255 255 255
36.7462 94.6237 -81.3397  255 255 255
82.5323 89.3912 -113.915  255 255 255
-3.98943 73.4552 -70.8572  255 255 255
70.6194 76.782 -117.174  255 255 255
13.9365 60.63 -93.261  255 255 255
15.9831 55.1499 -96.8906  255 255 255
-10.3626 -6.30864 36.8588  255 255 255
-18.9344 -26.0216 40.2474  255 255 255
14.5169 111.023 -55.974  255 255 255
64.5862 87.557 -103.178  255 255 255
-1.57617 -8.9105 39.5933  255 255 255
-18.6966 -9.92087 32.0104  255 255 255
-85.0144 -25.4381 110.176  255 255 255
-17.8288 -18.111 35.8409  255 255 255
79.0223 -35.6545 19.0037  255 255 255
-0.668343 -32.8185 40.9882  255 255 255
-0.680123 -32.8563 41.0735  255 255 255
-32.6483 -24.9912 19.3815  255 255 255
10.6148 106.83 -58.0983  255 255 255
-84.4391 -25.9267 108.446  255 255 255
40.6806 87.4842 -89.095  255 255 255
-17.9989 -5.56939 30.8529  255 255 255
0.676408 97.0847 -57.9277  255 255 255
-43.0837 80.4059 -41.4072  255 255 255
25.6818 85.6296 -86.749  255 255 255
-26.0799 91.351 -49.3472  255 255 255
-92.4338 8.04173 103.012  255 255 255
-85.6478 -11.1224 103.552  255 255 255
-163.925 68.3478 -125.546  255 255 255
-162.415 69.1959 -127.027  255 255 255
-167.522 96.4806 -146.037  255 255 255
-149.201 126.729 -90.1687  255 255 255
-131.045 106.91 -67.7147  255 255 255
-131.421 67.262 -95.9671  255 255 255
-131.511 120.686 -71.7435  255 255 255
-122.136 92.448 -58.5719  255 255 255
-118.375 100.431 -44.3387  255 255 255
-118.342 96.8669 -48.3081  255 255 255
-117.1 82.115 -55.6095  255 255 255
-144.08 166.013 -102.458  255 255 255
-113.216 46.521 -73.091  255 255 255
-109.915 67.9827 -51.3338  255 255 255
-124.19 132.895 -74.2411  255 255 255
-124.698 133.944 -76.1164  255 255 255
-124.116 132.524 -78.9076  255 255 255
-121.858 131.112 -74.1152  255 255 255
-123.876 138.557 -78.313  255 255 255
-100.619 77.4447 -25.5014  255 255 255
-100.619 77.4447 -25.5016  255 255 255
-99.0293 58.0052 -35.8393  255 255 255
-99.094 74.3763 -24.2799  255 255 255
-125.059 161.611 -87.7309  255 255 255
-94.2194 37.5695 -42.1435  255 255 255
-92.2561 74.7426 -11.7785  255 255 255
-112.78 132.033 -65.6868  255 255 255
-118.281 138.721 -95.7276  255 255 255
-91.0406 56.3904 -23.4654  255 255 255
-110.953 131.006 -64.7506  255 255 255
-91.4367 41.9859 -40.8212  255 255 255
-110.775 132.714 -66.488  255 255 255
-90.5374 35.1972 -45.3139  255 255 255
-90.6927 70.642 -18.5938  255 255 255
-89.9099 75.834 -13.6147  255 255 255
-105.66 121.15 -54.9486  255 255 255
-89.0263 31.0321 -50.0732  255 255 255
-90.7528 81.8631 -18.018  255 255 255
-108.019 140.941 -61.2437  255 255 255
-88.5984 37.8116 -44.5308  255 255 255
-66.7161 -36.58 7.63548  255 255 255
-87.9663 26.7996 -53.7762  255 255 255
-106.604 144.768 -56.0231  255 255 255
-66.4382 -34.7176 7.74622  255 255 255
-106.299 134.816 -66.4436  255 255 255
-106.231 133.903 -67.4122  255 255 255
-66.0442 -35.9354 7.7446  255 255 255
-89.5518 85.4237 -19.2154  255 255 255
-104.793 133.334 -67.0171  255 255 255
-105.14 139.344 -64.9574  255 255 255
-104.833 138.101 -62.9505  255 255 255
-86.3896 33.6311 -50.7309  255 255 255
-86.1978 27.7613 -56.4728  255 255 255
-104.194 135.262 -67.497  255 255 255
-85.1137 22.8231 -57.882  255 255 255
-85.26 53.1289 -35.9459  255 255 255
-103.714 142.305 -65.2459  255 255 255
-84.1675 50.0977 -38.3712  255 255 255
-83.8868 38.6163 -47.6726  255 255 255
-84.2542 57.1424 -33.298  255 255 255
-87.6753 93.6687 -20.8936  255 255 255
-89.8633 103.927 -29.7017  255 255 255
-82.6666 60.0894 -26.3207  255 255 255
-87.9703 92.7668 -31.1247  255 255 255
-82.4907 77.8086 -16.4627  255 255 255
-81.2781 36.5404 -49.0906  255 255 255
-86.3566 98.577 -25.3275  255 255 255
-88.6931 108.768 -32.8405  255 255 255
-83.078 83.7513 -20.1685  255 255 255
-80.8685 65.2986 -20.4312  255 255 255
-81.3393 76.2448 -19.9973  255 255 255
-85.3655 102.269 -26.9502  255 255 255
-80.6321 77.3738 -20.3722  255 255 255
-72.4215 0.826315 -39.9069  255 255 255
-78.4999 72.9686 -13.1042  255 255 255
-80.7408 82.0274 -20.0754  255 255 255
-78.7907 40.6144 -51.4638  255 255 255
-81.1973 87.2546 -22.0331  255 255 255
-77.3033 40.4158 -50.1054  255 255 255
-77.9337 64.7524 -30.4191  255 255 255
-75.0996 70.5723 -1.33024  255 255 255
-77.3374 44.684 -49.742  255 255 255
-77.3374 44.684 -49.742  255 255 255
-77.5429 75.0189 -23.0656  255 255 255
-83.0686 105.256 -36.4142  255 255 255
-76.1628 45.2298 -48.4209  255 255 255
-75.9076 66.2369 -34.7708  255 255 255
-54.7008 -42.7016 16.8793  255 255 255
-82.7652 116.5 -33.9864  255 255 255
-81.5725 112.421 -32.3431  255 255 255
-82.3028 116.803 -33.6733  255 255 255
-81.2603 114.456 -32.9176  255 255 255
-89.7305 157.355 -77.0185  255 255 255
-72.4549 78.4537 -13.8246  255 255 255
-71.0609 30.8085 -61.1383  255 255 255
-71.3073 43.7658 -51.1071  255 255 255
-72.3704 68.714 -31.8805  255 255 255
-72.3704 68.714 -31.8805  255 255 255
-59.0865 -17.5591 -15.258  255 255 255
-87.4929 153.099 -74.5912  255 255 255
-86.8037 152.325 -75.6749  255 255 255
-50.5478 -46.7684 22.3609  255 255 255
-71.2386 71.9017 -31.1247  255 255 255
-57.3297 -19.778 -13.0872  255 255 255
-57.616 -17.3108 -14.9269  255 255 255
-76.6982 119.885 -35.7841  255 255 255
-66.9495 52.6281 -49.0524  255 255 255
-68.5105 80.9256 -24.2962  255 255 255
-83.4187 162.858 -82.89  255 255 255
-54.9981 -18.3061 -13.749  255 255 255
-83.5554 166.466 -85.5898  255 255 255
-61.9438 14.914 -59.5365  255 255 255
-66.7299 75.8372 -29.4116  255 255 255
-71.6275 111.844 -35.5993  255 255 255
-71.6242 111.887 -35.5842  255 255 255
-63.2847 35.3662 -63.0348  255 255 255
-55.084 -0.0095366 -38.2564  255 255 255
-44.6815 -51.7626 28.2871  255 255 255
-63.5245 78.8655 -29.9667  255 255 255
-62.6327 68.9377 -38.3452  255 255 255
-63.2278 78.5443 -31.0055  255 255 255
-75.275 160.399 -85.7456  255 255 255
-76.4582 169.523 -90.0514  255 255 255
-52.311 -5.54242 -30.8394  255 255 255
-50.3548 -9.3893 -25.0709  255 255 255
-42.5774 -50.5926 30.3801  255 255 255
-40.3214 -63.6078 44.4158  255 255 255
-60.3667 140.791 -46.038  255 255 255
-70.8104 172.243 -93.8744  255 255 255
-56.0618 52.4118 -55.0335  255 255 255
-53.9584 37.732 -66.5818  255 255 255
-67.3637 164.671 -90.0975  255 255 255
-54.6194 57.9419 -52.8052  255 255 255
-37.926 -65.5841 45.8428  255 255 255
-45.4508 -7.99001 -27.8457  255 255 255
-45.6413 -8.03166 -32.5166  255 255 255
-53.3983 69.8077 -44.3842  255 255 255
-62.6672 161.912 -89.5179  255 255 255
-52.1816 70.2304 -44.8441  255 255 255
-52.4432 74.3932 -40.7188  255 255 255
-52.9138 82.7609 -34.8553  255 255 255
-45.3411 11.1319 -52.3984  255 255 255
-61.2864 161.915 -89.3488  255 255 255
-35.5102 -63.7076 43.8344  255 255 255
-46.319 47.6559 -63.1675  255 255 255
-35.1256 -65.9405 46.9651  255 255 255
-47.4152 71.0476 -48.668  255 255 255
-53.7121 164.098 -92.9363  255 255 255
-47.3094 104.61 -32.8557  255 255 255
-43.1187 77.0849 -43.1163  255 255 255
-31.0913 -57.8397 36.8212  255 255 255
-38.1293 77.0016 -47.6214  255 255 255
-30.0781 -64.6917 44.3258  255 255 255
-33.0439 -15.3423 23.3187  255 255 255
-29.8494 -67.3312 48.7168  255 255 255
-29.8846 -64.1701 44.8307  255 255 255
-33.0898 -12.3669 22.0161  255 255 255
-30.2092 49.8343 -72.1088  255 255 255
-29.9657 -30.3267 21.4514  255 255 255
-28.0955 -63.0286 43.865  255 255 255
-30.4844 -3.01567 10.1581  255 255 255
-27.7436 -67.3011 48.2686  255 255 255
-29.9464 -19.8138 30.5008  255 255 255
-27.3057 -60.1981 39.7225  255 255 255
-29.2496 -1.22448 7.79526  255 255 255
-34.6226 135.374 -55.1111  255 255 255
-29.6727 -21.0074 32.8677  255 255 255
-29.1144 -3.63331 11.3536  255 255 255
-26.8308 -60.0507 39.518  255 255 255
-33.4268 134.202 -53.1042  255 255 255
-26.3072 -57.5977 35.5667  255 255 255
-26.4735 -63.7828 44.3776  255 255 255
-25.9677 65.3068 -63.9  255 255 255
-24.9148 61.6953 -66.4457  255 255 255
-25.6942 -57.6667 36.6515  255 255 255
-25.9137 -63.6614 44.4734  255 255 255
-23.181 53.7944 -73.4834  255 255 255
-23.5011 61.9811 -67.6962  255 255 255
-26.5094 -5.89025 19.3683  255 255 255
-24.3508 -53.3161 33.0341  255 255 255
-25.3001 0.918563 4.8581  255 255 255
-25.9562 -5.79403 19.6561  255 255 255
-19.0698 59.7841 -72.9207  255 255 255
-23.7299 3.2121 2.08263  255 255 255
-19.4451 63.304 -69.3975  255 255 255
-23.5964 94.2251 -41.0559  255 255 255
-18.0001 79.814 -57.4009  255 255 255
-17.9139 80.2129 -58.1135  255 255 255
-13.2693 17.8294 -61.9003  255 255 255
-13.7381 55.8415 -76.9918  255 255 255
-21.5917 -63.8985 44.6736  255 255 255
-19.8994 3.89732 6.70787  255 255 255
-20.7227 -63.9396 44.7495  255 255 255
-9.96401 63.1082 -78.4354  255 255 255
-13.3711 79.2735 -61.3884  255 255 255
-16.5832 95.0781 -46.2263  255 255 255
-10.0106 66.2947 -74.0974  255 255 255
-16.9005 131.757 -55.1768  255 255 255
-20.0366 -62.7151 43.1814  255 255 255
-11.6035 79.0452 -63.1442  255 255 255
-16.0025 129.878 -52.6802  255 255 255
-19.3671 -62.7727 43.0663  255 255 255
-14.8645 135.028 -56.4342  255 255 255
-14.2807 140.478 -59.4164  255 255 255
-6.03098 23.1267 -66.65  255 255 255
-14.2536 135.532 -56.7405  255 255 255
-14.0122 130.991 -54.923  255 255 255
-13.9765 125.672 -52.0027  255 255 255
-13.4978 132.331 -55.6781  255 255 255
-4.30208 56.773 -84.6113  255 255 255
-18.3908 -61.0998 40.8837  255 255 255
-8.35369 77.7914 -66.2254  255 255 255
-19.111 1.77839 24.0983  255 255 255
-18.2204 -61.23 41.0488  255 255 255
-18.0218 -60.6927 40.3464  255 255 255
-18.0117 -60.6684 40.3548  255 255 255
-12.3916 130.835 -54.3863  255 255 255
-12.4064 133.337 -55.9836  255 255 255
-12.0941 120.372 -50.2244  255 255 255
-10.952 139.85 -59.9143  255 255 255
-10.6356 141.348 -60.8689  255 255 255
-10.6779 136.771 -58.4646  255 255 255
-18.8259 -18.1585 35.8771  255 255 255
-10.8662 124.33 -52.4463  255 255 255
-0.755101 31.2614 -78.8159  255 255 255
-9.11338 94.0035 -50.8866  255 255 255
-3.09304 68.2021 -75.6283  255 255 255
-10.0518 122.421 -51.6484  255 255 255
-9.98774 129.484 -54.4751  255 255 255
-9.30503 125.371 -53.6424  255 255 255
-8.37267 142.902 -62.1272  255 255 255
-8.07702 144.45 -62.9036  255 255 255
-0.0295443 25.2789 -70.247  255 255 255
-7.76531 126.826 -53.8944  255 255 255
-5.1624 159.094 -76.2058  255 255 255
-7.13941 136.668 -58.5298  255 255 255
-7.80937 113.256 -48.1716  255 255 255
-7.80938 113.256 -48.1715  255 255 255
-7.60998 122.03 -51.6807  255 255 255
1.42542 63.9096 -81.7499  255 255 255
-7.29137 117.549 -49.8327  255 255 255
-7.05483 126.975 -53.6095  255 255 255
-6.5871 142.599 -60.4541  255 255 255
-6.31943 140.146 -59.7781  255 255 255
-16.5665 -16.0444 34.5922  255 255 255
-6.63058 117.79 -49.8535  255 255 255
-2.11625 85.8308 -64.4519  255 255 255
-5.24596 142.754 -62.9705  255 255 255
-5.93575 127.231 -54.7373  255 255 255
-4.94684 140.533 -62.4687  255 255 255
2.19966 23.5085 -69.1546  255 255 255
0.0982571 77.6911 -71.5859  255 255 255
-5.30139 132.409 -57.033  255 255 255
-4.57059 145.275 -63.9879  255 255 255
-6.00332 111.532 -48.1744  255 255 255
-5.97823 111.331 -47.813  255 255 255
-5.58262 131.912 -54.8762  255 255 255
-4.75003 139.771 -59.0351  255 255 255
-16.0287 -6.62859 33.4546  255 255 255
-3.47363 143.288 -63.574  255 255 255
-4.45587 127.125 -54.185  255 255 255
-3.62216 132.996 -57.6824  255 255 255
-3.62237 132.995 -57.6815  255 255 255
-15.9376 -20.7708 38.7802  255 255 255
5.92723 33.3038 -80.6969  255 255 255
-3.56628 128.943 -54.7227  255 255 255
-15.346 -4.19067 33.3868  255 255 255
-1.64621 144.684 -65.3054  255 255 255
-15.3414 -10.8405 35.2895  255 255 255
-14.5787 1.5951 28.8374  255 255 255
15.5214 108.834 -112.731  255 255 255
-15.3514 -19.6805 37.6886  255 255 255
-3.01088 119.148 -51.8764  255 255 255
-3.01097 119.148 -51.876  255 255 255
-2.30231 131.918 -57.1063  255 255 255
4.28011 21.7302 -64.643  255 255 255
2.24893 84.8523 -65.9934  255 255 255
-2.58092 112.171 -49.1684  255 255 255
-1.63119 113.441 -50.8588  255 255 255
5.05914 78.9114 -74.276  255 255 255
-14.3213 -3.14863 33.0972  255 255 255
0.603114 145.845 -66.0302  255 255 255
-13.7854 -63.3656 44.169  255 255 255
1.03807 146.875 -66.639  255 255 255
8.41966 30.4587 -76.903  255 255 255
-13.942 -6.36982 34.9138  255 255 255
12.7915 53.6365 -98.5642  255 255 255
8.4282 27.4191 -71.9377  255 255 255
8.37391 27.4057 -71.8033  255 255 255
3.67421 90.6792 -63.1609  255 255 255
-0.434551 108.055 -47.9418  255 255 255
0.680324 133.122 -57.1311  255 255 255
2.99406 148.246 -70.8657  255 255 255
2.97348 147.251 -67.3236  255 255 255
-12.5316 -35.0585 36.8879  255 255 255
7.70485 81.5309 -73.1951  255 255 255
1.44436 113.225 -50.1173  255 255 255
1.04278 106.825 -46.5254  255 255 255
4.05968 146.672 -67.0561  255 255 255
4.10416 146.986 -67.6216  255 255 255
4.79333 147.996 -68.2211  255 255 255
2.4643 129.728 -52.5182  255 255 255
-10.91 -45.7961 35.6254  255 255 255
-12.4342 -3.7959 34.8883  255 255 255
11.31 26.3432 -71.7294  255 255 255
11.1141 76.7649 -78.9128  255 255 255
5.7811 146.946 -67.3898  255 255 255
5.80574 147.141 -67.7292  255 255 255
-12.271 -6.49721 36.1423  255 255 255
7.48314 94.3775 -64.0428  255 255 255
3.70346 109.975 -48.9268  255 255 255
2.09972 108.39 -42.2141  255 255 255
4.19439 114.04 -51.8477  255 255 255
3.12632 111.611 -44.7689  255 255 255
7.40144 146.482 -67.2018  255 255 255
-10.7193 0.807322 32.1376  255 255 255
-9.68786 -46.6327 36.6904  255 255 255
13.2108 21.8773 -65.8039  255 255 255
6.79548 115.236 -52.0384  255 255 255
13.2248 87.6117 -72.8655  255 255 255
21.5971 55.1202 -102.15  255 255 255
-10.3533 -17.6999 37.6237  255 255 255
8.33783 120.582 -56.2245  255 255 255
7.78664 110.199 -50.6926  255 255 255
7.97721 129.169 -54.6894  255 255 255
-8.7066 -60.1443 39.6613  255 255 255
19.5409 71.149 -88.9226  255 255 255
10.1163 122.774 -57.5569  255 255 255
14.3974 92.4053 -69.3605  255 255 255
9.41399 110.484 -50.8591  255 255 255
-9.495 -10.2004 38.2922  255 255 255
18.0609 86.0411 -77.5118  255 255 255
11.3757 114.945 -55.0349  255 255 255
12.06 119.469 -57.5152  255 255 255
11.8211 119.043 -56.7544  255 255 255
11.8206 119.042 -56.7528  255 255 255
-8.947 -16.3681 38.7163  255 255 255
13.3859 103.716 -58.9052  255 255 255
11.8983 112.015 -51.5932  255 255 255
21.5744 78.1283 -83.5366  255 255 255
20.9054 83.5677 -80.9466  255 255 255
-7.02881 -61.0721 40.4861  255 255 255
21.3937 83.9404 -80.0665  255 255 255
-7.91781 -5.16604 37.3375  255 255 255
22.7514 78.3016 -83.9074  255 255 255
-7.9547 -34.8583 41.0964  255 255 255
21.8951 83.4155 -80.2651  255 255 255
15.0209 122.073 -58.3422  255 255 255
23.3376 81.2319 -83.9065  255 255 255
18.5327 100.541 -66.8296  255 255 255
14.4786 112.014 -53.0705  255 255 255
-7.40828 -6.37864 38.0129  255 255 255
-6.92464 -2.86079 36.4629  255 255 255
19.8257 100.391 -67.6778  255 255 255
-7.1569 -12.1478 39.1629  255 255 255
-7.59205 -28.3448 42.4764  255 255 255
16.0321 112.211 -53.2564  255 255 255
18.2905 127.652 -61.5421  255 255 255
19.0305 134.905 -64.859  255 255 255
20.8513 101.987 -67.8644  255 255 255
-6.24064 -6.14567 38.0202  255 255 255
20.8333 104.289 -65.3938  255 255 255
-6.35348 -9.84391 39.0302  255 255 255
21.2602 104.888 -65.0009  255 255 255
20.4173 130.954 -64.6372  255 255 255
-5.4627 -2.77375 36.4841  255 255 255
18.0083 113.453 -53.7997  255 255 255
18.0078 113.453 -53.7981  255 255 255
22.1417 150.476 -66.4139  255 255 255
19.8731 113.878 -55.6744  255 255 255
21.8595 128.949 -63.5304  255 255 255
34.7451 67.915 -101.564  255 255 255
-3.53394 -59.8777 38.9091  255 255 255
22.44 117.328 -58.9054  255 255 255
23.9875 127.566 -64.4294  255 255 255
23.9875 127.566 -64.4293  255 255 255
23.632 123.925 -62.4862  255 255 255
23.632 123.925 -62.4863  255 255 255
36.7638 69.5235 -101.061  255 255 255
24.9973 130.138 -65.6005  255 255 255
23.239 118.515 -58.7803  255 255 255
25.617 130.85 -65.9876  255 255 255
-4.90833 -29.3057 43.7687  255 255 255
-3.87562 -28.149 41.558  255 255 255
28.0732 105.695 -68.923  255 255 255
26.4143 125.602 -63.6495  255 255 255
-2.6387 -21.9965 40.559  255 255 255
-2.63869 -21.9965 40.5589  255 255 255
32.0641 23.4342 -67.6451  255 255 255
30.1633 121.897 -63.3044  255 255 255
33.2976 23.9689 -68.0967  255 255 255
35.1067 104.624 -74.8145  255 255 255
-0.865268 -12.9389 38.9302  255 255 255
44.8747 87.5295 -93.9176  255 255 255
38.0256 111.189 -74.0046  255 255 255
-0.654636 -29.9528 43.9113  255 255 255
47.0162 99.5816 -86.999  255 255 255
46.6604 102.162 -82.3039  255 255 255
47.9632 99.8499 -85.4136  255 255 255
-92.2929 7.51767 102.986  255 255 255
-138.245 0.223738 -36.9025  255 255 255
-192.175 136.075 -168.655  255 255 255
-162.349 67.057 -125.57  255 255 255
-183.517 117.895 -159.049  255 255 255
-167.243 131.571 -121.251  255 255 255
-163.857 139.834 -108.901  255 255 255
-165.846 102.921 -136.857  255 255 255
-162.821 128.081 -113.883  255 255 255
-163.461 115.943 -125.317  255 255 255
-161.879 129.75 -115.35  255 255 255
-162.055 97.7707 -136.925  255 255 255
-156.74 125.83 -107.58  255 255 255
-141.853 82.5181 -105.109  255 255 255
-139.426 85.7603 -100.285  255 255 255
-131.468 105.31 -70.5074  255 255 255
-131.802 116.526 -64.2297  255 255 255
-130.942 99.98 -71.9146  255 255 255
-129.669 97.5305 -67.9194  255 255 255
-131.502 96.3049 -77.3417  255 255 255
-130.688 115.263 -65.8458  255 255 255
-125.125 87.6606 -66.666  255 255 255
-149.27 162.583 -103.44  255 255 255
-124.723 108.836 -57.1513  255 255 255
-122.775 89.5371 -62.4781  255 255 255
-134.999 133.737 -78.5046  255 255 255
-112.115 73.2631 -50.4559  255 255 255
-113.031 77.9902 -50.448  255 255 255
-113.031 77.9902 -50.4477  255 255 255
-109.487 77.6164 -42.652  255 255 255
-137.388 170.249 -106.163  255 255 255
-95.903 77.4321 -15.1592  255 255 255
-79.2729 -19.191 -15.3859  255 255 255
-100.373 97.8382 -25.9867  255 255 255
-77.8512 -20.2832 -12.9816  255 255 255
-92.8142 30.2185 -48.1521  255 255 255
-91.5627 39.2894 -42.2998  255 255 255
-111.067 132.866 -64.852  255 255 255
-110.95 134.362 -63.8254  255 255 255
-90.8833 39.3425 -41.9652  255 255 255
-110.036 136.161 -63.2749  255 255 255
-90.3065 62.5177 -24.6714  255 255 255
-109.335 131.228 -67.3954  255 255 255
-89.6475 59.0626 -27.5409  255 255 255
-108.304 133.949 -65.7844  255 255 255
-107.213 135.778 -62.617  255 255 255
-107.213 132.446 -67.1059  255 255 255
-106.962 131.744 -65.8389  255 255 255
-106.827 132.917 -65.0241  255 255 255
-107.119 133.935 -66.6751  255 255 255
-105.324 135.324 -68.2497  255 255 255
-86.7808 50.4696 -36.8531  255 255 255
-86.1271 45.991 -39.9664  255 255 255
-104.431 135.964 -66.3143  255 255 255
-85.388 28.9609 -53.5969  255 255 255
-78.4302 0.632765 -38.9053  255 255 255
-85.8063 59.7833 -29.9161  255 255 255
-85.2949 31.5474 -53.0372  255 255 255
-88.5726 91.3494 -20.0317  255 255 255
-84.8523 41.5327 -45.4248  255 255 255
-102.59 135.93 -65.6616  255 255 255
-83.9569 39.6968 -47.4123  255 255 255
-58.4504 -47.4008 23.6481  255 255 255
-83.0779 41.8787 -46.2252  255 255 255
-82.4811 76.9048 -17.8595  255 255 255
-82.1621 77.1356 -17.4339  255 255 255
-81.8999 65.6256 -28.2015  255 255 255
-84.2548 108.062 -29.7145  255 255 255
-52.6105 -52.0014 29.0993  255 255 255
-75.5179 75.7378 -24.5124  255 255 255
-54.1178 -43.6564 18.0486  255 255 255
-91.6664 161.371 -78.6472  255 255 255
-74.083 79.4296 -22.2581  255 255 255
-58.7331 -17.6105 -16.7686  255 255 255
-57.925 -19.438 -14.3352  255 255 255
-68.2484 62.0674 -40.4854  255 255 255
-73.8067 121.977 -32.3694  255 255 255
-57.0874 -5.35697 -30.4437  255 255 255
-67.3752 79.2516 -27.0298  255 255 255
-55.1928 -6.89721 -29.9575  255 255 255
-42.954 -63.6373 43.3843  255 255 255
-45.3716 -50.399 26.9566  255 255 255
-53.8864 -7.8229 -27.4656  255 255 255
-61.9644 48.2313 -53.2607  255 255 255
-60.9902 48.4784 -54.438  255 255 255
-43.1824 -55.9501 34.4345  255 255 255
-62.2992 83.7231 -27.7307  255 255 255
-60.0357 65.8268 -43.3121  255 255 255
-58.2469 46.6837 -57.8852  255 255 255
-51.0122 29.4183 -73.9524  255 255 255
-50.3655 50.3076 -60.0062  255 255 255
-58.0263 125.529 -138.991  255 255 255
-49.1084 46.0759 -61.9842  255 255 255
-35.7621 -64.0338 44.8226  255 255 255
-50.604 84.3019 -34.7272  255 255 255
-46.2221 73.3476 -46.8015  255 255 255
-41.9728 53.1295 -64.2382  255 255 255
-46.231 100.393 -36.5803  255 255 255
-41.0996 54.5028 -63.3008  255 255 255
-42.1606 70.9562 -50.653  255 255 255
-31.8548 -63.8129 44.4276  255 255 255
-31.8548 -63.8129 44.4276  255 255 255
-31.6999 -64.4481 44.6285  255 255 255
-31.2489 -59.5942 38.594  255 255 255
-40.9146 88.6376 -37.2057  255 255 255
-30.9282 -56.4696 34.8443  255 255 255
-30.803 -58.9852 38.091  255 255 255
-32.0089 -27.5213 20.662  255 255 255
-33.9547 55.3544 -67.2714  255 255 255
-29.3319 -64.7584 45.4961  255 255 255
-29.3173 -66.7472 47.9038  255 255 255
-32.1118 -16.9223 26.6408  255 255 255
-30.0529 55.249 -69.6531  255 255 255
-30.1867 54.9056 -68.2576  255 255 255
-31.0727 -15.0901 26.9038  255 255 255
-27.9326 -60.1896 39.7419  255 255 255
-29.6342 -5.06439 12.7775  255 255 255
-29.6088 -4.19565 11.3861  255 255 255
-27.2955 -57.6663 36.4835  255 255 255
-27.4156 -67.4494 48.2594  255 255 255
-27.4094 -67.487 48.3202  255 255 255
-27.2054 -59.2361 38.4658  255 255 255
-29.7673 -21.3327 33.8062  255 255 255
-26.8292 62.1208 -65.7699  255 255 255
-25.8742 57.8469 -70.2449  255 255 255
-26.3764 -56.9212 35.5466  255 255 255
-25.7944 -65.436 46.8419  255 255 255
-25.4844 -61.1496 40.7649  255 255 255
-24.9524 -58.4289 37.5807  255 255 255
-26.333 -3.95402 16.9158  255 255 255
-25.2749 -33.7022 28.2823  255 255 255
-15.6675 59.5273 -75.1342  255 255 255
-16.4345 63.94 -69.6666  255 255 255
-21.8499 94.4239 -42.9294  255 255 255
-22.9195 113.214 -41.6021  255 255 255
-21.3613 -61.5018 41.4231  255 255 255
-20.9868 -61.1187 40.8418  255 255 255
-8.50571 41.5583 -91.5982  255 255 255
-20.9119 -65.8803 43.8325  255 255 255
-20.5879 -61.4509 41.2786  255 255 255
-20.8614 -63.771 44.4387  255 255 255
-20.0139 -60.4539 40.1555  255 255 255
-20.2065 -63.4764 43.9213  255 255 255
-19.6927 -63.2893 43.8077  255 255 255
-15.5004 126.262 -51.2169  255 255 255
-15.1269 138.266 -57.0307  255 255 255
-19.6934 1.72969 22.8911  255 255 255
-14.5347 125.616 -52.5783  255 255 255
-5.62591 57.271 -82.0615  255 255 255
-19.9057 -12.4978 32.1979  255 255 255
-13.7065 121.613 -50.4975  255 255 255
-13.2572 133.975 -56.5972  255 255 255
-13.1902 139.245 -58.4153  255 255 255
-11.568 142.86 -60.5912  255 255 255
-17.672 -61.2504 41.1525  255 255 255
-11.2141 128.831 -54.1266  255 255 255
-11.2141 128.831 -54.1264  255 255 255
-17.4713 -60.8152 40.9713  255 255 255
-9.06129 92.5849 -54.8642  255 255 255
-8.11778 88.0494 -57.5533  255 255 255
-8.16669 87.9359 -57.3595  255 255 255
-10.9288 119.629 -50.1575  255 255 255
-10.7568 121.947 -51.4847  255 255 255
-17.8606 2.20543 25.2449  255 255 255
-10.2172 128.287 -55.4903  255 255 255
-10.2549 127.767 -54.815  255 255 255
-18.2844 -18.3486 36.076  255 255 255
-16.5078 3.89538 23.9404  255 255 255
-16.4033 3.94587 23.4891  255 255 255
-8.27437 134 -55.3374  255 255 255
-7.75426 125.505 -53.836  255 255 255
-6.7887 138.738 -60.2779  255 255 255
-4.62441 91.5563 -57.9119  255 255 255
-7.89915 113.547 -47.0382  255 255 255
0.0546306 19.4567 -63.4538  255 255 255
-3.36074 85.3328 -61.9046  255 255 255
-16.7439 -23.1616 37.2787  255 255 255
-16.2796 -31.8228 37.5768  255 255 255
-6.17138 124.799 -52.6423  255 255 255
-6.1714 124.799 -52.6422  255 255 255
-4.45562 126.693 -56.8996  255 255 255
-4.92285 118.128 -51.5874  255 255 255
-4.92284 118.128 -51.5875  255 255 255
-4.28063 131.878 -58.3003  255 255 255
-15.0851 -35.2205 35.7367  255 255 255
-4.66905 113.127 -49.2359  255 255 255
-4.64647 113.294 -49.5116  255 255 255
-3.81791 137.626 -59.8301  255 255 255
-4.89867 107.628 -45.3679  255 255 255
-3.2491 129.927 -57.8241  255 255 255
-15.4513 -15.8026 35.5387  255 255 255
-15.5954 -19.3596 37.6126  255 255 255
-2.78156 101.451 -51.0259  255 255 255
2.52644 79.972 -71.1391  255 255 255
-3.11869 108.118 -46.1813  255 255 255
-2.30859 114.963 -51.1672  255 255 255
-0.50053 95.8764 -55.2065  255 255 255
-1.16506 140.142 -61.2878  255 255 255
-12.8719 5.6415 24.7744  255 255 255
2.34764 97.5439 -58.1952  255 255 255
6.8761 82.0859 -74.4487  255 255 255
10.0364 67.2668 -84.8346  255 255 255
-12.9775 -0.187678 31.7522  255 255 255
-10.8249 6.04362 24.4417  255 255 255
5.01034 98.3669 -59.4244  255 255 255
2.33914 116.379 -51.229  255 255 255
14.671 60.7647 -90.1544  255 255 255
-10.8747 1.13685 31.5665  255 255 255
-11.1128 -7.08999 37.186  255 255 255
-10.7388 -7.28348 36.9651  255 255 255
6.38406 130.104 -50.7417  255 255 255
12.5574 90.5536 -69.8056  255 255 255
17.9573 66.7216 -85.5281  255 255 255
12.5915 99.9833 -63.3484  255 255 255
11.8199 121.962 -57.0888  255 255 255
11.791 121.912 -57.0241  255 255 255
13.144 107.243 -57.13  255 255 255
14.8624 102.166 -62.5044  255 255 255
12.9472 115.277 -55.5295  255 255 255
12.8679 114.987 -54.9804  255 255 255
14.9767 136.811 -60.7015  255 255 255
-7.7873 -17.3168 38.8647  255 255 255
22.6477 85.2885 -80.2513  255 255 255
22.4751 85.1287 -79.7574  255 255 255
-7.59509 -10.9433 39.4942  255 255 255
20.3902 98.434 -69.278  255 255 255
17.9635 128.202 -63.2853  255 255 255
-6.5792 -3.99349 36.813  255 255 255
17.7705 112.969 -54.2149  255 255 255
27.8387 80.8091 -86.9593  255 255 255
23.0886 102.286 -68.202  255 255 255
33.2571 68.0601 -99.4989  255 255 255
30.4113 79.1413 -89.327  255 255 255
24.4933 102.554 -68.4284  255 255 255
23.1836 129.683 -65.2368  255 255 255
23.1361 129.541 -64.9674  255 255 255
24.7044 104.093 -67.427  255 255 255
33.3949 74.7804 -94.636  255 255 255
24.9946 134.288 -67.0342  255 255 255
25.9359 104.288 -67.8991  255 255 255
24.811 123.545 -62.7512  255 255 255
36.3228 41.7528 -91.7907  255 255 255
30.7344 101.636 -74.0654  255 255 255
27.0104 125.708 -63.011  255 255 255
27.0104 125.708 -63.0111  255 255 255
27.0274 116.496 -60.0625  255 255 255
-0.677162 -34.1211 40.2711  255 255 255
2.17093 -43.2723 33.6033  255 255 255
0.129332 -10.8945 39.4754  255 255 255
43.3072 96.3359 -86.9018  255 255 255
-0.549233 -29.5657 43.6135  255 255 255
42.563 104.224 -80.3341  255 255 255
42.5628 104.224 -80.3338  255 255 255
39.9307 111.374 -71.1735  255 255 255
58.2316 66.1764 -114.03  255 255 255
-96.9532 13.0415 101.514  255 255 255
-175.17 107.174 -152.943  255 255 255
-162.727 122.249 -119.805  255 255 255
-150.879 113.211 -103.101  255 255 255
-139.769 128.928 -79.1841  255 255 255
-143.966 137.013 -87.9869  255 255 255
-139.856 136.095 -83.0973  255 255 255
-127.51 104.042 -61.7064  255 255 255
-137.643 133.439 -80.8572  255 255 255
-149.477 161.288 -105.078  255 255 255
-118.235 79.7667 -59.8375  255 255 255
-103.638 71.3996 -32.897  255 255 255
-82.7071 -14.362 -21.022  255 255 255
-95.5592 56.7552 -29.9485  255 255 255
-94.1134 75.0025 -12.2524  255 255 255
-116.78 138.863 -69.8134  255 255 255
-90.2351 71.441 -17.6461  255 255 255
-89.0588 53.2175 -32.9519  255 255 255
-88.6662 47.0979 -35.6078  255 255 255
-106.64 135.785 -66.0221  255 255 255
-105.452 139.199 -60.9096  255 255 255
-87.2777 66.0214 -24.3515  255 255 255
-87.2667 65.9726 -24.3577  255 255 255
-86.6066 48.2157 -38.5619  255 255 255
-86.7833 74.9322 -17.8084  255 255 255
-103.284 136.916 -62.4654  255 255 255
-85.5854 40.0855 -46.5799  255 255 255
-85.3971 44.6891 -41.3504  255 255 255
-90.5655 97.5164 -25.472  255 255 255
-84.2779 32.2859 -52.533  255 255 255
-83.714 75.9571 -19.3639  255 255 255
-82.4748 62.5128 -31.5093  255 255 255
-84.5886 105.451 -27.4884  255 255 255
-77.3312 42.2602 -49.4601  255 255 255
-83.5708 109.587 -29.8186  255 255 255
-73.044 77.1881 -23.664  255 255 255
-70.3561 80.3185 -22.6799  255 255 255
-46.1334 -53.484 29.2247  255 255 255
-90.4879 217.233 -141.718  255 255 255
-65.3042 71.4371 -36.0659  255 255 255
-65.2706 71.2724 -35.7569  255 255 255
-54.9772 -3.48118 -33.4357  255 255 255
-45.2578 -49.6023 25.7914  255 255 255
-53.3922 -2.86939 -33.6099  255 255 255
-61.9791 77.7029 -32.3358  255 255 255
-56.5849 32.145 -67.2558  255 255 255
-47.7768 -13.9262 -19.7037  255 255 255
-58.846 83.8193 -27.7755  255 255 255
-39.5891 -63.867 45.1687  255 255 255
-48.2135 -8.51937 -26.9932  255 255 255
-40.3073 -52.9641 30.5748  255 255 255
-55.8492 84.4963 -28.7694  255 255 255
-39.1265 -55.6477 33.6622  255 255 255
-37.8861 -61.8865 41.8726  255 255 255
-37.8929 -61.8432 41.9226  255 255 255
-53.93 84.3133 -30.8385  255 255 255
-45.8204 18.0221 -60.9103  255 255 255
-49.0097 73.0791 -46.6588  255 255 255
-34.0757 -64.4515 45.709  255 255 255
-46.621 105.901 -33.5834  255 255 255
-41.9899 88.3834 -36.5887  255 255 255
-31.7948 -57.8081 36.8153  255 255 255
-39.3918 242.135 -168.712  255 255 255
-28.1562 -67.0908 48.3239  255 255 255
-27.6799 -57.3474 36.073  255 255 255
-26.7462 -0.649608 6.83324  255 255 255
-23.622 73.1673 -60.5449  255 255 255
-25.7025 92.7479 -43.1353  255 255 255
-24.1198 -1.18726 13.639  255 255 255
-22.9484 -59.4271 38.5726  255 255 255
-23.5329 -67.6077 49.5957  255 255 255
-15.5676 18.8186 -60.9186  255 255 255
-22.3935 2.8367 2.90085  255 255 255
-21.1976 -63.9674 44.7001  255 255 255
-20.4426 -60.5697 40.2742  255 255 255
-20.1948 -27.1004 39.541  255 255 255
-6.09653 67.9427 -74.544  255 255 255
-6.09653 67.9427 -74.544  255 255 255
-4.74563 76.9563 -69.1566  255 255 255
4.57702 237.257 -165.682  255 255 255
-9.58685 114.937 -48.923  255 255 255
-7.02476 103.364 -47.1617  255 255 255
-16.6835 -19.077 36.8159  255 255 255
-3.76209 132.807 -55.3872  255 255 255
-14.3429 -36.6543 35.2806  255 255 255
0.0639629 94.2951 -59.2918  255 255 255
-1.51998 135.235 -60.1933  255 255 255
-1.04262 99.8325 -54.0047  255 255 255
7.30994 29.6938 -76.0753  255 255 255
-13.6346 -62.3993 42.5348  255 255 255
-14.6672 -12.4057 36.0562  255 255 255
-14.6637 -12.3825 36.0176  255 255 255
6.28256 82.3145 -71.6855  255 255 255
-11.9138 5.90412 24.6308  255 255 255
14.1178 57.1094 -94.7357  255 255 255
-11.3453 -46.4791 36.5034  255 255 255
-12.0519 -62.5505 43.1778  255 255 255
-11.1346 1.92942 31.2543  255 255 255
15.5828 78.3368 -80.8722  255 255 255
-10.5894 -17.0149 39.7108  255 255 255
-9.91598 -0.985006 35.3585  255 255 255
10.8288 103.357 -59.1622  255 255 255
13.4288 99.522 -64.3137  255 255 255
-9.34536 -10.6862 38.9138  255 255 255
18.607 96.7934 -70.0423  255 255 255
16.0204 106.116 -60.1641  255 255 255
-6.85906 -38.1079 37.8988  255 255 255
15.7025 136.962 -59.1323  255 255 255
16.2465 136.572 -60.4711  255 255 255
24.7902 84.178 -80.7153  255 255 255
25.1037 84.5491 -81.7135  255 255 255
24.7902 84.178 -80.7154  255 255 255
-6.16429 -5.30007 36.8413  255 255 255
27.9395 80.8972 -87.3488  255 255 255
21.9439 103.43 -66.6235  255 255 255
28.6827 84.7962 -84.9482  255 255 255
33.5457 81.6196 -89.6165  255 255 255
27.3898 100.519 -70.044  255 255 255
35.5241 40.2052 -89.7897  255 255 255
-3.41355 -6.81724 38.8326  255 255 255
29.2517 104.366 -70.8916  255 255 255
-2.8871 -10.9446 38.6848  255 255 255
1.93999 3.07404 24.0696  255 255 255
30.3949 98.6503 -68.2401  255 255 255
-2.46653 -28.1373 42.4974  255 255 255
29.8293 111.541 -62.2877  255 255 255
39.7474 92.4302 -86.9964  255 255 255
1.90939 -43.64 33.3773  255 255 255
44.0493 82.5486 -95.5311  255 255 255
40.9771 97.6668 -85.1859  255 255 255
44.7227 85.9648 -95.0372  255 255 255
37.1453 112.259 -67.0187  255 255 255
39.8624 110.113 -71.8201  255 255 255
-97.8603 -38.4638 12.1622  255 255 255
-214.017 157.527 -200.232  255 255 255
-204.206 144.508 -190.294  255 255 255
-128.383 30.4716 -80.0025  255 255 255
-144.005 94.6235 -101.522  255 255 255
-141.675 126.49 -77.7079  255 255 255
-139.665 89.4124 -97.0747  255 255 255
-139.665 89.4128 -97.0756  255 255 255
-135.375 100.224 -81.4317  255 255 255
-134.149 89.1831 -85.5475  255 255 255
-130.558 108.419 -63.9876  255 255 255
-111.301 74.4279 -48.1049  255 255 255
-90.7938 58.5032 -28.2627  255 255 255
-90.3692 85.9394 -18.2466  255 255 255
-86.4371 76.3032 -18.0802  255 255 255
-83.7206 45.5025 -43.0171  255 255 255
-86.5493 98.9239 -24.9507  255 255 255
-86.5493 98.924 -24.9508  255 255 255
-85.8193 101.775 -26.4371  255 255 255
-78.4691 40.6728 -49.1924  255 255 255
-79.6814 62.0425 -36.1322  255 255 255
-75.5589 41.6259 -50.5805  255 255 255
-82.4943 114.551 -33.4084  255 255 255
-84.5269 169.769 -88.7966  255 255 255
-65.8008 72.1442 -34.0906  255 255 255
-58.5398 66.0114 -43.8913  255 255 255
-54.0946 85.9501 -31.6698  255 255 255
-33.0737 -63.5806 44.0663  255 255 255
-32.177 -65.1911 46.2184  255 255 255
-31.683 -64.2184 44.9148  255 255 255
-31.9052 -59.6642 38.6422  255 255 255
-32.0223 -59.0027 40.1382  255 255 255
-39.6093 86.019 -38.8593  255 255 255
-29.9802 -59.1022 37.9415  255 255 255
-31.8699 -25.9474 20.9614  255 255 255
-40.9359 176.444 -100.339  255 255 255
-28.2812 -59.6514 35.7995  255 255 255
-25.3657 -61.8792 42.0156  255 255 255
-22.5961 -62.9613 41.6786  255 255 255
-12.577 40.5393 -87.1789  255 255 255
-20.9795 -68.7668 51.3279  255 255 255
-21.5866 -25.9114 38.4994  255 255 255
-14.1347 93.636 -49.5479  255 255 255
-19.5309 -27.6156 40.1118  255 255 255
-10.8226 116.123 -51.2915  255 255 255
-17.7081 -25.2129 38.9987  255 255 255
-5.84445 92.6468 -55.0735  255 255 255
-5.84446 92.6467 -55.0735  255 255 255
-17.0713 -19.791 37.9758  255 255 255
-0.978295 95.6681 -58.5643  255 255 255
-13.0358 4.72531 26.1097  255 255 255
-11.6433 -21.0865 39.4  255 255 255
-8.52602 5.85073 24.4261  255 255 255
7.17215 129.678 -53.2221  255 255 255
-7.7517 -1.80243 34.8652  255 255 255
-7.86683 -1.82864 35.0924  255 255 255
25.2767 68.2187 -91.4962  255 255 255
27.3433 68.3061 -96.5165  255 255 255
28.8543 69.5541 -94.0243  255 255 255
-6.8036 -28.5111 42.9872  255 255 255
-5.08274 -1.9987 35.9965  255 255 255
39.4462 72.0069 -103.312  255 255 255
-3.64555 -31.9217 41.8121  255 255 255
-2.22866 -6.23162 38.0664  255 255 255
1.22757 -21.516 40.1598  255 255 255
-97.2117 -37.1384 12.4625  255 255 255
-171.577 111.623 -138.71  255 255 255
-172.244 113.272 -142.209  255 255 255
-162.162 103.914 -134.003  255 255 255
-115.357 85.9957 -49.3222  255 255 255
-115.61 64.5253 -65.626  255 255 255
-142.681 185.475 -116.219  255 255 255
-94.5889 41.0843 -47.6241  255 255 255
-113.315 135.99 -62.6323  255 255 255
-86.6234 26.7257 -55.2941  255 255 255
-104.012 135.347 -61.8904  255 255 255
-87.2148 96.4743 -23.5466  255 255 255
-87.145 162.411 -84.2407  255 255 255
-60.3874 35.3347 -64.918  255 255 255
-35.9316 -62.3943 42.5356  255 255 255
-34.9197 -58.7987 37.9534  255 255 255
-31.0762 -25.3485 23.8425  255 255 255
-27.2904 -67.479 45.541  255 255 255
-24.1614 -61.013 40.6823  255 255 255
-24.0956 -59.8179 39.3775  255 255 255
-21.5504 -22.2129 35.6983  255 255 255
-6.09501 81.0215 -64.276  255 255 255
3.30455 23.8185 -68.0993  255 255 255
4.0385 28.5209 -74.162  255 255 255
2.99539 21.7857 -64.2005  255 255 255
-1.97578 114.026 -49.7976  255 255 255
-0.267765 101.04 -52.9055  255 255 255
-12.0006 -61.6958 41.5681  255 255 255
1.84998 131.491 -54.6253  255 255 255
-10.9961 -19.178 37.2246  255 255 255
20.7053 77.5767 -85.6611  255 255 255
-8.48422 -35.8181 39.3226  255 255 255
23.1612 149.405 -66.8012  255 255 255
-4.93512 -31.0848 42.6966  255 255 255
24.2191 122.429 -62.1825  255 255 255
-2.20186 -38.8746 36.6897  255 255 255
27.2472 117.36 -60.3387  255 255 255
33.707 138.328 -70.9695  255 255 255
-161.503 101.314 -120.55  255 255 255
-157.595 138.973 -91.922  255 255 255
-162.308 127.558 -119.739  255 255 255
-147.709 133.552 -85.4404  255 255 255
-128.934 74.2234 -85.6796  255 255 255
-127.288 59.6665 -92.7616  255 255 255
-128.554 65.0041 -93.7395  255 255 255
-103.996 52.8382 -50.6478  255 255 255
-102.917 75.047 -29.2993  255 255 255
-124.633 142.523 -80.2319  255 255 255
-89.5998 39.9176 -41.3113  255 255 255
-86.2391 40.8612 -44.9679  255 255 255
-60.7739 -43.8213 18.3937  255 255 255
-83.3896 35.1554 -49.9002  255 255 255
-107.68 161.623 -78.9916  255 255 255
-50.1004 -59.5198 39.8147  255 255 255
-44.1248 -52.6592 28.8447  255 255 255
-62.7985 81.1301 -26.1185  255 255 255
-71.5341 173.718 -95.147  255 255 255
-29.8675 -35.9506 23.1266  255 255 255
-28.4178 -65.3711 45.8667  255 255 255
-27.8935 -66.8888 46.8109  255 255 255
-27.8934 -66.8888 46.8109  255 255 255
-27.6191 -65.4793 47.8739  255 255 255
-29.1373 -21.044 33.9281  255 255 255
-28.517 118.544 -48.6536  255 255 255
-23.9401 -65.077 46.0313  255 255 255
-19.8511 -31.1037 39.042  255 255 255
-13.2547 132.31 -52.2898  255 255 255
-3.73908 77.0153 -69.501  255 255 255
-16.6718 -25.674 39.8761  255 255 255
-16.3362 -26.6157 40.5105  255 255 255
-12.4758 -15.1522 37.052  255 255 255
-12.1943 -6.53612 36.1041  255 255 255
5.79641 129.177 -55.6408  255 255 255
13.2438 87.5841 -70.4232  255 255 255
9.19491 119.993 -56.2531  255 255 255
19.2423 80.1264 -81.2871  255 255 255
11.075 114.956 -53.6026  255 255 255
24.7741 86.7417 -80.8289  255 255 255
22.2965 112.228 -55.2503  255 255 255
41.071 112.992 -71.7245  255 255 255
-151.003 129.531 -93.9375  255 255 255
-125.785 108.317 -53.181  255 255 255
-120.476 63.2689 -75.9355  255 255 255
-108.86 40.667 -66.6323  255 255 255
-71.7177 40.3692 -59.8081  255 255 255
-33.0211 92.1872 -39.1995  255 255 255
-25.2106 -60.9 40.7227  255 255 255
-15.0789 95.3826 -48.7051  255 255 255
-13.1081 124.865 -52.9041  255 255 255
-19.099 -19.6296 36.2264  255 255 255
-17.7859 0.538468 26.6414  255 255 255
6.20245 105.221 -53.455  255 255 255
-9.9772 -26.6074 40.6328  255 255 255
16.7329 115.576 -54.3065  255 255 255
27.2893 83.3047 -85.3942  255 255 255
-5.80272 -7.73006 38.9364  255 255 255
41.2044 77.6294 -96.1817  255 255 255
-106.715 142.938 -56.5766  255 255 255
-106.715 142.938 -56.5765  255 255 255
-80.4945 77.9517 -18.2669  255 255 255
-57.6467 82.6174 -31.838  255 255 255
-34.5308 -63.0152 42.8376  255 255 255
-28.1245 -34.9051 24.1723  255 255 255
-21.3725 -64.6171 44.8645  255 255 255
-10.7372 -46.355 36.2694  255 255 255
-7.72038 -14.4348 39.2659  255 255 255
28.8628 110.454 -64.5068  255 255 255
30.097 113.502 -57.4459  255 255 255
-37.4109 -62.0615 42.3136  255 255 255
-54.7215 102.732 -24.575  255 255 255
-35.2171 -61.7834 41.0916  255 255 255
-35.2171 -61.7834 41.0916  255 255 255
-20.5285 -63.3914 43.9707  255 255 255
-18.0326 -62.2033 42.6547  255 255 255
-4.92336 106.971 -42.8267  255 255 255
-24.1857 -62.3544 42.6781  255 255 255
23.2573 107.919 -61.9084  255 255 255
-26.3231 89.6217 -48.4359  255 255 255
-13.2679 69.7802 -67.2718  255 255 255
-51.3993 99.8173 -29.8917  255 255 255
-12.5302 93.1737 -52.156  255 255 255
-6.93932 -28.6955 42.7736  255 255 255
-38.7222 96.3481 -26.1833  255 255 255
-144.117 203.738 -133.82  255 255 255
-8.81992 184.587 -113.102  255 255 255
-142.107 191.901 -120.597  255 255 255
-15.4958 180.303 -109.663  255 255 255
-3.05113 160.125 -78.6066  255 255 255
-86.8488 165.586 -86.0426  255 255 255
-51.5011 169.633 -96.2002  255 255 255
-51.5512 169.822 -96.517  255 255 255
-147.961 175.242 -107.764  255 255 255
-88.2754 153.486 -77.0839  255 255 255
-143.375 173.093 -106.645  255 255 255
-157.226 174.645 -109.997  255 255 255
-106.268 139.965 -62.5111  255 255 255
-104.924 140.372 -65.8669  255 255 255
-107.761 133.077 -67.4257  255 255 255
-54.2972 118.126 -43.6074  255 255 255
-82.229 110.915 -31.8965  255 255 255
-120.883 135.877 -77.9748  255 255 255
-86.0488 98.2891 -25.9192  255 255 255
22.8361 104.137 -66.5378  255 255 255
-22.3584 94.6198 -45.029  255 255 255
22.2542 102.879 -66.3104  255 255 255
-16.2312 96.1706 -50.3387  255 255 255
-6.65967 97.7533 -55.7479  255 255 255
1.43135 97.767 -61.0447  255 255 255
39.1067 104.278 -78.8828  255 255 255
-6.66541 94.6367 -55.511  255 255 255
25.3014 99.1234 -71.3104  255 255 255
-12.6348 91.8632 -55.2503  255 255 255
18.2624 97.877 -71.493  255 255 255
-66.31 80.5099 -27.4979  255 255 255
19.4946 95.1099 -72.6657  255 255 255
-13.508 88.2255 -54.631  255 255 255
-75.9093 76.5802 -24.6914  255 255 255
-14.8352 86.8427 -54.1861  255 255 255
38.4311 96.6827 -82.5919  255 255 255
38.4311 96.6826 -82.5918  255 255 255
55.4689 96.9841 -91.3633  255 255 255
23.2605 91.1244 -75.899  255 255 255
14.6681 89.3863 -73.251  255 255 255
27.3849 89.1885 -80.9422  255 255 255
-20.511 81.2261 -56.5075  255 255 255
-20.511 81.226 -56.5075  255 255 255
37.8131 88.1978 -88.0529  255 255 255
-43.0738 74.8713 -47.2284  255 255 255
5.57583 81.8606 -71.4867  255 255 255
23.1253 84.614 -81.4788  255 255 255
-48.3196 73.3728 -45.9154  255 255 255
3.92526 80.0341 -73.4416  255 255 255
2.83426 79.6858 -72.7764  255 255 255
-15.177 76.4632 -63.0241  255 255 255
-21.1691 75.6107 -60.8723  255 255 255
-32.9543 72.8509 -56.8016  255 255 255
-14.7838 74.7125 -64.8608  255 255 255
54.2103 84.2013 -100.677  255 255 255
30.2438 80.5941 -89.2101  255 255 255
18.0615 77.925 -82.1392  255 255 255
2.09351 75.4661 -75.1192  255 255 255
60.3045 81.4517 -105.095  255 255 255
-35.927 68.4295 -58.4734  255 255 255
56.9819 80.1604 -104.413  255 255 255
-59.0656 62.9835 -44.4115  255 255 255
-14.4296 69.239 -68.7326  255 255 255
-14.4296 69.239 -68.7325  255 255 255
-9.46314 68.252 -72.0563  255 255 255
-31.1769 65.159 -62.7929  255 255 255
-43.5747 63.0136 -55.3594  255 255 255
-43.5663 62.8106 -54.6899  255 255 255
-53.8334 61.2828 -49.4684  255 255 255
19.5294 70.3637 -88.2586  255 255 255
4.26631 68.2487 -79.7911  255 255 255
-25.2807 64.7498 -66.1345  255 255 255
3.90166 67.8305 -80.1473  255 255 255
-30.5482 63.4355 -64.933  255 255 255
2.93568 67.2468 -81.0931  255 255 255
-13.476 64.847 -72.156  255 255 255
43.6236 71.7766 -102.573  255 255 255
6.14055 66.5132 -82.6347  255 255 255
-42.7543 60.3799 -57.3672  255 255 255
-58.2553 58.3684 -49.2738  255 255 255
-28.1718 61.6408 -65.6836  255 255 255
-14.56 63.2215 -72.7911  255 255 255
57.0283 71.3636 -109.823  255 255 255
-14.8625 62.722 -72.9038  255 255 255
-14.9214 62.6539 -72.6921  255 255 255
-28.6292 59.8577 -66.9788  255 255 255
-43.2115 58.2276 -60.2392  255 255 255
-21.0368 60.2743 -71.7742  255 255 255
-70.1371 53.805 -45.675  255 255 255
-10.529 60.5525 -77.1519  255 255 255
-24.3477 58.8466 -69.7922  255 255 255
-24.5373 58.5783 -68.646  255 255 255
-20.2637 58.6927 -71.9711  255 255 255
-71.3076 52.3192 -45.4653  255 255 255
-71.3076 52.3192 -45.4653  255 255 255
-30.5501 57.1387 -68.1603  255 255 255
-33.15 56.3934 -66.6688  255 255 255
-26.1455 57.0501 -70.8683  255 255 255
-28.5415 56.578 -69.6875  255 255 255
-3.77556 59.1338 -82.0515  255 255 255
-54.609 53.4796 -56.5246  255 255 255
-70.7537 51.3317 -47.612  255 255 255
-24.4885 56.4067 -71.7549  255 255 255
16.6833 60.6766 -93.641  255 255 255
-48.0455 53.8726 -60.9532  255 255 255
-69.5795 50.6652 -48.4753  255 255 255
-49.1 52.7633 -60.5695  255 255 255
-17.3748 52.9516 -70.2135  255 255 255
-2.7269 53.596 -85.4223  255 255 255
-36.5556 49.6268 -68.0966  255 255 255
-84.4633 44.5106 -42.2213  255 255 255
-84.2033 44.8363 -44.0689  255 255 255
14.2291 54.1233 -96.5591  255 255 255
-11.9969 51.4829 -83.8077  255 255 255
13.4827 52.426 -98.3216  255 255 255
-64.4687 44.7449 -56.1539  255 255 255
-81.3693 42.1009 -46.0366  255 255 255
-79.0314 42.4726 -48.3403  255 255 255
-78.3257 42.4588 -48.3656  255 255 255
-85.8704 41.703 -44.7181  255 255 255
-33.8238 46.3219 -74.8807  255 255 255
-85.3499 40.5526 -44.4175  255 255 255
-47.1263 33.7131 -25.0454  255 255 255
-6.82965 43.448 -92.5404  255 255 255
-28.0641 41.4638 -81.5913  255 255 255
-28.2774 41.1653 -79.7013  255 255 255
-11.1859 42.0777 -90.3787  255 255 255
-32.8721 39.7874 -80.0618  255 255 255
-32.8721 39.7874 -80.0619  255 255 255
18.2421 37.8047 -86.0947  255 255 255
17.8756 37.088 -85.0195  255 255 255
19.2195 36.5642 -84.6311  255 255 255
-55.352 35.0558 -68.311  255 255 255
-74.2561 33.8061 -58.8434  255 255 255
-66.871 34.2207 -61.815  255 255 255
-67.8819 33.9208 -61.8297  255 255 255
-85.1613 32.0229 -52.0023  255 255 255
-56.4168 34.1543 -68.3333  255 255 255
-87.9818 29.985 -51.25  255 255 255
-89.9457 29.5697 -51.0673  255 255 255
-90.6651 29.154 -50.7442  255 255 255
3.75234 30.883 -76.4521  255 255 255
-87.232 28.6604 -53.44  255 255 255
-44.9123 31.2764 -78.2809  255 255 255
-84.6756 27.7921 -55.8025  255 255 255
-70.5322 27.3942 -64.4489  255 255 255
-84.0342 26.0611 -57.0972  255 255 255
-50.3221 18.1519 -61.5296  255 255 255
-17.3314 14.3287 -55.9105  255 255 255
-20.3755 10.8094 -50.885  255 255 255
-32.5023 10.3728 -52.1739  255 255 255
-35.4032 9.97797 -51.139  255 255 255
-11.6866 3.9194 28.0979  255 255 255
-20.3044 6.01528 -1.92204  255 255 255
-16.7849 5.24181 4.9363  255 255 255
-18.2396 4.43971 6.13854  255 255 255
-23.992 6.69117 -43.1273  255 255 255
-18.9389 3.39164 7.99292  255 255 255
-20.3714 2.93142 7.81081  255 255 255
-27.4379 5.80727 -43.1442  255 255 255
-15.1765 1.64054 28.2169  255 255 255
-22.8052 3.11375 2.1298  255 255 255
-21.54 2.32716 9.92794  255 255 255
-25.4182 2.53304 2.71868  255 255 255
-21.5933 2.11381 8.67001  255 255 255
-20.7123 2.03643 10.0415  255 255 255
-22.139 2.00789 9.34969  255 255 255
-22.0989 2.01649 9.19172  255 255 255
-18.3831 0.920794 25.693  255 255 255
-18.9258 0.434727 25.5511  255 255 255
-54.1811 3.8773 -43.1412  255 255 255
-21.7756 0.753074 11.1294  255 255 255
-22.1583 0.423631 11.6267  255 255 255
-28.2207 0.323842 5.70393  255 255 255
-22.1918 -0.11582 12.4522  255 255 255
-29.1967 -0.0945873 6.35298  255 255 255
-28.804 -0.402614 6.63541  255 255 255
-28.804 -0.402614 6.63541  255 255 255
-26.6727 -0.470499 6.7711  255 255 255
-23.6576 -1.1997 14.607  255 255 255
-24.4766 -1.2723 13.7584  255 255 255
-15.1527 -2.13579 31.5466  255 255 255
-25.596 0.0891373 -35.9018  255 255 255
-25.2369 0.129964 -37.7571  255 255 255
-27.1543 -1.39443 7.34236  255 255 255
-24.8527 -1.67904 14.0857  255 255 255
-12.9714 -3.0481 33.6719  255 255 255
-30.5327 -2.26238 10.0068  255 255 255
-25.2288 -2.9531 15.8349  255 255 255
-25.5683 -2.96495 15.9601  255 255 255
-66.235 -2.8241 -34.3814  255 255 255
-26.2905 -4.20218 17.3687  255 255 255
-15.4675 -5.20131 33.2536  255 255 255
-43.936 -4.37906 -32.4503  255 255 255
-5.11974 -5.64909 38.0994  255 255 255
-55.4277 231.975 -151.053  255 255 255
-109.377 215.933 -137.593  255 255 255
-123.182 212.389 -132.578  255 255 255
-118.663 210.662 -131.537  255 255 255
-118.663 210.662 -131.537  255 255 255
-123.029 211.161 -132.348  255 255 255
-117.831 209.606 -131.569  255 255 255
-30.1787 213.313 -142.768  255 255 255
-34.7633 210.806 -140.837  255 255 255
-108.253 202.662 -128.141  255 255 255
-104.001 201.823 -128.71  255 255 255
-111.562 199.923 -125.764  255 255 255
-130.081 205.174 -138.023  255 255 255
-136.405 203.853 -136.733  255 255 255
-47.0036 177.638 -101.798  255 255 255
-27.0535 179.568 -106.698  255 255 255
-101.793 161.96 -77.6829  255 255 255
-64.0494 171.31 -94.2187  255 255 255
-65.4866 171.148 -94.1505  255 255 255
-27.5699 177.422 -105.662  255 255 255
-52.9435 172.259 -96.8376  255 255 255
-57.4865 171.603 -95.9377  255 255 255
-57.4865 171.603 -95.9377  255 255 255
-137.016 189.831 -120.1  255 255 255
-34.6841 174.375 -101.471  255 255 255
-101.868 160.233 -76.712  255 255 255
-89.6407 164.363 -84.0704  255 255 255
-31.1054 174.358 -102.89  255 255 255
-46.0746 172.251 -99.1136  255 255 255
-53.3848 170.2 -95.9986  255 255 255
-143.605 185.18 -115.518  255 255 255
-144.285 183.609 -115.034  255 255 255
-87.4562 161.71 -83.5667  255 255 255
-70.5791 164.426 -89.2992  255 255 255
-55.9782 165.351 -93.1096  255 255 255
-88.9981 158.042 -79.8768  255 255 255
-72.4623 161.646 -87.1765  255 255 255
-69.1676 162.019 -88.2798  255 255 255
10.1858 149.034 -70.3037  255 255 255
-30.7407 167.365 -99.7231  255 255 255
24.7001 147.895 -69.9006  255 255 255
24.654 147.735 -69.5626  255 255 255
-140.691 177.716 -110.713  255 255 255
-3.10563 144.862 -64.4035  255 255 255
-144.752 176.622 -109.211  255 255 255
-143.652 174.898 -108.266  255 255 255
-149.955 173.194 -105.356  255 255 255
-146.555 171.745 -105.11  255 255 255
-147.981 171.53 -104.847  255 255 255
-68.1256 156.675 -85.7877  255 255 255
-15.8811 132.569 -54.612  255 255 255
3.36088 130.595 -53.0957  255 255 255
-109.332 137.644 -62.7239  255 255 255
-83.9472 118.893 -34.1341  255 255 255
-105.631 135.542 -67.1172  255 255 255
-110.53 132.903 -65.6393  255 255 255
-54.7737 117.228 -42.4576  255 255 255
24.416 124.792 -63.3443  255 255 255
-179.382 162.057 -124.127  255 255 255
-109.484 129.83 -68.7038  255 255 255
-178.838 161.73 -124.325  255 255 255
-178.216 160.993 -123.32  255 255 255
-127.591 121.688 -69.5373  255 255 255
-85.8132 96.6454 -25.5197  255 255 255
19.9681 110.479 -59.343  255 255 255
13.0332 109.181 -56.6783  255 255 255
17.6941 104.123 -63.7165  255 255 255
-92.3808 92.6485 -37.8741  255 255 255
-27.9965 91.2655 -43.9218  255 255 255
-7.91942 92.9719 -55.6177  255 255 255
-8.31326 89.3532 -57.9296  255 255 255
-67.6668 78.5369 -28.3073  255 255 255
-67.6668 78.5369 -28.3073  255 255 255
-92.5164 73.8905 -15.7833  255 255 255
39.6014 97.4387 -83.3394  255 255 255
-3.74081 87.6986 -61.641  255 255 255
-0.283215 88.8742 -65.4334  255 255 255
28.9115 93.119 -79.4343  255 255 255
-0.98168 87.1178 -64.858  255 255 255
-9.38066 84.8616 -60.3554  255 255 255
-22.5314 82.1289 -54.2146  255 255 255
-22.5317 82.1228 -54.2341  255 255 255
-61.1986 74.9449 -34.0811  255 255 255
-65.0751 74.4729 -33.1464  255 255 255
17.2645 88.2496 -74.4783  255 255 255
31.3197 91.0955 -83.9364  255 255 255
-60.656 74.3692 -36.6615  255 255 255
-44.3564 76.5821 -43.8769  255 255 255
23.4101 87.4754 -78.2277  255 255 255
-44.646 76.3671 -44.5904  255 255 255
21.9788 87.2806 -78.276  255 255 255
25.8849 87.977 -80.4588  255 255 255
-20.6293 80.1657 -56.7886  255 255 255
-165.624 110.024 -131.5  255 255 255
18.3587 85.3919 -76.7569  255 255 255
-45.1552 75.0566 -44.8047  255 255 255
-45.1034 75.1416 -44.9944  255 255 255
-61.461 71.983 -36.7764  255 255 255
-61.461 71.9829 -36.7764  255 255 255
5.23002 82.52 -72.2981  255 255 255
33.5662 87.1239 -87.6152  255 255 255
2.96945 81.5099 -70.133  255 255 255
-18.7126 77.8284 -58.7634  255 255 255
-47.7343 73.4569 -45.1778  255 255 255
5.21099 82.1126 -72.8737  255 255 255
6.62487 81.5362 -72.976  255 255 255
-13.2729 77.8798 -63.0508  255 255 255
-37.691 73.893 -50.788  255 255 255
-23.2236 75.4486 -59.021  255 255 255
-52.224 70.8149 -44.2461  255 255 255
-15.1491 75.3277 -63.7779  255 255 255
52.0934 85.6071 -98.6399  255 255 255
22.2959 79.7832 -84.3908  255 255 255
-14.086 71.7349 -67.2523  255 255 255
-53.8637 65.7273 -46.9637  255 255 255
18.0995 74.789 -85.1666  255 255 255
17.9465 72.9783 -85.9497  255 255 255
32.6035 74.8573 -94.59  255 255 255
22.2776 72.8003 -87.9211  255 255 255
-173.577 79.4374 -137.73  255 255 255
38.0624 67.0032 -104.503  255 255 255
61.3554 69.5278 -116.072  255 255 255
1.65893 60.4903 -82.034  255 255 255
38.9595 65.3399 -104.259  255 255 255
9.23705 60.6153 -90.3525  255 255 255
-4.51021 58.309 -80.7754  255 255 255
48.5233 64.2788 -112.004  255 255 255
-82.7515 48.9999 -41.5388  255 255 255
-88.4995 47.824 -37.0467  255 255 255
-25.5408 53.0674 -70.502  255 255 255
-8.80358 53.5054 -84.243  255 255 255
-62.934 47.5537 -54.3332  255 255 255
-78.8842 44.6768 -45.3829  255 255 255
-78.9196 44.8157 -45.9847  255 255 255
-30.2658 49.782 -73.8267  255 255 255
-80.7167 44.4851 -46.0763  255 255 255
-81.0022 44.0477 -45.9452  255 255 255
-85.0032 43.0999 -43.3193  255 255 255
-85.0032 43.0999 -43.3193  255 255 255
-10.4729 49.4318 -85.9379  255 255 255
-10.4885 49.4153 -85.9047  255 255 255
-57.8445 44.6856 -59.755  255 255 255
-62.5788 41.1313 -59.2276  255 255 255
-83.374 37.2396 -46.5648  255 255 255
-6.31469 43.608 -92.3716  255 255 255
-35.7957 39.2169 -77.0227  255 255 255
-35.7993 39.3192 -77.546  255 255 255
-89.4666 33.746 -48.3256  255 255 255
-54.1952 34.2514 -69.2256  255 255 255
-54.1944 34.2913 -69.4274  255 255 255
11.1867 34.6502 -81.6415  255 255 255
-91.7796 28.9003 -49.9601  255 255 255
-89.3899 27.2427 -52.7447  255 255 255
-85.121 27.5709 -55.798  255 255 255
-91.0948 26.1514 -51.461  255 255 255
15.7565 26.2025 -69.935  255 255 255
-84.5506 25.8565 -57.5293  255 255 255
13.1538 25.7979 -69.6278  255 255 255
10.1992 24.7132 -67.6171  255 255 255
-74.321 22.0827 -65.4623  255 255 255
-79.5681 18.4726 -61.9631  255 255 255
-9.61803 7.76637 21.4509  255 255 255
-9.66291 7.78694 21.5347  255 255 255
-10.8498 14.14 -55.6548  255 255 255
-15.867 14.2399 -57.1583  255 255 255
-13.0475 12.9627 -54.3942  255 255 255
-13.4846 5.88143 23.1557  255 255 255
-18.0463 4.2469 19.3461  255 255 255
-12.7825 3.44088 28.0112  255 255 255
-18.1829 5.02077 5.43168  255 255 255
-38.4035 9.07085 -50.253  255 255 255
-18.9656 4.19743 6.26061  255 255 255
-18.907 4.22032 6.04596  255 255 255
-19.5902 3.51738 7.24619  255 255 255
-72.7534 6.92917 -47.0863  255 255 255
-19.7349 3.16967 7.7748  255 255 255
-16.864 1.97981 26.0576  255 255 255
-12.0544 1.55357 30.3028  255 255 255
-78.0554 5.84249 -47.0179  255 255 255
-79.6483 5.21714 -45.052  255 255 255
-20.9764 1.48873 9.99796  255 255 255
-19.1319 -0.485835 26.2155  255 255 255
-9.84776 -1.5696 34.3494  255 255 255
-89.6054 0.324833 -39.0428  255 255 255
-23.6064 -1.92019 14.5721  255 255 255
-27.2713 -1.73854 8.35154  255 255 255
-14.9517 -3.94581 32.9592  255 255 255
-35.9442 210.598 -139.118  255 255 255
-40.8546 208.934 -138.604  255 255 255
-115.782 201.116 -125.886  255 255 255
-14.6837 186.947 -113.118  255 255 255
-60.2937 174.156 -97.2904  255 255 255
-94.4254 163.899 -80.7767  255 255 255
-94.4254 163.899 -80.7767  255 255 255
-1.78416 160.287 -79.1656  255 255 255
24.7547 151.678 -66.2429  255 255 255
-63.3734 170.219 -94.1376  255 255 255
-66.415 169.714 -93.3548  255 255 255
-88.0363 164.54 -84.2743  255 255 255
-43.2281 172.789 -99.6504  255 255 255
-88.6749 164.364 -84.5044  255 255 255
-78.1293 166.426 -88.4992  255 255 255
-101.973 158.993 -75.8768  255 255 255
-86.8033 164.04 -84.6748  255 255 255
-39.2849 171.842 -100.361  255 255 255
-52.581 168.808 -95.5614  255 255 255
-99.7776 157.96 -76.1409  255 255 255
-82.914 162.986 -85.7085  255 255 255
-105.77 156.983 -75.0211  255 255 255
-68.8248 164.105 -89.2249  255 255 255
-42.8684 167.835 -96.3803  255 255 255
12.8074 150.573 -70.6345  255 255 255
-77.5976 162.125 -86.4095  255 255 255
-103.435 155.285 -74.093  255 255 255
-80.5308 161.242 -85.0224  255 255 255
-110.83 176.433 -108.074  255 255 255
-96.6794 155.292 -76.3421  255 255 255
-102.567 153.824 -74.0582  255 255 255
-78.0706 159.651 -84.8594  255 255 255
-6.78924 143.703 -62.8306  255 255 255
-69.9381 159.975 -87.0033  255 255 255
-71.3643 159.482 -86.5897  255 255 255
-71.3642 159.482 -86.5897  255 255 255
25.6274 147.301 -70.6771  255 255 255
-84.6867 156.185 -81.6471  255 255 255
-83.0891 156.462 -82.1041  255 255 255
-66.2429 159.254 -87.6112  255 255 255
-64.4361 158.947 -87.5484  255 255 255
-68.7863 157.94 -86.1913  255 255 255
4.61007 144.171 -66.8689  255 255 255
-90.4762 132.33 -43.5828  255 255 255
-80.6657 154.662 -81.417  255 255 255
-60.6082 158.186 -88.2958  255 255 255
-10.8964 139.918 -60.0826  255 255 255
-66.5461 156.189 -85.2402  255 255 255
-67.3172 154.672 -84.534  255 255 255
-104.89 141.772 -66.7162  255 255 255
-16.8301 130.968 -53.7669  255 255 255
-109.954 135.81 -60.9571  255 255 255
-77.7439 120.438 -36.5282  255 255 255
-14.7427 128.08 -53.2011  255 255 255
-104.742 137.842 -66.2154  255 255 255
-103.256 137.177 -65.888  255 255 255
-108.661 134.961 -63.9719  255 255 255
-82.901 115.084 -32.6093  255 255 255
25.6488 130.993 -66.2939  255 255 255
-12.8117 120.272 -50.1564  255 255 255
-122.762 137.929 -78.4297  255 255 255
-122.995 136.689 -77.9061  255 255 255
-123.038 136.748 -77.9909  255 255 255
-58.7599 113.181 -39.6971  255 255 255
-10.649 113.547 -50.6153  255 255 255
-92.2974 103.247 -29.2114  255 255 255
2.055 111.551 -50.7235  255 255 255
-125.988 124.897 -71.894  255 255 255
-127.592 124.754 -71.7376  255 255 255
-130.366 118.724 -67.7864  255 255 255
42.1849 115.394 -69.4578  255 255 255
-48.5191 97.8671 -37.3567  255 255 255
19.3866 101.557 -69.2226  255 255 255
17.0046 100.112 -66.428  255 255 255
25.9003 101.237 -70.6661  255 255 255
-61.5743 82.4178 -25.716  255 255 255
25.3888 98.9492 -72.3583  255 255 255
-50.6078 84.3858 -35.1186  255 255 255
-75.1442 78.9625 -20.8995  255 255 255
-72.5939 79.8201 -23.2632  255 255 255
30.7214 98.1319 -76.5097  255 255 255
8.4255 94.6991 -67.9758  255 255 255
-89.6385 74.8982 -16.7585  255 255 255
-4.38971 90.4518 -60.105  255 255 255
55.4026 99.4118 -90.104  255 255 255
-27.3503 83.3192 -50.3403  255 255 255
-27.3279 83.4219 -50.4523  255 255 255
55.4912 99.4259 -96.4942  255 255 255
-19.7254 83.8836 -54.5365  255 255 255
-44.9824 78.9497 -41.7661  255 255 255
-0.269272 85.5314 -65.2902  255 255 255
71.4368 96.3479 -101.942  255 255 255
58.4375 89.5722 -99.6498  255 255 255
1.60154 80.0597 -71.1586  255 255 255
-75.248 67.4539 -32.0443  255 255 255
-0.610625 78.2353 -71.1898  255 255 255
68.252 87.643 -106.218  255 255 255
-76.3853 65.9009 -32.6769  255 255 255
-76.3853 65.9009 -32.677  255 255 255
18.7408 79.4586 -83.2511  255 255 255
31.548 76.8193 -89.1348  255 255 255
48.7431 78.2756 -102.852  255 255 255
-42.3581 63.8171 -55.4118  255 255 255
16.0703 69.6188 -85.1289  255 255 255
-8.10625 66.951 -75.2446  255 255 255
-56.6248 59.9075 -50.4473  255 255 255
-56.6398 59.7599 -49.9055  255 255 255
-56.6398 59.7599 -49.9054  255 255 255
-25.3135 60.0654 -68.8563  255 255 255
37.7624 64.5877 -107.355  255 255 255
-64.0376 47.7619 -52.9481  255 255 255
-63.962 47.735 -52.672  255 255 255
-71.3015 43.2206 -52.5484  255 255 255
-78.8732 41.0048 -48.7931  255 255 255
-4.08603 45.1558 -91.5526  255 255 255
-40.7945 40.8286 -72.4435  255 255 255
-70.9575 36.9607 -56.9657  255 255 255
-85.0633 34.6559 -49.9038  255 255 255
-62.9946 34.9021 -64.0376  255 255 255
-63.6665 32.5831 -65.0364  255 255 255
-67.1701 30.7741 -64.1777  255 255 255
-84.1475 29.0353 -54.9723  255 255 255
18.8051 27.0138 -72.776  255 255 255
14.1016 23.9167 -68.7796  255 255 255
-83.7037 23.1645 -59.7501  255 255 255
-85.2016 20.4607 -59.7484  255 255 255
-82.195 19.8546 -62.8582  255 255 255
-21.7433 13.6334 -54.055  255 255 255
-75.2037 10.8746 -52.8424  255 255 255
-101.785 9.78195 -50.4598  255 255 255
-10.8876 2.80893 29.6455  255 255 255
-20.284 6.67483 -45.2611  255 255 255
-14.6394 2.29375 27.8415  255 255 255
-23.2553 3.8625 0.476651  255 255 255
-24.4439 6.07988 -45.2619  255 255 255
-93.528 5.28401 -45.9609  255 255 255
-78.3109 5.26213 -45.3633  255 255 255
-93.6484 4.77179 -45.0141  255 255 255
-27.4789 2.64383 -39.6438  255 255 255
-26.5077 -0.119051 -34.8735  255 255 255
-75.331 -0.605339 -38.0265  255 255 255
-28.6159 -3.43173 11.6108  255 255 255
-46.7953 -2.61358 -35.342  255 255 255
-14.5785 -4.30228 33.2069  255 255 255
-43.3669 -3.9758 -31.5404  255 255 255
-25.2738 -4.73471 18.3062  255 255 255
-25.674 -4.81028 18.4225  255 255 255
22.3121 156.323 -64.5917  255 255 255
23.1254 155.824 -64.7239  255 255 255
3.32015 144.51 -66.4818  255 255 255
-3.4623 138.656 -61.3509  255 255 255
-71.8289 117.232 -36.8906  255 255 255
-114.912 135.173 -69.0683  255 255 255
6.46962 123.526 -57.4731  255 255 255
-109.34 131.255 -67.4605  255 255 255
-109.235 131.019 -67.2742  255 255 255
-108.527 130.713 -67.6968  255 255 255
-120.431 136.448 -78.2613  255 255 255
-121.905 134.521 -77.0235  255 255 255
-127.268 128.981 -73.9664  255 255 255
-125.717 126.146 -72.1684  255 255 255
-127.882 123.722 -70.9904  255 255 255
-128.337 121.414 -69.9634  255 255 255
-128.337 121.414 -69.9636  255 255 255
-124.326 120.058 -69.5938  255 255 255
35.1626 111.236 -69.3461  255 255 255
-85.7019 87.2059 -19.1983  255 255 255
30.6471 104.486 -71.2323  255 255 255
-6.83448 97.7855 -56.2135  255 255 255
-35.161 88.9285 -41.2374  255 255 255
70.3846 107.405 -93.4515  255 255 255
52.3969 104.148 -85.4919  255 255 255
34.1092 99.5703 -77.675  255 255 255
4.50765 93.4206 -62.7743  255 255 255
6.20155 93.179 -64.3743  255 255 255
-93.3778 73.6301 -13.5628  255 255 255
-45.6303 81.7106 -39.0445  255 255 255
-102.165 77.9773 -28.587  255 255 255
71.7272 98.566 -100.472  255 255 255
24.1407 87.8544 -78.6508  255 255 255
26.6912 87.8113 -80.6305  255 255 255
-38.1477 76.9637 -47.5297  255 255 255
-70.5586 69.1628 -34.6622  255 255 255
-14.6324 75.8378 -63.2347  255 255 255
2.76596 78.2231 -73.8758  255 255 255
6.81478 69.9841 -81.8409  255 255 255
-24.2571 60.8649 -68.5558  255 255 255
61.1762 71.1116 -113.887  255 255 255
13.55 63.1415 -86.6827  255 255 255
-2.87997 59.8925 -80.591  255 255 255
-9.63655 56.6844 -81.7639  255 255 255
-84.6667 43.6129 -42.548  255 255 255
-65.7028 43.4453 -55.4451  255 255 255
-72.3954 42.2559 -53.6065  255 255 255
-138.196 52.7131 -105.271  255 255 255
-90.3929 38.9943 -42.9854  255 255 255
-87.8625 39.1795 -44.6795  255 255 255
4.88191 47.517 -97.6892  255 255 255
-88.6517 37.8398 -44.6899  255 255 255
-25.5688 41.4961 -81.4188  255 255 255
22.298 41.6411 -91.5875  255 255 255
17.5838 39.9162 -87.5628  255 255 255
-68.8529 34.2851 -59.7371  255 255 255
-56.3645 35.0087 -67.6431  255 255 255
3.503 30.0259 -75.9139  255 255 255
-97.1204 27.4248 -54.5658  255 255 255
6.29649 23.3865 -68.4346  255 255 255
-75.5726 22.5968 -66.2379  255 255 255
-12.0325 13.7307 -54.9344  255 255 255
-15.0953 13.199 -54.7457  255 255 255
-16.9221 11.0025 -51.8503  255 255 255
-19.2315 2.62355 22.259  255 255 255
-30.0436 6.61128 -47.0865  255 255 255
-19.8849 2.41031 20.6626  255 255 255
-24.9556 3.20408 1.38194  255 255 255
-33.4865 3.74659 -43.1561  255 255 255
-12.9059 -0.164648 31.5697  255 255 255
-20.8851 -0.808633 23.9291  255 255 255
-38.0892 1.36653 -39.1983  255 255 255
-21.6442 -1.96032 23.8133  255 255 255
-22.3558 -2.17789 21.7553  255 255 255
-42.1844 -3.1083 -33.448  255 255 255
-31.9319 -3.97565 12.1989  255 255 255
-58.7936 218.236 -148.605  255 255 255
-108.544 136.495 -63.621  255 255 255
-114.993 137.722 -67.292  255 255 255
-105.885 132.686 -67.4391  255 255 255
-148.214 138.172 -91.3656  255 255 255
50.8727 113.377 -76.24  255 255 255
-9.96303 92.9835 -54.1862  255 255 255
-84.1074 76.631 -17.7525  255 255 255
-51.9131 80.6597 -35.6828  255 255 255
54.308 98.1947 -90.066  255 255 255
71.1163 101.188 -99.6436  255 255 255
-45.6129 78.3349 -42.3238  255 255 255
57.6346 96.1315 -94.7367  255 255 255
-4.44288 81.4066 -66.7292  255 255 255
31.8718 83.2188 -86.8342  255 255 255
54.2804 80.6827 -102.968  255 255 255
54.6656 76.7661 -104.256  255 255 255
44.2439 73.5483 -98.5529  255 255 255
44.461 69.1525 -104.267  255 255 255
-32.9618 54.4425 -68.202  255 255 255
9.59211 56.7809 -89.8409  255 255 255
-64.3571 48.7323 -52.8387  255 255 255
-54.5888 44.8599 -60.6785  255 255 255
-72.8339 41.4486 -53.9804  255 255 255
-9.10544 43.9674 -90.6065  255 255 255
-87.5647 25.1032 -52.9879  255 255 255
-92.3153 23.547 -50.9958  255 255 255
11.4181 21.6623 -65.533  255 255 255
-87.4156 20.8646 -58.0115  255 255 255
-15.5592 10.7238 -51.8124  255 255 255
-102.72 9.51139 -50.4834  255 255 255
-19.0161 2.80827 21.6763  255 255 255
-10.9569 1.96453 30.4913  255 255 255
-34.7684 6.30058 -44.2398  255 255 255
-27.1788 4.39464 -43.1566  255 255 255
-19.1702 0.799954 24.6175  255 255 255
-54.0812 1.47435 -40.7594  255 255 255
-26.8888 -0.686712 7.42424  255 255 255
-27.7313 0.248408 -37.6816  255 255 255
-30.1196 -0.953258 7.33449  255 255 255
-43.3395 -0.79698 -36.0379  255 255 255
-22.2089 -2.67269 23.1302  255 255 255
28.6918 234.414 -168.433  255 255 255
-76.3293 210.436 -139.98  255 255 255
-43.7797 84.9786 -39.0223  255 255 255
-57.0425 80.3746 -33.2175  255 255 255
-89.7186 72.4917 -17.9009  255 255 255
-7.45167 83.8284 -59.7049  255 255 255
4.97097 81.4466 -72.3796  255 255 255
-69.5574 54.532 -46.4138  255 255 255
32.0363 65.9086 -100.548  255 255 255
-2.88517 58.9688 -83.6535  255 255 255
-2.72811 47.1769 -92.1587  255 255 255
-87.6727 28.1602 -53.493  255 255 255
-87.54 28.0666 -52.7341  255 255 255
14.7429 24.1332 -66.2398  255 255 255
-20.7492 2.26606 9.04316  255 255 255
-40.6193 -0.0340889 -38.129  255 255 255
-37.3232 173.456 -101.449  255 255 255
-37.3373 173.55 -101.58  255 255 255
-79.8384 163.613 -86.5932  255 255 255
-53.814 167.533 -94.8108  255 255 255
-72.5722 164.14 -88.9456  255 255 255
-72.5722 164.14 -88.9456  255 255 255
-40.7625 166.527 -97.3817  255 255 255
24.2749 98.4115 -71.0026  255 255 255
-170.925 106.491 -146.267  255 255 255
48.8717 64.8861 -111.952  255 255 255
43.8067 63.8601 -109.331  255 255 255
-7.30324 49.6074 -86.4325  255 255 255
-81.0816 39.7997 -47.4263  255 255 255
-0.0010814 46.8893 -92.4458  255 255 255
-16.7167 31.8409 -80.052  255 255 255
-84.6414 27.0428 -56.809  255 255 255
-21.5167 2.65615 8.13285  255 255 255
-22.2325 -0.167855 12.5739  255 255 255
-66.5493 162.694 -90.1802  255 255 255
-9.74188 125.672 -54.0906  255 255 255
26.7828 128.625 -66.7497  255 255 255
-8.37514 57.4745 -80.4539  255 255 255
-23.0894 51.9845 -73.7817  255 255 255
-83.677 34.8128 -50.5025  255 255 255
30.4172 25.1541 -68.8461  255 255 255
-121.829 208.15 -133.508  255 255 255
-61.6815 166.476 -92.3665  255 255 255
57.0876 75.2601 -106.844  255 255 255
42.8589 71.9026 -96.9257  255 255 255
4.7142 58.0051 -86.0777  255 255 255
-28.3911 51.7852 -72.4987  255 255 255
-10.94 46.4275 -83.5509  255 255 255
-91.1606 76.4315 -16.6103  255 255 255
-19.1974 50.2883 -78.8215  255 255 255
12.9054 72.26 -83.1142  255 255 255
-40.4897 39.3927 -77.497  255 255 255
60.9565 59.2921 -14.4271  255 255 255
60.9026 58.9606 -15.241  255 255 255
60.8098 58.9205 -15.1056  255 255 255
58.7607 57.876 -20.3153  255 255 255
55.8662 43.5333 15.039  255 255 255
59.1031 56.6704 -20.7512  255 255 255
29.0727 83.567 -86.4787  255 255 255
63.2758 82.1703 -105.722  255 255 255
68.2055 82.0539 -107.76  255 255 255
57.6744 81.1211 -103.603  255 255 255
30.7086 80.2516 -90.9385  255 255 255
23.4483 78.0064 -84.4491  255 255 255
1.41149 76.891 -72.0256  255 255 255
-7.47901 76.6178 -67.577  255 255 255
2.69427 76.9186 -72.8663  255 255 255
58.3016 50.0184 -26.5679  255 255 255
58.3016 50.0184 -26.5678  255 255 255
59.0659 49.7884 -26.3561  255 255 255
14.8294 77.0635 -81.4682  255 255 255
68.4012 78.4106 -111.384  255 255 255
55.9393 76.1119 -104.33  255 255 255
71.1178 77.1748 -115.258  255 255 255
71.1179 77.1748 -115.258  255 255 255
60.3039 31.7531 15.7249  255 255 255
24.4629 73.7393 -88.6414  255 255 255
56.7877 33.3066 9.54854  255 255 255
57.5457 32.8828 10.5345  255 255 255
60.2623 30.2351 15.9407  255 255 255
60.7545 29.2683 17.8582  255 255 255
17.553 71.9463 -85.1769  255 255 255
58.3376 31.5106 11.5472  255 255 255
20.8833 71.7103 -87.964  255 255 255
22.6076 71.6737 -88.8335  255 255 255
61.6769 27.6107 19.1776  255 255 255
60.6416 71.9986 -112.357  255 255 255
59.465 28.9407 14.4283  255 255 255
62.1602 26.7934 17.8334  255 255 255
57.1874 43.8115 -32.7332  255 255 255
37.082 69.3288 -99.1238  255 255 255
35.9939 69.6746 -100.116  255 255 255
61.8426 25.4762 17.2901  255 255 255
59.639 41.3181 -30.0709  255 255 255
57.0078 43.2577 -35.1623  255 255 255
11.8714 67.1519 -84.9543  255 255 255
57.6621 42.661 -34.977  255 255 255
-2.07825 66.9285 -77.4233  255 255 255
60.1702 26.323 12.6624  255 255 255
-1.22144 66.8916 -78.7137  255 255 255
57.219 41.5874 -35.2036  255 255 255
57.8374 27.2124 7.99019  255 255 255
60.5323 24.8073 13.457  255 255 255
41.327 66.5532 -107.425  255 255 255
56.1083 28.0379 4.67819  255 255 255
-2.99505 65.0208 -77.8723  255 255 255
60.9191 37.4865 -28.1146  255 255 255
59.6181 24.7985 11.3413  255 255 255
62.5825 22.0546 17.2138  255 255 255
56.8387 26.683 5.06987  255 255 255
59.8697 24.0597 11.4738  255 255 255
58.3496 24.9758 8.74594  255 255 255
56.284 26.788 3.7344  255 255 255
-8.11783 63.3069 -75.914  255 255 255
17.8994 63.3342 -91.6034  255 255 255
56.4658 26.1843 4.71332  255 255 255
65.4628 18.7051 22.9384  255 255 255
64.794 31.9951 -21.5236  255 255 255
60.4045 22.557 11.0336  255 255 255
16.534 61.9833 -92.0629  255 255 255
-9.85323 61.8693 -75.8515  255 255 255
-5.00301 61.5561 -78.5781  255 255 255
36.3669 61.0097 -104.602  255 255 255
57.5762 23.5175 3.34858  255 255 255
57.0105 23.3337 3.60443  255 255 255
61.775 19.5482 13.5374  255 255 255
56.617 23.2607 3.05518  255 255 255
60.1562 20.6113 9.03648  255 255 255
58.1457 22.2722 3.57968  255 255 255
66.0099 15.668 21.4044  255 255 255
55.9475 23.2372 1.0645  255 255 255
57.353 22.0037 4.02771  255 255 255
9.74775 58.7993 -90.3981  255 255 255
9.74775 58.7993 -90.3981  255 255 255
57.1557 21.8886 3.05793  255 255 255
58.2524 20.9387 5.07854  255 255 255
57.6772 21.3401 3.2109  255 255 255
59.7516 31.0453 -34.3074  255 255 255
65.7573 25.7563 -22.3385  255 255 255
63.1197 16.3378 12.248  255 255 255
63.7792 27.008 -27.5428  255 255 255
60.1078 17.705 8.14119  255 255 255
60.3707 17.4355 8.31844  255 255 255
61.7221 16.1207 9.93084  255 255 255
61.5673 15.8077 10.4672  255 255 255
55.6328 20.3253 -2.233  255 255 255
60.9451 16.3993 7.89851  255 255 255
62.9886 14.1324 13.2808  255 255 255
56.4829 19.0933 -1.00403  255 255 255
9.0562 53.6377 -95.5288  255 255 255
56.7111 30.1541 -44.5832  255 255 255
56.6096 17.7866 -1.6577  255 255 255
59.6548 27.1307 -39.0862  255 255 255
54.7814 19.1027 -5.57715  255 255 255
54.7814 19.1027 -5.57711  255 255 255
60.9384 14.0219 7.93666  255 255 255
56.9112 17.3235 -1.78726  255 255 255
64.503 22.7953 -29.3272  255 255 255
56.4624 17.0997 -3.01999  255 255 255
60.1437 14.3908 4.59819  255 255 255
60.1811 14.4032 4.51988  255 255 255
61.0978 13.1838 6.77745  255 255 255
61.0509 13.176 6.79837  255 255 255
58.7811 14.885 1.56876  255 255 255
61.0049 12.833 7.32554  255 255 255
57.8595 14.5927 1.9633  255 255 255
59.5594 13.8409 2.68056  255 255 255
55.7361 16.6455 -5.74716  255 255 255
57.0367 26.9065 -47.15  255 255 255
56.9507 26.2463 -46.8438  255 255 255
57.1719 25.8739 -45.7932  255 255 255
31.8669 42.4987 -92.9  255 255 255
57.3716 24.8443 -47.3018  255 255 255
31.4389 41.1524 -90.8247  255 255 255
57.7507 24.2428 -46.52  255 255 255
56.8131 13.71 -3.3056  255 255 255
59.2809 11.7725 1.19712  255 255 255
58.5598 12.0576 -1.25721  255 255 255
63.7479 8.24588 9.89515  255 255 255
63.7479 8.24588 9.89519  255 255 255
56.8626 13.295 -5.31645  255 255 255
-15.8014 47.1886 -81.4768  255 255 255
59.6204 10.5178 0.342523  255 255 255
60.0775 9.58155 0.915407  255 255 255
23.3287 37.8357 -86.3826  255 255 255
66.6053 4.69338 14.3427  255 255 255
60.2449 8.74625 2.43489  255 255 255
58.957 9.42544 -1.08085  255 255 255
66.9167 3.85627 15.6411  255 255 255
58.7514 9.24833 -1.41567  255 255 255
59.2166 8.92893 -0.501567  255 255 255
65.8029 4.40602 12.8969  255 255 255
63.0607 16.5061 -37.9453  255 255 255
60.2635 8.07148 0.733354  255 255 255
60.9661 7.30339 2.15126  255 255 255
61.1445 6.70103 2.49869  255 255 255
61.2252 6.73741 2.39911  255 255 255
-23.7858 44.3148 -80.9864  255 255 255
61.8969 5.77686 3.66541  255 255 255
61.8969 5.77686 3.66541  255 255 255
62.3491 5.58095 4.19823  255 255 255
64.1772 3.977 9.6364  255 255 255
65.1058 3.50681 10.6251  255 255 255
65.1058 3.50681 10.6251  255 255 255
60.4686 6.66673 0.280964  255 255 255
64.8837 2.88169 11.1267  255 255 255
64.856 3.15797 9.5747  255 255 255
57.2485 8.4792 -7.30468  255 255 255
59.5811 6.74484 -2.00124  255 255 255
62.6508 4.38443 5.74646  255 255 255
11.3268 35.2486 -82.6053  255 255 255
64.9154 2.82039 9.37508  255 255 255
56.64 8.2556 -9.59722  255 255 255
58.7804 16.2686 -49.9839  255 255 255
62.0081 4.03965 2.73974  255 255 255
59.6926 5.52354 -2.58328  255 255 255
65.2322 1.60803 9.32953  255 255 255
59.4527 14.5475 -48.3911  255 255 255
21.0889 28.6584 -74.6038  255 255 255
66.48 0.0357873 11.1192  255 255 255
2.76683 33.7749 -80.6645  255 255 255
59.3346 4.71869 -4.19885  255 255 255
59.3235 4.71748 -4.17571  255 255 255
59.9642 3.93868 -4.13672  255 255 255
67.0245 -1.23286 12.6049  255 255 255
17.4756 27.3662 -73.2662  255 255 255
13.5308 27.2868 -71.7906  255 255 255
59.6286 2.95269 -4.7441  255 255 255
63.3477 -0.869139 2.91245  255 255 255
4.98595 27.072 -71.0077  255 255 255
27.3943 19.8532 -63.646  255 255 255
57.305 2.51974 -11.7119  255 255 255
57.0436 2.34053 -12.0849  255 255 255
57.0436 2.34053 -12.0849  255 255 255
3.1546 7.40846 23.7141  255 255 255
1.97472 25.9891 -70.8991  255 255 255
56.2698 2.44065 -15.2487  255 255 255
64.8006 -3.83049 4.86583  255 255 255
66.4456 -4.68956 6.7655  255 255 255
66.9472 -5.47197 8.74698  255 255 255
67.8197 -6.28097 10.0097  255 255 255
66.0231 -5.33622 6.61865  255 255 255
66.1897 -5.32855 6.40039  255 255 255
62.3989 -3.04479 -2.22106  255 255 255
-5.86134 8.11577 22.9306  255 255 255
55.0364 1.1572 -19.0409  255 255 255
54.9363 1.16578 -18.8908  255 255 255
54.6496 1.15368 -18.4401  255 255 255
54.4095 1.149 -18.6843  255 255 255
55.6275 0.557969 -16.914  255 255 255
55.1613 0.377558 -17.3293  255 255 255
59.4356 -2.07609 -9.98393  255 255 255
65.7061 -6.56377 5.47797  255 255 255
-8.49848 7.29405 24.7931  255 255 255
59.6884 -2.90029 -9.01465  255 255 255
60.0288 -3.514 -8.44567  255 255 255
61.0036 -4.44142 -4.78417  255 255 255
61.0036 -4.44142 -4.78413  255 255 255
-2.2009 21.556 -66.2833  255 255 255
65.4198 -7.06774 3.24094  255 255 255
65.4198 -7.06773 3.24095  255 255 255
-10.7503 7.49863 22.3666  255 255 255
-10.7503 7.49863 22.3666  255 255 255
-10.2844 7.27371 22.9852  255 255 255
67.9167 -8.73831 7.55117  255 255 255
5.71132 17.385 -59.4002  255 255 255
57.5907 -3.05297 -14.3897  255 255 255
57.9833 -3.08899 -14.2736  255 255 255
-1.17253 3.37217 28.6005  255 255 255
7.69004 0.308552 32.1036  255 255 255
65.3033 -8.61826 1.75698  255 255 255
-1.71756 2.82537 29.2078  255 255 255
57.9105 -4.08773 -14.7057  255 255 255
68.0819 -10.3726 8.07497  255 255 255
57.9768 -4.39843 -14.597  255 255 255
58.4417 -4.81182 -13.8293  255 255 255
68.186 -11.3268 6.45737  255 255 255
59.0237 -6.07334 -12.4855  255 255 255
59.0237 -6.07334 -12.4855  255 255 255
67.8338 -11.4123 5.93468  255 255 255
64.7833 -9.85419 -0.243599  255 255 255
66.6463 -11.107 4.37417  255 255 255
-14.9646 5.38788 23.8441  255 255 255
67.3359 -11.7835 4.46116  255 255 255
-6.0652 15.3721 -57.353  255 255 255
5.3 -2.13092 34.8732  255 255 255
64.0016 -10.8781 -4.6948  255 255 255
62.1397 -9.97241 -8.40121  255 255 255
67.7723 -13.4402 4.88984  255 255 255
67.709 -13.4244 4.42053  255 255 255
62.3917 -10.0734 -10.2982  255 255 255
58.5692 -8.35949 -15.5667  255 255 255
65.246 -12.5219 -0.6818  255 255 255
58.1024 -8.66106 -17.427  255 255 255
65.844 -12.9343 -1.57523  255 255 255
57.915 -8.7119 -17.7835  255 255 255
2.28872 -3.03212 36.2955  255 255 255
57.2508 -8.56186 -20.391  255 255 255
67.2889 -14.4815 2.49752  255 255 255
68.3362 -15.2483 3.81067  255 255 255
68.3363 -15.2483 3.8106  255 255 255
-12.6097 13.5852 -54.6702  255 255 255
66.1456 -13.8914 -2.72686  255 255 255
-14.0999 1.45395 29.0564  255 255 255
-9.18145 -0.577833 33.7208  255 255 255
-8.96942 -0.661671 33.8471  255 255 255
58.4909 -10.6124 -17.2242  255 255 255
-8.69934 -1.1244 34.45  255 255 255
-8.66319 -1.11416 34.3573  255 255 255
64.985 -14.578 -4.05115  255 255 255
64.681 -14.5673 -3.61483  255 255 255
-12.9844 0.271953 31.0127  255 255 255
-16.9958 1.9409 26.1053  255 255 255
10.3778 -6.41019 34.884  255 255 255
-6.39671 -2.32168 35.9124  255 255 255
59.0954 -11.5628 -17.1674  255 255 255
59.0954 -11.5628 -17.1674  255 255 255
68.2573 -16.9432 4.4328  255 255 255
-10.6634 -0.969016 33.598  255 255 255
-7.35607 -2.17576 35.6864  255 255 255
-7.35607 -2.17576 35.6864  255 255 255
57.0318 -10.6228 -22.3411  255 255 255
-8.50635 -1.99827 35.1096  255 255 255
-3.34297 -3.71795 37.2519  255 255 255
-15.2641 0.322445 29.4132  255 255 255
64.2559 -15.32 -5.13514  255 255 255
64.7846 -15.4696 -4.64636  255 255 255
-13.6217 -0.360928 31.2054  255 255 255
-0.879996 -5.27058 38.1981  255 255 255
66.4523 -17.6034 0.344152  255 255 255
68.9606 -18.8814 3.99482  255 255 255
68.9606 -18.8814 3.99482  255 255 255
66.8561 -17.9595 0.434657  255 255 255
-11.8398 -2.27845 34.0466  255 255 255
59.4341 -13.8728 -18.9026  255 255 255
63.207 -16.1144 -8.91041  255 255 255
67.7358 -18.38 -0.453424  255 255 255
-12.8553 -2.11159 33.301  255 255 255
62.6895 -16.0669 -9.69748  255 255 255
66.968 -18.4404 -0.0412752  255 255 255
-17.8243 -0.098311 27.612  255 255 255
-17.8276 -0.0973326 27.6211  255 255 255
6.05595 -7.67516 37.6394  255 255 255
-13.7916 -1.95017 32.3828  255 255 255
-13.8143 -1.94424 32.4395  255 255 255
62.8523 -16.8822 -10.97  255 255 255
66.8722 -19.3859 -2.0012  255 255 255
60.4447 -16.0824 -15.938  255 255 255
-12.9681 -3.0545 33.6724  255 255 255
-5.50398 -5.76622 37.9625  255 255 255
61.644 -17.0065 -14.5685  255 255 255
61.8208 -17.0077 -14.8335  255 255 255
21.0573 -11.5244 26.3939  255 255 255
-13.0882 -3.59489 34.0168  255 255 255
67.4235 -20.629 -0.402708  255 255 255
29.432 -13.3845 22.2983  255 255 255
28.2695 -13.3702 22.5655  255 255 255
61.8359 -17.8739 -14.452  255 255 255
62.7655 -18.4154 -11.9008  255 255 255
11.4124 -10.6436 35.5097  255 255 255
21.1378 -12.2642 26.9159  255 255 255
-8.23938 -5.8604 37.2765  255 255 255
-21.7631 0.736065 11.1535  255 255 255
62.9712 -19.1129 -11.5902  255 255 255
-6.5608 -6.62817 38.0769  255 255 255
-4.01479 -7.40311 38.6635  255 255 255
63.0824 -19.4323 -11.7645  255 255 255
-25.2372 2.01156 3.36846  255 255 255
68.7837 -22.8118 -1.21555  255 255 255
-22.174 -0.132607 12.4672  255 255 255
-11.704 -5.89289 36.1128  255 255 255
-27.5036 6.67975 -46.2752  255 255 255
-27.5036 6.67975 -46.2752  255 255 255
9.98855 -12.3855 35.6006  255 255 255
-23.3701 -1.20574 13.6576  255 255 255
-13.6938 -6.29014 34.9462  255 255 255
-9.63638 -7.67541 37.4193  255 255 255
-13.8662 -6.38176 34.9065  255 255 255
-23.9009 -1.58804 14.1435  255 255 255
-26.6194 -0.119466 6.31271  255 255 255
-23.8158 -1.81207 14.4809  255 255 255
-24.8382 -1.69646 14.1441  255 255 255
-22.2958 -3.682 24.1164  255 255 255
-7.98121 -8.99401 38.4714  255 255 255
-14.3279 -6.9588 34.9963  255 255 255
-11.1459 -8.32738 37.1613  255 255 255
68.8701 -26.371 -3.05073  255 255 255
69.1819 -26.8896 -2.55937  255 255 255
69.1819 -26.8896 -2.55936  255 255 255
-30.2369 -0.565516 7.03132  255 255 255
-30.2316 -0.569061 7.01366  255 255 255
-6.77697 -10.2037 39.156  255 255 255
-6.3995 -10.4765 39.4656  255 255 255
-25.5021 -2.96142 15.7705  255 255 255
25.3309 -18.2499 29.3171  255 255 255
-19.96 -5.82535 29.0016  255 255 255
-5.84051 -10.738 39.478  255 255 255
-26.8371 -2.15977 9.15672  255 255 255
-16.9404 -7.15695 33.059  255 255 255
-10.1808 -9.54576 37.7998  255 255 255
-14.941 -8.05528 34.8788  255 255 255
-30.0919 -1.47566 8.09153  255 255 255
-7.76343 -10.5544 39.0384  255 255 255
-7.76343 -10.5544 39.0384  255 255 255
-15.3629 -8.28263 34.6648  255 255 255
11.0694 -15.8381 35.2994  255 255 255
-0.932787 -13.2081 39.82  255 255 255
-9.71787 -10.951 38.3224  255 255 255
7.1308 -15.6342 37.9251  255 255 255
-9.05455 -11.3721 38.7421  255 255 255
-9.05455 -11.3721 38.7421  255 255 255
-3.38076 -13.0468 39.8571  255 255 255
-11.6589 -10.7723 38.2139  255 255 255
-0.355961 -14.1224 39.6513  255 255 255
-12.7062 -10.5562 36.7686  255 255 255
-22.5153 -7.24129 26.2194  255 255 255
-22.5153 -7.24129 26.2194  255 255 255
1.55273 -15.1581 39.4774  255 255 255
1.55273 -15.1581 39.4774  255 255 255
-6.37587 -12.9623 39.4623  255 255 255
-23.3487 -7.01631 24.3653  255 255 255
15.2485 -18.761 35.3028  255 255 255
-7.75859 -12.6926 39.3649  255 255 255
24.9034 -21.4321 33.1255  255 255 255
-11.7561 -11.5808 38.1188  255 255 255
-21.2904 -8.58416 28.7237  255 255 255
-6.00888 -13.7552 39.2935  255 255 255
-4.7395 -14.1378 39.5704  255 255 255
-26.1446 -6.65842 20.763  255 255 255
-17.6718 -10.1258 33.6475  255 255 255
13.8486 -19.7546 36.7839  255 255 255
-13.2422 -12.0308 36.3909  255 255 255
-13.2178 -12.2019 37.2343  255 255 255
-11.1338 -13.0593 37.9453  255 255 255
-20.536 -10.0385 30.4912  255 255 255
2.73305 -17.3341 38.9699  255 255 255
-11.7442 -13.1998 37.8177  255 255 255
-24.5796 -8.64717 23.6201  255 255 255
-31.7406 -6.02967 14.063  255 255 255
12.7887 -20.4611 37.7276  255 255 255
-4.26433 -15.8346 39.5861  255 255 255
-2.16019 -16.4266 39.569  255 255 255
-2.13135 -16.4452 39.5207  255 255 255
14.9062 -21.1151 35.9077  255 255 255
12.2063 -20.6188 37.9351  255 255 255
21.1703 -23.1301 35.6984  255 255 255
-21.1877 -10.7291 29.5568  255 255 255
5.73319 -19.0552 37.7003  255 255 255
-18.1871 -12.0081 33.2196  255 255 255
18.2481 -22.6548 35.0033  255 255 255
-22.3552 -10.7979 27.7171  255 255 255
17.9642 -22.9691 35.5419  255 255 255
-33.7354 -6.74122 14.8268  255 255 255
-16.7463 -12.9376 34.5958  255 255 255
-32.7987 -7.56007 16.2665  255 255 255
-32.7542 -7.55003 16.081  255 255 255
-6.92202 -16.477 39.0372  255 255 255
2.79035 -19.3196 38.5341  255 255 255
4.00505 -19.6111 38.0918  255 255 255
0.805408 -19.5333 38.7002  255 255 255
-25.0018 -11.3686 27.2288  255 255 255
-15.133 -14.7409 36.3617  255 255 255
-0.759914 -19.097 38.8772  255 255 255
-30.0367 -9.58303 18.9051  255 255 255
-19.3093 -14.1885 32.6542  255 255 255
-19.3093 -14.1885 32.6542  255 255 255
-18.772 -15.1848 33.1981  255 255 255
17.3073 -26.3217 39.8291  255 255 255
-13.4749 -17.3062 36.4653  255 255 255
-15.5186 -17.0767 34.9357  255 255 255
-18.4158 -16.2647 33.2675  255 255 255
-26.403 -13.6837 27.282  255 255 255
-18.2451 -16.9561 34.379  255 255 255
0.586609 -22.8884 41.0888  255 255 255
0.242524 -22.9269 41.087  255 255 255
-22.1014 -15.9745 32.9469  255 255 255
-0.311633 -22.9078 41.2489  255 255 255
-1.8323 -22.5247 40.9596  255 255 255
-16.9753 -17.8304 35.3752  255 255 255
-16.9753 -17.8304 35.3752  255 255 255
-32.6163 -12.94 22.9216  255 255 255
-17.344 -18.2986 35.9224  255 255 255
10.9877 -27.1574 40.7401  255 255 255
14.1713 -28.1748 39.4845  255 255 255
2.61898 -25.0908 40.3305  255 255 255
2.61898 -25.0908 40.3305  255 255 255
8.38195 -26.8556 40.5166  255 255 255
-32.7202 -14.0059 24.7899  255 255 255
-31.2116 -14.569 25.4574  255 255 255
16.767 -29.603 38.8112  255 255 255
16.767 -29.603 38.8112  255 255 255
-33.4884 -14.2334 24.892  255 255 255
-17.999 -19.3521 37.0261  255 255 255
-31.4239 -15.0328 26.2452  255 255 255
-32.0767 -15.0288 25.9693  255 255 255
-20.1368 -19.0005 35.2566  255 255 255
-12.4988 -21.4861 39.5062  255 255 255
-13.4865 -21.1994 39.3926  255 255 255
6.05207 -27.498 41.2771  255 255 255
-7.9414 -23.2888 40.7974  255 255 255
-7.9414 -23.2888 40.7974  255 255 255
-29.3359 -16.5049 27.9559  255 255 255
-31.2383 -15.9824 27.5286  255 255 255
-29.3532 -16.6965 28.3092  255 255 255
-31.8685 -15.924 27.4037  255 255 255
7.62648 -28.4845 42.6757  255 255 255
-6.46351 -24.1251 41.119  255 255 255
-30.551 -17.176 28.923  255 255 255
-11.2477 -23.3256 39.4014  255 255 255
-10.0088 -23.801 39.817  255 255 255
-10.0088 -23.801 39.8171  255 255 255
3.24376 -27.9494 41.982  255 255 255
-11.6911 -23.433 39.2142  255 255 255
2.90525 -28.8817 43.2583  255 255 255
5.73134 -30.0188 44.6522  255 255 255
5.73134 -30.0188 44.6522  255 255 255
-28.684 -19.3399 31.4712  255 255 255
-22.8328 -21.4636 34.3129  255 255 255
0.018362 -28.9046 43.1765  255 255 255
16.9169 -34.5338 34.6484  255 255 255
15.8049 -34.2046 33.9794  255 255 255
-30.0294 -19.8451 29.2469  255 255 255
-23.2549 -22.1884 35.2064  255 255 255
-2.47242 -28.9398 43.5259  255 255 255
-7.51619 -27.3767 41.5814  255 255 255
-28.8036 -20.6564 33.4337  255 255 255
-25.7083 -21.6505 34.533  255 255 255
-4.44907 -28.418 42.8233  255 255 255
-0.858746 -29.7446 43.796  255 255 255
-19.8173 -23.7889 37.314  255 255 255
-3.90632 -28.9676 43.4783  255 255 255
-22.2819 -23.1606 36.5036  255 255 255
-17.8565 -24.5743 38.2744  255 255 255
-5.36803 -28.5751 42.934  255 255 255
-28.5406 -21.3179 33.9955  255 255 255
-10.7052 -26.9638 41.1859  255 255 255
-29.552 -21.1 34.0127  255 255 255
-2.70091 -29.8355 43.6122  255 255 255
-0.556633 -30.8175 42.7005  255 255 255
-9.45703 -28.1224 42.6561  255 255 255
-8.51061 -28.5988 43.3635  255 255 255
-17.4185 -25.8037 39.7357  255 255 255
-12.2367 -27.45 41.7272  255 255 255
-3.62109 -30.4628 43.0771  255 255 255
-16.4913 -26.4645 40.6138  255 255 255
-17.4693 -26.1556 40.3404  255 255 255
-12.1372 -28.0499 42.5567  255 255 255
-13.3598 -27.6916 42.1462  255 255 255
0.779991 -32.3939 41.3558  255 255 255
9.38716 -35.9076 36.0188  255 255 255
9.38716 -35.9076 36.0188  255 255 255
-19.4751 -26.412 40.3406  255 255 255
-2.1284 -32.4362 41.465  255 255 255
-2.1462 -32.4082 41.5294  255 255 255
18.0466 -40.0034 29.9627  255 255 255
-15.0382 -28.7904 40.8543  255 255 255
17.3866 -39.8541 30.5383  255 255 255
-14.1043 -29.1668 40.9275  255 255 255
-5.25582 -32.3387 41.66  255 255 255
-5.25582 -32.3387 41.66  255 255 255
-3.52751 -33.0082 41.2058  255 255 255
-12.996 -29.9607 40.8097  255 255 255
-3.56033 -33.4778 40.6723  255 255 255
14.2368 -39.9766 30.7323  255 255 255
-12.8285 -30.9053 40.125  255 255 255
-12.3655 -31.2709 40.0597  255 255 255
-4.50239 -33.8547 40.4913  255 255 255
-24.942 -27.5449 32.2595  255 255 255
-8.13254 -33.7583 40.7132  255 255 255
-14.6521 -31.7116 38.3742  255 255 255
-12.5596 -32.7281 38.5802  255 255 255
-0.358869 -37.2971 37.645  255 255 255
-0.127166 -37.9176 37.4098  255 255 255
-8.96578 -34.8948 38.9807  255 255 255
-8.7642 -35.1294 38.8162  255 255 255
-0.152739 -38.5255 36.9794  255 255 255
-12.4257 -34.359 37.1996  255 255 255
-1.45796 -39.0262 37.0956  255 255 255
-1.45797 -39.0262 37.0956  255 255 255
-3.27471 -38.6245 36.9049  255 255 255
-15.3612 -35.1408 35.4955  255 255 255
-16.0277 -35.1431 35.0672  255 255 255
-24.7124 -33.2142 29.4183  255 255 255
-24.4109 -33.6678 29.9239  255 255 255
-13.6984 -37.039 35.3008  255 255 255
3.99427 -43.4573 33.5401  255 255 255
2.34664 -42.8184 34.0418  255 255 255
-14.0293 -37.2878 35.3036  255 255 255
0.726537 -42.7322 34.1323  255 255 255
-14.1103 -37.5774 35.3559  255 255 255
-25.6124 -34.33 27.2601  255 255 255
-20.7705 -37.2632 30.1632  255 255 255
-27.1144 -35.6223 24.7937  255 255 255
-21.2236 -37.6224 29.0315  255 255 255
-16.1207 -39.6807 31.7402  255 255 255
-30.1891 -36.9367 20.97  255 255 255
3.48775 -50.3539 33.9544  255 255 255
-32.3221 -41.2809 22.7515  255 255 255
-59.2783 -34.2502 6.03736  255 255 255
-58.6112 -34.6439 6.71203  255 255 255
-9.59483 -49.2527 35.514  255 255 255
-7.48817 -50.3864 34.6093  255 255 255
-10.7904 -49.4944 34.2331  255 255 255
-10.0863 -49.8971 34.2583  255 255 255
-10.7722 -50.1878 34.0309  255 255 255
-11.213 -50.0487 34.287  255 255 255
-13.6903 -49.8576 32.8332  255 255 255
-10.623 -50.997 34.068  255 255 255
-10.623 -50.997 34.068  255 255 255
-20.6239 -48.1964 30.5765  255 255 255
-49.8516 -40.1601 13.8146  255 255 255
-50.1315 -40.1435 13.5419  255 255 255
13.8991 -61.1341 40.5229  255 255 255
-45.5562 -44.0133 18.9857  255 255 255
-37.1534 -46.5022 24.2879  255 255 255
-36.4973 -47.0912 24.8221  255 255 255
-35.8651 -47.2401 25.2659  255 255 255
-32.1069 -49.49 28.2763  255 255 255
-42.2732 -47.5 23.4902  255 255 255
6.22049 -63.1787 43.1554  255 255 255
6.35237 -63.2916 42.9173  255 255 255
-2.01593 -60.6964 39.7191  255 255 255
-2.5945 -60.8276 40.3387  255 255 255
-4.94377 -60.3285 39.6289  255 255 255
9.60203 -66.0579 47.0032  255 255 255
13.7621 -67.9685 49.4722  255 255 255
-41.7233 -50.2523 26.7663  255 255 255
-5.20388 -62.1092 41.5987  255 255 255
-44.6561 -49.6792 25.7857  255 255 255
-44.6561 -49.6792 25.7857  255 255 255
-32.6424 -53.5334 31.3603  255 255 255
-43.5047 -50.2572 26.6287  255 255 255
-32.9366 -53.5595 31.3929  255 255 255
5.17983 -66.1332 47.114  255 255 255
10.1918 -68.1484 49.7348  255 255 255
3.56558 -66.2035 47.3012  255 255 255
-43.7113 -51.5733 28.4767  255 255 255
4.65781 -67.528 49.0838  255 255 255
6.34259 -68.1211 49.8524  255 255 255
-27.874 -57.1959 35.5571  255 255 255
-55.1151 -49.086 25.4249  255 255 255
8.88225 -69.8913 51.6405  255 255 255
4.23678 -68.7666 50.2645  255 255 255
-34.4607 -56.3854 34.6812  255 255 255
-8.20604 -65.0545 45.3737  255 255 255
-8.45063 -65.656 46.176  255 255 255
-57.0961 -50.1802 26.911  255 255 255
-44.7563 -54.3375 31.9535  255 255 255
-16.5075 -63.5948 44.2078  255 255 255
3.25364 -71.3409 53.7422  255 255 255
-8.73921 -67.9816 49.3487  255 255 255
-7.2656 -69.2804 50.9483  255 255 255
-19.2086 -68.2144 49.5414  255 255 255
-43.9244 -61.1492 40.6252  255 255 255
-33.5677 -64.6812 44.984  255 255 255
-33.8974 -64.8129 45.5597  255 255 255
-10.0288 95.4519 -51.9939  255 255 255
-10.0288 95.4519 -51.9939  255 255 255
75.9894 105.78 -97.4622  255 255 255
62.2419 64.6065 -7.0704  255 255 255
48.6328 98.5572 -86.8866  255 255 255
72.9754 100.457 -99.4561  255 255 255
66.8563 57.8398 -2.00261  255 255 255
34.3111 94.8246 -80.0538  255 255 255
67.2411 97.6511 -98.9125  255 255 255
62.027 59.4928 -12.4277  255 255 255
83.4466 97.5051 -108.388  255 255 255
28.9623 91.8972 -79.8859  255 255 255
57.901 45.0393 18.6222  255 255 255
83.2485 95.209 -109.509  255 255 255
63.0044 55.8968 -9.91446  255 255 255
28.4141 90.353 -81.378  255 255 255
13.7263 88.5575 -72.468  255 255 255
59.0461 59.7403 -19.5803  255 255 255
56.4439 44.3931 16.8247  255 255 255
40.0961 89.353 -88.4474  255 255 255
56.0613 44.0238 14.6653  255 255 255
31.7383 87.0033 -84.5777  255 255 255
59.3402 56.8842 -21.8886  255 255 255
54.9132 88.0699 -98.4675  255 255 255
-0.615257 83.6126 -67.4793  255 255 255
56.9805 58.0717 -25.1494  255 255 255
65.1258 50.1472 -8.17122  255 255 255
85.4562 88.8941 -115.812  255 255 255
62.8387 35.9887 26.6871  255 255 255
80.3332 88.5453 -113.873  255 255 255
74.5693 87.0403 -108.948  255 255 255
6.99337 82.1092 -71.3224  255 255 255
-20.6808 80.1162 -56.6393  255 255 255
58.8173 38.6891 18.8342  255 255 255
58.8173 38.6891 18.8342  255 255 255
62.4386 86.2081 -104.729  255 255 255
29.7345 82.6227 -86.2776  255 255 255
60.1372 52.5904 -20.8684  255 255 255
0.0256493 79.2394 -70.7927  255 255 255
-15.7254 77.5922 -60.192  255 255 255
56.828 38.4184 13.1677  255 255 255
50.7885 81.6224 -98.8471  255 255 255
56.1023 39.4721 9.98898  255 255 255
17.8478 79.7957 -81.6547  255 255 255
57.5906 37.9426 13.0634  255 255 255
59.2897 36.173 16.5522  255 255 255
59.3892 80.7654 -104.548  255 255 255
54.9966 79.7945 -104.085  255 255 255
50.6183 78.521 -100.45  255 255 255
52.3439 78.5579 -101.538  255 255 255
58.4719 50.2032 -27.4952  255 255 255
51.3215 78.4618 -101.86  255 255 255
50.6038 78.2502 -101.451  255 255 255
51.5762 77.9036 -101.457  255 255 255
59.161 33.1283 16.7506  255 255 255
55.3819 36.503 7.21919  255 255 255
61.8681 30.3886 21.2043  255 255 255
55.4719 75.9002 -104.561  255 255 255
58.5363 31.5841 17.554  255 255 255
58.5364 31.5842 17.5539  255 255 255
60.5151 30.8353 18.4063  255 255 255
70.2561 76.1136 -115.49  255 255 255
58.7722 31.8002 14.6388  255 255 255
33.3069 73.7323 -93.247  255 255 255
-1.82252 72.4056 -73.1067  255 255 255
56.211 33.956 8.66219  255 255 255
60.9385 74.4436 -111.12  255 255 255
59.6095 30.5266 15.121  255 255 255
60.2251 29.9261 15.8864  255 255 255
61.8282 28.4205 18.9472  255 255 255
61.246 28.7589 17.9603  255 255 255
59.5327 29.472 14.6889  255 255 255
58.8606 44.6444 -30.0099  255 255 255
-12.6798 69.5495 -68.944  255 255 255
40.7684 71.1126 -100.823  255 255 255
7.3678 70.0373 -81.7724  255 255 255
66.3661 35.8004 -15.5878  255 255 255
-1.10394 67.7738 -77.7093  255 255 255
60.023 26.8361 13.0791  255 255 255
56.2915 29.0361 5.91392  255 255 255
55.0408 30.1593 2.73261  255 255 255
59.5229 25.7756 11.733  255 255 255
19.658 65.559 -91.5407  255 255 255
59.8172 25.1891 10.8327  255 255 255
-0.669321 65.0626 -80.7849  255 255 255
57.3426 26.5058 6.42125  255 255 255
57.2485 26.4707 6.50623  255 255 255
59.9463 24.1013 11.8377  255 255 255
59.9463 24.1013 11.8377  255 255 255
17.7765 63.786 -91.4316  255 255 255
59.0973 24.4647 9.45612  255 255 255
59.537 23.5475 10.3015  255 255 255
62.6274 34.2461 -26.5724  255 255 255
81.4566 56.4607 -111.025  255 255 255
62.8515 33.6419 -26.0111  255 255 255
42.9241 62.8324 -109.973  255 255 255
-21.1808 62.1035 -68.981  255 255 255
-21.1808 62.1035 -68.981  255 255 255
57.4756 23.9643 5.91872  255 255 255
-4.42239 61.2515 -79.8101  255 255 255
35.7543 60.7055 -104.809  255 255 255
-18.6327 60.2716 -72.4014  255 255 255
60.4378 33.5987 -33.2864  255 255 255
-17.4695 59.5373 -72.8134  255 255 255
-17.4695 59.5373 -72.8134  255 255 255
55.2667 23.8542 -1.30065  255 255 255
55.121 23.8882 -2.6125  255 255 255
-18.8808 57.675 -73.3646  255 255 255
-22.8888 56.7083 -71.7228  255 255 255
-18.2427 54.9199 -69.8304  255 255 255
-8.65327 54.6848 -81.6562  255 255 255
-6.61565 54.6961 -84.4077  255 255 255
54.3283 20.2681 -4.9561  255 255 255
-9.72029 54.3731 -82.8736  255 255 255
57.0138 18.2701 0.28005  255 255 255
55.9121 30.7929 -45.4548  255 255 255
61.6395 14.5951 8.58635  255 255 255
58.8878 15.7288 3.26511  255 255 255
59.427 15.5261 3.27079  255 255 255
59.6544 14.5989 4.31261  255 255 255
60.5638 14.337 4.61361  255 255 255
58.5848 26.4421 -42.5092  255 255 255
60.4785 24.0944 -37.1297  255 255 255
59.1031 13.7989 2.60905  255 255 255
55.3 16.9099 -6.73962  255 255 255
58.783 14.1269 0.141727  255 255 255
58.8008 13.1829 2.57859  255 255 255
57.569 25.4305 -47.7676  255 255 255
57.569 25.4305 -47.7676  255 255 255
64.1313 9.09865 11.4665  255 255 255
-3.97348 48.4404 -90.1371  255 255 255
60.4282 11.4202 3.70152  255 255 255
63.8344 19.6548 -32.6358  255 255 255
55.8464 25.5574 -51.1921  255 255 255
56.6503 24.7978 -49.937  255 255 255
-16.1705 47.197 -81.9755  255 255 255
23.0839 37.4352 -83.378  255 255 255
-1.34533 44.9979 -93.4637  255 255 255
57.0694 21.2064 -50.8838  255 255 255
22.1385 36.0866 -82.5107  255 255 255
59.8825 8.49299 -0.442875  255 255 255
60.3106 8.03331 -0.119007  255 255 255
17.9473 36.516 -84.4085  255 255 255
17.9472 36.516 -84.4085  255 255 255
-24.9809 44.4892 -79.446  255 255 255
-25.6575 44.5918 -79.7941  255 255 255
-25.7304 44.5312 -79.4628  255 255 255
56.4725 20.1885 -52.9857  255 255 255
61.7499 6.00461 4.12236  255 255 255
56.8944 19.7735 -52.0497  255 255 255
-27.4521 44.0388 -79.6788  255 255 255
6.94639 32.994 -80.5023  255 255 255
63.2634 11.6473 -39.6651  255 255 255
55.7187 7.21332 -11.6762  255 255 255
59.2721 3.17689 -4.37847  255 255 255
59.2721 3.17689 -4.37849  255 255 255
-23.5007 38.6271 -84.7452  255 255 255
38.6803 19.1367 -62.6873  255 255 255
60.0495 1.73196 -5.19805  255 255 255
58.4305 2.15825 -7.96378  255 255 255
9.12323 23.781 -68.0841  255 255 255
5.99231 24.6786 -69.8027  255 255 255
8.40333 23.5054 -67.7797  255 255 255
7.0171 23.0504 -66.8658  255 255 255
62.1412 -2.29165 -2.50151  255 255 255
66.4986 -5.9704 7.5136  255 255 255
55.2107 1.29788 -18.5332  255 255 255
55.1727 1.2933 -18.4915  255 255 255
-19.6896 28.8318 -74.4394  255 255 255
1.11833 21.8612 -65.8267  255 255 255
-8.73617 7.22899 24.4487  255 255 255
-1.61042 21.2875 -65.5554  255 255 255
61.9724 -4.99544 -4.34935  255 255 255
-1.347 19.6575 -62.9223  255 255 255
67.1812 -8.99704 5.93061  255 255 255
67.3983 -8.95985 5.65803  255 255 255
3.03003 17.7641 -60.3493  255 255 255
59.0761 -4.12277 -12.1426  255 255 255
56.7678 -3.13765 -17.768  255 255 255
-13.1248 6.60172 22.5428  255 255 255
61.2438 -6.97105 -7.51076  255 255 255
58.1162 -6.37158 -16.7508  255 255 255
-11.6459 17.7129 -59.9568  255 255 255
65.3897 -11.2387 -0.0531501  255 255 255
65.3419 -11.4729 -0.42989  255 255 255
65.0361 -11.4208 -0.0244234  255 255 255
67.4031 -12.5989 3.47113  255 255 255
67.403 -12.5989 3.47115  255 255 255
68.1813 -13.973 5.7833  255 255 255
58.6905 -8.75627 -15.98  255 255 255
-15.6232 3.00867 26.239  255 255 255
-16.6839 15.4357 -56.618  255 255 255
-16.3216 2.70025 25.8556  255 255 255
59.1778 -10.7262 -15.7172  255 255 255
58.6737 -10.5006 -16.8288  255 255 255
67.7852 -16.0375 1.98643  255 255 255
66.3557 -15.4949 -1.16402  255 255 255
66.6866 -16.5466 -1.14151  255 255 255
-18.4878 4.08107 7.03064  255 255 255
-18.4877 4.08107 7.03062  255 255 255
66.2789 -16.9048 -0.661517  255 255 255
-18.8894 3.89373 6.85134  255 255 255
-18.5065 3.78798 6.61009  255 255 255
3.00001 -6.68151 38.8129  255 255 255
-20.5118 10.7253 -50.3184  255 255 255
-22.6403 4.18801 0.591615  255 255 255
65.0959 -18.2151 -6.06991  255 255 255
-9.34595 -4.40379 36.4105  255 255 255
-21.0009 1.46504 10.142  255 255 255
-21.2591 1.16694 10.5212  255 255 255
-2.11329 -7.54971 39.1906  255 255 255
-22.6102 1.26607 10.2027  255 255 255
-26.0678 3.03568 2.26769  255 255 255
67.7233 -21.4677 -0.672922  255 255 255
-8.08526 -6.09738 37.6346  255 255 255
66.9952 -21.2884 -3.78785  255 255 255
27.932 -14.3293 23.0644  255 255 255
-13.1344 -4.77763 34.5883  255 255 255
6.3287 -10.5497 37.9585  255 255 255
-4.71485 -7.93263 38.9423  255 255 255
3.76967 -10.3289 38.7319  255 255 255
68.8496 -23.4923 0.351595  255 255 255
3.54328 -10.6008 39.2586  255 255 255
-0.833119 -9.49477 39.4495  255 255 255
-13.0332 -6.54771 35.7456  255 255 255
-28.5649 0.127747 6.09986  255 255 255
-8.76156 -8.76926 38.2872  255 255 255
-23.0986 -2.60174 15.6376  255 255 255
68.5441 -26.111 -2.89985  255 255 255
-10.9115 -8.43966 37.1824  255 255 255
-10.5658 -8.63028 37.7679  255 255 255
-9.9333 -8.88834 37.871  255 255 255
-23.761 -3.06299 16.0007  255 255 255
-26.8504 -1.86312 8.919  255 255 255
-27.0968 -2.01948 8.63669  255 255 255
-11.1729 -9.14848 37.3121  255 255 255
-11.1729 -9.14848 37.3121  255 255 255
3.75393 -13.5523 39.2458  255 255 255
3.71391 -14.1592 39.151  255 255 255
-30.7337 -2.65052 9.76198  255 255 255
-24.9142 -6.22029 20.2722  255 255 255
-22.2014 -7.56275 27.3816  255 255 255
-22.6829 -7.48802 25.9784  255 255 255
-23.3137 -7.34535 23.7877  255 255 255
-16.2883 -10.7423 34.5105  255 255 255
-26.7802 -7.15229 21.4353  255 255 255
-22.2805 -9.44118 27.4265  255 255 255
-22.2845 -9.45121 27.4861  255 255 255
-16.0585 -11.6977 34.6821  255 255 255
2.33332 -17.4786 39.114  255 255 255
-14.9143 -12.3751 35.6437  255 255 255
12.3833 -20.362 37.6964  255 255 255
-31.3923 -6.43813 14.8697  255 255 255
-29.3858 -7.33614 15.8608  255 255 255
-23.4729 -10.2278 25.6466  255 255 255
-13.7927 -13.7389 36.6803  255 255 255
-20.9268 -11.3367 29.9998  255 255 255
2.72718 -18.8609 38.6926  255 255 255
0.0397016 -18.3304 39.3287  255 255 255
-13.944 -14.1621 36.63  255 255 255
-23.2472 -10.8696 26.3364  255 255 255
-23.6836 -11.3161 27.1298  255 255 255
-17.7189 -13.6917 34.0229  255 255 255
-5.86336 -17.6488 38.9788  255 255 255
-27.7454 -10.6284 23.3556  255 255 255
-4.29261 -19.5413 38.824  255 255 255
-7.30847 -19.1414 38.6809  255 255 255
-16.8047 -16.262 34.2361  255 255 255
-35.416 -8.53764 -25.7118  255 255 255
-8.64082 -19.8636 38.1171  255 255 255
-18.5104 -16.987 34.3578  255 255 255
-33.2999 -12.157 22.3125  255 255 255
2.72502 -23.6928 41.0319  255 255 255
12.476 -26.6889 40.4679  255 255 255
-2.22624 -22.7085 41.2371  255 255 255
-15.9528 -18.5682 36.1685  255 255 255
16.9657 -28.7525 39.2519  255 255 255
-21.8358 -16.8262 33.9908  255 255 255
-16.6126 -18.6852 36.5698  255 255 255
-12.5206 -20.3654 38.6288  255 255 255
-7.32735 -22.14 40.4416  255 255 255
-33.7204 -13.8406 24.2161  255 255 255
2.40856 -25.3557 40.309  255 255 255
-11.2845 -21.2661 39.5982  255 255 255
16.7559 -30.0105 38.3857  255 255 255
2.88245 -25.8062 40.0695  255 255 255
14.77 -29.6131 38.1532  255 255 255
-18.084 -19.5982 36.9136  255 255 255
-8.79197 -22.9159 40.4676  255 255 255
-29.5615 -16.4363 27.6618  255 255 255
-21.4583 -19.164 34.0694  255 255 255
-40.7589 -13.2021 -20.5096  255 255 255
-12.3083 -22.807 39.1805  255 255 255
14.9059 -31.8952 36.0571  255 255 255
5.55125 -29.129 44.0658  255 255 255
4.75874 -29.4667 44.0072  255 255 255
5.08361 -29.6037 44.1096  255 255 255
13.0235 -32.4286 36.8589  255 255 255
-29.7718 -19.5583 30.6704  255 255 255
-26.7544 -21.1592 34.0981  255 255 255
-23.3155 -22.9135 36.122  255 255 255
-10.8415 -26.9181 40.7779  255 255 255
-15.2986 -25.9985 39.618  255 255 255
-2.83904 -30.0357 43.452  255 255 255
-23.3098 -23.6194 37.0603  255 255 255
0.354832 -32.0985 41.7346  255 255 255
-16.1554 -26.9384 41.2351  255 255 255
-0.177726 -32.6378 41.3126  255 255 255
12.3278 -37.0761 34.2056  255 255 255
-27.925 -23.9994 31.6664  255 255 255
-1.00482 -32.7488 41.2385  255 255 255
13.1171 -37.7653 32.7163  255 255 255
-19.6915 -26.8424 41.1445  255 255 255
-3.81228 -32.3474 41.6416  255 255 255
-0.242397 -33.7771 40.3399  255 255 255
3.99079 -35.5902 38.9121  255 255 255
-16.0141 -30.0282 39.1075  255 255 255
-22.8375 -28.0841 34.514  255 255 255
-15.4503 -30.4298 39.0913  255 255 255
-16.3979 -30.2474 38.7417  255 255 255
-16.3979 -30.2474 38.7417  255 255 255
-12.9824 -32.5092 38.7505  255 255 255
-12.9824 -32.5092 38.7505  255 255 255
-3.50203 -35.8089 38.7571  255 255 255
-17.556 -31.2759 37.173  255 255 255
-31.1832 -28.3954 22.1991  255 255 255
-20.7308 -31.8686 34.1946  255 255 255
-28.6902 -29.5758 27.6299  255 255 255
-0.963028 -38.7906 36.696  255 255 255
-1.47479 -38.8361 37.2206  255 255 255
-28.7428 -30.0773 27.377  255 255 255
-28.328 -30.4553 26.6833  255 255 255
-0.296275 -39.506 36.6892  255 255 255
-30.5666 -30.1504 21.7441  255 255 255
-14.0341 -35.4314 35.9568  255 255 255
-15.0304 -35.2313 35.4509  255 255 255
-24.8485 -32.509 29.6029  255 255 255
-24.7894 -32.5257 29.4159  255 255 255
-2.24272 -40.0094 36.2381  255 255 255
-56.3839 -24.8884 -5.69899  255 255 255
4.11468 -42.8886 35.2481  255 255 255
-15.3979 -36.3395 34.6708  255 255 255
-21.2787 -34.7424 31.1667  255 255 255
-4.13785 -40.9093 35.4233  255 255 255
-12.324 -38.1808 35.4337  255 255 255
-53.9785 -27.2551 -2.89187  255 255 255
-24.2533 -35.1895 28.6742  255 255 255
-24.3034 -35.1542 28.8924  255 255 255
-13.7375 -38.4888 34.4889  255 255 255
-4.4493 -42.2878 34.3513  255 255 255
5.23168 -47.3165 31.5678  255 255 255
-17.4887 -39.4675 31.1753  255 255 255
-26.8652 -37.3132 23.6329  255 255 255
-9.80166 -43.9248 32.3305  255 255 255
-8.83682 -45.1241 32.0142  255 255 255
-5.68166 -46.3604 36.3166  255 255 255
-17.9644 -43.2116 28.6151  255 255 255
-31.0775 -40.0328 25.2069  255 255 255
-32.7348 -40.0166 23.7537  255 255 255
-9.55719 -47.5405 36.8945  255 255 255
-52.9685 -36.0963 8.88899  255 255 255
-22.0837 -44.7728 32.6665  255 255 255
-58.3636 -35.0623 7.24282  255 255 255
-10.3086 -49.5635 34.406  255 255 255
-9.80794 -49.9192 34.6559  255 255 255
-11.679 -49.8886 32.7754  255 255 255
-22.1436 -46.8917 30.9693  255 255 255
-9.36928 -51.2842 34.5729  255 255 255
-9.63578 -51.5654 34.0934  255 255 255
-21.3122 -48.2044 30.5794  255 255 255
-22.2858 -47.9672 30.009  255 255 255
-21.6055 -48.1887 30.2037  255 255 255
-21.6055 -48.1887 30.2037  255 255 255
14.0222 -61.4669 40.8207  255 255 255
-36.1278 -47.1 24.8234  255 255 255
8.80826 -62.0775 41.5692  255 255 255
7.45017 -61.8443 41.4381  255 255 255
-14.6891 -55.493 36.0008  255 255 255
-48.3053 -45.7403 21.1153  255 255 255
-43.0364 -48.7565 25.0569  255 255 255
6.85643 -65.6401 46.0827  255 255 255
-48.3128 -47.9848 23.8336  255 255 255
-44.2469 -49.6916 25.8226  255 255 255
12.4751 -68.5791 50.1012  255 255 255
-45.2955 -50.0164 26.2986  255 255 255
-4.57583 -63.4385 43.6031  255 255 255
8.54151 -67.8654 49.5227  255 255 255
5.98806 -67.8939 49.6629  255 255 255
-0.527772 -66.1616 46.6316  255 255 255
6.63957 -68.6183 50.0539  255 255 255
-12.2246 -62.5062 42.2854  255 255 255
-3.79166 -66.1361 46.8739  255 255 255
-2.82027 -66.6762 47.3159  255 255 255
-5.36019 -66.2141 47.3396  255 255 255
-5.23481 -66.3478 47.0838  255 255 255
4.22901 -69.5425 51.3744  255 255 255
2.20046 -69.173 50.8974  255 255 255
-9.75625 -65.3807 46.0032  255 255 255
1.65956 -69.2513 50.9988  255 255 255
-9.4799 -65.6993 46.2302  255 255 255
-33.6869 -58.1879 36.8986  255 255 255
-19.8526 -62.6657 42.7464  255 255 255
2.47819 -70.0615 52.05  255 255 255
-5.56582 -67.4503 48.629  255 255 255
-43.6218 -55.1411 33.037  255 255 255
-35.7774 -58.1238 37.1941  255 255 255
-34.8064 -58.6826 37.8138  255 255 255
-34.1953 -59.036 38.004  255 255 255
-2.54132 -69.6039 51.2845  255 255 255
-11.2054 -67.1673 48.1593  255 255 255
-23.5004 -63.2083 43.069  255 255 255
2.74111 -72.0782 54.6205  255 255 255
-22.847 -66.7811 47.5266  255 255 255
-19.5458 -67.8548 49.0745  255 255 255
-29.6195 -64.9695 45.4483  255 255 255
-41.2848 -64.1134 44.0427  255 255 255
-2.96254 98.0313 -54.8625  255 255 255
77.4041 109.219 -98.5804  255 255 255
75.3679 107.187 -95.9394  255 255 255
-13.5242 95.2888 -50.5887  255 255 255
59.1062 67.8995 -12.532  255 255 255
17.8215 97.6009 -68.3834  255 255 255
63.6663 62.9691 -5.75829  255 255 255
82.2678 104.136 -102.769  255 255 255
119.177 108.285 -123.482  255 255 255
119.177 108.285 -123.482  255 255 255
51.2534 99.9333 -87.4973  255 255 255
64.2535 61.1447 -5.13943  255 255 255
116.999 106.45 -122.902  255 255 255
39.4864 93.2382 -83.6577  255 255 255
-14.2028 86.9576 -55.415  255 255 255
-3.79613 87.7269 -61.7267  255 255 255
-12.8547 85.9747 -56.8077  255 255 255
100.76 96.1643 -119.375  255 255 255
57.2772 44.6286 17.9832  255 255 255
54.4138 91.8113 -95.1559  255 255 255
54.4138 91.8113 -95.1559  255 255 255
69.567 93.0207 -103.665  255 255 255
96.7342 95.3415 -118.892  255 255 255
71.0295 92.663 -104.475  255 255 255
69.6112 92.2848 -104.29  255 255 255
61.0048 40.5318 23.8537  255 255 255
63.1924 37.4895 29.8486  255 255 255
64.0224 36.4198 30.1092  255 255 255
66.0429 50.4966 -6.16458  255 255 255
39.7185 87.7955 -89.6403  255 255 255
60.0817 55.2391 -16.397  255 255 255
59.4118 39.4615 20.6127  255 255 255
-16.8346 81.2175 -58.0429  255 255 255
-1.17667 82.2942 -68.0856  255 255 255
66.1112 87.1479 -106.034  255 255 255
2.48144 81.503 -70.3042  255 255 255
56.185 40.788 13.37  255 255 255
72.1656 86.0314 -110.302  255 255 255
1.34916 79.4427 -65.9771  255 255 255
63.6999 48.3055 -12.0255  255 255 255
64.41 47.7444 -10.8525  255 255 255
64.41 47.7444 -10.8525  255 255 255
37.8106 82.8854 -92.5278  255 255 255
26.9457 81.0693 -85.6498  255 255 255
26.9457 81.0693 -85.6498  255 255 255
63.9055 82.9084 -105.949  255 255 255
71.4974 83.3905 -110.257  255 255 255
56.0768 82.9409 -103.203  255 255 255
60.4446 35.7419 18.6798  255 255 255
68.5736 82.9489 -109.858  255 255 255
68.8923 83.1168 -110.394  255 255 255
56.5199 82.2295 -103.354  255 255 255
41.6649 80.9354 -95.3164  255 255 255
4.58376 77.9815 -74.2509  255 255 255
4.61289 78.0033 -74.3209  255 255 255
-19.9186 76.1862 -59.4727  255 255 255
57.4458 79.6668 -103.911  255 255 255
59.9606 33.3359 17.8584  255 255 255
13.6706 76.3653 -80.0422  255 255 255
32.5992 77.8078 -92.1901  255 255 255
-6.53617 75.3965 -69.2502  255 255 255
61.1256 78.6658 -108.228  255 255 255
59.7901 33.2443 16.6873  255 255 255
7.92242 74.6773 -77.6021  255 255 255
21.5847 73.0309 -87.5052  255 255 255
18.2594 73.2371 -86.9913  255 255 255
25.6866 72.9186 -89.8089  255 255 255
60.3098 28.5718 15.755  255 255 255
29.9301 70.4275 -92.3871  255 255 255
30.6399 70.1222 -92.9597  255 255 255
58.8159 42.9889 -30.3698  255 255 255
-3.86583 69.0921 -75.9482  255 255 255
37.6326 70.3122 -101.234  255 255 255
22.0123 67.727 -89.1845  255 255 255
33.7256 67.9157 -100.877  255 255 255
35.3467 67.0493 -101.298  255 255 255
6.89227 66.4134 -83.9494  255 255 255
5.47102 65.6559 -82.4377  255 255 255
58.5423 26.2254 9.21234  255 255 255
66.1408 33.1559 -17.5391  255 255 255
33.3793 65.4906 -102.116  255 255 255
-15.2397 64.1504 -70.4572  255 255 255
57.3515 26.6407 5.66868  255 255 255
58.7503 25.4478 8.26099  255 255 255
59.562 24.8462 9.66772  255 255 255
64.1984 19.8036 19.4883  255 255 255
58.2973 24.2361 7.11024  255 255 255
60.1823 20.8167 9.49278  255 255 255
57.0753 23.1587 3.07003  255 255 255
-12.992 59.0969 -76.4193  255 255 255
-14.854 58.6883 -75.4137  255 255 255
64.4603 27.5088 -23.4145  255 255 255
65.2628 27.2192 -23.6671  255 255 255
-19.3144 57.3457 -73.679  255 255 255
59.3429 31.534 -38.0452  255 255 255
-9.71022 56.2057 -81.4775  255 255 255
-9.71023 56.2057 -81.4775  255 255 255
59.767 17.3249 6.38492  255 255 255
55.9199 19.5674 -1.65801  255 255 255
55.8593 32.0465 -48.0531  255 255 255
60.293 15.6811 5.68837  255 255 255
60.0409 15.6345 5.9884  255 255 255
56.8356 17.3427 -0.892634  255 255 255
57.3397 27.1295 -44.8569  255 255 255
64.2643 20.3818 -32.2286  255 255 255
62.7131 9.94162 8.0856  255 255 255
-15.7773 47.9572 -80.6414  255 255 255
63.3558 8.85488 8.87855  255 255 255
56.3194 24.7965 -50.4418  255 255 255
56.1394 24.3163 -51.0017  255 255 255
57.0192 12.1883 -4.93644  255 255 255
62.061 8.72021 5.13876  255 255 255
57.2814 11.4544 -4.60071  255 255 255
64.7391 5.82775 11.366  255 255 255
58.3323 9.56593 -3.40855  255 255 255
-6.3038 43.5556 -92.4116  255 255 255
-25.2313 44.2324 -80.6393  255 255 255
11.2731 36.9369 -83.9752  255 255 255
22.4496 32.4463 -79.7921  255 255 255
-3.71574 40.1376 -88.5129  255 255 255
7.01801 34.8752 -82.6532  255 255 255
17.6714 27.9111 -74.2706  255 255 255
63.7388 0.861643 4.57692  255 255 255
8.25045 28.9262 -73.165  255 255 255
18.2861 26.2807 -71.718  255 255 255
67.005 -2.11026 11.098  255 255 255
16.5137 25.8298 -69.8378  255 255 255
15.289 26.3239 -71.5722  255 255 255
62.3635 0.419701 0.626226  255 255 255
2.21173 29.4424 -75.9143  255 255 255
65.3462 -3.09276 5.88262  255 255 255
56.599 2.59898 -13.3317  255 255 255
1.95972 26.5714 -71.9975  255 255 255
55.5879 3.07871 -15.568  255 255 255
63.2774 -2.16527 1.18963  255 255 255
6.81066 4.56928 26.2294  255 255 255
7.09614 4.44735 26.471  255 255 255
59.8037 -1.88995 -7.03591  255 255 255
7.69763 1.76199 31.0737  255 255 255
-1.90968 20.7143 -64.5379  255 255 255
59.5215 -3.86347 -9.6815  255 255 255
68.2108 -9.78736 8.46528  255 255 255
67.402 -9.27379 6.66761  255 255 255
10.8303 -0.504476 30.9671  255 255 255
58.9744 -5.65583 -15.1723  255 255 255
-14.3507 20.1949 -63.4329  255 255 255
-13.2874 5.09917 25.9319  255 255 255
64.66 -11.244 -2.56069  255 255 255
1.9532 -1.72799 35.2743  255 255 255
57.0086 -6.98372 -20.1482  255 255 255
2.69984 -2.72601 36.3413  255 255 255
66.1843 -13.2141 -0.358264  255 255 255
28.9999 -6.23381 12.8877  255 255 255
65.1559 -13.4187 -2.86994  255 255 255
10.6937 -5.91583 34.8075  255 255 255
66.6636 -15.4058 0.23801  255 255 255
-16.7512 1.60921 26.6732  255 255 255
-13.8305 11.8616 -52.2502  255 255 255
67.4254 -16.6061 1.88587  255 255 255
4.23298 -5.49259 37.1911  255 255 255
68.1407 -17.4185 2.5215  255 255 255
-15.428 -0.982597 30.4753  255 255 255
4.6947 -7.52629 37.9958  255 255 255
-3.56729 -5.52487 38.4471  255 255 255
69.0045 -21.1092 1.72525  255 255 255
-3.4709 -6.82734 38.9696  255 255 255
68.8989 -21.579 2.13457  255 255 255
-7.31988 -6.38131 37.8612  255 255 255
-23.1822 0.219694 11.635  255 255 255
-1.46773 -9.02119 39.3884  255 255 255
-23.1373 5.7667 -45.443  255 255 255
-15.0779 -5.1281 33.5147  255 255 255
26.0424 -16.5457 27.0177  255 255 255
10.2371 -13.1976 35.5168  255 255 255
-28.3201 -1.12899 8.56342  255 255 255
10.7103 -14.5129 35.2932  255 255 255
25.0098 -17.9396 28.6777  255 255 255
-10.2791 -9.19585 37.9662  255 255 255
-19.6207 -6.1099 29.7589  255 255 255
-11.332 -9.50084 37.5907  255 255 255
-11.2095 -9.72208 38.0511  255 255 255
12.071 -16.5497 34.4945  255 255 255
-26.3644 0.324884 -38.104  255 255 255
-26.3644 0.324884 -38.104  255 255 255
-28.6043 -3.86868 11.2398  255 255 255
-28.3356 -4.39144 12.6555  255 255 255
-24.8588 -1.5676 -35.3797  255 255 255
7.88341 -17.0159 37.3581  255 255 255
22.1448 -20.9763 33.0416  255 255 255
-20.9276 -8.6618 29.571  255 255 255
7.25262 -17.2822 37.8305  255 255 255
-25.7757 -6.66277 20.6278  255 255 255
-10.0598 -12.5616 38.3974  255 255 255
0.0686796 -15.5428 40.0784  255 255 255
-22.6193 -8.30077 26.3688  255 255 255
-22.581 -8.85358 26.8224  255 255 255
13.8075 -20.0336 37.1978  255 255 255
-4.09007 -16.2009 39.7666  255 255 255
-17.8582 -12.0837 33.5949  255 255 255
-19.5622 -11.6313 31.7611  255 255 255
-11.6167 -14.6175 37.5037  255 255 255
-14.7152 -14.4839 35.4639  255 255 255
-25.3374 -10.8777 26.2828  255 255 255
-3.97395 -17.8886 39.3353  255 255 255
-13.2865 -15.2267 36.9794  255 255 255
-19.127 -13.3099 32.507  255 255 255
-25.7517 -11.723 27.3727  255 255 255
-24.5219 -12.1071 28.1144  255 255 255
-19.2963 -13.8749 32.261  255 255 255
-28.0135 -10.8257 22.3985  255 255 255
-16.5565 -15.0451 34.5802  255 255 255
13.1263 -26.2703 39.8338  255 255 255
-20.5448 -16.9257 34.3033  255 255 255
-30.628 -13.9255 24.7847  255 255 255
-5.77451 -22.5334 41.1686  255 255 255
-6.61433 -22.4226 41.0629  255 255 255
-34.2651 -14.2993 24.9027  255 255 255
-11.9281 -21.5042 39.9541  255 255 255
-30.084 -15.8318 27.4105  255 255 255
-9.30682 -23.4568 40.115  255 255 255
-32.1119 -17.3242 25.4783  255 255 255
-3.52678 -28.0667 42.6055  255 255 255
-31.3534 -19.5731 25.8915  255 255 255
-29.5256 -20.5585 33.5091  255 255 255
-9.63862 -28.2136 42.7763  255 255 255
-9.59616 -28.2161 42.6577  255 255 255
-4.4619 -29.9232 43.4963  255 255 255
0.5412 -32.6442 41.5416  255 255 255
2.83605 -33.9532 40.3148  255 255 255
-21.478 -26.1899 37.5471  255 255 255
-22.5879 -28.0453 34.6619  255 255 255
-13.4269 -31.3479 39.4964  255 255 255
-17.6445 -31.585 36.8752  255 255 255
-8.28443 -34.8318 40.677  255 255 255
3.84774 -39.5155 36.0774  255 255 255
-0.256792 -38.2589 37.0513  255 255 255
-18.3414 -33.1728 35.3068  255 255 255
-1.08583 -38.9672 37.2272  255 255 255
-1.09139 -38.9627 37.232  255 255 255
-24.9671 -32.7816 30.0912  255 255 255
-55.5715 -25.2259 -5.63291  255 255 255
-25.3934 -33.6296 27.1209  255 255 255
-14.5096 -37.0145 35.0134  255 255 255
-27.5524 -35.2646 24.6245  255 255 255
-22.0125 -37.1526 28.8227  255 255 255
-6.7571 -43.1492 34.6383  255 255 255
-27.6028 -36.8956 24.1194  255 255 255
-17.5371 -40.2319 31.4411  255 255 255
-51.4031 -34.6228 6.9546  255 255 255
-53.7296 -34.964 6.58829  255 255 255
-53.9202 -35.1338 7.19238  255 255 255
-10.4387 -51.4263 33.5418  255 255 255
-12.79 -52.5849 34.5298  255 255 255
-49.4052 -41.8786 15.7487  255 255 255
-48.0794 -42.5451 16.9855  255 255 255
-54.4117 -41.7419 15.7695  255 255 255
3.33913 -60.9598 40.3532  255 255 255
-43.9957 -46.7994 22.2689  255 255 255
15.1704 -66.431 47.3047  255 255 255
-39.675 -49.6453 26.2524  255 255 255
-39.5216 -50.0594 26.2559  255 255 255
-48.8833 -47.4815 23.4973  255 255 255
-49.7761 -47.8359 23.5566  255 255 255
2.23575 -66.355 47.4638  255 255 255
-33.1378 -55.198 33.3358  255 255 255
-29.1439 -58.7874 38.1743  255 255 255
-29.1439 -58.7874 38.1743  255 255 255
8.03527 -71.5177 53.7123  255 255 255
4.68163 -70.9143 53.1131  255 255 255
0.189664 -69.7761 51.5453  255 255 255
-42.7786 -55.9382 34.103  255 255 255
-12.4228 -66.5822 48.0191  255 255 255
-41.9349 -57.1872 35.6845  255 255 255
-39.0874 -59.7712 38.3941  255 255 255
-45.7711 -58.433 37.2669  255 255 255
-25.6589 -65.7588 46.3547  255 255 255
-42.9054 -60.5938 39.7299  255 255 255
-30.1195 -65.6176 45.9963  255 255 255
-30.169 -65.5246 46.1196  255 255 255
-31.04 -65.4074 46.1742  255 255 255
-30.981 -65.5173 46.0109  255 255 255
-40.3964 -63.3665 43.1921  255 255 255
41.8619 103.52 -78.8244  255 255 255
55.5521 105.23 -85.7765  255 255 255
58.3612 69.3752 -14.6351  255 255 255
57.6635 102.702 -88.6626  255 255 255
57.6635 102.702 -88.6626  255 255 255
83.6016 105.354 -101.757  255 255 255
83.1797 104.286 -102.827  255 255 255
117.955 107.683 -123.407  255 255 255
49.0246 97.6745 -87.208  255 255 255
62.7159 61.4072 -10.5227  255 255 255
70.447 98.8067 -99.3025  255 255 255
71.8781 98.6696 -100.75  255 255 255
72.2549 97.3213 -101.81  255 255 255
97.2129 98.8857 -116.556  255 255 255
58.2463 43.9661 20.4156  255 255 255
19.4321 88.7439 -75.4844  255 255 255
91.1887 94.5825 -115.844  255 255 255
73.604 92.3188 -105.245  255 255 255
55.9258 44.7359 15.1688  255 255 255
57.4394 90.64 -98.9477  255 255 255
60.5733 56.4161 -17.4013  255 255 255
62.7812 37.4453 28.2384  255 255 255
62.7812 37.4453 28.2385  255 255 255
60.1709 88.2297 -101.435  255 255 255
76.8166 87.3549 -110.334  255 255 255
62.3602 35.0108 26.1172  255 255 255
43.6649 84.4846 -95.1257  255 255 255
57.5202 53.906 -28.4248  255 255 255
22.1672 78.9696 -83.721  255 255 255
-11.3133 75.8037 -65.7219  255 255 255
33.9616 74.6333 -93.5841  255 255 255
34.0943 74.7136 -93.8898  255 255 255
61.6326 29.7036 19.8537  255 255 255
59.2288 45.117 -29.2407  255 255 255
-3.28387 71.5803 -74.6823  255 255 255
39.4563 71.099 -99.2829  255 255 255
39.178 70.0126 -100.066  255 255 255
4.32088 68.9248 -79.6774  255 255 255
62.1258 25.3117 17.7841  255 255 255
31.8621 68.3084 -98.3152  255 255 255
32.6758 67.7423 -98.2082  255 255 255
33.114 68.0887 -99.4421  255 255 255
14.2581 65.28 -81.7828  255 255 255
66.1953 33.9982 -16.8554  255 255 255
-1.22216 64.9171 -79.4203  255 255 255
34.7791 65.5721 -103.082  255 255 255
-3.35621 63.005 -78.6549  255 255 255
41.5687 63.8242 -107.47  255 255 255
41.5687 63.8242 -107.47  255 255 255
50.7872 62.0169 -115.326  255 255 255
-5.73764 60.861 -78.9278  255 255 255
57.9303 23.4601 5.49465  255 255 255
63.4449 16.0708 13.897  255 255 255
53.254 38.7804 -86.9985  255 255 255
-14.768 50.5025 -80.632  255 255 255
55.9544 16.1542 -6.00067  255 255 255
63.4475 19.6482 -35.7858  255 255 255
-2.92145 47.5253 -92.4869  255 255 255
-7.80211 44.6948 -91.1939  255 255 255
62.4519 5.55469 4.61948  255 255 255
66.1264 2.3424 11.5202  255 255 255
17.5584 29.0011 -75.1282  255 255 255
8.24208 28.993 -75.4123  255 255 255
6.12103 26.89 -72.4427  255 255 255
56.429 2.57538 -11.9482  255 255 255
58.4448 1.68118 -9.49795  255 255 255
60.0265 0.139725 -5.60351  255 255 255
59.3567 0.580262 -7.36765  255 255 255
59.3282 0.511979 -7.34301  255 255 255
66.1107 -3.93623 7.08477  255 255 255
4.50997 18.3364 -62.1382  255 255 255
6.60984 2.00357 27.9756  255 255 255
55.8421 -2.03115 -18.5471  255 255 255
68.1203 -9.43137 7.21713  255 255 255
7.29973 0.175805 32.6306  255 255 255
57.4902 -5.57855 -16.5934  255 255 255
57.4718 -5.57952 -16.5569  255 255 255
29.0827 -6.26314 12.7596  255 255 255
67.2874 -14.5811 4.44417  255 255 255
56.9212 -9.50273 -21.0077  255 255 255
0.507912 -3.67237 37.2072  255 255 255
11.3589 -6.66606 34.3908  255 255 255
62.1403 -14.996 -10.5096  255 255 255
62.1396 -14.9971 -10.4926  255 255 255
67.9373 -18.0708 1.76407  255 255 255
-18.1223 0.702287 26.3  255 255 255
67.1941 -18.5612 -1.43705  255 255 255
3.48983 -7.68699 37.9164  255 255 255
10.9196 -9.46232 35.4259  255 255 255
61.4747 -16.5559 -13.65  255 255 255
9.5761 -9.327 36.6797  255 255 255
-2.23415 -8.24923 39.2782  255 255 255
-12.2962 -5.75199 35.9625  255 255 255
-24.8515 -0.397146 12.5923  255 255 255
-29.7468 1.72258 4.49678  255 255 255
-25.456 -0.289362 6.69851  255 255 255
-27.6951 5.3624 -44.7664  255 255 255
-22.6552 -3.71862 23.0608  255 255 255
0.446621 -13.1851 39.8818  255 255 255
-11.662 -10.4283 37.5709  255 255 255
-24.7929 -5.21891 18.939  255 255 255
11.9702 -16.9658 34.3034  255 255 255
-14.5007 -9.88193 35.8622  255 255 255
-22.9607 -7.8373 25.8441  255 255 255
54.0145 -27.7957 -2.86606  255 255 255
-4.84026 -14.9626 39.839  255 255 255
-30.5409 -6.41416 14.835  255 255 255
-21.6743 -11.2327 29.2081  255 255 255
-5.48974 -16.5933 39.4141  255 255 255
51.9319 -30.9672 -1.13598  255 255 255
-15.7296 -13.5482 35.0279  255 255 255
19.0186 -23.9764 36.3269  255 255 255
-24.7311 -11.0371 27.0224  255 255 255
10.5677 -22.1554 38.4878  255 255 255
-24.3436 -11.7461 27.738  255 255 255
-5.99351 -18.8666 38.977  255 255 255
-18.1649 -16.1082 33.1704  255 255 255
-15.3312 -17.3704 34.862  255 255 255
-21.7684 -15.9352 32.8288  255 255 255
15.2899 -27.7918 39.0632  255 255 255
-11.5496 -22.4954 39.6678  255 255 255
-3.67966 -24.9753 40.708  255 255 255
0.522687 -27.7876 42.0226  255 255 255
-33.5679 -18.3282 21.2771  255 255 255
-31.1437 -19.3748 26.8183  255 255 255
-29.0383 -20.6786 33.2219  255 255 255
-13.0692 -26.3373 40.579  255 255 255
-16.2734 -26.2284 40.2455  255 255 255
12.4093 -36.6993 34.0213  255 255 255
-22.6859 -25.2578 36.8759  255 255 255
-28.1636 -24.8052 30.5678  255 255 255
12.0763 -39.411 32.5952  255 255 255
12.3808 -39.4996 32.0116  255 255 255
-19.7428 -32.1431 35.0371  255 255 255
-8.29661 -35.8936 40.0021  255 255 255
-22.7174 -31.6939 31.8342  255 255 255
-26.8868 -30.8663 27.5668  255 255 255
-30.2482 -30.611 20.9832  255 255 255
-0.261113 -40.1905 36.1455  255 255 255
-0.261111 -40.1905 36.1455  255 255 255
-2.77873 -39.5439 35.6423  255 255 255
-3.32441 -40.01 35.9237  255 255 255
-3.32441 -40.01 35.9237  255 255 255
4.96994 -43.3012 34.6001  255 255 255
-24.3198 -34.3971 29.3574  255 255 255
-15.8679 -38.7057 32.5345  255 255 255
-53.2895 -29.5199 0.406187  255 255 255
-53.2979 -29.4919 0.576927  255 255 255
-51.1613 -37.4352 10.5544  255 255 255
-10.47 -50.5096 33.6164  255 255 255
-8.77424 -51.7225 34.076  255 255 255
5.6693 -60.3945 39.5298  255 255 255
-44.3058 -47.0422 22.6416  255 255 255
-41.1366 -51.776 28.9485  255 255 255
-2.13848 -64.4101 44.6869  255 255 255
-1.21206 -68.5654 49.9874  255 255 255
-36.9305 -57.7428 36.3522  255 255 255
-36.4816 -58.177 36.9371  255 255 255
-31.9571 -66.4067 47.8217  255 255 255
-40.1051 -64.2591 44.4825  255 255 255
64.2508 69.0912 -6.32885  255 255 255
101.422 111.73 -109.498  255 255 255
31.3412 102.103 -73.3192  255 255 255
31.3412 102.103 -73.3193  255 255 255
78.6551 106.72 -97.8181  255 255 255
56.8162 71.1916 -17.0273  255 255 255
54.591 103.233 -87.2468  255 255 255
1.05191 94.8651 -59.3215  255 255 255
58.6091 67.1658 -15.7385  255 255 255
61.4413 49.4811 21.1832  255 255 255
-6.73906 89.8173 -57.447  255 255 255
69.9774 97.1949 -102.159  255 255 255
69.1871 96.6229 -100.549  255 255 255
-4.64235 83.3939 -64.3013  255 255 255
18.1717 84.4319 -76.5166  255 255 255
75.6901 88.6332 -109.694  255 255 255
59.4705 38.0835 19.6982  255 255 255
44.0218 82.5138 -95.4233  255 255 255
58.9916 78.9829 -103.84  255 255 255
59.2062 79.0745 -104.22  255 255 255
34.3869 77.7639 -92.5069  255 255 255
44.4622 77.7854 -98.3835  255 255 255
52.3257 75.9847 -101.451  255 255 255
61.2374 29.3328 18.8001  255 255 255
3.3737 71.9921 -76.6085  255 255 255
3.41413 72.0387 -76.7602  255 255 255
10.6793 67.0562 -83.6224  255 255 255
60.6482 25.1507 14.0245  255 255 255
60.6482 25.1507 14.0245  255 255 255
-16.2723 65.1345 -69.6903  255 255 255
55.6039 28.4547 1.98598  255 255 255
62.7349 33.8349 -26.572  255 255 255
57.3849 37.4142 -36.4059  255 255 255
75.4485 54.8756 -105.413  255 255 255
76.1425 54.4928 -108.186  255 255 255
59.2038 22.264 8.56974  255 255 255
-10.8105 59.5546 -77.3275  255 255 255
-15.7934 59.3233 -74.3966  255 255 255
64.7415 28.2681 -24.7722  255 255 255
56.7121 31.6483 -46.1999  255 255 255
59.459 27.1656 -40.7748  255 255 255
58.7629 27.234 -42.6264  255 255 255
57.214 16.785 -2.40089  255 255 255
61.5064 21.8406 -38.6595  255 255 255
62.6625 17.377 -37.3072  255 255 255
63.3617 15.888 -38.4213  255 255 255
60.5115 8.11918 -4.10594  255 255 255
59.2494 18.176 -47.671  255 255 255
62.8747 15.0205 -39.0229  255 255 255
59.8189 16.9163 -46.1988  255 255 255
59.5687 16.7155 -47.4494  255 255 255
-24.1644 42.1235 -82.1299  255 255 255
33.9929 27.2191 -73.1179  255 255 255
60.0443 5.56172 -1.87504  255 255 255
-12.9463 40.7824 -89.1437  255 255 255
19.3961 25.9558 -73.0126  255 255 255
67.6727 -2.3197 10.9035  255 255 255
13.3447 24.9396 -70.0203  255 255 255
9.04618 21.5427 -65.2347  255 255 255
58.506 -1.55352 -11.6722  255 255 255
68.1971 -8.75806 8.86656  255 255 255
62.9203 -8.83717 -4.44218  255 255 255
66.603 -13.3151 0.782234  255 255 255
-11.9268 -0.565842 32.7498  255 255 255
67.4697 -17.4501 0.809644  255 255 255
-3.6086 -4.26562 37.4601  255 255 255
66.377 -18.2311 -2.72592  255 255 255
-20.3906 0.842361 22.4843  255 255 255
61.8931 -17.1682 -12.5851  255 255 255
-23.1353 8.89598 -48.9494  255 255 255
67.5044 -21.395 -0.474343  255 255 255
-2.75918 -8.63979 39.362  255 255 255
68.7403 -23.6305 -0.743014  255 255 255
-30.0678 6.51291 -46.0604  255 255 255
-3.17941 -11.7452 39.8591  255 255 255
-25.3657 0.678521 -38.8329  255 255 255
-16.8339 -10.8215 34.6127  255 255 255
-23.78 -9.98894 25.2007  255 255 255
-13.3886 -13.8046 36.8024  255 255 255
0.0679169 -18.0219 39.3357  255 255 255
-18.2769 -12.7817 33.2081  255 255 255
-5.52725 -17.3678 38.9552  255 255 255
-9.42213 -16.3842 38.5002  255 255 255
-22.4033 -14.0515 30.7443  255 255 255
-21.334 -14.6101 31.0986  255 255 255
-11.565 -17.8862 37.3454  255 255 255
-20.5335 -15.8051 32.7479  255 255 255
-5.34264 -22.1853 40.9813  255 255 255
-10.8243 -20.7418 38.7606  255 255 255
-17.4807 -18.7574 36.5405  255 255 255
-22.8875 -21.3506 33.6995  255 255 255
-23.5406 -21.5685 34.3872  255 255 255
-23.5406 -21.5685 34.3872  255 255 255
10.9264 -39.0668 33.4717  255 255 255
13.1859 -40.2104 31.254  255 255 255
9.21572 -39.0209 34.2046  255 255 255
-13.9496 -31.5334 38.7642  255 255 255
-8.13446 -37.0351 37.809  255 255 255
-23.1628 -34.9068 30.1078  255 255 255
1.89714 -43.6771 33.212  255 255 255
5.33746 -46.7353 36.4396  255 255 255
-49.6622 -30.8078 1.99383  255 255 255
-8.47734 -43.0944 34.9786  255 255 255
-55.9328 -32.4747 3.86453  255 255 255
-20.657 -43.2724 29.4783  255 255 255
-51.3453 -35.5239 6.62303  255 255 255
-56.4464 -35.362 7.65827  255 255 255
-49.2354 -40.8224 15.0111  255 255 255
-42.7904 -46.2111 21.6543  255 255 255
-50.8458 -44.5441 19.4215  255 255 255
-46.1031 -46.5618 21.7887  255 255 255
-49.8654 -47.9684 23.7417  255 255 255
-32.6783 -53.992 31.7961  255 255 255
-44.219 -51.6875 28.7204  255 255 255
-35.9088 -54.8658 32.8073  255 255 255
5.46173 -70.5358 52.8205  255 255 255
-40.6972 -58.8027 38.1247  255 255 255
-43.1067 -61.1797 40.6611  255 255 255
-31.5428 -64.996 45.974  255 255 255
-32.0979 -65.4595 45.6916  255 255 255
-41.4359 -63.0037 42.9257  255 255 255
-32.2952 -65.9846 47.082  255 255 255
-40.765 -63.7894 43.8554  255 255 255
57.7442 71.3629 -15.2255  255 255 255
82.2061 103.821 -107.143  255 255 255
57.3745 50.3162 19.0558  255 255 255
-1.2628 92.5862 -59.7263  255 255 255
75.5206 97.9366 -103.322  255 255 255
65.2722 42.329 28.8178  255 255 255
62.9271 39.0688 31.8498  255 255 255
61.3682 58.6227 -14.7778  255 255 255
87.8888 95.2461 -113.369  255 255 255
83.7705 87.0614 -116.302  255 255 255
-17.4945 79.3234 -59.1781  255 255 255
92.0436 85.829 -121.76  255 255 255
92.158 85.8705 -121.97  255 255 255
54.0827 76.5448 -102.854  255 255 255
60.0984 28.5395 14.5276  255 255 255
-5.92208 69.52 -74.1335  255 255 255
29.0903 68.0156 -92.8964  255 255 255
29.6181 68.3561 -94.4926  255 255 255
59.204 25.5019 10.4405  255 255 255
-4.72598 63.1853 -79.6243  255 255 255
65.0622 29.3614 -22.9785  255 255 255
64.9984 29.3692 -22.9121  255 255 255
-12.1188 54.269 -81.11  255 255 255
60.3647 26.723 -38.3379  255 255 255
59.7189 11.74 1.79798  255 255 255
61.5017 19.2215 -39.8129  255 255 255
66.2837 1.03532 10.7267  255 255 255
62.421 12.5381 -42.9057  255 255 255
7.30555 29.7105 -75.9616  255 255 255
16.4981 20.4834 -63.685  255 255 255
59.3124 -4.8659 -11.5095  255 255 255
60.3904 -6.73148 -10.0902  255 255 255
5.7967 -1.6323 34.2767  255 255 255
5.41702 -1.78376 33.4881  255 255 255
62.044 -11.3896 -9.19932  255 255 255
2.93463 -4.65468 37.3328  255 255 255
65.7487 -14.9369 -2.34227  255 255 255
-7.61894 -2.38881 35.7706  255 255 255
69.1434 -19.9725 1.04136  255 255 255
1.13295 -8.07387 38.8039  255 255 255
-22.9426 6.70479 -45.9453  255 255 255
5.97733 -12.9204 37.874  255 255 255
-12.7663 -7.73881 36.1108  255 255 255
3.31261 -13.2992 39.3173  255 255 255
0.812507 -14.7578 39.3898  255 255 255
-25.683 -6.43156 20.492  255 255 255
-25.8463 -10.2956 25.327  255 255 255
-28.5771 -9.28134 18.9736  255 255 255
-28.5771 -9.28134 18.9736  255 255 255
0.399531 -19.0119 39.1483  255 255 255
0.399532 -19.0119 39.1483  255 255 255
-22.7269 -12.1571 28.144  255 255 255
-20.9979 -13.3926 30.4462  255 255 255
-21.9514 -13.0702 29.523  255 255 255
-16.6676 -15.3399 34.4734  255 255 255
-1.89078 -20.1603 38.6727  255 255 255
-22.4983 -16.6179 33.5137  255 255 255
-16.3602 -18.5267 36.1549  255 255 255
-4.26902 -23.6219 41.3584  255 255 255
13.2952 -29.92 38.6476  255 255 255
-20.7091 -20.9836 34.4352  255 255 255
5.93206 -30.1192 43.5581  255 255 255
-31.3669 -18.6665 26.9145  255 255 255
-18.8247 -22.841 35.995  255 255 255
-10.5558 -26.2007 38.7339  255 255 255
4.52489 -32.4128 41.597  255 255 255
-28.0951 -22.9206 32.4259  255 255 255
4.39538 -37.591 36.3232  255 255 255
12.3326 -41.4844 30.5222  255 255 255
-51.9169 -26.748 -3.7856  255 255 255
-51.9145 -26.8151 -3.81724  255 255 255
-15.2424 -39.5639 31.7483  255 255 255
-54.9697 -29.0942 -0.123496  255 255 255
-17.3819 -42.8087 29.5009  255 255 255
-42.532 -46.9214 22.2509  255 255 255
-47.692 -46.187 20.6714  255 255 255
11.7006 -67.0382 48.2913  255 255 255
-12.9365 -62.6471 42.4237  255 255 255
8.03922 -70.6787 53.0564  255 255 255
-11.7008 -65.8657 46.9027  255 255 255
-9.02925 -70.144 53.3364  255 255 255
-35.069 -64.2906 44.3751  255 255 255
60.9167 60.652 -12.0709  255 255 255
90.0426 94.582 -114.806  255 255 255
-22.9183 62.9797 -66.4585  255 255 255
60.0818 31.4936 -35.1509  255 255 255
-8.48359 53.9535 -83.4893  255 255 255
20.6072 27.0524 -73.3983  255 255 255
-5.06749 -9.30221 38.9823  255 255 255
-23.0916 -2.81011 19.9438  255 255 255
-22.8665 -6.81898 26.0557  255 255 255
-17.7163 -9.23108 33.2437  255 255 255
-15.9962 -12.2488 35.1955  255 255 255
-14.6668 -17.5589 36.0432  255 255 255
4.74064 -27.9008 42.6372  255 255 255
0.410154 -27.0869 44.0174  255 255 255
-18.2967 -23.2219 36.3293  255 255 255
-23.4513 -22.1261 34.5714  255 255 255
4.43094 -33.4184 39.5529  255 255 255
-12.1874 -35.009 37.3423  255 255 255
-30.7188 -32.0319 20.2857  255 255 255
-26.878 -34.8842 24.7507  255 255 255
-47.8978 -41.9519 16.0601  255 255 255
-53.114 -41.6764 15.6069  255 255 255
-30.7708 -55.1933 32.9231  255 255 255
-43.1951 -52.6502 30.2985  255 255 255
-16.0799 59.3513 -75.375  255 255 255
-18.4083 54.9848 -73.9246  255 255 255
56.2147 19.997 -4.4849  255 255 255
60.6036 9.59681 1.02727  255 255 255
59.6644 8.38188 0.456498  255 255 255
-3.49975 8.1804 22.0762  255 255 255
-24.4292 3.60263 2.02008  255 255 255
-26.2024 2.51847 3.06988  255 255 255
-25.3385 1.78064 4.02977  255 255 255
-6.1985 -8.07448 38.9023  255 255 255
-13.0571 -13.9788 38.8388  255 255 255
-0.298747 -23.3217 41.3929  255 255 255
-5.45073 -23.285 41.5293  255 255 255
-9.64461 -22.4594 40.3187  255 255 255
-17.9317 -22.5194 36.8291  255 255 255
0.985197 -28.9686 43.3278  255 255 255
-16.7784 -24.2496 37.19  255 255 255
16.5948 -38.9921 31.3547  255 255 255
14.1431 -38.8529 31.1137  255 255 255
14.1431 -38.8528 31.1137  255 255 255
-0.430604 -38.7636 37.0954  255 255 255
3.8038 -41.7768 34.805  255 255 255
4.18342 -41.9896 33.9802  255 255 255
-30.4005 -33.1039 20.5272  255 255 255
3.89368 -44.1138 33.6914  255 255 255
-28.0377 -34.3664 24.1876  255 255 255
-52.5473 -39.6028 13.2639  255 255 255
-53.8401 -40.3306 14.2946  255 255 255
-38.4548 -47.5457 25.0577  255 255 255
-44.543 -46.2065 21.8806  255 255 255
9.10137 -66.9504 47.4195  255 255 255
10.4423 -68.7233 50.3317  255 255 255
56.3349 68.1523 -19.2345  255 255 255
82.86 99.2764 -107.148  255 255 255
28.8155 88.0189 -82.6812  255 255 255
66.4616 46.9971 -15.2903  255 255 255
35.3297 72.5577 -93.8634  255 255 255
62.0015 14.0821 9.67761  255 255 255
59.1448 11.3454 -0.497267  255 255 255
18.9663 28.87 -74.6317  255 255 255
-21.8408 3.35054 5.53751  255 255 255
-7.30249 -12.741 39.4469  255 255 255
-0.574736 -22.2533 40.7975  255 255 255
-50.6935 -29.6581 0.955546  255 255 255
-31.5645 -36.2763 23.8083  255 255 255
-37.0184 -51.8779 28.3144  255 255 255
-47.6893 -49.193 25.3829  255 255 255
33.0953 100.937 -76.1866  255 255 255
15.3698 26.8041 -71.9908  255 255 255
-10.0084 -7.75313 37.83  255 255 255
3.92136 -30.4431 43.589  255 255 255
1.96367 -40.9154 35.2705  255 255 255
-24.6546 -32.7734 28.6772  255 255 255
-50.643 -40.9996 14.5219  255 255 255
-50.643 -40.9996 14.5219  255 255 255
-51.1124 -42.4532 17.2875  255 255 255
77.2387 99.733 -102.101  255 255 255
18.3849 93.503 -72.3665  255 255 255
60.0894 58.4523 -16.6578  255 255 255
64.8178 49.7533 -19.3297  255 255 255
-24.8018 1.6344 7.91117  255 255 255
-12.4538 -10.5553 36.5817  255 255 255
15.6729 -18.8676 38.957  255 255 255
-2.04205 -30.5828 43.6913  255 255 255
-18.9841 -26.0306 40.5209  255 255 255
-37.8984 -53.4955 30.4245  255 255 255
49.4159 71.2642 -107.267  255 255 255
49.4152 71.2638 -107.265  255 255 255
-2.7566 61.6164 -83.2743  255 255 255
-15.3298 -8.57518 34.5284  255 255 255
3.79466 -23.2006 48.9611  255 255 255
-7.19969 -28.6517 43.2741  255 255 255
-14.0681 -23.5599 36.8004  255 255 255
-14.0681 -23.5599 36.8004  255 255 255
-3.94187 66.1108 -78.6517  255 255 255
-40.0996 63.1705 -56.6456  255 255 255
-15.3509 64.3805 -73.308  255 255 255
-65.0853 61.5076 -43.5986  255 255 255
-39.083 62.0226 -58.2463  255 255 255
-28.328 62.7329 -65.6625  255 255 255
-28.328 62.733 -65.6627  255 255 255
-24.8114 62.1789 -67.8888  255 255 255
58.6185 39.2709 -32.6805  255 255 255
-29.1099 58.7847 -67.8768  255 255 255
56.0784 28.4769 4.80885  255 255 255
64.0899 33.964 -20.4894  255 255 255
-36.259 56.6275 -64.4551  255 255 255
-53.473 53.9702 -53.8  255 255 255
62.9027 21.4276 17.9096  255 255 255
-49.0903 53.4212 -57.7668  255 255 255
-36.924 53.6771 -65.8654  255 255 255
-25.5384 53.1385 -70.8962  255 255 255
59.2852 23.0976 9.07212  255 255 255
-2.16667 54.1509 -87.7313  255 255 255
57.53 34.6704 -38.9573  255 255 255
-53.0419 52.8321 -56.4017  255 255 255
11.4921 52.7854 -98.2427  255 255 255
12.0345 52.2263 -98.7986  255 255 255
64.3 28.0139 -26.0478  255 255 255
-44.007 50.0166 -64.4836  255 255 255
-25.2879 49.3688 -76.565  255 255 255
-52.3491 47.6414 -59.127  255 255 255
-52.349 47.6414 -59.1266  255 255 255
-24.9056 47.935 -78.0648  255 255 255
-68.7167 47.8918 -49.8911  255 255 255
-44.5941 47.4861 -64.4502  255 255 255
-26.0841 47.6392 -77.5914  255 255 255
-60.9287 47.187 -53.868  255 255 255
-48.9084 47.0179 -61.5264  255 255 255
-55.516 47.0187 -57.091  255 255 255
-66.9837 47.3315 -51.9266  255 255 255
-68.0736 47.128 -50.9071  255 255 255
-58.8117 47.0293 -56.5486  255 255 255
-56.1618 46.5427 -57.611  255 255 255
-85.0642 47.304 -41.3112  255 255 255
-54.347 45.6543 -59.4958  255 255 255
14.4319 43.1778 -93.4868  255 255 255
13.4681 42.675 -91.7313  255 255 255
63.1401 23.7462 -32.0995  255 255 255
-62.6269 44.7945 -54.9228  255 255 255
-54.5877 43.9536 -58.4051  255 255 255
-46.7995 44.5782 -67.7986  255 255 255
-57.3764 44.5161 -59.5653  255 255 255
60.5941 23.8882 -38.1489  255 255 255
60.5942 23.8882 -38.149  255 255 255
-51.8279 43.6014 -62.9399  255 255 255
-52.782 43.8558 -63.7078  255 255 255
-70.2391 44.147 -52.4794  255 255 255
20.9287 37.9375 -86.3434  255 255 255
-58.9214 43.7418 -59.5322  255 255 255
-66.699 43.8269 -54.3045  255 255 255
-25.2228 42.6577 -80.979  255 255 255
-80.3213 44.0194 -47.0445  255 255 255
1.38629 40.2425 -88.7495  255 255 255
-53.5226 42.2622 -62.3598  255 255 255
58.9126 28.4022 -72.9384  255 255 255
-6.06246 39.3927 -86.9641  255 255 255
59.9197 21.9583 -40.5919  255 255 255
63.7052 19.9182 -33.3085  255 255 255
-74.3372 42.3436 -51.1293  255 255 255
-57.7 41.7322 -61.5336  255 255 255
-25.3535 40.7417 -82.9015  255 255 255
-78.1372 41.7746 -49.5584  255 255 255
-78.1372 41.7746 -49.5584  255 255 255
-43.7031 39.8083 -69.5049  255 255 255
-76.3548 40.8128 -49.0214  255 255 255
1.18214 34.8843 -80.1067  255 255 255
-4.81521 36.3557 -83.7765  255 255 255
-49.1577 27.9255 -17.5156  255 255 255
-57.0769 40.1123 -63.9609  255 255 255
7.36616 33.8429 -82.5366  255 255 255
-36.4282 38.6104 -75.8142  255 255 255
-2.21248 34.5462 -82.1814  255 255 255
-41.9355 38.8578 -74.0248  255 255 255
5.49474 32.3011 -78.2769  255 255 255
57.3835 12.398 -3.88523  255 255 255
2.62942 32.9168 -80.6878  255 255 255
2.66865 32.9461 -80.7346  255 255 255
1.09048 32.155 -78.2559  255 255 255
0.155139 32.0412 -78.0008  255 255 255
61.9992 16.611 -36.3446  255 255 255
60.4739 10.1469 2.84144  255 255 255
60.4739 10.1469 2.84143  255 255 255
-12.6487 34.1912 -81.3639  255 255 255
-13.4419 33.744 -80.6465  255 255 255
-76.5068 37.2123 -48.5579  255 255 255
-25.2761 34.7596 -81.2354  255 255 255
-72.9138 37.1818 -54.248  255 255 255
-72.9138 37.1817 -54.248  255 255 255
-71.1423 37.1867 -56.1299  255 255 255
-55.7668 36.3324 -65.8259  255 255 255
-17.1023 32.7278 -79.7578  255 255 255
-4.32546 30.3991 -76.9749  255 255 255
-17.1634 32.1507 -78.9936  255 255 255
-27.4068 33.8561 -80.4232  255 255 255
-27.408 33.8497 -80.3705  255 255 255
-9.83323 30.3036 -75.0719  255 255 255
-69.2697 36.2518 -57.2889  255 255 255
-49.3036 35.0905 -73.8054  255 255 255
-49.5987 34.8499 -72.2963  255 255 255
-27.3457 32.0423 -78.4421  255 255 255
-70.7841 35.2303 -58.7672  255 255 255
30.0812 20.6759 -63.9441  255 255 255
-58.9111 33.8146 -66.041  255 255 255
70.2186 2.10063 23.184  255 255 255
70.3508 2.21805 20.1777  255 255 255
-43.7975 32.4314 -77.9384  255 255 255
-56.8428 33.1376 -70.0016  255 255 255
-25.9582 29.0482 -74.6676  255 255 255
-21.1076 28.1256 -74.251  255 255 255
-81.5113 35.1586 -59.7376  255 255 255
4.06203 22.686 -67.3946  255 255 255
-48.7512 31.8414 -74.7614  255 255 255
-28.2628 28.6567 -74.7174  255 255 255
-71.2865 33.0722 -58.7932  255 255 255
-58.4149 32.2768 -69.295  255 255 255
-55.5256 31.9282 -70.2933  255 255 255
-68.773 32.742 -61.3787  255 255 255
-49.6173 31.4645 -75.2975  255 255 255
-56.6878 31.4383 -68.0343  255 255 255
-56.6878 31.4383 -68.0343  255 255 255
-17.124 25.4228 -70.2226  255 255 255
-79.6514 33.514 -58.5005  255 255 255
-66.8227 31.7369 -61.8275  255 255 255
-86.0971 33.2484 -51.0396  255 255 255
39.5258 14.7834 -57.0831  255 255 255
62.6672 9.64216 -43.0688  255 255 255
67.2808 1.64434 12.563  255 255 255
-36.7598 28.1115 -73.2099  255 255 255
-36.7598 28.1115 -73.2099  255 255 255
67.2663 1.20062 15.3911  255 255 255
-40.7528 28.8291 -74.7127  255 255 255
-14.0336 23.6156 -67.1259  255 255 255
-55.9851 30.6265 -72.1533  255 255 255
4.62072 19.7485 -62.2626  255 255 255
-32.5248 26.7594 -72.7476  255 255 255
-66.8859 30.8161 -62.9876  255 255 255
-67.0006 30.9476 -63.7423  255 255 255
-34.2706 26.8991 -72.6807  255 255 255
-15.1563 23.1148 -66.7947  255 255 255
-64.9485 30.9183 -66.8654  255 255 255
-91.3984 32.5975 -48.0038  255 255 255
-64.4186 30.7114 -67.4439  255 255 255
-64.0111 30.3057 -64.3006  255 255 255
66.6216 1.13502 11.2572  255 255 255
-70.58 30.763 -61.0138  255 255 255
-62.1965 30.2157 -68.508  255 255 255
-61.8827 29.8667 -65.8529  255 255 255
-81.4317 31.992 -60.0337  255 255 255
-66.9281 30.3432 -65.8397  255 255 255
-59.0744 29.3235 -67.7454  255 255 255
-41.3751 27.0735 -72.4881  255 255 255
-30.957 24.9725 -69.4073  255 255 255
68.7897 -0.753447 19.4382  255 255 255
-62.4899 29.9081 -68.9765  255 255 255
-61.8108 29.739 -69.439  255 255 255
-64.7444 29.7842 -67.5997  255 255 255
65.9279 0.306074 10.584  255 255 255
-65.9732 29.6675 -67.2426  255 255 255
-60.4518 29.2408 -70.5406  255 255 255
-56.3298 28.5318 -70.5896  255 255 255
1.86764 18.0187 -60.7238  255 255 255
-84.527 30.6893 -53.6775  255 255 255
-85.2737 30.6834 -53.4107  255 255 255
-59.6057 28.7718 -71.4866  255 255 255
-88.8304 30.6955 -49.2311  255 255 255
-79.8059 30.5382 -59.7971  255 255 255
-62.3231 28.8262 -70.094  255 255 255
-65.9885 28.9974 -67.1879  255 255 255
-65.9885 28.9974 -67.188  255 255 255
67.4013 -1.13453 13.7197  255 255 255
-67.0967 28.396 -64.1453  255 255 255
-40.5802 24.3836 -68.6011  255 255 255
-19.234 20.2634 -63.1564  255 255 255
-24.8597 20.8314 -62.9755  255 255 255
54.6316 6.74428 -46.0678  255 255 255
70.2656 -3.04939 20.3409  255 255 255
-60.5052 26.6219 -68.0938  255 255 255
-9.78457 7.18929 23.3248  255 255 255
-86.9721 28.8762 -53.7762  255 255 255
-81.485 28.9433 -62.0256  255 255 255
-67.7171 27.1378 -67.5394  255 255 255
-60.4439 26.2738 -72.7012  255 255 255
69.5353 -3.23016 15.2368  255 255 255
-70.3346 26.5521 -64.0282  255 255 255
-6.22955 15.2785 -55.9951  255 255 255
-89.8731 28.1615 -51.2567  255 255 255
-86.9822 28.0043 -54.6302  255 255 255
-60.595 25.3435 -69.7334  255 255 255
-25.0269 18.0227 -59.2625  255 255 255
-99.4092 29.8811 -57.7146  255 255 255
-89.2289 27.7394 -53.1951  255 255 255
-85.5649 27.0588 -54.2831  255 255 255
-68.154 25.6794 -68.4964  255 255 255
-89.1507 27.2 -53.4225  255 255 255
-69.5514 25.015 -65.6848  255 255 255
-36.4412 18.5332 -60.0467  255 255 255
-36.4412 18.5332 -60.047  255 255 255
-13.4706 5.85428 23.3101  255 255 255
-22.599 15.8776 -56.7714  255 255 255
-70.9894 24.7297 -66.5711  255 255 255
-73.0164 24.9134 -65.9373  255 255 255
64.4002 -3.46454 3.1533  255 255 255
-22.8039 15.413 -56.245  255 255 255
65.0719 -4.15357 4.7743  255 255 255
50.5811 1.95451 -40.4135  255 255 255
8.27318 0.766152 31.7988  255 255 255
65.9967 -5.3359 6.04933  255 255 255
9.51836 -0.0242425 32.2105  255 255 255
10.7914 -0.5382 31.5769  255 255 255
68.0155 -6.88757 10.0504  255 255 255
61.9158 -5.03474 -4.22531  255 255 255
-42.9653 15.174 -56.7939  255 255 255
49.9279 -1.15959 -36.5196  255 255 255
13.3984 -1.99139 30.2156  255 255 255
50.5802 -2.36314 -34.6772  255 255 255
4.20812 -1.33632 35.2032  255 255 255
74.1897 -10.6108 24.6673  255 255 255
49.0451 -2.85628 -33.3278  255 255 255
70.8271 -9.84271 17.4292  255 255 255
57.4824 -5.66507 -16.4399  255 255 255
-14.7704 1.71905 28.168  255 255 255
-19.1772 2.58147 21.8198  255 255 255
-62.8072 15.8032 -57.5441  255 255 255
-65.1182 16.0671 -58.3144  255 255 255
-65.1182 16.0671 -58.3144  255 255 255
-20.1295 3.44104 7.23934  255 255 255
-20.4706 3.1434 7.72242  255 255 255
-71.9035 16.4977 -57.2784  255 255 255
75.1992 -12.6026 25.7764  255 255 255
59.962 -8.80878 -12.1926  255 255 255
-65.7445 14.0421 -55.6648  255 255 255
-47.0002 9.77693 -50.3801  255 255 255
27.2996 -6.39261 14.3837  255 255 255
-53.7633 10.8021 -50.7947  255 255 255
-82.1264 16.0615 -58.679  255 255 255
60.0522 -10.1115 -12.3972  255 255 255
69.4643 -12.651 9.09882  255 255 255
-45.5788 8.57546 -50.1335  255 255 255
-44.6792 8.18931 -48.0336  255 255 255
-18.2658 -0.868754 27.4599  255 255 255
-12.8097 -2.08749 33.0858  255 255 255
-27.7999 1.95795 3.65266  255 255 255
72.221 -14.2467 13.1366  255 255 255
14.7174 -6.55506 31.8485  255 255 255
-80.6918 13.6968 -55.8852  255 255 255
-23.7723 0.297395 11.4151  255 255 255
-23.7723 0.297395 11.4151  255 255 255
27.9502 -8.36077 16.4477  255 255 255
1.12798 -5.33929 37.6329  255 255 255
-40.165 5.41281 -44.1317  255 255 255
-21.6821 -1.00532 22.2877  255 255 255
3.54488 -5.94465 37.5967  255 255 255
3.54488 -5.94465 37.5967  255 255 255
69.6351 -14.8032 9.09509  255 255 255
-42.356 5.60255 -43.6598  255 255 255
56.435 -11.8491 -22.9871  255 255 255
70.3736 -15.3356 8.1335  255 255 255
57.4365 -12.3012 -22.9551  255 255 255
57.3772 -12.3104 -22.7929  255 255 255
62.4166 -13.8097 -9.18522  255 255 255
-21.77 -2.06286 23.7293  255 255 255
-40.1287 3.76615 -42.4741  255 255 255
56.2278 -12.9298 -21.3254  255 255 255
71.4888 -16.6786 9.53216  255 255 255
56.2488 -13.3314 -21.8087  255 255 255
8.86439 -8.00718 36.5062  255 255 255
29.0221 -10.604 19.2191  255 255 255
68.6384 -16.2761 2.91596  255 255 255
-28.2195 -1.14194 7.5951  255 255 255
10.0726 -8.6327 35.73  255 255 255
-34.5364 1.38666 -37.7722  255 255 255
-81.7005 9.9689 -50.622  255 255 255
-55.3603 4.85146 -43.7192  255 255 255
-66.8839 6.73329 -46.3704  255 255 255
72.7076 -18.4013 14.6511  255 255 255
-57.5445 3.698 -24.5555  255 255 255
26.9023 -11.922 20.9703  255 255 255
-42.6206 1.41852 -38.8751  255 255 255
21.0017 -11.4584 26.0088  255 255 255
-70.5953 6.03242 -45.4319  255 255 255
-7.87886 -7.38408 37.9984  255 255 255
4.1981 -9.45572 38.5015  255 255 255
-4.46546 -8.38734 38.7996  255 255 255
-52.4316 1.38339 -39.4435  255 255 255
-27.5422 -4.33525 16.7478  255 255 255
-14.3255 -6.95921 34.8637  255 255 255
-21.0734 -6.0216 27.5594  255 255 255
27.3714 -14.2501 24.3157  255 255 255
-48.5867 -0.569941 -37.2617  255 255 255
-50.0843 -0.486582 -36.9283  255 255 255
-3.00171 -9.81344 39.1925  255 255 255
19.5618 -13.4699 28.735  255 255 255
-52.308 -0.332661 -37.0445  255 255 255
11.0609 -12.4773 36.1497  255 255 255
74.5986 -22.9323 9.3424  255 255 255
-53.9417 -0.939062 -36.5778  255 255 255
61.0274 -20.8992 -11.6843  255 255 255
-57.844 -0.770612 -25.9966  255 255 255
-13.3279 -9.11643 36.2451  255 255 255
62.0586 -21.6501 -10.8579  255 255 255
-31.9909 -6.17547 14.4993  255 255 255
-22.7259 -7.99586 26.2953  255 255 255
-55.676 -2.28379 -34.2875  255 255 255
-31.999 -6.90727 15.1692  255 255 255
3.5545 -13.3558 39.0165  255 255 255
-37.3837 -6.78716 -29.5764  255 255 255
-44.768 -5.47907 -28.2001  255 255 255
-41.4251 -6.18881 -29.4697  255 255 255
60.4779 -24.1298 -8.38622  255 255 255
25.6647 -18.2154 28.8804  255 255 255
78.976 -27.3345 24.628  255 255 255
-54.1259 -5.26061 -30.5198  255 255 255
62.7464 -25.4599 -5.83398  255 255 255
74.1813 -27.3067 12.2914  255 255 255
-63.7761 -4.12366 -32.8569  255 255 255
78.8858 -28.2739 23.9277  255 255 255
79.4486 -28.6716 24.6115  255 255 255
74.5691 -28.3777 6.56053  255 255 255
-45.4688 -8.06901 -26.4907  255 255 255
63.0178 -26.8917 -5.2276  255 255 255
3.33769 -15.7824 38.7818  255 255 255
-46.1739 -8.6445 -26.7752  255 255 255
-12.1576 -13.1844 36.8072  255 255 255
-1.02178 -15.1338 39.533  255 255 255
15.7231 -18.3093 34.7762  255 255 255
-47.8964 -8.53641 -26.7703  255 255 255
-18.8349 -12.6502 32.6533  255 255 255
-48.1731 -9.29402 -25.468  255 255 255
-41.7907 -10.5444 -23.9986  255 255 255
-54.7163 -8.47619 -26.4264  255 255 255
79.2086 -30.931 22.4039  255 255 255
-53.5244 -8.78423 -25.8959  255 255 255
-55.9893 -8.42375 -26.6502  255 255 255
79.9081 -31.1173 23.7097  255 255 255
-56.2683 -8.76583 -26.3366  255 255 255
24.3287 -21.2565 33.1728  255 255 255
56.2935 -28.3252 -2.38932  255 255 255
-42.6727 -11.7364 -22.5296  255 255 255
-25.8573 -13.1698 28.2465  255 255 255
12.9297 -20.013 36.6045  255 255 255
-54.6723 -10.5699 -24.2645  255 255 255
-26.6307 -13.5309 26.51  255 255 255
78.6268 -32.9972 19.4106  255 255 255
-23.6237 -14.0338 30.4093  255 255 255
15.6427 -21.0549 35.1264  255 255 255
-5.36325 -17.2439 38.3888  255 255 255
-62.8603 -10.1949 -24.7482  255 255 255
-62.8018 -10.1618 -24.3387  255 255 255
-50.7039 -12.6105 -21.8318  255 255 255
-50.3597 -12.8594 -21.4408  255 255 255
-46.1599 -13.69 -20.2651  255 255 255
17.2816 -22.8359 35.3361  255 255 255
-24.172 -15.4577 31.4589  255 255 255
-31.2045 -14.5958 25.002  255 255 255
-31.2045 -14.5958 25.002  255 255 255
-24.7823 -15.4967 30.1319  255 255 255
20.6295 -23.7708 36.2928  255 255 255
16.2847 -23.0607 35.5464  255 255 255
-43.3974 -15.3349 -17.0649  255 255 255
66.5728 -35.0379 4.07557  255 255 255
16.4755 -24.1693 37.1229  255 255 255
13.0738 -23.7652 36.7339  255 255 255
18.0554 -24.7432 37.7503  255 255 255
18.0554 -24.7432 37.7503  255 255 255
-49.0107 -16.3182 -15.9583  255 255 255
-31.4564 -16.4674 27.8711  255 255 255
50.4469 -33.8373 4.84782  255 255 255
-27.0655 -17.6216 29.4898  255 255 255
-27.0655 -17.6216 29.4898  255 255 255
-20.8745 -18.4161 34.5308  255 255 255
1.924 -22.4345 40.2504  255 255 255
-19.7915 -18.6653 35.9577  255 255 255
-2.67943 -21.8349 39.6928  255 255 255
-56.9021 -16.2361 -17.0725  255 255 255
-31.6009 -17.7262 26.9796  255 255 255
-57.2818 -16.7453 -16.6401  255 255 255
-51.875 -17.6709 -15.2836  255 255 255
-9.7344 -21.1076 39.2511  255 255 255
15.2751 -25.9271 39.0787  255 255 255
-2.46345 -22.5078 40.6087  255 255 255
-8.12176 -21.5518 39.6313  255 255 255
15.569 -26.3746 39.4924  255 255 255
-31.3735 -18.595 26.856  255 255 255
2.53286 -23.8693 40.9101  255 255 255
-31.6441 -18.6403 26.321  255 255 255
16.6976 -26.8449 40.4883  255 255 255
69.1929 -39.5624 12.812  255 255 255
9.47801 -26.0321 39.5152  255 255 255
-22.756 -20.3735 33.4928  255 255 255
-17.7653 -21.05 37.0589  255 255 255
-22.2579 -20.7711 33.7849  255 255 255
8.65813 -26.2056 39.7915  255 255 255
-62.1644 -18.4796 -14.3736  255 255 255
-56.175 -19.802 -13.1943  255 255 255
-22.5364 -21.4741 34.3657  255 255 255
-52.776 -20.5886 -11.8595  255 255 255
70.3175 -42.0574 15.9896  255 255 255
-67.3294 -18.43 -14.6521  255 255 255
-51.0319 -21.3437 -10.9526  255 255 255
54.3336 -39.6488 11.6586  255 255 255
-66.5661 -18.8069 -14.2117  255 255 255
8.00816 -27.4083 41.3457  255 255 255
-29.3159 -20.9819 33.8384  255 255 255
-70.0253 -18.8853 -13.8179  255 255 255
-61.6414 -20.4053 -11.4021  255 255 255
6.33913 -27.797 41.4488  255 255 255
-38.2109 -23.3788 6.79602  255 255 255
-74.3481 -18.6431 -12.02  255 255 255
-62.8018 -21.075 -11.7937  255 255 255
61.2341 -43.275 13.9243  255 255 255
-51.7188 -24.1773 -6.86065  255 255 255
4.41827 -29.0852 43.1849  255 255 255
-59.3588 -23.154 -8.58105  255 255 255
-18.0701 -25.2964 39.6791  255 255 255
-56.6312 -23.9378 -7.58566  255 255 255
-63.6021 -22.963 -8.61768  255 255 255
-76.846 -21.0423 -11.324  255 255 255
37.8323 -40.6027 15.355  255 255 255
-60.3266 -24.4611 -6.38468  255 255 255
-20.2952 -26.2961 39.0687  255 255 255
-14.0825 -27.2231 41.6046  255 255 255
-59.0399 -25.1764 -6.06596  255 255 255
-17.8209 -26.7739 40.7886  255 255 255
-5.40539 -28.9194 43.5639  255 255 255
-5.40539 -28.9194 43.5639  255 255 255
-2.24586 -29.5431 43.6366  255 255 255
-19.2387 -26.4957 40.8608  255 255 255
-30.9615 -26.9695 22.8977  255 255 255
-17.6668 -27.0845 40.7159  255 255 255
1.12957 -30.899 42.5131  255 255 255
-74.5109 -23.1811 -8.73951  255 255 255
-61.4355 -25.9139 -5.16644  255 255 255
-73.9456 -23.962 -8.01948  255 255 255
-74.2527 -24.0928 -7.93361  255 255 255
-86.2427 -22.5224 -9.46929  255 255 255
-61.5753 -26.6208 -3.94817  255 255 255
-63.5511 -26.4524 -4.36329  255 255 255
-2.30063 -32.1901 41.5948  255 255 255
-54.9223 -28.5874 -0.229353  255 255 255
47.0859 -46.5548 21.0546  255 255 255
-48.3602 -30.2672 1.50074  255 255 255
17.7934 -39.3153 30.1  255 255 255
46.4936 -47.2388 22.1087  255 255 255
49.7498 -47.9578 22.928  255 255 255
12.782 -39.2335 32.1148  255 255 255
-28.1021 -32.0379 25.2214  255 255 255
55.6688 -50.1158 26.0775  255 255 255
-3.59008 -35.6347 38.5037  255 255 255
-62.1726 -31.0399 1.56936  255 255 255
-18.379 -34.1234 34.4298  255 255 255
-38.7432 -34.4537 11.8911  255 255 255
-72.0371 -29.9169 -0.118983  255 255 255
-72.0371 -29.9169 -0.119044  255 255 255
-63.5393 -31.9109 2.36871  255 255 255
46.4064 -51.0607 26.9271  255 255 255
-0.736887 -39.8639 36.268  255 255 255
-72.2685 -31.8139 2.30321  255 255 255
-50.0852 -35.4803 7.54553  255 255 255
-59.4633 -33.9655 5.9976  255 255 255
-9.01711 -38.2863 36.4886  255 255 255
-2.57696 -40.6203 35.7846  255 255 255
-56.8791 -35.2789 6.96938  255 255 255
41.6298 -52.7828 29.3641  255 255 255
-81.3322 -31.8326 3.19337  255 255 255
41.4256 -52.9829 29.5876  255 255 255
-60.7398 -35.8539 7.42485  255 255 255
32.5137 -51.8613 28.0432  255 255 255
-5.55415 -42.9176 34.6677  255 255 255
21.5653 -50.4746 31.0667  255 255 255
26.9385 -52.9487 29.2759  255 255 255
27.0277 -53.0544 29.152  255 255 255
23.057 -52.2505 31.0903  255 255 255
35.0769 -55.2898 32.7608  255 255 255
-24.9921 -42.2151 32.1419  255 255 255
-11.1326 -45.4839 35.5892  255 255 255
-8.93951 -46.2146 36.0962  255 255 255
21.2153 -54.4983 32.4931  255 255 255
-22.0531 -44.2754 33.2261  255 255 255
32.9523 -57.4969 35.7392  255 255 255
-24.7971 -45.8239 28.2949  255 255 255
-21.9921 -45.8386 31.5598  255 255 255
-55.1837 -42.7156 16.499  255 255 255
-37.1117 -45.31 22.4314  255 255 255
-60.4483 -42.2162 15.9604  255 255 255
-60.4483 -42.2162 15.9604  255 255 255
-54.8637 -43.2938 17.0412  255 255 255
-49.2656 -44.5677 18.9515  255 255 255
-69.2114 -41.4995 15.6408  255 255 255
-47.1712 -45.3926 20.1267  255 255 255
-78.5662 -40.5948 14.6579  255 255 255
-39.3033 -47.5745 23.2333  255 255 255
30.1507 -60.1493 38.6015  255 255 255
-67.6016 -43.3838 17.7933  255 255 255
-19.0579 -50.3108 31.3534  255 255 255
16.5595 -57.6547 36.092  255 255 255
-8.1247 -52.3889 33.8972  255 255 255
-19.1996 -50.626 31.5285  255 255 255
15.1384 -57.6807 36.5831  255 255 255
-13.0862 -51.6508 34.4647  255 255 255
-62.7732 -46.1727 21.6746  255 255 255
-32.012 -51.268 28.0975  255 255 255
-56.7356 -47.4223 22.7931  255 255 255
-63.4274 -46.5238 21.597  255 255 255
-55.4962 -47.906 23.23  255 255 255
-34.9786 -51.0678 27.884  255 255 255
-38.4112 -50.5803 27.2035  255 255 255
-44.3601 -49.8729 26.0685  255 255 255
-38.0093 -51.0052 27.6201  255 255 255
-19.2248 -54.4941 34.7289  255 255 255
12.4119 -60.5717 40.8459  255 255 255
-46.6545 -51.1379 27.0423  255 255 255
-35.4674 -52.6969 29.9996  255 255 255
-53.9853 -50.0955 26.0953  255 255 255
-43.7565 -51.7793 27.8711  255 255 255
34.0157 -65.6368 45.4832  255 255 255
-3.63583 -58.5356 38.411  255 255 255
41.7903 -67.9483 47.0841  255 255 255
33.1577 -65.8842 46.0047  255 255 255
-75.1231 -47.9266 24.1152  255 255 255
-34.909 -54.498 32.4563  255 255 255
-23.1239 -56.5641 34.6731  255 255 255
-72.642 -48.5547 25.0528  255 255 255
-57.5306 -51.1054 27.696  255 255 255
-57.5306 -51.1054 27.696  255 255 255
-3.71679 -59.9727 39.2542  255 255 255
21.318 -64.6318 45.0213  255 255 255
-16.7376 -57.775 36.2769  255 255 255
32.8936 -67.1473 47.6221  255 255 255
-20.127 -57.3829 35.6324  255 255 255
-4.76745 -59.8228 39.7095  255 255 255
-62.482 -50.5242 27.0633  255 255 255
-44.4349 -53.318 30.8871  255 255 255
-57.5202 -51.5971 28.1284  255 255 255
16.9875 -64.4685 44.0733  255 255 255
-15.8438 -58.453 37.0339  255 255 255
-15.2512 -58.7387 37.5426  255 255 255
-19.2019 -57.8664 37.2756  255 255 255
29.8106 -67.1394 48.0124  255 255 255
29.8106 -67.1394 48.0123  255 255 255
-63.2158 -51.0646 27.7732  255 255 255
-13.2949 -59.1671 38.3135  255 255 255
-58.4921 -51.9904 28.3228  255 255 255
-36.3849 -55.4924 33.3364  255 255 255
-2.4124 -61.3074 41.3186  255 255 255
-22.9122 -57.8198 36.6393  255 255 255
14.4868 -64.3745 45.7085  255 255 255
-1.4435 -61.8267 41.2757  255 255 255
-4.37821 -61.0494 41.3643  255 255 255
-43.6367 -55.1327 33.0358  255 255 255
6.0205 -63.4694 44.4583  255 255 255
14.7054 -65.1843 46.9412  255 255 255
-44.2202 -55.531 33.2368  255 255 255
12.6648 -65.2217 46.6414  255 255 255
-59.0006 -53.3374 30.7485  255 255 255
-50.1733 -55.0642 32.4325  255 255 255
5.37528 -64.2551 45.5006  255 255 255
-37.8783 -57.1308 35.8309  255 255 255
10.3967 -65.8778 46.1601  255 255 255
7.33178 -65.489 46.1716  255 255 255
23.6998 -68.6368 50.7263  255 255 255
-3.89665 -63.504 44.4035  255 255 255
-10.0823 -62.4317 43.0394  255 255 255
6.16765 -65.4898 47.2038  255 255 255
-46.4811 -57.2032 35.5371  255 255 255
-2.57824 -64.4052 45.7509  255 255 255
-2.5028 -64.6172 45.3511  255 255 255
-71.9827 -53.0669 31.2491  255 255 255
5.0188 -65.79 47.7183  255 255 255
25.1733 -69.944 51.9541  255 255 255
9.37599 -66.6695 48.81  255 255 255
-36.352 -58.9023 38.1385  255 255 255
27.4635 -70.6476 52.5404  255 255 255
-42.1216 -58.2614 36.7735  255 255 255
3.88002 -66.5661 47.2406  255 255 255
-34.8648 -59.5862 39.3628  255 255 255
1.24093 -65.9917 47.6013  255 255 255
-19.7436 -62.2535 43.1094  255 255 255
-39.828 -59.3218 38.7464  255 255 255
-18.6123 -63.0853 44.2382  255 255 255
1.64631 -67.1115 49.2312  255 255 255
-10.6617 -65.0231 46.5237  255 255 255
2.01627 -68.0582 50.6237  255 255 255
-34.9086 -62.0352 42.981  255 255 255
-11.9254 -66.0723 48.3115  255 255 255
-11.8112 -66.5759 49.0181  255 255 255
-35.6331 -63.9623 44.7059  255 255 255
-39.6192 -64.1375 44.7399  255 255 255
2.01966 67.3251 -79.7157  255 255 255
-5.34833 65.5646 -77.4711  255 255 255
59.6437 30.5262 15.1105  255 255 255
28.962 67.391 -98.2396  255 255 255
58.6371 30.9752 13.1874  255 255 255
36.3287 65.9705 -103.391  255 255 255
66.6614 66.8711 -121.607  255 255 255
35.3676 62.9291 -105.521  255 255 255
26.0815 61.4363 -101.381  255 255 255
-8.9614 58.9399 -80.2064  255 255 255
-33.5245 57.6036 -65.2109  255 255 255
-42.8506 57.3132 -59.7349  255 255 255
-42.9583 57.5989 -60.7412  255 255 255
-56.3961 56.5667 -51.8319  255 255 255
-2.97853 57.8355 -84.3936  255 255 255
34.6185 58.4273 -107.999  255 255 255
-57.5441 53.9258 -53.1384  255 255 255
20.71 55.0363 -101.996  255 255 255
13.1385 52.9307 -98.7941  255 255 255
61.1382 30.019 -34.1414  255 255 255
63.6547 27.4224 -28.099  255 255 255
32.4993 46.695 -97.3252  255 255 255
-50.7593 48.6112 -60.0346  255 255 255
63.0948 26.7725 -29.0629  255 255 255
-62.7669 47.3074 -53.0982  255 255 255
-65.9892 47.649 -52.5716  255 255 255
-7.50743 47.6098 -90.117  255 255 255
-65.3802 47.1442 -51.5895  255 255 255
60.3623 17.3428 7.79525  255 255 255
-8.31768 45.891 -87.4335  255 255 255
64.1946 23.534 -30.0993  255 255 255
-41.9712 44.3301 -68.4579  255 255 255
-64.0982 43.7297 -57.1959  255 255 255
-7.72438 40.1031 -89.0502  255 255 255
-0.862406 37.7273 -86.4244  255 255 255
-58.7528 41.2658 -61.64  255 255 255
-8.57028 36.9602 -82.8229  255 255 255
-8.57025 36.9603 -82.8233  255 255 255
-31.5379 39.3469 -79.5174  255 255 255
-26.2421 39.3107 -84.1279  255 255 255
4.24879 33.3469 -79.8053  255 255 255
-63.0367 39.9783 -60.6861  255 255 255
-3.23204 34.4606 -81.2681  255 255 255
52.8659 23.64 -67.1712  255 255 255
33.4743 26.2427 -71.5718  255 255 255
66.2429 7.22466 15.89  255 255 255
40.0844 24.8744 -69.8776  255 255 255
38.0664 23.4941 -66.3304  255 255 255
-72.1167 37.5391 -55.3567  255 255 255
-72.1167 37.5391 -55.3567  255 255 255
-25.4527 33.2166 -80.3045  255 255 255
-48.7869 35.4848 -72.4289  255 255 255
-19.1856 31.6407 -77.4267  255 255 255
-68.831 36.0299 -57.7811  255 255 255
-17.2059 30.8043 -75.8086  255 255 255
49.6776 18.9409 -61.5289  255 255 255
49.6776 18.9409 -61.5289  255 255 255
65.3271 5.49272 12.6015  255 255 255
-68.5275 35.6266 -58.8751  255 255 255
-67.6581 35.5824 -60.1539  255 255 255
69.8766 3.18149 22.6321  255 255 255
-29.3659 31.3649 -77.9088  255 255 255
-54.2119 33.4872 -70.6361  255 255 255
67.2108 3.31577 15.2873  255 255 255
-35.4773 31.4862 -79.5798  255 255 255
-57.7141 33.1774 -69.3931  255 255 255
-26.5581 28.8686 -74.53  255 255 255
68.6664 2.12365 18.0559  255 255 255
-62.9727 32.9479 -65.932  255 255 255
-46.502 32.0252 -78.2612  255 255 255
57.3636 6.74603 -7.92847  255 255 255
-70.1819 31.8256 -61.1823  255 255 255
-58.703 31.1892 -69.8357  255 255 255
-58.6733 31.0554 -68.9609  255 255 255
-64.9686 30.9607 -63.3122  255 255 255
57.9004 11.1523 -51.9348  255 255 255
67.5856 0.958804 14.3607  255 255 255
67.111 0.91494 15.0056  255 255 255
-54.0006 29.6511 -72.5215  255 255 255
-60.4166 29.4254 -68.2458  255 255 255
-67.5735 29.8289 -63.4504  255 255 255
1.77304 18.5339 -61.0955  255 255 255
-39.5948 26.008 -70.2433  255 255 255
-52.6219 28.2606 -73.7638  255 255 255
-56.9366 28.2113 -70.6117  255 255 255
-78.144 30.4301 -62.2806  255 255 255
-16.3895 20.1299 -62.8668  255 255 255
-38.7622 23.973 -66.9407  255 255 255
-57.6616 27.6773 -73.3397  255 255 255
59.2366 6.33604 -45.6896  255 255 255
-68.4875 27.9888 -64.9004  255 255 255
-38.5608 23.3295 -66.3648  255 255 255
57.9933 6.39144 -45.2407  255 255 255
-62.0773 27.4816 -70.6523  255 255 255
-61.5875 26.4427 -69.2262  255 255 255
-60.8379 26.6078 -71.6969  255 255 255
-40.7138 22.8126 -67.2368  255 255 255
-68.4583 27.0265 -66.4723  255 255 255
-9.76772 6.86152 23.8626  255 255 255
-45.088 22.6506 -65.7322  255 255 255
-69.9297 26.5059 -65.1429  255 255 255
-66.4081 25.6362 -69.6528  255 255 255
-42.7548 20.3331 -63.3728  255 255 255
53.0748 3.01753 -41.6631  255 255 255
-25.2363 16.4583 -58.4802  255 255 255
-89.3879 26.1899 -50.4179  255 255 255
-89.3879 26.1899 -50.4179  255 255 255
-84.832 25.5089 -56.7241  255 255 255
-46.0968 19.2718 -61.8077  255 255 255
-69.5307 23.3337 -64.9653  255 255 255
-36.5126 17.3978 -60.2227  255 255 255
52.5588 1.42925 -39.9357  255 255 255
-12.8542 4.47292 26.5214  255 255 255
71.093 -6.66435 18.61  255 255 255
-82.199 24.8041 -63.1023  255 255 255
59.4337 -2.94306 -9.38084  255 255 255
55.8995 -1.99744 -18.5405  255 255 255
70.4786 -7.71366 16.832  255 255 255
-51.7369 17.7121 -60.4311  255 255 255
-67.0089 19.6231 -62.2936  255 255 255
51.83 -1.84684 -34.7896  255 255 255
-85.0727 21.722 -60.7563  255 255 255
7.81541 -1.60928 33.6164  255 255 255
12.1406 -2.41472 31.5517  255 255 255
-12.0513 0.717572 31.9784  255 255 255
-64.3359 16.1821 -59.3396  255 255 255
-72.0954 16.9442 -56.9469  255 255 255
-72.0954 16.9442 -56.9469  255 255 255
12.8295 -3.61613 31.9468  255 255 255
13.158 -3.61213 31.0307  255 255 255
-72.9983 16.6327 -60.6345  255 255 255
-44.466 10.2366 -50.5096  255 255 255
75.3026 -13.5266 25.2726  255 255 255
-7.47859 -1.79506 35.1544  255 255 255
-0.19957 -3.16971 36.9632  255 255 255
68.7272 -11.6911 6.7478  255 255 255
-0.725375 -3.35283 37.6092  255 255 255
-40.8126 8.52747 -48.6926  255 255 255
13.8206 -5.78999 32.1024  255 255 255
57.749 -9.83161 -20.099  255 255 255
52.4663 -8.80453 -26.949  255 255 255
-0.0531389 -4.72451 37.8422  255 255 255
53.0457 -10.2329 -25.1917  255 255 255
-6.02217 -4.39324 37.4109  255 255 255
69.7293 -15.1754 9.91483  255 255 255
73.4571 -15.978 14.0781  255 255 255
-34.7118 3.84136 -42.6296  255 255 255
63.7067 -13.7326 -7.7846  255 255 255
-93.7832 14.4498 -58.4761  255 255 255
64.0189 -14.1971 -8.78033  255 255 255
62.9976 -14.5026 -9.7583  255 255 255
62.9976 -14.5026 -9.75828  255 255 255
-52.5349 5.87271 -45.0628  255 255 255
-18.9608 -3.28211 28.8129  255 255 255
54.4177 -13.4067 -21.2396  255 255 255
70.8976 -17.33 9.87867  255 255 255
61.4997 -15.4169 -15.2349  255 255 255
67.9394 -17.9698 1.77444  255 255 255
76.053 -20.3379 22.4252  255 255 255
-43.3698 0.400785 -38.2383  255 255 255
-43.3643 0.434964 -38.2809  255 255 255
9.95234 -10.8253 36.3256  255 255 255
64.2672 -20.2517 -9.24185  255 255 255
-45.0666 -2.51728 -34.5448  255 255 255
68.3755 -22.8181 -0.751898  255 255 255
-6.72497 -10.4853 38.9549  255 255 255
65.2578 -23.254 -9.93414  255 255 255
26.0666 -16.5593 26.9743  255 255 255
-11.6005 -10.2742 37.534  255 255 255
-63.6343 -1.32613 -35.9681  255 255 255
-37.2277 -6.28223 -29.4387  255 255 255
-23.7838 -8.51164 24.1603  255 255 255
-23.0504 -8.78311 25.5733  255 255 255
-52.4036 -4.47621 -31.8943  255 255 255
-47.116 -5.72319 -30.726  255 255 255
-53.9508 -4.51679 -32.1183  255 255 255
-77.6452 -0.467675 -37.657  255 255 255
61.678 -25.6746 -7.12468  255 255 255
58.3432 -25.7833 -5.44277  255 255 255
58.3432 -25.7833 -5.44277  255 255 255
-23.2939 -10.8955 26.4756  255 255 255
-7.40475 -13.5291 39.1163  255 255 255
-1.29264 -15.1548 39.4835  255 255 255
-23.4467 -11.6451 27.7024  255 255 255
-86.3424 -1.95354 -35.5719  255 255 255
-86.3425 -1.95354 -35.572  255 255 255
-20.8884 -13.3976 30.2744  255 255 255
62.8815 -29.9546 -0.694917  255 255 255
-62.0413 -9.44827 -25.5899  255 255 255
-62.0754 -9.44585 -25.8118  255 255 255
-56.8069 -10.7568 -23.654  255 255 255
-46.1538 -12.7922 -21.5805  255 255 255
-13.6774 -16.1159 36.3825  255 255 255
74.336 -33.6198 7.86059  255 255 255
79.1961 -34.0048 20.5844  255 255 255
-51.1392 -12.5655 -21.69  255 255 255
-60.9413 -10.8621 -24.1575  255 255 255
-55.0227 -11.8636 -22.1292  255 255 255
-26.7802 -14.709 26.6205  255 255 255
17.4324 -22.4765 34.949  255 255 255
-53.2667 -12.5463 -21.0879  255 255 255
-18.8971 -16.3091 33.4339  255 255 255
-29.1883 -15.2288 26.139  255 255 255
-21.7879 -16.7982 33.9882  255 255 255
-24.8188 -16.5422 30.3564  255 255 255
-43.8454 -16.2521 -16.6707  255 255 255
-43.665 -16.6381 -16.22  255 255 255
-24.6053 -17.1899 30.6781  255 255 255
-11.5956 -19.3382 37.003  255 255 255
58.8824 -35.0881 5.97078  255 255 255
62.3106 -35.825 6.62089  255 255 255
-46.0418 -17.5618 -15.603  255 255 255
-73.7035 -13.1092 -21.8523  255 255 255
-48.5555 -17.3743 -15.4731  255 255 255
-44.845 -18.4215 -14.196  255 255 255
-72.7711 -13.8458 -20.7753  255 255 255
-11.6788 -20.551 38.6781  255 255 255
-26.7525 -18.4742 30.2361  255 255 255
-72.4049 -14.3048 -20.9633  255 255 255
-27.1603 -18.6293 30.9189  255 255 255
-49.9428 -18.4606 -13.8573  255 255 255
-28.1039 -18.8095 30.6341  255 255 255
-9.71204 -21.5636 40.0141  255 255 255
-49.8352 -19.501 -12.6003  255 255 255
-49.0148 -20.3462 -11.4453  255 255 255
-64.2965 -18.1685 -14.7012  255 255 255
-64.2965 -18.1685 -14.7011  255 255 255
-63.8675 -18.3927 -14.2879  255 255 255
-27.6356 -20.5592 33.2296  255 255 255
2.85832 -25.7905 40.1823  255 255 255
-53.4779 -20.6633 -11.7207  255 255 255
-59.5065 -19.5995 -12.5993  255 255 255
-21.961 -22.1785 34.4832  255 255 255
-51.7129 -21.4091 -10.0901  255 255 255
-70.2448 -18.569 -14.2722  255 255 255
-67.8706 -19.1464 -13.597  255 255 255
-51.6813 -21.9284 -10.0794  255 255 255
25.1566 -34.6149 23.328  255 255 255
-76.301 -20.4976 -12.4723  255 255 255
54.0918 -43.0137 16.368  255 255 255
66.3192 -45.0827 20.5099  255 255 255
-69.409 -21.8968 -10.5329  255 255 255
-13.5086 -26.7828 40.767  255 255 255
-62.6241 -23.8029 -7.40319  255 255 255
42.7647 -42.0449 15.4144  255 255 255
-60.9702 -24.2898 -6.58498  255 255 255
-62.2875 -24.4223 -6.69285  255 255 255
-60.8942 -24.7832 -6.30479  255 255 255
-23.956 -26.3997 34.6622  255 255 255
-19.8992 -27.0191 41.377  255 255 255
-50.2861 -27.9505 -1.50201  255 255 255
49.304 -46.1349 21.2776  255 255 255
49.304 -46.1349 21.2776  255 255 255
39.5551 -44.8344 19.2738  255 255 255
-48.3586 -30.7984 1.64203  255 255 255
-71.3535 -27.1441 -3.64414  255 255 255
-28.7243 -30.4818 27.2348  255 255 255
17.9972 -39.9551 30.0393  255 255 255
-69.7254 -27.4878 -3.27583  255 255 255
-3.57227 -33.89 40.283  255 255 255
-3.56857 -33.8885 40.2241  255 255 255
-70.3848 -28.0449 -2.41807  255 255 255
-69.6664 -28.1253 -1.9121  255 255 255
-68.5678 -28.4783 -2.33786  255 255 255
47.9715 -48.7633 23.7901  255 255 255
36.5042 -47.3307 22.1086  255 255 255
-54.3022 -31.7514 3.124  255 255 255
-29.3213 -33.4195 25.2373  255 255 255
-62.8179 -31.5038 1.98969  255 255 255
-71.7417 -31.7019 2.38479  255 255 255
-71.7316 -31.712 2.41222  255 255 255
-70.3579 -31.9484 2.95603  255 255 255
-13.1394 -39.077 33.7319  255 255 255
30.769 -50.9529 26.8073  255 255 255
-63.7937 -35.2402 6.97216  255 255 255
-58.5192 -36.9218 10.0948  255 255 255
-61.3112 -37.2434 9.56486  255 255 255
23.7282 -52.0911 30.7224  255 255 255
23.8095 -52.1863 30.5977  255 255 255
-59.7448 -38.5133 11.2041  255 255 255
21.8895 -52.8186 31.8677  255 255 255
-35.9092 -43.7591 23.0945  255 255 255
-32.4198 -44.3774 24.8756  255 255 255
-50.4566 -43.1656 16.6068  255 255 255
-48.3717 -43.5616 18.3788  255 255 255
-47.2892 -43.9113 18.6298  255 255 255
-71.5073 -40.9247 14.8713  255 255 255
-53.3809 -43.9478 18.1742  255 255 255
-14.5857 -50.9057 32.7921  255 255 255
-51.7694 -46.1118 20.9733  255 255 255
-51.2301 -46.3276 20.9645  255 255 255
-38.6654 -49.2071 25.2135  255 255 255
-55.7024 -46.9138 22.2883  255 255 255
-67.7857 -46.3908 21.8549  255 255 255
-45.9189 -50.1527 26.0806  255 255 255
23.665 -62.0465 42.1991  255 255 255
-48.312 -50.2247 26.2057  255 255 255
-59.2684 -48.8891 25.3651  255 255 255
6.54172 -59.9251 39.6342  255 255 255
33.4919 -65.5942 45.9453  255 255 255
-47.3911 -51.7717 28.6234  255 255 255
-60.1143 -49.8693 25.9529  255 255 255
-52.6679 -51.2068 27.9158  255 255 255
16.1638 -63.5616 43.3608  255 255 255
-34.3284 -54.5382 32.5412  255 255 255
2.30657 -60.6738 41.0712  255 255 255
-46.931 -52.957 30.4719  255 255 255
-46.931 -52.957 30.4718  255 255 255
-21.1604 -57.2349 36.0224  255 255 255
-36.0064 -54.6757 33.6897  255 255 255
-15.4331 -58.4812 37.2622  255 255 255
-17.9535 -58.0123 37.018  255 255 255
-2.82497 -60.899 41.0534  255 255 255
-0.873261 -61.484 41.4181  255 255 255
-18.5754 -58.4728 37.5193  255 255 255
14.3956 -64.4538 44.8101  255 255 255
5.30583 -62.7724 43.9691  255 255 255
-57.7715 -52.5344 29.8401  255 255 255
6.20476 -63.2123 43.6537  255 255 255
8.49486 -63.6776 44.301  255 255 255
14.5304 -65.3135 45.8649  255 255 255
-2.87675 -62.3316 43.0567  255 255 255
-2.87676 -62.3316 43.0567  255 255 255
-42.2065 -56.4095 34.3279  255 255 255
16.3462 -66.8239 47.4222  255 255 255
17.8235 -67.1161 47.7621  255 255 255
21.4621 -68.443 50.3955  255 255 255
6.72043 -66.163 47.9283  255 255 255
-19.9817 -61.9905 42.7403  255 255 255
-19.9817 -61.9905 42.7402  255 255 255
-1.79617 -65.4659 47.227  255 255 255
-15.7879 -63.0503 43.9576  255 255 255
-19.2611 -62.7756 43.9506  255 255 255
-3.23725 -66.2654 47.5479  255 255 255
-38.4415 -62.1339 42.1767  255 255 255
-37.8394 -62.7275 42.9621  255 255 255
-30.7387 -63.857 44.953  255 255 255
-35.5438 -63.3647 44.3648  255 255 255
-35.2056 -64.4668 45.3762  255 255 255
3.18203 67.2602 -81.7931  255 255 255
82.3584 72.6599 -128.59  255 255 255
37.7421 64.7366 -107.411  255 255 255
38.2848 59.1982 -109.022  255 255 255
-2.2658 57.2546 -85.834  255 255 255
62.6966 33.3761 -26.8228  255 255 255
63.1159 32.3093 -27.2459  255 255 255
-24.6177 49.7627 -77.4246  255 255 255
-1.81118 48.2462 -92.3367  255 255 255
-61.5785 46.3391 -55.0562  255 255 255
-60.624 45.6009 -56.3952  255 255 255
65.7694 12.8866 19.2159  255 255 255
0.231546 42.2363 -92.0833  255 255 255
-12.3467 43.2803 -89.2438  255 255 255
62.9292 21.6763 -31.2168  255 255 255
-67.2532 43.5576 -54.2498  255 255 255
2.40842 39.4609 -87.7201  255 255 255
-54.6071 41.505 -62.8812  255 255 255
-10.1275 40.0613 -89.2268  255 255 255
-63.736 41.2234 -58.1582  255 255 255
54.904 15.4667 -8.22088  255 255 255
-58.2724 40.425 -61.7365  255 255 255
-77.434 40.1504 -47.2636  255 255 255
-7.85276 36.0538 -82.7473  255 255 255
0.18268 34.7611 -82.0117  255 255 255
-91.7346 40.7313 -39.572  255 255 255
57.3919 20.2407 -49.5403  255 255 255
-58.9313 37.9069 -62.2958  255 255 255
-8.08639 33.2444 -80.3519  255 255 255
-66.6682 37.399 -58.7907  255 255 255
18.6262 25.6557 -70.4362  255 255 255
18.8874 25.8165 -71.5953  255 255 255
-37.116 35.4018 -80.4273  255 255 255
-71.8911 35.6674 -56.3965  255 255 255
67.6856 3.95907 18.4088  255 255 255
-44.2645 33.26 -73.8172  255 255 255
-19.5825 29.0283 -74.9903  255 255 255
-58.777 32.818 -65.6047  255 255 255
-66.5617 32.1791 -62.5793  255 255 255
55.8472 6.80247 -12.4917  255 255 255
-21.2698 24.9032 -67.4148  255 255 255
-56.6411 30.7223 -71.7464  255 255 255
46.1277 13.0554 -55.5177  255 255 255
39.0876 13.5023 -55.969  255 255 255
-57.19 30.1255 -71.8956  255 255 255
48.95 11.4686 -53.7586  255 255 255
61.5679 8.66891 -46.1364  255 255 255
-63.4101 29.5554 -68.139  255 255 255
62.0308 7.90383 -45.4671  255 255 255
-80.9836 30.6616 -59.2525  255 255 255
-40.2324 25.1244 -69.9896  255 255 255
-40.2374 25.0639 -69.483  255 255 255
-38.2734 24.6546 -69.1212  255 255 255
-1.60344 17.3507 -59.6954  255 255 255
41.552 9.45828 -50.0146  255 255 255
41.2655 9.40884 -49.1882  255 255 255
-61.3095 27.2901 -70.1601  255 255 255
-69.9174 27.4987 -64.4928  255 255 255
-70.5127 26.7373 -61.5261  255 255 255
-66.5239 25.8611 -67.2578  255 255 255
-66.562 25.8735 -67.4648  255 255 255
-66.3634 25.1398 -70.7221  255 255 255
-67.1335 24.6027 -68.2141  255 255 255
-86.6477 24.2518 -52.5128  255 255 255
-75.789 22.7134 -67.1538  255 255 255
-81.2657 22.6473 -62.5042  255 255 255
52.3469 -2.02096 -34.2282  255 255 255
-36.3764 12.4605 -53.4847  255 255 255
-74.8534 18.2032 -60.8628  255 255 255
-26.7703 9.22952 -49.7933  255 255 255
-38.9854 9.92365 -50.2649  255 255 255
62.8028 -10.0337 -5.91131  255 255 255
-53.6593 11.4818 -53.0654  255 255 255
-53.6593 11.4818 -53.0654  255 255 255
26.9512 -6.03268 13.8113  255 255 255
-28.7198 6.55767 -45.7771  255 255 255
-58.1683 11.8837 -52.7364  255 255 255
-58.4519 11.3046 -51.8608  255 255 255
-74.7962 14.037 -56.1955  255 255 255
56.0367 -9.26534 -24.6216  255 255 255
8.713 -5.77589 35.5879  255 255 255
-41.5639 6.03623 -44.5882  255 255 255
-40.8576 5.46559 -44.1762  255 255 255
-81.7404 13.1277 -55.7181  255 255 255
-16.9036 -2.49776 30.2352  255 255 255
-63.2694 8.74464 -49.5905  255 255 255
-39.8199 4.37371 -43.6172  255 255 255
-22.0378 -1.94127 23.0341  255 255 255
-64.2987 6.78485 -46.8209  255 255 255
-49.423 3.36316 -42.7282  255 255 255
52.1793 -14.6776 -19.4358  255 255 255
-52.3204 3.47496 -41.6408  255 255 255
60.9097 -16.416 -15.9937  255 255 255
-66.3534 5.66822 -44.6456  255 255 255
59.1973 -16.441 -18.0955  255 255 255
-48.5442 1.73622 -40.6823  255 255 255
-39.4414 -0.379685 -37.6353  255 255 255
12.0982 -10.8306 35.2253  255 255 255
-47.9007 0.0354203 -36.7825  255 255 255
25.4523 -13.8481 24.2828  255 255 255
-44.6175 -1.0338 -36.7587  255 255 255
61.3583 -20.7006 -11.9704  255 255 255
64.5076 -21.9591 -10.182  255 255 255
-93.4854 5.23566 -45.797  255 255 255
65.6783 -23.1277 -9.20013  255 255 255
64.286 -24.3425 -7.9248  255 255 255
-75.4667 -0.594213 -38.5795  255 255 255
65.1654 -25.2752 -6.72839  255 255 255
78.87 -27.2587 24.2626  255 255 255
-26.655 -9.18662 23.4219  255 255 255
-41.5835 -9.36424 -25.3421  255 255 255
1.3786 -15.5429 39.2585  255 255 255
-30.6248 -10.462 19.9972  255 255 255
-46.876 -8.78555 -26.1997  255 255 255
-51.4692 -8.61814 -26.4361  255 255 255
-62.7578 -7.20409 -28.5112  255 255 255
-28.8484 -12.0695 21.8624  255 255 255
54.4954 -29.1897 -2.52535  255 255 255
-41.6337 -12.911 -21.2354  255 255 255
60.8474 -30.6944 -0.0488592  255 255 255
-61.0037 -9.62569 -24.8107  255 255 255
18.9314 -21.7582 33.9681  255 255 255
-28.0964 -14.9321 26.0772  255 255 255
60.3357 -32.9518 3.7199  255 255 255
-28.1656 -15.4022 26.0692  255 255 255
78.5709 -35.6877 18.2463  255 255 255
-44.0262 -15.5001 -17.4341  255 255 255
-56.813 -14.0204 -19.3436  255 255 255
-28.7763 -16.2755 27.7881  255 255 255
-48.5541 -16.135 -16.892  255 255 255
49.8781 -33.2445 4.0095  255 255 255
-13.6073 -19.058 37.3071  255 255 255
-26.0715 -18.3477 30.5844  255 255 255
-24.9281 -18.9262 31.1767  255 255 255
-26.6086 -18.8085 30.8504  255 255 255
-56.5043 -17.7614 -13.9314  255 255 255
-27.7042 -19.2635 31.4587  255 255 255
62.0071 -38.9067 10.5665  255 255 255
-55.8592 -18.6072 -14.3634  255 255 255
-25.7387 -20.2045 32.8263  255 255 255
-54.0334 -19.201 -12.7518  255 255 255
-29.089 -20.3283 32.4282  255 255 255
9.20417 -27.2781 40.765  255 255 255
-20.8067 -21.9989 35.4096  255 255 255
-19.5369 -22.3756 35.463  255 255 255
-48.4821 -21.6358 -9.8151  255 255 255
-57.2527 -20.4629 -11.9244  255 255 255
-57.2904 -20.4795 -12.088  255 255 255
-15.1651 -23.7765 37.9463  255 255 255
-17.8773 -23.7015 37.3069  255 255 255
-62.4439 -21.7942 -9.15878  255 255 255
-54.3709 -23.2812 -7.91033  255 255 255
-58.512 -23.5873 -7.80686  255 255 255
-57.0478 -24.0462 -6.81944  255 255 255
-58.2193 -24.3543 -6.61191  255 255 255
-59.8456 -25.1574 -5.59738  255 255 255
-16.4428 -27.2128 40.8613  255 255 255
-14.6799 -28.0539 41.3683  255 255 255
-7.66804 -30.1243 44.7351  255 255 255
48.1121 -48.9585 24.4358  255 255 255
44.9822 -50.0579 25.3987  255 255 255
-25.1807 -35.2648 26.9411  255 255 255
-58.6981 -34.0464 4.47617  255 255 255
-69.4193 -33.0364 4.32578  255 255 255
-69.8049 -33.268 4.41881  255 255 255
-51.8256 -37.1417 10.3329  255 255 255
31.1156 -51.4527 28.7273  255 255 255
25.477 -51.1829 29.5369  255 255 255
-84.9868 -34.8637 7.54016  255 255 255
-60.7395 -38.826 12.1033  255 255 255
-62.4208 -39.4618 12.2295  255 255 255
-55.8898 -41.3223 15.391  255 255 255
-54.0001 -42.4906 16.887  255 255 255
-54.6726 -42.6872 17.0728  255 255 255
-49.0886 -44.0241 18.3768  255 255 255
-53.7147 -44.0637 18.9235  255 255 255
-53.7218 -44.0415 18.9482  255 255 255
-14.8953 -48.9436 32.609  255 255 255
-5.78866 -50.9767 34.6323  255 255 255
-16.868 -49.133 32.0761  255 255 255
-39.1698 -48.9294 25.0114  255 255 255
38.6439 -63.6049 42.9723  255 255 255
-39.5151 -50.0186 26.4755  255 255 255
-58.58 -47.5625 23.1207  255 255 255
6.99616 -58.7522 37.6811  255 255 255
-65.6976 -46.6681 22.2859  255 255 255
-34.2226 -51.7656 28.868  255 255 255
-54.0722 -48.7777 24.4328  255 255 255
-36.8576 -51.4345 28.2469  255 255 255
-37.8475 -51.861 29.3799  255 255 255
5.62384 -59.6965 38.4769  255 255 255
5.99383 -59.8751 40.1218  255 255 255
9.71079 -61.0988 40.3799  255 255 255
-34.0019 -53.1162 31.864  255 255 255
-47.4944 -52.2691 28.9156  255 255 255
5.45635 -61.0075 41.5444  255 255 255
19.3413 -64.0648 43.7793  255 255 255
-19.0064 -57.4583 36.3736  255 255 255
-50.3071 -52.75 29.5944  255 255 255
-19.9918 -57.5024 36.3425  255 255 255
-19.3821 -57.723 36.4231  255 255 255
-18.8571 -57.9147 36.4464  255 255 255
-18.8571 -57.9147 36.4464  255 255 255
-1.64079 -61.363 41.5142  255 255 255
-1.2708 -61.7934 41.9541  255 255 255
9.12366 -64.3881 44.7112  255 255 255
-73.4052 -50.975 28.4173  255 255 255
-62.9956 -52.6579 30.7765  255 255 255
-20.9141 -59.9707 39.3476  255 255 255
1.27041 -64.488 45.2611  255 255 255
-1.8832 -64.583 44.9556  255 255 255
-61.6775 -54.5155 33.529  255 255 255
6.15047 -65.8299 48.1485  255 255 255
9.05592 -66.808 48.1341  255 255 255
1.54435 -65.6277 46.545  255 255 255
-8.68336 -64.1624 44.4869  255 255 255
-2.1892 -65.4402 47.3737  255 255 255
-10.0044 -64.5275 44.9767  255 255 255
6.86264 -67.6778 49.245  255 255 255
23.0661 -72.378 54.5417  255 255 255
-37.0865 -63.4496 43.7183  255 255 255
-32.1401 -64.195 44.8896  255 255 255
-30.1607 -65.6684 46.6843  255 255 255
71.2949 67.103 -123.029  255 255 255
21.04 53.0102 -104.077  255 255 255
-28.2023 51.5034 -72.5537  255 255 255
20.8711 51.545 -103.601  255 255 255
61.3836 29.9722 -33.1402  255 255 255
61.9992 28.9606 -28.486  255 255 255
-13.2261 49.2257 -79.5607  255 255 255
-60.1904 44.6786 -57.6278  255 255 255
65.5324 12.5555 18.4366  255 255 255
-36.5578 39.4693 -76.1005  255 255 255
60.946 17.7056 -41.7798  255 255 255
-38.4716 36.6205 -78.6131  255 255 255
-38.4716 36.6206 -78.6132  255 255 255
-9.76696 32.0334 -78.384  255 255 255
-57.7506 36.737 -64.5073  255 255 255
50.1626 20.8682 -63.9973  255 255 255
-11.121 31.1305 -75.9526  255 255 255
26.1996 24.8329 -69.6836  255 255 255
-72.2344 36.7746 -56.2646  255 255 255
-58.3899 35.073 -63.487  255 255 255
4.61487 26.8572 -71.7201  255 255 255
24.1177 22.8689 -66.3926  255 255 255
-25.6505 31.6714 -78.0668  255 255 255
-58.367 33.2434 -67.5631  255 255 255
-53.4848 32.2694 -69.5199  255 255 255
-56.073 32.3927 -68.2926  255 255 255
67.3822 2.53142 16.1193  255 255 255
-80.1946 34.5906 -57.2927  255 255 255
-58.7056 31.5761 -66.887  255 255 255
39.0136 14.9017 -57.2807  255 255 255
39.0137 14.9017 -57.2808  255 255 255
-38.9974 28.4038 -74.2087  255 255 255
-79.2928 32.4385 -59.4484  255 255 255
-38.4453 27.2994 -72.0324  255 255 255
-47.7572 28.5544 -73.7205  255 255 255
-47.7572 28.5544 -73.7205  255 255 255
-66.867 29.2281 -64.2842  255 255 255
58.7987 5.45288 -44.5618  255 255 255
-70.6608 23.4547 -66.665  255 255 255
-51.0947 19.0628 -60.4263  255 255 255
-62.0706 20.5088 -63.6262  255 255 255
12.3265 -1.13272 30.278  255 255 255
58.5892 -4.12056 -13.5177  255 255 255
-20.0919 10.7197 -51.2947  255 255 255
50.4784 -2.08409 -34.8525  255 255 255
55.8068 -5.13812 -20.7766  255 255 255
56.4029 -6.02026 -19.6204  255 255 255
56.8099 -6.0579 -16.5833  255 255 255
14.5743 -4.05369 30.4277  255 255 255
-26.8827 6.69951 -45.5189  255 255 255
-75.5117 15.0383 -58.7418  255 255 255
54.9533 -9.1183 -25.8635  255 255 255
51.5739 -9.30092 -25.8858  255 255 255
1.93977 -5.13928 37.5947  255 255 255
-33.055 4.58079 -45.0472  255 255 255
-54.1402 6.31795 -45.386  255 255 255
14.1401 -9.00942 33.1417  255 255 255
62.5627 -15.579 -9.87229  255 255 255
27.6738 -12.3732 21.6671  255 255 255
-55.6618 2.72629 -40.1462  255 255 255
-19.5691 -5.84607 29.6217  255 255 255
-0.265964 -9.23071 39.2962  255 255 255
-0.265964 -9.23071 39.2962  255 255 255
-41.9275 -2.26681 -34.9258  255 255 255
19.8012 -14.2472 29.4372  255 255 255
19.8012 -14.2472 29.4372  255 255 255
64.2412 -22.7719 -9.97178  255 255 255
-31.056 -6.79769 15.2676  255 255 255
-48.701 -4.00738 -33.5459  255 255 255
-23.8069 -8.81484 24.4052  255 255 255
-55.1372 -4.24254 -32.1501  255 255 255
-49.7792 -5.61623 -30.5524  255 255 255
62.0828 -25.1449 -5.46314  255 255 255
-54.6225 -5.14147 -31.0389  255 255 255
-49.4747 -7.022 -28.5006  255 255 255
-46.6213 -7.86704 -27.6795  255 255 255
-57.6029 -6.04283 -27.597  255 255 255
76.8708 -29.2047 9.05248  255 255 255
-19.8243 -12.5198 31.4038  255 255 255
-24.9544 -12.3805 27.5929  255 255 255
-63.2506 -7.82534 -28.6318  255 255 255
-60.9518 -10.228 -23.7796  255 255 255
-27.8791 -14.2284 25.1008  255 255 255
-27.8791 -14.2284 25.1008  255 255 255
7.18289 -20.9039 38.535  255 255 255
-61.487 -13.1756 -22.2691  255 255 255
61.713 -34.5754 5.05878  255 255 255
57.4952 -34.0765 4.36443  255 255 255
-46.6527 -16.4009 -16.6697  255 255 255
-44.4066 -17.4461 -15.4647  255 255 255
-22.7465 -20.2878 33.1525  255 255 255
-26.9701 -19.8541 32.4473  255 255 255
-61.5543 -19.0408 -13.2674  255 255 255
-55.9438 -20.7297 -11.4539  255 255 255
-69.8097 -19.0643 -13.5907  255 255 255
-69.8097 -19.0643 -13.5906  255 255 255
-65.7168 -20.5769 -11.5136  255 255 255
-64.979 -21.0822 -11.3963  255 255 255
-64.8232 -20.9657 -10.6371  255 255 255
-52.6665 -23.2731 -7.81022  255 255 255
-59.0045 -22.4655 -8.14203  255 255 255
-76.4496 -20.9521 -11.81  255 255 255
2.37484 -30.9259 42.7622  255 255 255
61.428 -46.8605 21.9195  255 255 255
49.8636 -45.8982 20.0145  255 255 255
49.7806 -46.7051 21.2084  255 255 255
-25.0942 -32.763 29.2524  255 255 255
-7.20321 -36.6117 38.9835  255 255 255
-26.7537 -40.4494 28.3608  255 255 255
22.4972 -52.3593 31.6821  255 255 255
-23.1427 -42.2777 31.4133  255 255 255
-52.2596 -40.4487 14.3398  255 255 255
-48.3526 -41.4038 15.3745  255 255 255
-3.08463 -50.76 34.1589  255 255 255
-3.08464 -50.76 34.1589  255 255 255
37.6765 -63.3652 43.2  255 255 255
-50.2261 -48.7791 24.5395  255 255 255
-58.6516 -49.9839 26.812  255 255 255
-17.6619 -57.147 36.4113  255 255 255
-28.8709 -56.4082 34.9499  255 255 255
-50.3958 -53.5268 30.7601  255 255 255
-13.6284 -59.8076 38.2325  255 255 255
-13.7773 -60.2449 39.5509  255 255 255
-47.7373 -55.3578 33.1145  255 255 255
-48.1706 -55.8482 33.5731  255 255 255
17.6978 -67.3961 49.1491  255 255 255
-36.2276 -58.3723 38.2837  255 255 255
-36.2276 -58.3723 38.2837  255 255 255
9.53516 -66.861 47.777  255 255 255
-19.2966 -64.5943 45.3658  255 255 255
19.9207 -72.1067 54.323  255 255 255
-35.7057 -62.488 42.2105  255 255 255
18.1346 -72.6319 55.1544  255 255 255
15.4967 -73.2246 55.8095  255 255 255
83.4041 70.9837 -126.042  255 255 255
12.8303 59.4858 -92.2352  255 255 255
25.9508 57.5639 -101.4  255 255 255
-41.0853 54.3253 -62.6606  255 255 255
-31.074 54.1292 -71.7696  255 255 255
24.8324 53.2891 -108.368  255 255 255
-30.7063 51.132 -73.8016  255 255 255
-2.75359 50.3034 -91.3578  255 255 255
-52.508 47.2889 -60.9078  255 255 255
-60.1628 47.1973 -54.4687  255 255 255
-12.1596 46.5308 -83.3905  255 255 255
-5.6631 45.1874 -90.4973  255 255 255
55.4655 18.2304 -6.48424  255 255 255
-1.05475 38.5828 -87.2541  255 255 255
58.5246 22.4832 -45.6208  255 255 255
58.9839 13.1526 3.31516  255 255 255
-31.2327 39.7881 -79.8144  255 255 255
-0.828295 35.6133 -83.5027  255 255 255
-38.9347 37.72 -77.2044  255 255 255
41.8734 24.6771 -70.5765  255 255 255
-58.9244 37.2398 -63.0909  255 255 255
-71.4108 37.9407 -56.2223  255 255 255
-4.28127 31.154 -77.6967  255 255 255
-35.5135 34.9399 -81.2117  255 255 255
-11.8267 30.2598 -75.5955  255 255 255
34.1671 18.8278 -59.2964  255 255 255
-78.3758 34.5141 -51.5401  255 255 255
-57.3575 33.3269 -67.532  255 255 255
-31.6506 29.4661 -73.4884  255 255 255
70.2458 1.04034 23.1268  255 255 255
-57.6245 30.8842 -69.6022  255 255 255
35.8609 14.1282 -55.7541  255 255 255
-60.4158 29.2294 -62.8851  255 255 255
-85.2472 31.4254 -52.6041  255 255 255
-80.0788 31.7516 -61.2865  255 255 255
-68.6732 29.7452 -63.3976  255 255 255
-48.0306 27.2319 -72.2336  255 255 255
-42.4645 25.8773 -70.4216  255 255 255
-64.8738 28.8327 -67.2394  255 255 255
-68.0912 27.8464 -65.2243  255 255 255
-61.7014 27.2479 -69.9597  255 255 255
55.4747 3.01187 -14.2682  255 255 255
-48.0397 24.014 -66.3438  255 255 255
6.14339 3.59585 26.028  255 255 255
-50.7882 22.4465 -64.4473  255 255 255
71.7598 -5.65078 21.7198  255 255 255
56.7451 -0.40731 -15.5298  255 255 255
-87.047 25.9156 -54.3004  255 255 255
-87.7777 25.2581 -54.3859  255 255 255
-85.5649 25.0781 -56.7437  255 255 255
-66.4303 22.9157 -67.2941  255 255 255
-79.452 23.7055 -61.2083  255 255 255
-76.4754 17.6685 -62.7577  255 255 255
-9.82784 -0.435368 32.856  255 255 255
68.9937 -10.6256 10.1651  255 255 255
51.9533 -9.59969 -25.3896  255 255 255
4.44623 -6.43947 37.4695  255 255 255
71.1668 -15.5928 9.93781  255 255 255
76.2537 -17.6143 24.9211  255 255 255
-70.6911 7.73414 -49.6282  255 255 255
-70.6911 7.73413 -49.6282  255 255 255
65.1955 -16.5909 -3.76914  255 255 255
-54.3215 3.08359 -41.4855  255 255 255
54.4278 -16.2408 -18.5244  255 255 255
-44.6533 0.33061 -39.5001  255 255 255
-38.6308 -0.998627 -36.749  255 255 255
-24.0869 -5.19275 20.3473  255 255 255
-55.8805 1.06056 -39.9443  255 255 255
63.6667 -20.286 -13.1309  255 255 255
62.7692 -21.1618 -11.3803  255 255 255
-43.4361 -3.86059 -32.5919  255 255 255
75.442 -24.3443 17.4975  255 255 255
-26.5764 -7.70499 22.2467  255 255 255
63.9191 -23.6593 -9.73068  255 255 255
-25.3146 -8.78554 23.8634  255 255 255
62.3913 -24.6961 -7.26657  255 255 255
66.3652 -27.1393 -4.90091  255 255 255
-1.29816 -14.7339 39.8054  255 255 255
6.04986 -16.9824 37.8364  255 255 255
55.3539 -27.1271 -3.37948  255 255 255
-41.1453 -10.8025 -22.8543  255 255 255
-26.5771 -12.5116 26.9436  255 255 255
-62.5812 -8.4381 -27.0664  255 255 255
21.6219 -21.3715 34.2773  255 255 255
-21.1656 -13.9836 30.5861  255 255 255
3.49429 -18.668 38.414  255 255 255
-26.4008 -13.9826 27.1035  255 255 255
1.45226 -20.188 38.0478  255 255 255
-5.53368 -19.0436 39.4332  255 255 255
-22.4201 -16.6597 33.2776  255 255 255
61.2742 -37.6214 8.32732  255 255 255
-21.9044 -20.1271 33.2777  255 255 255
-29.3467 -19.0886 31.3381  255 255 255
1.7291 -24.5544 40.6863  255 255 255
-23.4434 -20.7762 33.5408  255 255 255
0.954423 -24.8278 40.5071  255 255 255
-9.21264 -25.9548 39.7604  255 255 255
53.1824 -43.2006 15.8887  255 255 255
-75.6591 -21.6906 -10.643  255 255 255
-70.3478 -22.6739 -9.251  255 255 255
-56.8661 -25.4053 -5.036  255 255 255
-64.9691 -29.6612 -1.01043  255 255 255
-66.5748 -29.3771 -0.599476  255 255 255
-50.639 -32.8864 4.61105  255 255 255
-24.7358 -34.8352 28.189  255 255 255
-58.6078 -33.2047 4.09961  255 255 255
53.5628 -53.3213 29.3771  255 255 255
-13.0189 -38.7178 34.4007  255 255 255
-11.7795 -42.4496 32.6578  255 255 255
-52.6368 -41.0611 15.126  255 255 255
6.13358 -56.835 37.7743  255 255 255
-57.6238 -47.6929 23.6796  255 255 255
-57.6237 -47.6929 23.6797  255 255 255
-46.4047 -50.3558 25.5644  255 255 255
-4.54437 -58.5758 37.2366  255 255 255
44.5129 -68.2705 48.6434  255 255 255
31.5684 -66.1243 45.3129  255 255 255
-22.5792 -57.2724 36.0404  255 255 255
17.5389 -67.428 48.3406  255 255 255
-38.1512 -59.0475 39.2221  255 255 255
-15.3056 -64.1469 44.948  255 255 255
-42.1482 -62.0993 42.3201  255 255 255
-18.4286 -66.6252 48.0211  255 255 255
-33.3219 -64.8951 45.8206  255 255 255
22.2378 56.1651 -102.293  255 255 255
9.56495 48.1856 -100.983  255 255 255
57.9059 28.2939 -43.3179  255 255 255
-11.0908 42.8508 -87.8873  255 255 255
46.2159 28.9301 -76.9492  255 255 255
43.2145 27.9824 -75.7713  255 255 255
-16.7664 31.526 -77.2833  255 255 255
63.9688 6.34319 8.74041  255 255 255
62.1331 6.25661 4.35745  255 255 255
-2.52868 23.1954 -65.9047  255 255 255
54.8712 7.32105 -14.0116  255 255 255
-33.9726 23.7553 -67.4263  255 255 255
-57.1653 27.6749 -69.4287  255 255 255
-68.8107 28.71 -64.7204  255 255 255
-74.2823 28.0427 -61.2024  255 255 255
-19.9916 18.7746 -61.061  255 255 255
-33.0904 20.4308 -62.6448  255 255 255
-71.4556 25.5611 -65.2064  255 255 255
-82.3394 23.4822 -63.7398  255 255 255
-82.9408 21.0001 -56.9063  255 255 255
-63.3386 16.7889 -59.9075  255 255 255
6.34518 -3.61105 35.4965  255 255 255
-50.6169 9.48502 -49.8289  255 255 255
-67.2329 8.95834 -49.6  255 255 255
58.6837 -13.2614 -20.7371  255 255 255
58.6837 -13.2614 -20.737  255 255 255
66.027 -17.8063 -3.77257  255 255 255
66.2066 -17.8089 -4.09553  255 255 255
-67.2896 5.41025 -43.7511  255 255 255
-67.2896 5.41025 -43.7511  255 255 255
54.5729 -17.4255 -17.2805  255 255 255
-93.1425 8.53696 -51.0011  255 255 255
-7.86671 -8.76998 38.2445  255 255 255
-43.4569 -5.14494 -31.0966  255 255 255
-42.5688 -6.40641 -29.7978  255 255 255
-42.5983 -6.36942 -29.2068  255 255 255
65.6105 -26.5929 -5.99888  255 255 255
-43.4059 -8.77945 -25.7681  255 255 255
-22.1129 -12.2558 28.6995  255 255 255
52.3675 -28.2603 -1.91834  255 255 255
-47.0589 -15.3267 -18.4328  255 255 255
-12.0659 -25.3876 39.1965  255 255 255
-19.5635 -25.4657 39.4375  255 255 255
-16.6267 -26.2721 37.4298  255 255 255
-57.8689 -26.0058 -3.70712  255 255 255
-57.973 -26.09 -4.22174  255 255 255
-61.8436 -25.8599 -6.96938  255 255 255
51.7054 -45.8822 20.2138  255 255 255
-49.2628 -28.8004 -0.533692  255 255 255
-49.2628 -28.8004 -0.533698  255 255 255
-82.8093 -29.6164 0.824475  255 255 255
-58.5884 -34.1788 6.342  255 255 255
52.6159 -53.9827 30.3032  255 255 255
-49.505 -43.4796 17.7192  255 255 255
-58.4933 -46.0268 21.2493  255 255 255
-38.9972 -49.7815 26.1202  255 255 255
-57.8841 -46.9525 23.1666  255 255 255
-60.7513 -47.2079 23.7182  255 255 255
-47.3151 -50.4696 26.9248  255 255 255
-63.0525 -48.4721 25.0888  255 255 255
7.00497 -60.6392 39.2968  255 255 255
25.6336 -63.8846 44.625  255 255 255
12.0166 -64.5806 45.5672  255 255 255
-48.9011 -54.9584 32.88  255 255 255
-11.0822 -62.5462 42.632  255 255 255
63.7499 34.8377 -22.9489  255 255 255
62.8063 23.3081 -34.039  255 255 255
-55.7535 43.2414 -61.6329  255 255 255
33.3728 28.0767 -74.5889  255 255 255
21.5179 24.6214 -71.3144  255 255 255
36.3246 16.1344 -57.7434  255 255 255
41.8945 14.5967 -56.2323  255 255 255
-82.5675 28.8766 -53.3297  255 255 255
-68.7498 25.9429 -63.0203  255 255 255
-65.93 26.0352 -70.9451  255 255 255
-83.2262 25.131 -58.5358  255 255 255
-43.2694 8.7035 -49.241  255 255 255
-37.2246 7.55982 -47.5679  255 255 255
55.3756 -9.92507 -24.1932  255 255 255
-65.6486 4.47857 -43.2014  255 255 255
-31.123 -4.30136 12.0238  255 255 255
66.4733 -21.3203 -7.1226  255 255 255
-44.0634 -2.68065 -34.6549  255 255 255
-58.95 -12.044 -24.7075  255 255 255
-26.0573 -15.3277 27.7054  255 255 255
-10.677 -21.4086 39.605  255 255 255
-23.9371 -22.8715 36.4129  255 255 255
-53.8843 -26.3518 -4.76505  255 255 255
-34.0969 -28.3201 14.6976  255 255 255
-58.878 -29.2798 0.85022  255 255 255
48.9294 -49.7051 23.4643  255 255 255
-47.8867 -42.0347 16.0218  255 255 255
-54.6731 -41.0846 14.8109  255 255 255
-10.0059 -47.6113 36.266  255 255 255
31.8446 -66.6414 47.2876  255 255 255
31.8446 -66.6413 47.2877  255 255 255
26.0237 -66.1537 47.9863  255 255 255
-0.618911 -62.0265 43.0766  255 255 255
23.6434 -68.2092 49.8201  255 255 255
15.2631 -67.5897 49.0881  255 255 255
26.023 -69.6939 51.0927  255 255 255
17.7956 -68.2849 49.8272  255 255 255
63.9126 66.518 -118.931  255 255 255
5.96281 49.8474 -99.4153  255 255 255
63.317 20.4897 -33.3723  255 255 255
57.9383 19.7957 -50.6954  255 255 255
28.368 24.4229 -68.831  255 255 255
-52.2587 30.826 -73.7036  255 255 255
-53.961 29.1645 -72.6808  255 255 255
-16.8891 2.60804 25.0484  255 255 255
-83.1441 20.1427 -61.6219  255 255 255
-12.8728 -1.87365 35.1352  255 255 255
64.0915 -23.5557 -7.33302  255 255 255
63.2827 -25.4006 -6.01722  255 255 255
-9.48512 -12.9557 38.641  255 255 255
-9.48511 -12.9557 38.641  255 255 255
62.5611 -28.9969 -2.36935  255 255 255
50.7062 -32.2925 3.30051  255 255 255
-29.8559 -18.1447 30.1558  255 255 255
-13.8356 -20.654 38.2086  255 255 255
-24.9745 -20.9641 33.2352  255 255 255
-54.8394 -22.8379 -8.49527  255 255 255
-53.6839 -24.0089 -7.74378  255 255 255
-53.6839 -24.0089 -7.74378  255 255 255
-60.2593 -23.0969 -8.16968  255 255 255
-32.8371 -27.4782 19.4215  255 255 255
-52.0447 -31.8724 3.35979  255 255 255
2.71188 -37.2828 37.5506  255 255 255
-3.74292 -40.7454 35.5002  255 255 255
-53.2359 -38.638 11.9561  255 255 255
-49.2696 -45.1123 20.1428  255 255 255
-58.3692 -48.033 23.0597  255 255 255
-62.2486 -49.7839 26.7479  255 255 255
-25.3461 -56.6027 35.0115  255 255 255
0.485939 -65.7817 46.1958  255 255 255
-0.133599 -66.337 47.665  255 255 255
-25.7876 -17.6363 29.1829  255 255 255
-26.2399 -36.7703 24.712  255 255 255
-50.4233 -44.4963 17.3622  255 255 255
30.1523 -65.447 45.1139  255 255 255
25.5278 -67.5412 48.8475  255 255 255
16.7182 -67.6038 48.9774  255 255 255
10.7445 -70.6038 52.8638  255 255 255
29.2777 57.8425 -106.221  255 255 255
67.1068 -2.07658 12.234  255 255 255
-24.5644 -7.10166 22.3043  255 255 255
-20.379 -22.768 35.6306  255 255 255
-27.0484 -6.75045 18.7066  255 255 255
-14.3787 -63.6265 44.1994  255 255 255
-5.28918 -11.971 38.131  255 255 255
-23.996 -14.2667 32.1011  255 255 255
-48.9642 39.9405 -67.4865  255 255 255
26.2994 107.573 -65.7351  255 255 255
62.933 61.7841 -3.12469  255 255 255
60.8097 65.3717 -9.3543  255 255 255
66.6767 57.7607 0.217535  255 255 255
75.2124 111.736 -92.1292  255 255 255
-62.5083 81.1602 -31.0035  255 255 255
72.6635 106.877 -95.079  255 255 255
-8.35137 89.3375 -57.8159  255 255 255
60.9703 34.5024 23.8168  255 255 255
63.9821 51.8963 -8.16051  255 255 255
63.916 48.1982 -8.41121  255 255 255
60.8382 30.1004 21.579  255 255 255
-47.4848 75.1944 -44.1432  255 255 255
65.0211 26.4504 25.2668  255 255 255
57.0337 32.5979 11.2427  255 255 255
25.2791 84.8909 -84.9152  255 255 255
-46.2659 71.2441 -47.0394  255 255 255
-42.0478 71.2913 -49.4725  255 255 255
-42.0478 71.2913 -49.4726  255 255 255
-15.1876 74.8848 -63.9649  255 255 255
58.814 27.0433 15.4461  255 255 255
58.6865 26.6343 16.3251  255 255 255
-45.7413 68.4257 -49.1236  255 255 255
59.0527 24.458 15.9988  255 255 255
57.5446 48.6074 -33.3261  255 255 255
37.4668 81.4099 -95.8821  255 255 255
-54.6227 65.7309 -45.8185  255 255 255
-53.4625 65.3557 -46.9197  255 255 255
28.9329 76.2172 -88.7439  255 255 255
65.4524 17.7073 24.9451  255 255 255
-53.8668 65.3751 -47.4116  255 255 255
58.5107 44.4209 -29.4912  255 255 255
-3.1952 70.3964 -75.7382  255 255 255
59.8374 40.646 -29.5766  255 255 255
17.7143 72.6998 -88.0169  255 255 255
66.3008 16.3557 21.5093  255 255 255
33.2583 70.8144 -93.688  255 255 255
8.32992 69.126 -85.377  255 255 255
56.3915 23.2577 1.12957  255 255 255
64.9783 13.3608 21.5105  255 255 255
63.6611 33.5693 -23.5832  255 255 255
61.5004 36.735 -31.8082  255 255 255
61.5438 35.0355 -28.9009  255 255 255
62.8819 15.9397 13.7746  255 255 255
18.8845 66.7562 -90.6649  255 255 255
59.1839 36.0927 -33.7739  255 255 255
83.6873 72.2726 -123.212  255 255 255
83.6874 72.2726 -123.212  255 255 255
60.2423 15.4219 8.95235  255 255 255
-17.7819 59.9385 -73.9896  255 255 255
60.6212 14.0961 10.3841  255 255 255
66.8867 25.6441 -23.4355  255 255 255
-71.7456 52.8738 -46.701  255 255 255
57.4631 33.8161 -42.0924  255 255 255
-71.3911 51.8339 -46.2938  255 255 255
58.3558 11.0597 1.99107  255 255 255
57.4157 13.0595 -3.57386  255 255 255
56.8828 12.575 -4.77656  255 255 255
-45.4936 49.3764 -63.9734  255 255 255
58.5148 26.4332 -42.3886  255 255 255
64.9898 3.53176 14.4397  255 255 255
58.6786 10.9827 -3.85205  255 255 255
14.5049 53.2707 -98.7867  255 255 255
-41.9267 48.215 -65.5482  255 255 255
57.6578 11.0643 -5.06  255 255 255
-48.9987 47.1476 -62.0733  255 255 255
65.0434 3.7522 10.1571  255 255 255
58.0163 10.2628 -4.94036  255 255 255
-52.275 46.3278 -61.6252  255 255 255
62.0759 5.05885 4.25579  255 255 255
-71.9014 44.221 -50.6104  255 255 255
-58.8292 45.095 -58.6491  255 255 255
-4.70839 48.339 -89.1697  255 255 255
59.7893 6.4075 -1.70574  255 255 255
-78.0265 44.0044 -49.3265  255 255 255
-73.8883 43.7584 -51.1929  255 255 255
29.3058 44.7858 -96.513  255 255 255
-85.5131 42.9562 -44.406  255 255 255
-76.9684 43.4429 -49.0608  255 255 255
-76.3542 43.0363 -48.9925  255 255 255
65.2961 0.154377 11.162  255 255 255
-73.4925 43.1081 -51.4228  255 255 255
-84.2849 39.4097 -47.3411  255 255 255
-27.0779 41.7999 -81.1302  255 255 255
-65.0892 38.9928 -58.2646  255 255 255
-70.4431 39.0106 -55.9644  255 255 255
63.6506 -2.06926 2.3556  255 255 255
65.1833 -3.29137 5.314  255 255 255
62.8584 -2.72016 2.55754  255 255 255
-18.5944 0.613414 25.8862  255 255 255
-8.25817 -4.55857 36.9005  255 255 255
65.8634 -7.94821 8.41823  255 255 255
-70.4013 34.8942 -58.6588  255 255 255
-10.339 -4.89275 36.0132  255 255 255
-10.1002 29.9114 -77.3809  255 255 255
-7.37256 -6.63814 38.2697  255 255 255
-87.9321 33.1621 -49.09  255 255 255
-67.1577 33.6094 -61.7797  255 255 255
66.0786 -8.73373 2.5823  255 255 255
-71.6489 31.9298 -62.1687  255 255 255
-18.9289 24.8094 -69.1052  255 255 255
67.6482 -11.5326 4.47821  255 255 255
-82.1638 30.6659 -54.383  255 255 255
-87.7736 29.4661 -53.0777  255 255 255
66.1659 -13.9242 -0.317033  255 255 255
-27.9485 0.232614 4.97741  255 255 255
68.5579 -16.818 3.26787  255 255 255
-27.083 -0.880048 6.82848  255 255 255
65.9661 -15.5868 -2.08945  255 255 255
-84.5942 24.8558 -57.6912  255 255 255
-29.7287 -2.087 8.40234  255 255 255
-30.8932 -2.23943 9.26279  255 255 255
-18.5955 -12.3168 33.045  255 255 255
-16.9754 -13.1221 33.4778  255 255 255
-22.7442 7.1762 -47.9909  255 255 255
2.77194 -19.3275 38.5875  255 255 255
-17.1027 -14.5201 34.1066  255 255 255
-8.01028 -18.0006 38.5361  255 255 255
-12.5538 -20.3626 38.6667  255 255 255
-19.9175 -19.7957 34.9121  255 255 255
-58.0542 -2.07784 -35.0058  255 255 255
-18.7239 -24.3866 37.6613  255 255 255
-20.0808 -24.5906 38.2016  255 255 255
-17.847 -27.9228 39.7846  255 255 255
-5.25934 -31.6405 42.2874  255 255 255
-54.5577 -13.1889 -20.7767  255 255 255
-15.2286 -30.4256 38.7048  255 255 255
-31.6338 -26.1274 21.4597  255 255 255
-32.157 -26.1629 21.2032  255 255 255
-12.1958 -32.8556 38.8069  255 255 255
-14.2052 -32.2798 37.5305  255 255 255
-26.3146 -30.0165 28.0706  255 255 255
-60.101 -18.7912 -11.9217  255 255 255
-12.0298 -34.741 36.7664  255 255 255
-49.1592 -22.225 -8.37047  255 255 255
-26.526 -32.9618 25.8974  255 255 255
-22.4015 -34.945 29.715  255 255 255
-25.2472 -34.1715 27.745  255 255 255
-54.9488 -25.6453 -4.84177  255 255 255
-51.527 -26.4995 -3.38618  255 255 255
-63.5453 -31.9421 4.76196  255 255 255
-53.9152 -35.2371 7.09861  255 255 255
-51.9948 -36.4258 9.80295  255 255 255
-50.2305 -40.7306 14.4127  255 255 255
57.4934 71.0102 -19.6153  255 255 255
-73.9236 78.5988 -25.178  255 255 255
59.5801 105.983 -88.0197  255 255 255
81.6457 109.483 -99.3509  255 255 255
79.5379 108.74 -97.8509  255 255 255
1.26623 80.0637 -50.4278  255 255 255
73.9074 100.248 -99.8947  255 255 255
39.9294 92.5891 -87.3099  255 255 255
60.5548 30.8816 20.3864  255 255 255
5.12941 82.0166 -72.1809  255 255 255
64.8759 20.9603 27.1606  255 255 255
18.3452 80.3759 -82.7507  255 255 255
-55.9812 68.2821 -43.6665  255 255 255
-75.348 65.1041 -33.5789  255 255 255
12.876 77.2022 -78.665  255 255 255
23.5463 77.2142 -84.1247  255 255 255
68.8608 84.875 -108.819  255 255 255
60.5987 25.024 12.2566  255 255 255
-55.0199 65.6604 -46.4037  255 255 255
30.7044 77.0115 -91.5901  255 255 255
57.4732 22.8466 11.4865  255 255 255
28.9846 69.5056 -91.703  255 255 255
27.9754 69.5786 -92.5315  255 255 255
19.453 67.9678 -87.2316  255 255 255
-67.7396 58.8233 -44.281  255 255 255
-27.7975 61.3199 -65.5739  255 255 255
63.4448 11.5445 15.5106  255 255 255
-44.6878 55.761 -59.9554  255 255 255
-26.8088 56.7655 -69.0671  255 255 255
61.0309 12.2734 5.29947  255 255 255
55.9204 16.6369 -5.36818  255 255 255
66.0198 6.18653 13.1363  255 255 255
61.2552 9.45145 4.4744  255 255 255
59.624 9.90464 2.99686  255 255 255
54.6366 14.3502 -8.62577  255 255 255
-65.4598 47.3041 -52.3094  255 255 255
18.9221 55.3804 -104.536  255 255 255
64.9822 4.13041 10.5625  255 255 255
-12.5966 48.9587 -83.6114  255 255 255
-0.742344 46.4957 -93.6116  255 255 255
-69.8351 42.5235 -53.4604  255 255 255
-84.0053 39.8444 -46.6583  255 255 255
-84.5129 38.0455 -46.9926  255 255 255
-69.7337 37.3881 -57.8268  255 255 255
65.3133 -7.17515 5.68925  255 255 255
-11.6759 -6.18116 36.3951  255 255 255
-20.8099 1.52982 9.38042  255 255 255
-25.144 3.08729 2.34785  255 255 255
-26.2622 21.2778 -64.0546  255 255 255
-63.2739 29.0638 -71.6205  255 255 255
-88.3675 27.0418 -54.4456  255 255 255
-20.0367 -8.34093 30.1173  255 255 255
-39.2444 18.103 -60.6206  255 255 255
-19.3829 11.6152 -50.5487  255 255 255
-29.999 -2.66099 8.87449  255 255 255
4.49263 -16.6892 38.807  255 255 255
-18.5009 11.0554 -53.6209  255 255 255
13.0311 -20.1544 37.221  255 255 255
-27.6523 6.92169 -46.1753  255 255 255
-10.7073 -17.2814 37.8715  255 255 255
64.6121 -21.5565 -9.22864  255 255 255
-48.8313 8.2896 -48.2831  255 255 255
-9.98369 -18.1446 36.9913  255 255 255
67.3312 -24.3809 -5.33328  255 255 255
-23.1519 -19.1007 32.7651  255 255 255
-35.2272 -7.08178 -27.8046  255 255 255
-40.3469 -10.82 -23.3599  255 255 255
-22.6716 -26.4307 34.9172  255 255 255
-29.9347 -25.0707 25.0933  255 255 255
-58.5521 -17.6911 -13.7123  255 255 255
-28.882 -28.4722 28.6798  255 255 255
-47.2916 -20.6758 -11.7874  255 255 255
-60.1521 -19.0882 -12.6589  255 255 255
-49.5246 -22.004 -8.94637  255 255 255
-31.6375 -29.151 20.5775  255 255 255
-30.6676 -29.5794 20.8817  255 255 255
-7.79976 -37.2355 39.8115  255 255 255
58.7156 40.3905 23.98  255 255 255
58.8229 39.594 22.3255  255 255 255
39.6186 90.2062 -88.4367  255 255 255
57.9175 31.1837 15.3731  255 255 255
-78.6451 65.5006 -32.2537  255 255 255
33.5482 81.6818 -89.7287  255 255 255
34.6418 81.5545 -93.05  255 255 255
34.6419 81.5545 -93.0502  255 255 255
65.9738 19.3796 22.0769  255 255 255
30.3836 74.9776 -92.5787  255 255 255
40.1456 72.6454 -101.449  255 255 255
83.8899 74.2499 -124.472  255 255 255
59.126 18.6281 4.68396  255 255 255
55.7396 21.1173 -2.31278  255 255 255
14.1816 63.8106 -89.0167  255 255 255
14.7644 63.1816 -91.3224  255 255 255
57.4276 17.8068 1.25477  255 255 255
58.2383 16.7842 2.26497  255 255 255
43.3364 64.8758 -107.738  255 255 255
64.069 6.70636 15.2231  255 255 255
-54.5238 50.6683 -57.4367  255 255 255
12.443 54.4674 -100.159  255 255 255
60.8849 8.15885 1.5385  255 255 255
-68.397 47.3065 -53.7871  255 255 255
-67.9608 45.8484 -52.1269  255 255 255
62.4269 4.43362 3.31717  255 255 255
58.9362 7.61949 -4.18504  255 255 255
62.9395 18.2125 -36.3644  255 255 255
-69.863 43.1211 -52.5255  255 255 255
-77.8125 42.7488 -48.6619  255 255 255
-40.5681 39.6401 -73.3913  255 255 255
-14.2501 -2.01822 32.4487  255 255 255
-14.2501 -2.01822 32.4487  255 255 255
66.8607 -7.18413 6.53453  255 255 255
-11.2004 21.4692 -64.6535  255 255 255
-6.1757 -10.1948 39.2659  255 255 255
-29.5812 -0.545515 5.74676  255 255 255
-21.6748 8.3406 -49.5196  255 255 255
-29.7843 -12.0535 21.9662  255 255 255
-9.69358 -28.9561 43.1778  255 255 255
-51.4257 -19.509 -12.5658  255 255 255
-55.8826 -20.6658 -11.0167  255 255 255
-29.1228 -33.4746 24.739  255 255 255
-71.5955 -23.4398 -8.22352  255 255 255
-11.0495 95.2359 -52.3352  255 255 255
-11.0495 95.2359 -52.3352  255 255 255
56.4963 50.0086 -35.8613  255 255 255
51.2004 82.0074 -107.449  255 255 255
47.2219 80.0877 -103.854  255 255 255
19.099 70.9331 -88.0545  255 255 255
41.7292 73.1984 -98.4233  255 255 255
-8.80498 60.4597 -78.8767  255 255 255
11.6527 61.817 -88.7738  255 255 255
61.706 14.2886 8.32245  255 255 255
-9.67517 55.6567 -84.1043  255 255 255
-34.4537 50.5584 -69.5118  255 255 255
56.5164 7.93123 -9.65862  255 255 255
-84.6463 38.9614 -47.4883  255 255 255
-67.7376 33.0957 -63.0921  255 255 255
-11.396 20.5379 -65.0314  255 255 255
62.2134 -11.281 -9.48019  255 255 255
66.9242 -16.0029 -1.81381  255 255 255
66.9242 -16.0029 -1.81379  255 255 255
-13.3955 -14.9613 36.328  255 255 255
65.8278 -22.1909 -6.59118  255 255 255
67.3388 -23.6297 -5.55114  255 255 255
3.87125 -36.6311 38.3445  255 255 255
-62.1218 -24.3188 -6.87426  255 255 255
-61.0749 -25.6554 -4.68497  255 255 255
-61.0749 -25.6554 -4.68499  255 255 255
-52.711 -27.679 -2.1807  255 255 255
-37.9594 86.8152 -40.3643  255 255 255
10.4155 66.7157 -94.0966  255 255 255
-55.6504 43.9833 -62.1076  255 255 255
60.1439 -0.819206 -1.37879  255 255 255
5.83851 -16.8034 38.3699  255 255 255
-33.4976 -18.3452 9.48866  255 255 255
-24.6461 -34.8745 27.9254  255 255 255
-54.3006 -30.0059 0.836774  255 255 255
61.7063 15.539 6.87186  255 255 255
5.21542 60.6635 -87.1579  255 255 255
-12.1241 -8.3364 37.2766  255 255 255
-4.1166 -11.4251 39.6351  255 255 255
-28.9681 -17.3231 29.4374  255 255 255
-24.8307 -21.0432 33.8562  255 255 255
13.4963 -31.5931 36.6719  255 255 255
-1.12736 -39.9978 36.1749  255 255 255
-15.2272 -37.0036 34.5629  255 255 255
55.1747 36.2309 9.58029  255 255 255
34.9779 72.139 -92.8219  255 255 255
-51.2739 48.315 -61.3294  255 255 255
-14.5224 25.3511 -70.8042  255 255 255
67.4006 -15.5974 0.983377  255 255 255
-46.9094 71.2153 -46.6348  255 255 255
74.1621 63.0062 -76.415  255 255 255
28.3846 87.6268 -83.1768  255 255 255
80.725 97.6664 -112.552  255 255 255
62.8413 5.35258 16.8832  255 255 255
23.8933 48.6632 -99.8391  255 255 255
37.8424 92.902 -84.9954  255 255 255
85.4176 97.4517 -110.384  255 255 255
20.1612 83.7972 -80.3372  255 255 255
19.7842 80.1334 -82.822  255 255 255
52.236 85.644 -100.25  255 255 255
56.7817 83.5374 -103.087  255 255 255
1.055 74.7459 -74.5249  255 255 255
56.5702 82.1994 -103.468  255 255 255
62.8129 16.2229 14.4474  255 255 255
51.2747 78.7878 -103.177  255 255 255
61.49 73.3936 -113.741  255 255 255
57.8527 34.9995 -41.1767  255 255 255
57.8361 34.6139 -40.4901  255 255 255
-12.6666 43.1563 -38.4423  255 255 255
1.71503 60.2678 -79.694  255 255 255
70.4647 -2.41843 19.383  255 255 255
70.4341 -2.97634 18.8173  255 255 255
70.8255 -3.23666 19.1741  255 255 255
70.025 -4.61098 16.5895  255 255 255
72.664 -7.16293 20.2772  255 255 255
57.309 5.63395 -8.68784  255 255 255
56.9679 5.59017 -9.96933  255 255 255
59.5184 0.999277 -6.44541  255 255 255
69.9884 -8.84446 13.0483  255 255 255
58.497 1.12767 -9.09157  255 255 255
70.245 -13.2825 10.8624  255 255 255
70.3753 -13.8479 10.3481  255 255 255
70.2971 -15.685 9.38485  255 255 255
-9.98531 -11.6545 38.1378  255 255 255
-9.98531 -11.6545 38.1378  255 255 255
70.1538 -17.2151 7.6152  255 255 255
70.1832 -17.5505 7.85674  255 255 255
69.4642 -17.9683 5.66482  255 255 255
70.1155 -20.1031 5.40366  255 255 255
-12.0951 13.0535 -54.1367  255 255 255
-15.9205 9.7382 -50.523  255 255 255
74.0462 -30.4948 6.82686  255 255 255
60.6912 -31.1835 0.934564  255 255 255
-40.0955 5.39135 -44.4881  255 255 255
58.8386 -46.7131 20.1365  255 255 255
-13.3613 -33.9297 37.0596  255 255 255
51.4437 -54.0187 29.9105  255 255 255
-35.3119 -54.5371 32.6096  255 255 255
55.7417 34.2698 8.63934  255 255 255
34.919 82.2217 -90.9934  255 255 255
83.109 85.6956 -117.39  255 255 255
86.7595 70.5555 -125.735  255 255 255
63.1008 7.76653 8.82342  255 255 255
59.6854 29.1978 -38.2574  255 255 255
56.5566 14.4386 -6.65737  255 255 255
54.5658 10.1187 -13.4107  255 255 255
74.9852 -9.55572 23.2602  255 255 255
57.3704 6.75528 -7.99901  255 255 255
41.3793 45.4603 -96.0071  255 255 255
41.4641 45.547 -96.2063  255 255 255
68.0011 -9.81506 8.72904  255 255 255
69.0071 -11.951 9.43583  255 255 255
72.2456 -16.965 12.6397  255 255 255
-32.9462 38.5128 -79.1361  255 255 255
70.4629 -16.6468 8.49224  255 255 255
71.6806 -26.765 4.08027  255 255 255
73.4496 -30.2941 5.92113  255 255 255
72.5646 -31.6332 3.09618  255 255 255
70.8103 -30.4122 -0.475942  255 255 255
76.2481 -35.1943 8.46771  255 255 255
-46.4949 -19.7493 -11.9154  255 255 255
-3.18665 -42.9323 33.8224  255 255 255
-57.9403 -22.9373 -7.9811  255 255 255
7.7993 -64.0438 44.3136  255 255 255
-48.547 -43.8587 18.3735  255 255 255
16.5169 88.6667 -74.5469  255 255 255
37.6718 87.8113 -88.6026  255 255 255
25.1577 81.8172 -84.804  255 255 255
52.5131 86.1441 -99.4931  255 255 255
58.3117 21.7654 6.22253  255 255 255
62.4665 16.4105 13.7287  255 255 255
94.2667 81.9613 -127.339  255 255 255
58.8848 17.303 4.8088  255 255 255
69.0608 1.42738 19.1286  255 255 255
62.6782 26.0792 -32.4036  255 255 255
68.8892 0.213008 17.7472  255 255 255
17.8597 56.7111 -99.5267  255 255 255
-12.6161 53.556 -81.777  255 255 255
73.921 -9.05753 22.1815  255 255 255
70.1358 -16.6386 8.20614  255 255 255
70.8907 -19.0058 8.45585  255 255 255
68.3064 -19.0338 1.40101  255 255 255
67.0391 -20.7673 -3.33839  255 255 255
-15.1597 13.1523 -54.412  255 255 255
55.1221 -53.8868 29.5948  255 255 255
50.5688 -54.2115 30.1372  255 255 255
-54.963 -20.112 -10.3443  255 255 255
1.27132 -61.5288 41.0333  255 255 255
-44.4094 -53.6748 31.3114  255 255 255
38.5047 91.6229 -86.912  255 255 255
57.9193 49.7457 -27.3066  255 255 255
56.9313 22.2739 3.21539  255 255 255
56.723 16.6107 -1.83422  255 255 255
-9.92088 -3.08442 35.4192  255 255 255
69.5482 -10.3889 11.0018  255 255 255
74.1206 -26.9801 10.2208  255 255 255
-17.9784 9.70327 -51.3021  255 255 255
-44.3862 -17.4438 -15.3416  255 255 255
-59.9519 -19.1086 -12.5579  255 255 255
20.4194 -63.782 44.4255  255 255 255
-25.7814 -47.5795 27.6025  255 255 255
16.6427 -67.1544 48.2443  255 255 255
18.0438 54.8824 -99.792  255 255 255
28.721 37.3273 -85.5077  255 255 255
72.1961 -16.4424 13.5574  255 255 255
65.5867 -14.9413 -2.14108  255 255 255
-17.5229 29.5622 -75.6938  255 255 255
21.5135 -65.1064 45.3942  255 255 255
62.6102 -2.16496 0.311574  255 255 255
-1.53151 61.4396 -79.1782  255 255 255
-23.2028 -42.7277 31.3469  255 255 255
-52.5329 -39.6056 13.3844  255 255 255
12.7968 -67.2582 48.4938  255 255 255
70.2604 -1.97298 17.842  255 255 255
32.7086 78.6825 -92.0496  255 255 255
7.28781 67.3384 -84.2838  255 255 255
7.28781 67.3384 -84.2838  255 255 255
-1.56536 65.2595 -79.8224  255 255 255
59.698 24.8196 11.1865  255 255 255
-3.40665 48.465 -90.8858  255 255 255
-42.1076 46.1384 -67.8604  255 255 255
-47.8981 45.8718 -65.1182  255 255 255
-70.6215 44.713 -50.0898  255 255 255
-42.528 44.706 -67.8359  255 255 255
-74.9673 43.4095 -48.4498  255 255 255
-80.7833 42.0741 -47.3765  255 255 255
-13.5592 41.0138 -88.567  255 255 255
-13.06 39.0681 -86.71  255 255 255
-58.0328 38.4493 -63.1211  255 255 255
-62.3586 38.1691 -59.8629  255 255 255
-71.8557 37.2814 -56.5081  255 255 255
1.97291 33.8209 -80.9988  255 255 255
-56.4767 35.4185 -66.1913  255 255 255
60.0235 15.9491 4.68663  255 255 255
-81.4067 34.4778 -57.7197  255 255 255
-79.8639 34.2004 -58.1346  255 255 255
-70.9388 33.0183 -58.8039  255 255 255
-70.9388 33.0183 -58.8039  255 255 255
-70.9838 32.5186 -59.0246  255 255 255
63.1573 16.8889 -36.2724  255 255 255
-74.87 31.2524 -59.2133  255 255 255
-74.9608 30.8599 -58.956  255 255 255
-92.1631 30.902 -48.5488  255 255 255
-74.8681 27.6556 -62.0199  255 255 255
-87.9388 27.4112 -53.5475  255 255 255
-88.9954 27.0474 -54.47  255 255 255
67.0113 4.37829 15.9649  255 255 255
66.5438 4.19563 14.7028  255 255 255
58.1091 4.47355 -7.58387  255 255 255
68.6531 1.80977 18.0007  255 255 255
58.3974 4.03373 -7.19926  255 255 255
-41.7814 15.531 -57.7926  255 255 255
68.5849 1.40816 17.3233  255 255 255
69.2492 0.926492 19.15  255 255 255
-80.0674 18.2923 -62.6981  255 255 255
68.4835 0.44599 16.7384  255 255 255
66.5205 -0.74495 11.5186  255 255 255
-76.6874 13.5839 -56.2627  255 255 255
68.6076 -2.93317 15.1109  255 255 255
62.5958 -4.90081 -3.05029  255 255 255
66.5798 -6.09435 8.03669  255 255 255
65.2568 -7.7958 1.87927  255 255 255
70.081 -8.75123 14.6852  255 255 255
58.787 -10.6082 -17.6723  255 255 255
56.9651 -10.6171 -22.1785  255 255 255
-7.46741 -3.07933 35.9619  255 255 255
1.95379 -4.27605 37.2923  255 255 255
70.0164 -11.6586 11.5149  255 255 255
-12.7905 -3.98045 34.452  255 255 255
70.2165 -13.169 10.7053  255 255 255
-20.7393 -4.46912 27.2415  255 255 255
-5.84332 -5.98665 37.9227  255 255 255
-5.84332 -5.98665 37.9227  255 255 255
-13.3307 -6.71328 35.3192  255 255 255
61.8765 -17.685 -13.7463  255 255 255
73.4857 -20.0464 14.5005  255 255 255
-0.42889 -11.1191 39.4888  255 255 255
65.7447 -22.916 -7.41059  255 255 255
-46.4248 -15.0938 -18.0887  255 255 255
-79.089 -15.4772 -18.684  255 255 255
-22.3043 -16.0512 32.988  255 255 255
-16.5577 -18.9963 36.8621  255 255 255
-25.8293 -19.5113 32.0087  255 255 255
-62.5117 -22.454 -8.92428  255 255 255
-62.6401 -22.5469 -8.20375  255 255 255
-26.4379 -20.394 33.0708  255 255 255
61.9269 -36.0143 6.62796  255 255 255
2.45377 -24.5191 40.5373  255 255 255
-19.8204 -23.7713 37.384  255 255 255
5.03951 -29.3323 43.8103  255 255 255
-47.079 -51.1764 28.3249  255 255 255
17.2513 -60.0986 38.8562  255 255 255
18.2505 -60.6345 39.7901  255 255 255
16.4268 -60.8138 40.1119  255 255 255
13.0167 -61.3078 40.6264  255 255 255
6.74813 -62.2158 42.0485  255 255 255
0.186108 -62.6109 42.6588  255 255 255
13.8483 -64.492 45.0628  255 255 255
10.6303 -64.2751 44.6805  255 255 255
10.6302 -64.2751 44.6805  255 255 255
5.94076 -66.2139 47.4288  255 255 255
56.8102 26.3615 4.68237  255 255 255
12.7156 48.6376 -99.4287  255 255 255
-1.25457 44.1337 -93.193  255 255 255
-84.1921 42.5935 -44.5677  255 255 255
27.7359 40.6048 -89.5088  255 255 255
4.26743 42.5766 -91.4706  255 255 255
-10.1042 42.338 -90.5325  255 255 255
-5.08592 40.9442 -88.941  255 255 255
-68.6636 40.3429 -53.3756  255 255 255
-75.9591 37.8354 -51.006  255 255 255
-56.8427 34.2969 -68.441  255 255 255
-56.8427 34.2969 -68.441  255 255 255
-90.309 31.3352 -48.6754  255 255 255
-77.2903 30.2511 -62.4173  255 255 255
62.9878 5.42422 7.28766  255 255 255
-4.8976 15.5877 -57.1657  255 255 255
-85.52 20.0646 -61.4007  255 255 255
-82.6204 19.3082 -63.6081  255 255 255
-61.3948 16.8995 -60.275  255 255 255
-79.8355 14.6281 -57.0123  255 255 255
-20.6214 2.85127 7.78444  255 255 255
58.9288 -13.2835 -18.993  255 255 255
5.42137 -8.18972 37.3069  255 255 255
20.7145 -12.5546 27.4207  255 255 255
-82.3707 -6.558 -30.112  255 255 255
10.9774 -14.1472 35.2003  255 255 255
-43.6918 -17.5831 -14.8018  255 255 255
-85.5583 -15.8149 -18.1989  255 255 255
60.3564 -30.735 -0.679162  255 255 255
20.6918 -23.8093 36.0826  255 255 255
-63.0535 -22.077 -10.2267  255 255 255
17.4289 -26.3192 39.5902  255 255 255
-24.0786 -23.4613 36.6106  255 255 255
-6.89704 -26.8159 41.3495  255 255 255
-28.4467 -32.7995 25.235  255 255 255
-32.5551 -41.6691 22.9271  255 255 255
14.6956 -64.1571 44.3841  255 255 255
11.111 -64.8402 45.3498  255 255 255
25.133 48.482 -99.2901  255 255 255
-82.2422 45.1717 -42.6661  255 255 255
-9.60167 39.5136 -87.4692  255 255 255
-83.3631 39.3959 -47.3676  255 255 255
22.0132 32.2314 -78.3494  255 255 255
16.842 28.4686 -74.2353  255 255 255
-31.7205 30.2305 -76.6052  255 255 255
-78.1351 30.4689 -62.3516  255 255 255
-85.0125 28.576 -54.765  255 255 255
-17.6146 22.8839 -66.3419  255 255 255
-38.3293 24.6161 -68.6848  255 255 255
1.73346 18.5314 -60.9757  255 255 255
-84.8203 24.1008 -58.1129  255 255 255
-35.9912 14.0372 -56.2118  255 255 255
-85.0765 16.8078 -59.8342  255 255 255
12.5607 -8.12681 34.1054  255 255 255
5.52961 -7.64575 37.4836  255 255 255
-73.0699 -3.78136 -33.603  255 255 255
5.26543 -11.0595 38.3807  255 255 255
-71.3721 -8.28939 -28.0688  255 255 255
-44.1875 -18.2286 -13.7358  255 255 255
5.7097 -17.8566 38.0801  255 255 255
-12.7694 -17.1221 36.8014  255 255 255
-18.1912 -18.2634 35.7189  255 255 255
-3.47095 -29.2255 43.6903  255 255 255
-74.1025 -32.3258 3.34776  255 255 255
-11.5709 -36.6225 36.1288  255 255 255
-81.9915 -36.0352 8.80472  255 255 255
9.41236 -63.8829 44.3001  255 255 255
-0.431445 42.9695 -92.6531  255 255 255
-0.0511655 42.1159 -91.0524  255 255 255
-0.0511708 42.1159 -91.0524  255 255 255
-80.1442 20.6384 -64.072  255 255 255
-80.5075 18.0415 -61.5207  255 255 255
68.8939 -13.1143 7.02429  255 255 255
-71.567 -4.82411 -31.7289  255 255 255
-31.1638 -7.34334 16.005  255 255 255
11.9923 -17.0406 34.2397  255 255 255
-66.7058 -17.1558 -16.0261  255 255 255
13.5826 -19.6178 36.4798  255 255 255
-80.3734 -16.314 -16.656  255 255 255
61.6778 27.1241 -33.6121  255 255 255
-15.2043 11.7794 -52.2245  255 255 255
14.2305 -18.269 34.5127  255 255 255
-1.18114 -16.951 39.3066  255 255 255
-28.5634 -20.2338 32.9153  255 255 255
10.3831 -25.0219 38.3951  255 255 255
-47.5566 -41.3185 14.8909  255 255 255
-32.7494 30.8134 -77.5097  255 255 255
-99.7192 16.4242 -59.8479  255 255 255
7.09825 0.231349 32.9287  255 255 255
-70.1979 6.51871 -46.7312  255 255 255
68.0757 -8.71931 9.07141  255 255 255
3.36988 -7.88685 37.8679  255 255 255
-76.1472 -28.549 -1.10204  255 255 255
-99.0952 14.9066 -57.635  255 255 255
70.9873 -15.9544 10.909  255 255 255
-66.372 -4.14272 -31.8292  255 255 255
-81.7104 -15.464 -18.387  255 255 255
4.00626 -21.1124 39.3701  255 255 255
6.13077 -35.2563 39.8564  255 255 255
-48.9162 229.571 -139.165  255 255 255
-65.0022 247.169 -163.105  255 255 255
-101.853 215.528 -138.46  255 255 255
-15.8462 214.741 -148.021  255 255 255
-18.7002 213.064 -147.398  255 255 255
-24.6539 211.779 -145.895  255 255 255
-19.6166 211.777 -147.729  255 255 255
111.509 230.461 -197.158  255 255 255
-133.639 204.126 -136.536  255 255 255
111.646 228.434 -197.052  255 255 255
111.646 228.434 -197.052  255 255 255
-137.108 185.097 -116.157  255 255 255
-59.1976 155.801 -91.0803  255 255 255
-120.37 144.665 -67.1901  255 255 255
-71.9342 121.906 -34.2296  255 255 255
17.779 134.355 -65.6631  255 255 255
18.2539 134.13 -66.2043  255 255 255
-103.344 137.212 -64.6742  255 255 255
-103.223 137.185 -65.7689  255 255 255
-12.5583 123.202 -51.5452  255 255 255
9.72923 126.93 -60.5515  255 255 255
13.2654 125.856 -60.743  255 255 255
-107.377 133.983 -66.0191  255 255 255
25.7638 126.083 -64.5246  255 255 255
-124.148 139.447 -78.556  255 255 255
-124.148 139.447 -78.5561  255 255 255
-124.305 137.881 -78.5927  255 255 255
2.56022 116.85 -53.6649  255 255 255
-124.426 135.081 -76.6974  255 255 255
-171.944 156.649 -115.898  255 255 255
-133.19 136.726 -81.029  255 255 255
-157.116 152.146 -110.359  255 255 255
-159.28 151.834 -111.763  255 255 255
-171.609 153.777 -114.495  255 255 255
-162.836 149.988 -109.041  255 255 255
-126.98 126.86 -72.4699  255 255 255
44.7078 116.28 -69.1488  255 255 255
41.8799 115.557 -68.2267  255 255 255
-17.6891 116.726 -68.3109  255 255 255
47.9292 115.491 -73.4691  255 255 255
-128.342 119.817 -68.8355  255 255 255
13.631 107.195 -58.0355  255 255 255
5.07717 104.995 -52.6035  255 255 255
47.4362 113.033 -75.2584  255 255 255
60.35 115.261 -81.1836  255 255 255
64.6879 115.578 -83.394  255 255 255
47.6216 111.628 -75.2007  255 255 255
14.5549 105.571 -60.5526  255 255 255
24.7383 106.118 -65.7497  255 255 255
26.5868 106.423 -67.0903  255 255 255
14.2277 103.273 -61.895  255 255 255
9.86027 102.222 -59.8057  255 255 255
64.4742 109.796 -87.5124  255 255 255
13.7802 100.641 -63.5014  255 255 255
26.9542 103.08 -71.1895  255 255 255
-32.0865 91.5111 -39.6283  255 255 255
77.3312 110.027 -94.9797  255 255 255
-109.414 91.5921 -34.4691  255 255 255
47.584 104.216 -81.4677  255 255 255
54.0633 104.649 -85.4848  255 255 255
19.2477 98.1822 -69.1788  255 255 255
-61.0877 81.916 -30.3949  255 255 255
-45.7753 33.2213 93.3773  255 255 255
40.7096 95.1352 -84.613  255 255 255
28.2444 92.5952 -78.758  255 255 255
-89.9832 73.2146 -17.656  255 255 255
67.7317 97.2719 -99.0059  255 255 255
37.1286 92.7949 -84.5207  255 255 255
-47.4912 77.2217 -41.3467  255 255 255
-81.9385 71.972 -24.0912  255 255 255
72.719 93.903 -103.895  255 255 255
19.5955 85.9977 -78.666  255 255 255
19.5955 85.9977 -78.6661  255 255 255
-70.7346 71.7772 -31.1413  255 255 255
-44.685 75.6123 -45.3066  255 255 255
6.07408 82.2619 -71.6603  255 255 255
-39.7261 75.5612 -47.7768  255 255 255
4.85146 81.8387 -71.8185  255 255 255
3.95456 81.4324 -70.901  255 255 255
-90.1641 67.2291 -20.6227  255 255 255
-50.0113 73.4062 -43.3229  255 255 255
-101.788 70.1169 -31.7923  255 255 255
-73.8773 68.228 -32.6231  255 255 255
-57.2989 70.4618 -40.8298  255 255 255
-57.2989 70.4618 -40.8298  255 255 255
-42.0826 71.5518 -50.0272  255 255 255
50.5178 79.9048 -101.953  255 255 255
-60.8425 65.247 -42.5679  255 255 255
-83.4299 61.0506 -30.361  255 255 255
-1.25866 72.221 -76.6988  255 255 255
-0.627972 71.6039 -77.0663  255 255 255
35.5085 75.5065 -96.3488  255 255 255
-82.2573 60.4738 -32.2218  255 255 255
17.7976 73.0189 -87.726  255 255 255
57.791 75.3938 -109.042  255 255 255
-43.3788 63.4262 -55.1368  255 255 255
2.06996 65.8883 -82.3345  255 255 255
-73.1266 53.6632 -42.8469  255 255 255
-88.1757 51.8182 -34.9707  255 255 255
-35.1969 56.7193 -64.6843  255 255 255
-36.2643 56.6458 -64.5117  255 255 255
-42.8039 55.0065 -61.4065  255 255 255
-165.489 71.287 -129.5  255 255 255
-52.7774 48.9205 -58.7548  255 255 255
-64.7848 46.2252 -52.3678  255 255 255
-91.6984 40.7208 -39.4863  255 255 255
-56.3828 39.0486 -63.7981  255 255 255
1.83013 28.6236 -74.5123  255 255 255
-63.0853 28.3519 -67.7935  255 255 255
0.256002 18.1155 -61.6654  255 255 255
107.154 237.534 -201.865  255 255 255
105.861 237.47 -204.499  255 255 255
-39.4018 150.645 -58.4772  255 255 255
-47.2019 179.184 -103.236  255 255 255
-59.0237 175.591 -98.5963  255 255 255
-105.508 156.881 -72.408  255 255 255
2.24444 145.235 -65.1958  255 255 255
-3.09802 144.953 -64.5889  255 255 255
-9.58095 141.243 -61.1045  255 255 255
-103.481 137.884 -64.2798  255 255 255
17.3103 130.584 -64.7783  255 255 255
9.29765 127.087 -59.4956  255 255 255
16.983 128.42 -63.2201  255 255 255
13.5206 127.556 -61.973  255 255 255
10.9835 126.224 -60.3086  255 255 255
16.3919 122.975 -60.2792  255 255 255
-63.6649 115.28 -38.6476  255 255 255
-82.9684 112.279 -31.7066  255 255 255
-121.65 137.476 -78.2081  255 255 255
-121.724 135.936 -77.5449  255 255 255
-47.4855 108.723 -35.2001  255 255 255
-34.5069 65.5327 47.3678  255 255 255
-126.576 124.404 -72.0358  255 255 255
0.958099 103.225 -52.3922  255 255 255
59.4032 113.521 -81.8973  255 255 255
27.0264 107.6 -66.9216  255 255 255
-5.15144 99.8262 -49.1713  255 255 255
-3.72636 100.241 -50.4879  255 255 255
34.4647 98.6182 -77.8469  255 255 255
-62.1366 80.2186 -30.6982  255 255 255
57.5002 98.0261 -92.2063  255 255 255
50.9937 96.6751 -89.8557  255 255 255
-56.8156 77.2092 -35.8636  255 255 255
-73.4349 74.3561 -27.1386  255 255 255
-55.7301 77.3893 -37.0052  255 255 255
-47.6117 75.6412 -43.5701  255 255 255
-88.2834 68.785 -21.9823  255 255 255
-1.34451 81.2987 -68.0062  255 255 255
-7.58948 80.2233 -64.8523  255 255 255
-101.767 70.7572 -31.594  255 255 255
-165.784 97.9138 -143.597  255 255 255
-165.815 96.5437 -144.561  255 255 255
-68.2967 51.6469 -47.0488  255 255 255
-48.8281 50.0782 -60.9411  255 255 255
-9.06022 40.5178 -89.8227  255 255 255
-54.6422 33.6251 -69.5809  255 255 255
-70.5158 25.4842 -65.4168  255 255 255
-2.9232 15.8014 -57.8465  255 255 255
-29.9451 235.765 -157.653  255 255 255
43.3028 238.011 -177.929  255 255 255
43.3026 238.01 -177.928  255 255 255
-25.7949 209.845 -144.915  255 255 255
-40.1859 206.579 -140.269  255 255 255
115.502 233.315 -198.373  255 255 255
-77.9225 165.913 -87.6574  255 255 255
-106.155 159.183 -75.7824  255 255 255
-8.33459 142.93 -62.2652  255 255 255
-14.2789 140.44 -59.3326  255 255 255
-2.62894 142.074 -63.7342  255 255 255
-0.768029 141.295 -63.1739  255 255 255
-8.71502 139.072 -60.2047  255 255 255
22.3366 140.099 -69.642  255 255 255
-91.1161 133.68 -49.9856  255 255 255
-13.4424 132.508 -56.0446  255 255 255
17.0748 134.77 -65.5052  255 255 255
16.6626 131.119 -63.858  255 255 255
-101.969 137.742 -64.9136  255 255 255
18.8606 130.978 -65.0265  255 255 255
10.9213 129.156 -62  255 255 255
-109.946 136.144 -63.1463  255 255 255
-5.60563 123.704 -54.2832  255 255 255
-10.7383 122.027 -51.7649  255 255 255
4.37043 119.631 -55.5126  255 255 255
-3.05089 116.698 -51.8967  255 255 255
6.99271 117.672 -55.1537  255 255 255
0.117713 115.719 -52.3223  255 255 255
-109.301 128.706 -69.0289  255 255 255
10.5022 113.945 -53.881  255 255 255
30.6676 115.112 -61.6876  255 255 255
-148.444 137.794 -90.7961  255 255 255
-123.017 120.593 -70.3473  255 255 255
15.0445 103.716 -62.2754  255 255 255
-131.639 109.894 -66.5167  255 255 255
72.9859 108.294 -93.9912  255 255 255
-35.4753 90.2166 -39.8154  255 255 255
-53.02 86.6864 -32.5996  255 255 255
60.3685 103.043 -89.7811  255 255 255
-1.43185 92.1652 -59.0683  255 255 255
-59.9874 78.6969 -33.1461  255 255 255
-81.9684 72.4563 -23.9314  255 255 255
-50.9683 75.9479 -40.2766  255 255 255
-87.684 68.8404 -22.6232  255 255 255
-54.5638 69.2206 -43.3563  255 255 255
-54.5374 69.1841 -43.2572  255 255 255
-47.482 70.502 -47.2979  255 255 255
59.2606 81.3468 -105.932  255 255 255
-167.633 71.8201 -130.059  255 255 255
-134.176 53.2645 -104.8  255 255 255
-138.605 52.9506 -106.175  255 255 255
15.4984 32.5504 -79.8603  255 255 255
-68.1291 24.1918 -67.6399  255 255 255
-32.8919 23.9554 -68.8648  255 255 255
-39.7887 16.632 -58.9382  255 255 255
-58.7143 217.771 -148.003  255 255 255
-21.048 128.218 -55.2172  255 255 255
4.46973 122.836 -56.2115  255 255 255
-22.1584 109.546 -47.4339  255 255 255
64.0559 120.715 -79.2879  255 255 255
13.4629 110.33 -55.2903  255 255 255
33.2573 113.447 -65.4351  255 255 255
18.6222 105.103 -64.0929  255 255 255
-3.54093 99.6085 -50.8829  255 255 255
14.5538 98.8359 -65.3659  255 255 255
-93.2476 75.7725 -11.8806  255 255 255
-84.0854 76.6319 -17.6742  255 255 255
-19.4794 86.8962 -52.1701  255 255 255
-112.19 84.5633 -44.4572  255 255 255
-149.814 99.6945 -110.645  255 255 255
-79.3459 63.3716 -31.5584  255 255 255
-72.3052 48.6039 -46.6827  255 255 255
-75.9745 208.793 -138.409  255 255 255
117.688 230.942 -198.851  255 255 255
-50.1926 163.252 -92.8023  255 255 255
-50.1453 163.009 -92.4712  255 255 255
23.6963 144.795 -71.4533  255 255 255
18.0771 134.943 -65.472  255 255 255
29.1596 128.82 -66.8786  255 255 255
-47.056 101.731 -37.1589  255 255 255
-6.55341 98.4975 -51.3424  255 255 255
23.851 99.7543 -70.0801  255 255 255
-93.3809 82.5473 -17.8469  255 255 255
-40.6978 89.072 -38.1139  255 255 255
-92.3131 80.9172 -16.9466  255 255 255
4.73248 95.6509 -62.3046  255 255 255
-83.8314 47.7315 -40.1526  255 255 255
-48.8622 211.229 -138.997  255 255 255
-45.0385 169.246 -97.3259  255 255 255
16.5072 132.282 -64.4652  255 255 255
-72.9892 23.2341 -65.3588  255 255 255
-20.6926 216.427 -139.299  255 255 255
-59.8232 173.349 -94.8032  255 255 255
-86.853 161.822 -83.2983  255 255 255
-0.266092 103.054 -51.4716  255 255 255
75.8389 100.284 -101.096  255 255 255
121.542 233.947 -199.322  255 255 255
121.542 233.947 -199.322  255 255 255
26.3306 143.793 -72.5365  255 255 255
22.882 135.346 -69.3601  255 255 255
22.7607 134.824 -68.635  255 255 255
-106.675 137.817 -62.3013  255 255 255
14.7179 126.07 -62.2271  255 255 255
-20.9022 46.538 -75.8408  255 255 255
6.08528 118.529 -56.0312  255 255 255
32.5018 108.621 -67.9701  255 255 255
-72.2592 120.596 -36.9893  255 255 255
-2.48673 102.15 -49.8312  255 255 255
-1.15454 61.1931 0.99789  255 255 255
22.848 76.5014 -87.6012  255 255 255
-9.61351 65.9862 -75.1714  255 255 255
-77.6983 44.9665 -46.555  255 255 255
-62.8013 37.9543 -59.3417  255 255 255
-62.8013 37.9543 -59.3417  255 255 255
-60.3328 37.9245 -61.551  255 255 255
-56.079 37.6478 -64.7423  255 255 255
-56.2346 37.3013 -64.7579  255 255 255
-56.2346 37.3013 -64.7579  255 255 255
-66.4243 37.8477 -58.0045  255 255 255
54.689 3.9683 -16.9547  255 255 255
-75.606 35.6461 -54.8919  255 255 255
-69.5459 34.9604 -57.8336  255 255 255
-69.5459 34.9604 -57.8336  255 255 255
-12.173 4.80572 25.7351  255 255 255
-71.2462 32.2787 -58.7425  255 255 255
-70.3213 32.2963 -60.4507  255 255 255
-71.5762 31.7089 -59.0705  255 255 255
-75.707 30.8838 -58.1541  255 255 255
-75.7024 30.6457 -58.6589  255 255 255
-78.8736 31.1809 -60.5674  255 255 255
1.94474 -4.26876 37.2992  255 255 255
-17.2525 14.3763 -56.5406  255 255 255
64.7215 -14.5282 -3.71602  255 255 255
-6.22857 -7.02412 38.323  255 255 255
61.7807 -17.6714 -13.6206  255 255 255
-5.13415 -9.72386 39.1074  255 255 255
0.0429587 -11.1456 39.5623  255 255 255
-38.3776 6.35797 -44.9258  255 255 255
18.9776 -15.8862 31.6152  255 255 255
65.3945 -22.4622 -7.58085  255 255 255
65.6859 -23.6361 -7.55082  255 255 255
-0.600744 -17.2685 39.2995  255 255 255
3.69727 -19.7117 38.1388  255 255 255
7.27683 -21.2066 39.0028  255 255 255
61.0251 -32.6698 2.9668  255 255 255
-6.93064 -19.6668 38.4085  255 255 255
-10.5813 -23.3067 39.6921  255 255 255
-28.0455 -19.0977 31.3105  255 255 255
-28.4833 -20.6473 33.6844  255 255 255
-6.34856 -28.6795 43.2285  255 255 255
-4.00897 -32.1151 41.6976  255 255 255
1.90201 -37.1644 37.7734  255 255 255
-13.7406 -33.3248 37.6841  255 255 255
-50.1036 -26.3405 -3.40416  255 255 255
-60.6956 -23.9452 -6.66597  255 255 255
-61.1581 -24.0289 -6.37026  255 255 255
-50.0881 -26.7797 -2.94002  255 255 255
-63.7812 -23.5259 -6.9897  255 255 255
44.7949 -52.6918 29.1072  255 255 255
-73.9596 -22.5289 -8.13555  255 255 255
69.5088 77.2405 -110.631  255 255 255
27.3635 74.1318 -90.1871  255 255 255
13.5654 70.2906 -83.1589  255 255 255
-56.5994 64.0183 -46.9128  255 255 255
-57.5843 46.2637 -59.0705  255 255 255
-77.7758 44.3419 -46.709  255 255 255
-76.8912 41.5504 -49.3054  255 255 255
1.91542 20.7105 -61.3831  255 255 255
-78.0762 29.447 -62.8878  255 255 255
3.07218 -7.87833 38.2284  255 255 255
-23.668 2.62827 3.01824  255 255 255
-21.1357 -7.61804 28.6573  255 255 255
-35.5324 -8.21694 -24.6088  255 255 255
-10.7943 7.08176 21.7733  255 255 255
9.04366 -0.135457 31.8545  255 255 255
-64.7686 30.7933 -80.0206  255 255 255
-30.6334 -15.1647 25.6831  255 255 255
-22.5815 -19.0152 33.0771  255 255 255
-24.1575 -29.803 31.4442  255 255 255
-49.5316 -26.8331 -2.82162  255 255 255
-48.7505 -30.111 1.34811  255 255 255
17.0661 28.3286 -74.9173  255 255 255
-33.8311 -30.7886 13.1686  255 255 255
-2.22965 48.0843 -87.3239  255 255 255
-53.431 41.9808 -63.8586  255 255 255
61.8682 -17.1474 -12.5264  255 255 255
-49.6843 -30.8363 1.926  255 255 255
11.6781 -8.46309 34.0166  255 255 255
-21.827 -12.2957 28.0489  255 255 255
90.5115 82.9748 -124.453  255 255 255
-2.70232 31.1362 -77.9815  255 255 255
-32.3195 25.9572 -70.9892  255 255 255
59.6617 11.9283 -50.6093  255 255 255
-92.1418 24.8088 -53.4992  255 255 255
-67.4393 17.9829 -61.1663  255 255 255
-16.9343 -2.29956 30.3897  255 255 255
-75.2971 -5.28447 -31.3165  255 255 255
-83.6608 -6.39927 -30.4229  255 255 255
-83.8774 -6.76878 -29.8472  255 255 255
-19.0397 -14.8538 32.2539  255 255 255
-45.1675 -14.8212 -19.1471  255 255 255
-18.5799 -15.2411 32.7091  255 255 255
-64.8174 -13.6581 -20.3499  255 255 255
-46.5298 -15.518 -18.1948  255 255 255
-16.3714 -16.4183 34.3499  255 255 255
-78.5423 -13.8464 -20.7361  255 255 255
-2.25812 -20.6262 38.9227  255 255 255
-13.2907 -19.9864 38.1447  255 255 255
-43.1672 -37.7128 12.7639  255 255 255
56.6323 17.3969 -55.5898  255 255 255
-45.4619 -13.5346 -20.8985  255 255 255
-58.0172 -22.9691 -8.35864  255 255 255
-80.5639 -24.0905 -7.16632  255 255 255
-44.4738 -4.90147 -31.6235  255 255 255
-78.0413 -14.2908 -19.9691  255 255 255
-61.0221 -25.4447 -5.5828  255 255 255
59.4204 13.2944 -50.2364  255 255 255
-66.4191 -3.83558 -33.3084  255 255 255
-72.8295 -7.95447 -28.4472  255 255 255
-43.8734 -16.8302 -16.0647  255 255 255
-12.0986 -10.5472 37.0115  255 255 255
-47.5936 -41.1832 15.3737  255 255 255
-45.2501 -44.8264 19.7506  255 255 255
-46.342 -45.9962 21.5787  255 255 255
15.0361 29.2142 -73.5228  255 255 255
-91.8276 38.5448 -43.3163  255 255 255
-50.1041 32.3718 -75.4485  255 255 255
-46.6091 31.5131 -77.7691  255 255 255
-49.6106 28.0714 -74.3494  255 255 255
-34.0766 20.2285 -63.7253  255 255 255
-48.3892 14.8905 -57.7099  255 255 255
-26.3703 28.9491 -75.5457  255 255 255
