ply
format ascii 1.0
element vertex 22122
property float x
property float y
property float z
property uchar red
property uchar green
property uchar blue
end_header
-9.62425 -11.9 151.294 0 255 0
2.80801 -11.0936 149.441 0 255 0
-64.038 -43.3174 135.899 0 255 0
-73.8686 -44.7525 139.021 0 255 0
-27.3883 -20.107 145.268 0 255 0
-42.5604 -18.5697 164.739 0 255 0
-54.4866 -17.9437 163.457 0 255 0
-21.0919 -17.5188 147.5 0 255 0
-55.8036 -39.4237 138.007 0 255 0
-70.7048 -44.3011 138.937 0 255 0
-9.19153 -11.6174 148.142 0 255 0
-2.85508 -11.7227 150.825 0 255 0
-34.1523 -25.1667 142.584 0 255 0
-40.0237 -18.2471 163.166 0 255 0
-40.2224 -17.8691 163.059 0 255 0
-7.0895 -12.4856 149.061 0 255 0
-62.5982 36.6583 -37.6218  255 255 255
21.7051 -15.4526 20.805  255 255 255
51.1702 -0.301063 -6.04527  255 255 255
51.3717 -1.43959 -6.42843  255 255 255
44.2703 75.4151 -87.4518  255 255 255
-10.7101 -5.71632 30.3496  255 255 255
17.8595 36.9348 -75.5927  255 255 255
-9.61455 -8.48682 32.6533  255 255 255
-14.1578 -5.45125 27.8583  255 255 255
-50.9286 42.7502 -43.5877  255 255 255
19.7681 60.7505 -82.4601  255 255 255
-54.5657 36.951 -45.8293  255 255 255
-30.7319 -53.8127 30.5803  255 255 255
-54.1589 39.8525 -42.7173  255 255 255
-73.7363 16.5541 -46.3083  255 255 255
-66.0678 27.9461 -45.199  255 255 255
-62.7564 30.3852 -45.4409  255 255 255
-80.0311 40.475 -24.5108  255 255 255
-67.2123 40.5979 -31.7394  255 255 255
-77.7154 29.6663 -35.2736  255 255 255
-82.4001 24.1226 -36.2025  255 255 255
-81.7714 23.0894 -37.869  255 255 255
-72.906 38.163 -30.9544  255 255 255
-67.8821 38.5335 -34.0818  255 255 255
-77.943 33.7561 -31.382  255 255 255
-66.9719 40.3555 -33.1231  255 255 255
-76.0067 37.082 -29.746  255 255 255
-70.0419 32.9028 -34.8086  255 255 255
-62.76 31.3182 -44.8225  255 255 255
11.2697 -33.1681 32.9918  255 255 255
-43.2622 47.1054 -45.6957  255 255 255
-71.8101 31.8802 -36.7198  255 255 255
-62.2494 33.4731 -43.0158  255 255 255
-60.3625 40.9725 -37.6644  255 255 255
-67.3358 39.8578 -32.8095  255 255 255
-55.672 39.3684 -42.7183  255 255 255
-55.4362 39.9641 -42.5215  255 255 255
-73.9032 26.366 -45.1795  255 255 255
-78.0413 39.9658 -24.957  255 255 255
-57.6158 48.2478 -33.054  255 255 255
-27.2332 55.795 -50.1737  255 255 255
-12.0991 62.8633 -55.1438  255 255 255
9.73069 69.024 -67.353  255 255 255
-28.4911 57.7961 -47.5768  255 255 255
-39.3022 54.1278 -42.3411  255 255 255
-2.11385 67.2855 -59.5196  255 255 255
1.75012 -16.4532 36.1487  255 255 255
-4.57304 -6.46057 34.0498  255 255 255
-20.6246 -3.84123 13.7439  255 255 255
47.521 8.59073 -8.96064  255 255 255
-9.60724 -1.87267 27.8338  255 255 255
4.54299 -6.93269 32.163  255 255 255
-1.08383 -7.858 34.1024  255 255 255
-4.39613 -7.72667 33.9043  255 255 255
20.4134 60.1788 -82.8483  255 255 255
-9.91215 -3.25539 28.8553  255 255 255
-7.32775 -9.10978 33.8969  255 255 255
20.4135 60.179 -82.8482  255 255 255
48.6048 29.5521 -32.826  255 255 255
20.2115 55.2144 -87.3772  255 255 255
-15.3632 -13.0113 30.163  255 255 255
-8.52067 49.6197 -70.039  255 255 255
46.4973 8.01752 -11.0729  255 255 255
-8.57157 -25.6715 35.7695  255 255 255
-20.6008 -31.975 27.9792  255 255 255
1.26755 -32.1863 38.0731  255 255 255
-0.58965 -8.42881 34.5141  255 255 255
-6.83443 -20.0729 35.0091  255 255 255
-6.34827 -23.2468 34.863  255 255 255
49.7148 6.30042 -5.1848  255 255 255
-2.49161 -20.5504 35.5818  255 255 255
57.5111 -21.2667 -5.66886  255 255 255
-8.95452 -21.2981 33.9672  255 255 255
5.98621 -0.0410048 23.1503  255 255 255
18.0831 32.7063 -68.6037  255 255 255
0.877498 -22.2441 34.9142  255 255 255
-8.90266 -20.7041 34.1801  255 255 255
-9.12939 -22.0862 33.7291  255 255 255
24.7102 67.089 -80.6066  255 255 255
40.4526 69.151 -89.3946  255 255 255
50.8845 1.8401 -4.94778  255 255 255
-1.25931 -22.0467 35.123  255 255 255
5.4634 51.4637 -79.5572  255 255 255
2.76634 -12.5191 35.1984  255 255 255
-4.08621 -17.2259 35.9159  255 255 255
-4.12611 -18.2905 35.9646  255 255 255
2.25865 -20.2246 35.2794  255 255 255
-11.8049 -17.2477 33.0893  255 255 255
-13.3982 -17.3415 32.1161  255 255 255
0.925927 45.7409 -81.1259  255 255 255
47.3837 11.6818 -6.77902  255 255 255
-81.4314 35.3456 -26.5952  255 255 255
-36.193 -52.3296 29.2067  255 255 255
-75.3054 34.8907 -32.0391  255 255 255
-80.9862 31.729 -30.3988  255 255 255
-57.4262 46.5807 -34.8813  255 255 255
-60.6861 44.2584 -33.7697  255 255 255
-58.813 39.0295 -40.782  255 255 255
-75.1408 37.5786 -30.1077  255 255 255
-78.8034 39.3686 -24.8214  255 255 255
-67.5899 37.6831 -35.1653  255 255 255
-65.9171 45.5856 -29.0257  255 255 255
-69.817 36.814 -34.5601  255 255 255
-75.203 41.3894 -25.6734  255 255 255
-65.6639 43.9583 -30.674  255 255 255
-69.4569 37.592 -33.4147  255 255 255
-73.0303 34.8739 -29.6808  255 255 255
-78.5171 40.7452 -24.9633  255 255 255
-24.2444 -3.07224 8.51629  255 255 255
-66.6129 40.9791 -32.6566  255 255 255
-54.244 41.5337 -41.6797  255 255 255
-9.04354 -31.304 37.3784  255 255 255
-12.2571 -30.7137 36.2737  255 255 255
-8.71417 -31.3156 37.555  255 255 255
-9.90987 -4.55233 29.933  255 255 255
-17.0693 -7.71797 26.4184  255 255 255
-3.38957 60.132 -64.869  255 255 255
-1.64627 -12.5107 35.8387  255 255 255
-17.6432 55.1686 -58.3897  255 255 255
47.5684 12.3422 -6.32649  255 255 255
-12.3722 56.3731 -61.3701  255 255 255
-18.2632 55.2347 -57.3312  255 255 255
-2.65992 -13.5513 35.9214  255 255 255
48.8585 2.29222 -9.30484  255 255 255
-16.2559 57.0264 -57.4704  255 255 255
6.77815 54.4575 -77.5486  255 255 255
37.0588 76.1018 -81.6681  255 255 255
-27.8942 54.2286 -50.5793  255 255 255
-2.24418 -16.2871 36.1624  255 255 255
1.04262 -12.4418 35.6678  255 255 255
48.534 31.0512 -32.1082  255 255 255
36.9061 72.2293 -84.9088  255 255 255
-0.491153 -7.27609 33.6263  255 255 255
15.564 72.04 -68.4366  255 255 255
-4.5579 67.6568 -57.3503  255 255 255
48.695 36.7886 -28.7848  255 255 255
1.31556 -9.58962 34.8484  255 255 255
51.3343 28.3627 -27.2118  255 255 255
-12.7441 -14.4007 32.4388  255 255 255
50.857 -1.83408 -7.97228  255 255 255
49.6811 70.4697 -95.8384  255 255 255
-19.8133 48.8695 -55.2356  255 255 255
-15.4199 -3.31186 24.7395  255 255 255
20.6448 62.7333 -80.235  255 255 255
17.6267 72.0099 -70.2796  255 255 255
-12.1309 -15.2173 33.1038  255 255 255
-9.35765 -13.4791 34.2836  255 255 255
-5.22505 -16.1106 35.781  255 255 255
-8.48256 -12.4494 34.4533  255 255 255
20.2497 66.3074 -77.6958  255 255 255
-6.55343 57.3461 -64.8772  255 255 255
39.4786 74.9288 -84.2901  255 255 255
6.79007 63.4714 -68.647  255 255 255
27.464 73.6139 -76.9383  255 255 255
36.9472 73.371 -84.0438  255 255 255
3.8158 -12.0815 34.9725  255 255 255
0.104545 -12.6745 35.8747  255 255 255
36.0108 71.969 -84.7165  255 255 255
53.3456 79.3715 -91.211  255 255 255
-8.50658 -13.0919 34.5733  255 255 255
-1.3036 -11.9915 35.7365  255 255 255
58.9889 81.2463 -93.1365  255 255 255
48.72 31.9519 -31.842  255 255 255
25.4156 62.3426 -85.1703  255 255 255
29.6255 62.5171 -88.1211  255 255 255
-10.0173 -16.164 34.1155  255 255 255
36.2978 74.1573 -83.087  255 255 255
44.7277 76.4702 -86.7189  255 255 255
-8.46881 -12.4374 34.484  255 255 255
50.4444 26.0109 -30.8016  255 255 255
-26.3907 54.425 -51.9508  255 255 255
0.955295 60.7127 -67.6206  255 255 255
-0.987642 -17.5138 36.1766  255 255 255
-27.1777 59.3278 -47.078  255 255 255
-4.25575 66.7114 -58.4536  255 255 255
-24.5115 52.1937 -55.4018  255 255 255
-26.3082 55.3448 -51.3534  255 255 255
48.7739 2.94898 -9.32506  255 255 255
49.2311 30.0717 -30.9698  255 255 255
-9.66693 -5.59312 30.6244  255 255 255
-9.54914 54.1629 -65.2219  255 255 255
-4.80881 -9.37786 34.5753  255 255 255
-6.58812 -14.2505 35.3167  255 255 255
-19.7349 49.5554 -55.4435  255 255 255
13.467 65.6617 -72.849  255 255 255
6.87155 55.2968 -76.8103  255 255 255
-17.0083 -10.2333 27.7466  255 255 255
-10.2578 -5.67733 30.5359  255 255 255
-28.2739 48.1273 -56.491  255 255 255
-27.2379 55.7793 -50.09  255 255 255
-16.3318 54.0452 -60.5738  255 255 255
-13.8852 -9.37001 30.3406  255 255 255
34.6074 75.6306 -80.0338  255 255 255
-5.53716 -13.5665 35.489  255 255 255
-13.1 55.1289 -62.0543  255 255 255
-11.497 -6.6815 30.1864  255 255 255
1.78718 67.7424 -61.877  255 255 255
-6.13404 -15.8541 35.5814  255 255 255
-16.9327 57.3767 -57.0896  255 255 255
50.0553 6.81508 -3.73932  255 255 255
4.97919 -14.6499 35.1699  255 255 255
-8.49729 -8.8188 33.2766  255 255 255
48.0304 10.4093 -6.68794  255 255 255
4.59109 -9.46656 33.8303  255 255 255
48.8585 2.29222 -9.30484  255 255 255
-7.34947 -15.2623 35.1801  255 255 255
-2.90688 -9.62932 35.0895  255 255 255
-10.1391 59.435 -59.9344  255 255 255
-9.68143 49.9374 -69.0169  255 255 255
-5.98919 67.2151 -56.5993  255 255 255
-3.32525 -10.19 35.1063  255 255 255
-4.23488 59.5186 -64.3964  255 255 255
-15.3025 59.9299 -55.7621  255 255 255
-6.22287 62.2031 -60.527  255 255 255
-7.28744 -13.4356 35.0264  255 255 255
-5.98625 67.1658 -56.4787  255 255 255
-8.94435 -15.2457 34.5975  255 255 255
-2.34818 -9.68832 35.0996  255 255 255
-5.45711 63.7487 -59.8647  255 255 255
35.6855 75.7214 -80.9714  255 255 255
-7.34115 -6.67008 32.8888  255 255 255
-5.30619 -5.80156 32.2806  255 255 255
-4.74804 -13.6989 35.6758  255 255 255
50.4157 30.5931 -28.1384  255 255 255
-12.216 -5.38613 29.2226  255 255 255
50.8119 -3.67127 -9.13352  255 255 255
19.4164 61.4075 -81.1708  255 255 255
1.08595 61.3097 -65.823  255 255 255
-25.2519 51.5756 -55.7201  255 255 255
51.0861 0.0365762 -5.92143  255 255 255
58.3814 81.0602 -93.6948  255 255 255
47.0562 34.4564 -33.3489  255 255 255
45.8084 77.8938 -86.8096  255 255 255
-14.7916 -5.13417 27.162  255 255 255
7.48473 -12.2922 33.5958  255 255 255
-12.6035 -13.4558 32.4555  255 255 255
-14.0224 -10.817 30.959  255 255 255
-3.36937 -13.1523 35.7832  255 255 255
47.9224 70.3579 -94.7538  255 255 255
-38.1769 53.7128 -43.4495  255 255 255
-13.5943 54.2972 -62.3139  255 255 255
-25.1274 52.2631 -55.2179  255 255 255
-16.5492 63.4307 -51.7751  255 255 255
-15.4514 64.3128 -51.7488  255 255 255
19.7463 69.819 -74.2129  255 255 255
-4.85361 63.7097 -60.272  255 255 255
-26.9947 58.314 -48.2241  255 255 255
32.3339 73.7664 -80.6522  255 255 255
-26.7213 57.8612 -49.0207  255 255 255
-47.7885 46.4227 -42.5267  255 255 255
-7.42372 -26.22 35.8309  255 255 255
-9.52488 -25.9219 35.2942  255 255 255
-18.6133 -31.9739 30.084  255 255 255
-13.4277 -31.0364 35.614  255 255 255
-19.275 -33.9992 28.6424  255 255 255
-32.2088 57.3252 -44.9632  255 255 255
-7.16057 65.0851 -57.5188  255 255 255
46.4898 78.4052 -86.7226  255 255 255
2.64407 51.4873 -77.4818  255 255 255
-40.4191 39.881 -54.2112  255 255 255
-6.55231 -8.51217 33.7782  255 255 255
-14.5257 -4.1898 26.5474  255 255 255
-8.96819 -12.0572 34.1739  255 255 255
24.8946 73.2652 -75.1673  255 255 255
21.0626 66.6432 -78.4658  255 255 255
3.2686 51.1757 -77.8018  255 255 255
1.02827 2.51106 21.0852  255 255 255
-8.98387 -6.22073 31.5446  255 255 255
1.45413 -9.86756 34.859  255 255 255
-4.1386 -10.4467 34.9855  255 255 255
5.14003 -13.7201 34.9774  255 255 255
-6.11065 -11.5323 35.0323  255 255 255
-10.3051 -10.6628 33.2049  255 255 255
-5.14295 -20.1684 35.4254  255 255 255
7.91058 -23.6656 33.9754  255 255 255
-10.9888 58.8007 -60.2863  255 255 255
-4.54527 58.0532 -65.8666  255 255 255
-24.2055 54.4482 -53.795  255 255 255
48.9131 28.4058 -33.0935  255 255 255
2.5818 53.1085 -75.8763  255 255 255
0.233425 2.41558 21.0337  255 255 255
5.06022 -8.18066 33.1916  255 255 255
0.31233 -8.20541 34.3156  255 255 255
-34.2326 38.3721 -60.1914  255 255 255
50.0931 -2.21928 -9.9577  255 255 255
-36.1029 35.0028 -62.0226  255 255 255
5.30598 -12.9498 34.7084  255 255 255
5.93824 -13.4556 34.4741  255 255 255
7.09253 -14.4656 34.2788  255 255 255
-7.07752 -14.3238 35.2255  255 255 255
-6.33705 -14.6275 35.3939  255 255 255
-25.8628 -4.86439 10.5587  255 255 255
39.214 69.3066 -87.2456  255 255 255
48.0652 34.8426 -31.1492  255 255 255
8.51377 60.7817 -66.9891  255 255 255
-8.97922 59.1133 -60.7616  255 255 255
-11.3888 57.6744 -61.0857  255 255 255
-9.22844 57.2796 -62.5984  255 255 255
-9.24688 56.3306 -63.5216  255 255 255
-22.4046 53.9624 -55.7088  255 255 255
3.497 52.7317 -77.7273  255 255 255
-9.75457 47.6666 -71.3154  255 255 255
-31.7498 40.1804 -60.9372  255 255 255
-11.6655 -3.92441 28.3013  255 255 255
6.2949 -13.8443 34.3688  255 255 255
-6.60349 -12.4757 35.043  255 255 255
-5.21601 -14.0488 35.6142  255 255 255
-35.495 53.4098 -46.1107  255 255 255
47.7612 2.9455 -11.8239  255 255 255
-13.4452 -7.37658 29.5592  255 255 255
1.16488 -14.5105 35.9221  255 255 255
-10.7829 -15.6967 33.7927  255 255 255
-12.394 -15.8799 32.7599  255 255 255
-35.0096 52.3153 -47.279  255 255 255
1.24593 -7.75984 33.9502  255 255 255
-10.5444 -12.4756 33.5334  255 255 255
-7.70678 -20.106 34.7368  255 255 255
1.32929 -11.7547 35.3328  255 255 255
0.20514 -15.5783 36.1265  255 255 255
3.79133 -13.4939 35.0025  255 255 255
36.3642 75.003 -82.3186  255 255 255
36.8201 74.5152 -82.8454  255 255 255
21.2085 70.0658 -75.0038  255 255 255
18.75 71.0793 -71.9634  255 255 255
23.6459 70.6365 -76.1241  255 255 255
-3.05436 67.1819 -58.9476  255 255 255
-0.603842 68.0437 -60.1215  255 255 255
-31.4934 58.1741 -44.8856  255 255 255
23.6998 70.697 -76.3123  255 255 255
46.8958 8.9165 -8.29804  255 255 255
-49.0988 45.329 -42.7167  255 255 255
-63.1093 33.2435 -42.5297  255 255 255
-53.9943 38.6637 -44.4969  255 255 255
-80.8339 29.0076 -32.9611  255 255 255
-52.3099 38.0359 -46.524  255 255 255
-58.3382 38.6375 -41.383  255 255 255
-77.602 41.2784 -23.926  255 255 255
-66.4139 43.0874 -30.9808  255 255 255
-65.0017 43.3111 -31.8031  255 255 255
-47.6991 44.6454 -43.9768  255 255 255
-83.7837 30.0311 -29.9939  255 255 255
-81.0125 24.4864 -37.3585  255 255 255
-48.3944 42.9138 -45.0247  255 255 255
-50.6702 44.7304 -41.9649  255 255 255
-72.6752 31.6055 -34.2257  255 255 255
-68.2338 37.5485 -35.082  255 255 255
-81.2369 34.1554 -26.503  255 255 255
-53.4117 39.4855 -44.5141  255 255 255
-62.5908 36.326 -38.4321  255 255 255
-54.8614 35.0107 -47.5553  255 255 255
-64.4037 40.7348 -34.4593  255 255 255
-58.7956 42.702 -37.5178  255 255 255
47.3917 25.0233 -38.327  255 255 255
-40.9741 39.2851 -54.7963  255 255 255
-42.9609 35.2314 -56.3747  255 255 255
-39.3192 33.3949 -61.4222  255 255 255
47.8912 23.0645 -38.5358  255 255 255
-27.7706 6.28045 -37.2524  255 255 255
49.2026 2.19901 -8.76841  255 255 255
-25.124 -3.99174 9.37487  255 255 255
2.49757 -7.54198 33.3091  255 255 255
4.76734 -11.6878 34.4298  255 255 255
6.45424 -12.2715 33.9065  255 255 255
6.98181 -13.1136 34.0194  255 255 255
6.81987 -13.4054 34.1904  255 255 255
11.1823 -13.4133 31.646  255 255 255
6.39168 -14.1494 34.4377  255 255 255
51.7995 -16.6356 -15.4567  255 255 255
7.02946 -15.308 34.2045  255 255 255
-0.928991 -16.1233 36.1683  255 255 255
5.63983 -16.5998 34.8878  255 255 255
54.6935 -20.5412 -11.3936  255 255 255
-7.63158 -19.0479 35.08  255 255 255
57.1513 -23.8913 -8.35728  255 255 255
-5.19966 -21.305 35.2022  255 255 255
58.3793 -24.8055 -5.6744  255 255 255
-1.54597 -22.568 34.9738  255 255 255
-1.07894 -32.5178 38.0049  255 255 255
-0.555186 -34.6127 36.0335  255 255 255
14.4972 -56.4753 31.0153  255 255 255
-40.5031 38.8195 -55.4829  255 255 255
-40.5031 38.8195 -55.4829  255 255 255
48.8799 30.517 -31.5862  255 255 255
-41.2976 35.3114 -57.5632  255 255 255
46.9284 27.1482 -38.3001  255 255 255
-66.6673 27.8827 -44.779  255 255 255
48.3108 23.2893 -37.4282  255 255 255
-2.96051 2.37873 21.4744  255 255 255
-25.6599 -3.9396 9.64765  255 255 255
47.3945 -2.29192 -15.9329  255 255 255
-46.2934 -4.55559 -24.3001  255 255 255
-6.15872 -6.8877 33.0423  255 255 255
49.6272 -5.30481 -13.3032  255 255 255
48.915 -5.50569 -14.5467  255 255 255
50.8481 -5.56907 -10.1362  255 255 255
-2.53814 -8.19092 34.4004  255 255 255
3.96833 -8.32992 33.6271  255 255 255
5.11123 -8.66423 33.4551  255 255 255
-11.913 -11.6965 32.5391  255 255 255
7.6501 -12.9047 33.4738  255 255 255
-2.04034 -14.2005 36.0116  255 255 255
51.0979 -16.2279 -16.516  255 255 255
16.2687 -15.5414 26.7811  255 255 255
51.3694 -17.1848 -16.4897  255 255 255
4.19589 -17.5453 35.3724  255 255 255
1.18782 -18.0161 35.9813  255 255 255
-11.1372 -18.9252 33.4545  255 255 255
7.0977 -19.8123 34.1707  255 255 255
-12.4457 -20.4289 32.4996  255 255 255
8.55108 -20.6553 33.2266  255 255 255
7.65341 -20.7589 33.6513  255 255 255
5.25249 -21.5072 34.1921  255 255 255
23.7861 -23.2168 27.4755  255 255 255
21.3615 -28.0057 26.4286  255 255 255
11.6189 -33.3873 32.4662  255 255 255
8.2145 -34.2467 34.1964  255 255 255
8.28772 -34.6085 33.7304  255 255 255
48.0192 -40.7352 9.87881  255 255 255
46.1146 -46.0533 16.4126  255 255 255
-26.3585 -56.4874 33.2282  255 255 255
-26.6595 -56.8131 33.6495  255 255 255
-19.0699 -57.6341 34.0275  255 255 255
-1.28283 -57.4717 33.4758  255 255 255
-19.2373 -57.994 34.6427  255 255 255
47.8437 32.5347 -32.8117  255 255 255
47.8345 32.5356 -32.7846  255 255 255
-51.3814 35.0727 -49.6721  255 255 255
51.0389 28.262 -27.8475  255 255 255
47.8909 27.4462 -36.0303  255 255 255
47.8909 27.4462 -36.0303  255 255 255
-66.3171 27.3252 -45.6305  255 255 255
22.5202 24.1016 -60.8213  255 255 255
-1.74164 22.2188 -56.7383  255 255 255
18.82 16.2973 -51.8467  255 255 255
47.0333 8.96796 -8.59716  255 255 255
-20.3735 8.8631 -40.5712  255 255 255
-28.739 5.82512 -37.3472  255 255 255
50.9236 1.74241 -4.91387  255 255 255
-21.5156 -4.13627 13.984  255 255 255
-43.6264 -5.90561 -22.5923  255 255 255
-3.94715 -9.97112 34.9246  255 255 255
51.0016 -15.2775 -16.1702  255 255 255
51.4918 -16.7338 -16.0142  255 255 255
4.50615 -15.7731 35.3394  255 255 255
15.6002 -16.3154 27.8406  255 255 255
53.2059 -19.7129 -13.8198  255 255 255
-7.37574 -19.3857 35.011  255 255 255
-7.24272 -20.5825 34.8246  255 255 255
-43.6284 -26.3029 0.25526  255 255 255
-43.2018 -26.7186 0.625504  255 255 255
-44.5298 -28.6864 3.22255  255 255 255
-20.8225 -55.2345 31.6672  255 255 255
-40.2291 35.6089 -57.7193  255 255 255
50.9189 25.6399 -29.9464  255 255 255
50.6333 18.7942 -34.1929  255 255 255
15.8438 17.8678 -53.1266  255 255 255
50.6725 0.116767 -6.77038  255 255 255
49.4708 -1.42113 -10.8717  255 255 255
47.5636 -3.09964 -17.0511  255 255 255
10.0834 -5.45476 28.999  255 255 255
-47.1879 -5.67178 -22.6969  255 255 255
-43.9463 -7.86313 -20.4765  255 255 255
49.6269 -10.1341 -16.2341  255 255 255
53.059 -10.203 -8.63934  255 255 255
55.6795 -16.567 -5.06111  255 255 255
56.5079 -17.3851 -5.06775  255 255 255
55.7086 -17.4702 -6.85531  255 255 255
4.8631 -16.0496 35.3024  255 255 255
58.4919 -27.3063 -5.2702  255 255 255
-0.612682 -37.0128 33.9454  255 255 255
-18.3005 -58.8796 35.4932  255 255 255
-65.6965 28.2278 -45.2182  255 255 255
48.8121 25.4909 -34.8364  255 255 255
-21.1419 27.5841 -61.2513  255 255 255
48.0428 22.4272 -38.5108  255 255 255
49.6355 21.8417 -35.1286  255 255 255
51.2634 18.6671 -32.6539  255 255 255
-6.00102 19.6726 -54.0394  255 255 255
27.422 11.074 -46.7032  255 255 255
27.422 11.074 -46.7032  255 255 255
48.1088 5.64244 -9.20704  255 255 255
-4.16024 -5.99681 32.5928  255 255 255
-2.76639 -8.79493 34.5529  255 255 255
49.6545 -8.3127 -14.5558  255 255 255
16.5522 -13.1737 26.0951  255 255 255
15.8396 -13.2199 27.2946  255 255 255
3.27605 -20.467 35.0884  255 255 255
46.971 -42.0091 11.1522  255 255 255
31.0953 -50.8387 23.6998  255 255 255
47.1268 25.7036 -38.6825  255 255 255
50.8255 21.5595 -32.7743  255 255 255
51.7183 19.3947 -31.8871  255 255 255
-5.84014 18.3136 -52.9251  255 255 255
0.990216 -2.96408 34.275  255 255 255
50.5169 -1.85436 -8.76079  255 255 255
55.3165 -17.9618 -7.95207  255 255 255
-6.16563 -19.4152 35.3765  255 255 255
4.00964 -19.9566 34.9526  255 255 255
19.757 34.1739 -71.6814  255 255 255
49.2015 -4.75563 -12.4794  255 255 255
46.3637 -41.0567 9.8749  255 255 255
-83.4621 22.9033 -37.0732  255 255 255
-59.2303 30.7509 -47.2267  255 255 255
-76.5002 41.5326 -25.1976  255 255 255
-75.9049 41.5459 -24.9575  255 255 255
-79.4677 30.7036 -30.6552  255 255 255
6.81304 68.8589 -64.7008  255 255 255
56.9131 80.8656 -92.0355  255 255 255
33.0369 73.2147 -81.6375  255 255 255
39.9916 77.787 -83.6048  255 255 255
35.0564 74.5762 -81.6911  255 255 255
11.9962 71.3417 -67.119  255 255 255
-2.80999 -45.7683 31.3294  255 255 255
48.7012 8.78976 -5.87827  255 255 255
49.384 34.3375 -28.7624  255 255 255
43.8292 62.3292 -98.2659  255 255 255
49.79 69.0981 -97.0344  255 255 255
51.2462 27.2513 -28.266  255 255 255
48.8099 25.4752 -34.8076  255 255 255
46.5011 25.8597 -40.0244  255 255 255
37.7093 75.3082 -82.6253  255 255 255
49.5209 34.465 -27.7943  255 255 255
48.3894 36.5042 -29.1247  255 255 255
46.8318 33.457 -34.6464  255 255 255
49.7202 7.30736 -4.58769  255 255 255
-10.6886 64.088 -56.4082  255 255 255
-13.6689 -12.5101 31.5244  255 255 255
-49.0018 38.6802 -48.5764  255 255 255
-54.4939 40.23 -42.8449  255 255 255
-84.79 26.0769 -32.7557  255 255 255
-76.1832 35.7579 -30.7639  255 255 255
-69.6143 27.9015 -43.3174  255 255 255
42.9843 62.938 -97.2725  255 255 255
5.40051 50.5521 -80.1282  255 255 255
43.8329 62.3332 -98.2755  255 255 255
-34.5211 4.70318 -35.7668  255 255 255
-10.1352 59.4233 -59.8554  255 255 255
-22.4979 51.7807 -57.3078  255 255 255
1.10532 -10.8175 35.2723  255 255 255
44.6754 59.4947 -101.181  255 255 255
-13.0162 -16.5581 32.495  255 255 255
-71.536 37.341 -32.4364  255 255 255
-26.0698 59.3429 -48.4395  255 255 255
-64.4792 38.1757 -37.0404  255 255 255
-75.5956 35.258 -31.6705  255 255 255
-70.9314 36.5746 -33.9688  255 255 255
-7.92452 60.3522 -60.9428  255 255 255
-19.5754 47.4317 -56.2444  255 255 255
-36.76 48.5669 -49.3097  255 255 255
-12.2708 43.4182 -73.336  255 255 255
-4.86627 66.0512 -58.5929  255 255 255
6.77197 51.7996 -80.5609  255 255 255
-8.9007 -5.06274 30.8482  255 255 255
-28.4209 6.39848 -38.0444  255 255 255
-2.19183 68.4547 -58.5447  255 255 255
-38.9943 49.4829 -46.8278  255 255 255
-13.4545 -6.42911 29.1354  255 255 255
-8.92505 60.5402 -60.042  255 255 255
-17.466 56.6683 -57.0846  255 255 255
-19.5875 48.6116 -55.2573  255 255 255
-25.9143 9.5118 -41.115  255 255 255
-5.88103 -5.34455 31.7538  255 255 255
-8.96509 -8.28734 32.8113  255 255 255
-2.79958 -10.1093 35.1288  255 255 255
-9.66241 63.7356 -56.9148  255 255 255
-6.21102 -6.46019 32.861  255 255 255
-13.0587 -9.10768 30.8069  255 255 255
-8.87808 -11.2524 34.0387  255 255 255
-3.73659 -7.62734 33.9534  255 255 255
-11.6974 -7.73771 31.1037  255 255 255
-8.36868 -9.29783 33.4835  255 255 255
-5.61844 -9.7638 34.5354  255 255 255
-11.3442 -11.8171 32.8809  255 255 255
-0.155709 -12.0838 35.7  255 255 255
19.1132 68.4215 -74.9861  255 255 255
-9.23101 -10.0168 33.6994  255 255 255
-13.149 -5.52399 28.7283  255 255 255
-9.5042 -6.56341 31.6045  255 255 255
-6.506 -8.45564 33.9126  255 255 255
-5.20166 -10.9415 34.9287  255 255 255
-1.14098 68.7789 -58.9484  255 255 255
-8.7094 62.6398 -58.3664  255 255 255
6.6473 -5.24201 29.9733  255 255 255
-83.6018 34.6956 -25.213  255 255 255
-78.9619 29.0917 -34.8303  255 255 255
-51.6498 38.6496 -45.9846  255 255 255
-50.7174 38.1026 -47.5662  255 255 255
-63.5334 30.8125 -44.859  255 255 255
-8.72057 65.3289 -56.1076  255 255 255
-5.60991 66.8091 -58.6952  255 255 255
-8.55208 64.3029 -56.7474  255 255 255
-79.0175 28.5156 -35.212  255 255 255
-59.5492 31.2875 -47.0838  255 255 255
-66.1554 44.6911 -29.5202  255 255 255
-78.1881 40.5411 -24.2115  255 255 255
-78.1881 40.5411 -24.2115  255 255 255
-74.3324 38.2248 -28.4799  255 255 255
-66.863 39.3439 -33.9963  255 255 255
-81.2496 23.0934 -38.0571  255 255 255
-77.8443 33.6831 -31.1199  255 255 255
-73.8183 13.4396 -43.0341  255 255 255
-73.6892 12.7049 -42.477  255 255 255
-70.9546 38.7086 -31.994  255 255 255
-67.8108 39.5485 -33.1034  255 255 255
-75.7521 36.0442 -30.7089  255 255 255
-82.3989 35.1594 -25.8656  255 255 255
-60.4045 38.7969 -39.2733  255 255 255
2.56923 -20.9544 35.1157  255 255 255
-59.4637 31.761 -46.4365  255 255 255
-77.5839 28.6764 -36.3175  255 255 255
-71.8047 37.8644 -32.0792  255 255 255
-83.6585 25.8436 -34.0607  255 255 255
-82.8073 24.2351 -35.9184  255 255 255
-60.9211 35.9711 -41.7413  255 255 255
-67.5116 39.0042 -34.5343  255 255 255
-72.2696 36.2265 -33.4565  255 255 255
-63.9037 -9.41535 -17.456  255 255 255
-82.9239 24.3113 -36.2708  255 255 255
-76.536 36.2058 -30.6726  255 255 255
-81.081 23.8283 -38.0965  255 255 255
-47.3707 -4.96961 -23.4461  255 255 255
-62.7909 40.8279 -36.0879  255 255 255
-50.4167 42.1978 -44.1008  255 255 255
-81.3618 28.9926 -33.2534  255 255 255
-81.0594 23.8213 -38.047  255 255 255
-75.7313 35.4476 -30.934  255 255 255
-51.1798 45.2679 -40.9461  255 255 255
-58.9135 33.3578 -45.3146  255 255 255
-74.8039 35.3688 -32.3652  255 255 255
-57.1142 42.8704 -38.7637  255 255 255
-82.4386 27.06 -33.6946  255 255 255
-65.6522 44.7063 -29.9249  255 255 255
-8.0076 -19.8092 34.7634  255 255 255
49.2635 35.0557 -27.7551  255 255 255
47.4716 27.4153 -36.9821  255 255 255
47.4572 27.4112 -36.9462  255 255 255
47.4349 26.3293 -37.5513  255 255 255
48.8738 28.3884 -33.0236  255 255 255
51.0882 -1.54154 -7.22191  255 255 255
0.374775 -16.4808 36.114  255 255 255
50.6291 -2.95576 -9.216  255 255 255
50.4757 -4.74981 -10.8407  255 255 255
49.0267 33.3027 -29.7927  255 255 255
48.266 32.7467 -32.1631  255 255 255
49.5646 27.5798 -31.9579  255 255 255
51.0957 0.650494 -5.63786  255 255 255
-1.01808 -15.5858 36.1454  255 255 255
-11.8376 -19.3314 32.9298  255 255 255
48.2284 8.83066 -6.73733  255 255 255
-14.8738 -9.76474 29.7119  255 255 255
2.66315 -17.3735 36.1808  255 255 255
1.56724 -18.4101 36.0848  255 255 255
-14.8102 -12.942 30.644  255 255 255
-11.3845 -15.2819 33.3894  255 255 255
-10.7764 -15.6981 33.7973  255 255 255
-10.0267 -16.1571 34.1097  255 255 255
-0.59923 -19.399 35.8359  255 255 255
-0.589222 -19.3978 35.8228  255 255 255
-13.2022 -15.362 32.343  255 255 255
-0.973002 -19.9914 35.7984  255 255 255
-17.4339 -13.7277 28.1597  255 255 255
48.4797 35.3151 -29.65  255 255 255
-13.3957 -14.1884 32.1596  255 255 255
-15.678 -14.2293 30.0559  255 255 255
-7.42015 -18.3576 35.1455  255 255 255
-7.4237 -18.344 35.1422  255 255 255
-5.49083 -19.8363 35.4216  255 255 255
-5.04946 -18.116 35.814  255 255 255
-53.8954 37.5337 -45.9109  255 255 255
-63.4469 41.2371 -35.1831  255 255 255
-71.8835 37.9712 -32.31  255 255 255
-68.9821 36.9166 -34.5405  255 255 255
-54.5848 44.1017 -39.1444  255 255 255
-82.092 28.7398 -32.1529  255 255 255
-55.0334 39.6488 -43.0276  255 255 255
-72.9196 36.4909 -32.6324  255 255 255
-82.6851 28.4379 -32.404  255 255 255
-59.4839 32.4889 -45.7708  255 255 255
-68.1814 38.6852 -33.5706  255 255 255
-82.6851 28.4379 -32.404  255 255 255
-82.0172 33.4239 -27.9182  255 255 255
-83.9966 29.591 -29.6708  255 255 255
-64.4922 38.1964 -37.126  255 255 255
-65.7545 37.4489 -36.4784  255 255 255
-69.6341 37.1894 -34.4022  255 255 255
-62.8044 40.8209 -36.0959  255 255 255
-58.3067 39.8866 -40.42  255 255 255
-83.3285 30.1133 -30.633  255 255 255
-70.1734 38.0855 -33.2007  255 255 255
-60.3952 40.5255 -38.0868  255 255 255
-81.0154 28.5015 -33.0653  255 255 255
-79.5406 36.707 -26.4917  255 255 255
-78.4273 9.13678 -37.2462  255 255 255
-76.3746 34.0171 -31.8814  255 255 255
-59.5124 41.638 -37.8071  255 255 255
-82.6585 26.2266 -34.0745  255 255 255
-82.6171 26.2106 -33.9109  255 255 255
-84.1159 29.6525 -29.9493  255 255 255
-74.2869 36.8729 -31.2638  255 255 255
-60.3945 40.5329 -38.0893  255 255 255
-83.6048 29.4945 -30.4155  255 255 255
-76.9677 36.8226 -29.3048  255 255 255
-57.8467 42.2527 -38.5738  255 255 255
-68.8673 38.9098 -32.713  255 255 255
-55.4108 -13.9953 -13.317  255 255 255
-21.4189 -4.69983 14.8977  255 255 255
30.7264 66.025 -84.7151  255 255 255
-4.4174 -9.30902 34.4764  255 255 255
-0.870079 -12.6474 35.898  255 255 255
2.31761 -14.4397 35.8131  255 255 255
7.5438 -19.4577 33.906  255 255 255
53.5461 64.4534 -104.339  255 255 255
-43.879 -7.00886 -21.6058  255 255 255
-48.2892 -11.0712 -16.6898  255 255 255
-41.4133 34.3868 -58.8779  255 255 255
-10.5299 54.3101 -63.9526  255 255 255
-69.652 39.4524 -31.9088  255 255 255
-22.2231 -54.7149 30.6824  255 255 255
34.6754 76.2516 -80.2877  255 255 255
-49.4084 42.6026 -44.5994  255 255 255
-47.4594 42.4237 -46.1436  255 255 255
5.81124 -16.4128 34.9767  255 255 255
-5.54135 -14.8474 35.4949  255 255 255
0.126234 -25.1263 36.6523  255 255 255
50.4509 25.9914 -30.6926  255 255 255
13.358 -22.4175 32.1927  255 255 255
3.43523 -21.5965 34.6934  255 255 255
-48.7744 43.649 -44.5084  255 255 255
-48.7428 43.635 -44.2898  255 255 255
-13.0619 -9.08925 30.7938  255 255 255
-9.52481 -25.921 35.2939  255 255 255
-0.711372 -10.8206 35.4597  255 255 255
-0.723853 -10.8284 35.4887  255 255 255
50.6471 -3.90677 -10.0733  255 255 255
50.6512 -3.89679 -10.0923  255 255 255
-69.1338 37.7704 -33.1831  255 255 255
-48.2936 46.0199 -42.5783  255 255 255
-1.42926 -26.7481 36.5844  255 255 255
-45.0842 40.8842 -49.1827  255 255 255
-32.4687 36.2216 -63.8301  255 255 255
-5.83971 65.6391 -57.9541  255 255 255
-39.94 52.9605 -42.6173  255 255 255
-7.63878 63.477 -58.4763  255 255 255
-42.2279 41.8542 -50.6811  255 255 255
4.3127 -18.0821 35.2366  255 255 255
7.31374 -29.6154 36.1954  255 255 255
-6.46192 -19.612 35.262  255 255 255
-5.67199 -16.4704 35.7315  255 255 255
-25.3452 -4.27525 9.96334  255 255 255
16.7383 -19.2603 28.125  255 255 255
56.861 -17.1333 -4.4089  255 255 255
-1.1568 -33.6434 36.9001  255 255 255
47.7908 2.42335 -11.7475  255 255 255
-1.97479 -16.8895 36.135  255 255 255
2.1713 -22.2667 34.7257  255 255 255
-6.61193 -19.2835 35.1873  255 255 255
0.847228 -17.3209 36.1549  255 255 255
-10.1785 -17.5114 34.0481  255 255 255
57.6658 -23.5491 -6.32518  255 255 255
2.36911 -16.3982 35.42  255 255 255
-47.3707 -4.96961 -23.4461  255 255 255
-49.6768 -5.25024 -23.4023  255 255 255
-49.9323 -5.2168 -24.1494  255 255 255
-45.2761 43.2982 -47.3793  255 255 255
-44.6463 20.4438 -52.8226  255 255 255
-42.9807 14.9005 -46.5996  255 255 255
-59.6453 -4.97438 -22.8098  255 255 255
-60.5784 16.8028 -47.9949  255 255 255
-51.9158 40.1426 -44.8399  255 255 255
-47.7969 -4.39403 -24.244  255 255 255
-73.4454 29.7144 -45.0052  255 255 255
-78.6282 35.9135 -27.5586  255 255 255
-42.1334 44.5172 -48.764  255 255 255
-78.1296 30.8603 -30.0697  255 255 255
-44.0138 45.6849 -46.4902  255 255 255
-43.4757 40.8424 -50.9284  255 255 255
-42.4019 44.1928 -49.148  255 255 255
-47.993 44.2387 -44.4307  255 255 255
-16.5848 -18.9071 30.9101  255 255 255
-56.6627 33.169 -47.5881  255 255 255
-66.9157 39.4127 -34.1886  255 255 255
-55.9277 31.141 -50.8541  255 255 255
-42.1287 44.5088 -48.7929  255 255 255
-21.311 -56.8616 33.6554  255 255 255
-34.5086 -50.2362 26.7387  255 255 255
-24.8619 -56.0797 32.8045  255 255 255
-28.5445 -54.8784 31.5753  255 255 255
-25.7277 -55.7694 32.4506  255 255 255
-6.13194 -15.8547 35.5829  255 255 255
-25.0728 -54.305 30.845  255 255 255
-26.5408 -53.8744 30.6451  255 255 255
-27.0119 -55.5711 32.1422  255 255 255
-21.5257 -33.4029 25.7054  255 255 255
-4.60971 -7.38842 33.7251  255 255 255
-11.7895 -34.7563 32.9126  255 255 255
-54.924 38.1741 -44.3449  255 255 255
-58.925 32.4389 -44.7818  255 255 255
-60.2234 31.3144 -47.2179  255 255 255
-107.729 -5.64292 -17.6865  255 255 255
-51.1924 49.5701 -36.9778  255 255 255
-68.71 29.1915 -42.4551  255 255 255
-40.1101 47.288 -48.0168  255 255 255
-45.1091 45.0568 -46.0419  255 255 255
-47.9602 40.277 -47.4462  255 255 255
-46.7812 43.4053 -47.1458  255 255 255
-51.6985 37.9451 -46.7508  255 255 255
-81.2899 17.2648 -44.1961  255 255 255
-45.5529 45.4315 -45.193  255 255 255
-69.7238 22.972 -48.9083  255 255 255
-56.3743 33.7412 -47.2891  255 255 255
-63.9373 40.2314 -35.5287  255 255 255
-84.0467 36.8973 -22.9407  255 255 255
-54.1366 32.5465 -49.2368  255 255 255
-8.43632 -19.0133 34.6976  255 255 255
-81.2084 29.9059 -35.5401  255 255 255
-41.4885 41.1544 -49.5317  255 255 255
-65.2068 34.6445 -37.7121  255 255 255
-47.3547 43.2347 -45.556  255 255 255
56.2272 -18.8305 -7.11454  255 255 255
-55.3651 12.2412 -42.7464  255 255 255
-65.9171 45.5959 -29.0416  255 255 255
-66.1398 44.7222 -29.6107  255 255 255
-63.9699 40.2454 -35.5374  255 255 255
-62.7313 31.5433 -43.9249  255 255 255
-53.095 42.9836 -41.5183  255 255 255
-54.9266 48.5231 -34.929  255 255 255
-48.3259 -0.655088 -28.5803  255 255 255
-54.1046 15.6724 -46.283  255 255 255
-75.1715 6.39931 -37.3811  255 255 255
-69.2626 5.98358 -34.8397  255 255 255
-74.0732 2.87664 -31.046  255 255 255
-64.2661 26.9793 -48.0142  255 255 255
-71.8487 4.05426 -33.1248  255 255 255
-69.4769 6.70155 -36.0354  255 255 255
-52.3435 12.6207 -43.7387  255 255 255
-68.6291 4.34373 -33.0236  255 255 255
-64.7253 28.7906 -45.6251  255 255 255
-53.7593 42.9002 -41.0651  255 255 255
-74.6131 13.3268 -43.2543  255 255 255
-57.1646 42.1617 -38.4066  255 255 255
-54.2769 34.6961 -48.008  255 255 255
-53.0843 42.989 -41.5464  255 255 255
-66.2224 25.897 -47.5739  255 255 255
12.5776 -12.8041 30.5162  255 255 255
11.8915 -13.4318 31.1477  255 255 255
14.2569 -17.2634 29.2705  255 255 255
-7.98174 -30.2399 38.2556  255 255 255
22.3604 38.8154 -77.7902  255 255 255
53.4521 -6.84388 -5.20288  255 255 255
-13.6193 -8.3504 30.1396  255 255 255
-14.7851 -8.23498 29.0224  255 255 255
5.3065 -12.9771 34.6974  255 255 255
6.12712 -14.8923 34.6042  255 255 255
-2.6694 -7.66006 34.2465  255 255 255
13.1555 -22.9526 32.4944  255 255 255
2.31553 50.148 -78.5556  255 255 255
-36.1898 41.4584 -57.4685  255 255 255
-46.6448 40.5158 -49.4989  255 255 255
-69.1229 4.81143 -33.5142  255 255 255
-49.4425 10.5358 -40.7122  255 255 255
16.6006 37.6761 -76.261  255 255 255
30.0441 35.8496 -75.0938  255 255 255
30.0441 35.8496 -75.0938  255 255 255
18.9839 39.4156 -78.3888  255 255 255
4.50547 52.7997 -77.5372  255 255 255
30.2804 63.1093 -87.1324  255 255 255
3.09455 47.4506 -81.8351  255 255 255
8.45931 55.7107 -77.1484  255 255 255
-9.65179 48.639 -70.3357  255 255 255
-40.9717 51.817 -42.8056  255 255 255
-34.7245 49.1689 -50.384  255 255 255
-40.2179 42.4552 -51.9524  255 255 255
-22.771 54.8615 -54.3758  255 255 255
-31.011 44.9335 -57.2808  255 255 255
0.0588212 67.7007 -61.1976  255 255 255
-4.98698 68.3982 -56.3214  255 255 255
5.91245 50.0613 -80.8346  255 255 255
1.1316 51.9863 -73.9585  255 255 255
-57.919 36.4873 -43.4258  255 255 255
-60.8479 28.6947 -48.5356  255 255 255
-19.4143 22.184 -56.1251  255 255 255
-25.2312 -20.7221 29.1462  255 255 255
-24.0317 -21.2213 29.5017  255 255 255
-24.7849 -54.8131 31.3955  255 255 255
-9.3004 -18.3032 34.4744  255 255 255
-5.31309 -10.352 34.898  255 255 255
11.7875 -28.4051 34.4242  255 255 255
-39.4049 44.8769 -50.5741  255 255 255
-12.7568 54.1901 -62.9344  255 255 255
27.7882 65.9345 -76.8381  255 255 255
6.10331 -6.063 31.3046  255 255 255
0.144158 -17.5066 36.0372  255 255 255
5.58563 -17.8479 34.9187  255 255 255
2.57826 -27.2523 35.8803  255 255 255
11.0902 -32.8848 33.516  255 255 255
11.0902 -32.8848 33.516  255 255 255
5.77474 -6.82342 31.8753  255 255 255
-0.984873 -17.5098 36.1614  255 255 255
-5.95726 -17.9126 35.6523  255 255 255
-1.56463 -19.3732 35.9618  255 255 255
2.9137 -21.044 34.9566  255 255 255
1.50326 -22.1073 34.7901  255 255 255
-12.7512 -30.0382 36.7844  255 255 255
-2.06573 -34.8396 35.8707  255 255 255
17.3167 -42.9968 26.5591  255 255 255
-5.16494 -30.901 38.8934  255 255 255
49.8572 69.1822 -97.2341  255 255 255
9.67233 57.4293 -74.1484  255 255 255
-11.9579 -34.938 32.8507  255 255 255
-65.2958 28.8776 -45.5187  255 255 255
-7.682 -21.5339 34.4288  255 255 255
-8.68847 -15.7238 34.8316  255 255 255
0.689736 -19.3335 35.6466  255 255 255
-54.4006 -3.71486 -25.3201  255 255 255
-65.7241 28.2453 -45.2769  255 255 255
-64.0538 28.8386 -46.0981  255 255 255
-65.6074 30.8533 -42.2419  255 255 255
-63.3011 27.6684 -47.9013  255 255 255
-63.3627 29.0994 -46.1486  255 255 255
-55.7177 44.1996 -39.2931  255 255 255
-77.1573 40.504 -26.1228  255 255 255
-46.9148 44.1242 -56.1688  255 255 255
-36.2016 41.3909 -57.4024  255 255 255
16.3611 49.6895 -88.4498  255 255 255
20.4387 51.7871 -90.697  255 255 255
49.0148 34.9942 -28.7822  255 255 255
27.8745 58.5797 -90.3246  255 255 255
42.7937 62.3148 -98.1174  255 255 255
-0.247633 -22.5195 34.9504  255 255 255
7.86343 -20.0569 33.7468  255 255 255
-0.202205 -8.14365 34.3339  255 255 255
0.554587 -22.6206 34.8026  255 255 255
-5.81451 -30.5344 38.5486  255 255 255
51.5859 -6.00944 -8.85594  255 255 255
6.34296 -20.6936 34.142  255 255 255
15.4934 -28.3191 33.8896  255 255 255
11.2447 -28.3762 34.5051  255 255 255
-10.3204 -33.4234 34.7807  255 255 255
-3.11803 -10.9249 35.3346  255 255 255
54.3056 -8.02432 -4.1396  255 255 255
-5.19316 -26.4982 36.3779  255 255 255
5.89419 -21.0388 34.2039  255 255 255
0.701409 61.8106 -66.572  255 255 255
0.659836 -21.5392 35.1725  255 255 255
4.91532 -22.366 33.9918  255 255 255
51.4047 -2.88135 -7.19098  255 255 255
57.853 -21.1308 -4.74904  255 255 255
0.362478 -22.3991 34.9501  255 255 255
-1.71458 -21.0598 35.4496  255 255 255
58.9401 -26.9647 -5.78238  255 255 255
52.1528 -0.990872 -4.22051  255 255 255
6.40859 -13.3138 34.3659  255 255 255
11.8587 -36.7497 29.1336  255 255 255
2.96408 -20.7784 35.0905  255 255 255
39.4186 73.4457 -85.887  255 255 255
52.1544 -0.988723 -4.2235  255 255 255
25.6074 57.9935 -89.9551  255 255 255
3.27593 -32.3839 37.6679  255 255 255
19.2028 54.6889 -87.5452  255 255 255
45.9315 64.3041 -98.7365  255 255 255
45.8742 71.32 -92.134  255 255 255
46.4593 67.8394 -96.0786  255 255 255
58.3284 -25.9574 -5.73343  255 255 255
2.50031 -27.026 35.996  255 255 255
1.32179 -19.1215 35.8178  255 255 255
47.5923 74.1331 -90.606  255 255 255
42.744 75.029 -86.7003  255 255 255
46.2027 68.6691 -94.7286  255 255 255
-2.37693 -26.3946 36.761  255 255 255
3.514 -19.9838 35.2395  255 255 255
48.1255 27.6634 -35.1299  255 255 255
48.1857 5.65648 -9.39151  255 255 255
-4.92114 -22.3628 34.8776  255 255 255
9.42184 -29.3805 35.8946  255 255 255
4.61309 -18.8768 35.1355  255 255 255
48.908 35.4857 -28.8748  255 255 255
58.3202 -24.4061 -5.71894  255 255 255
48.4424 26.8975 -34.6431  255 255 255
-3.79007 -20.3049 35.5675  255 255 255
-6.99005 -25.9958 36.1608  255 255 255
5.31495 -22.1394 33.983  255 255 255
-4.92121 -22.365 34.8762  255 255 255
43.3072 73.8764 -88.0163  255 255 255
49.1545 7.04866 -5.63367  255 255 255
5.66548 -19.9914 34.5541  255 255 255
48.6242 26.5003 -34.8298  255 255 255
7.95894 -29.747 36.4007  255 255 255
24.5258 55.4797 -90.5283  255 255 255
52.4374 -4.45036 -5.94828  255 255 255
18.7704 57.2939 -38.384  255 255 255
-20.3672 -3.38719 13.3435  255 255 255
-11.6235 -28.5486 36.6447  255 255 255
-18.3814 -25.2829 33.6729  255 255 255
3.71365 -36.2405 34.1074  255 255 255
48.7418 11.6427 -5.04959  255 255 255
-21.3456 -12.9742 24.518  255 255 255
-10.6384 -22.3523 34.3674  255 255 255
-5.04109 -26.9415 36.2769  255 255 255
-13.6205 -28.6571 37.2116  255 255 255
2.4924 -41.1694 29.8842  255 255 255
-6.53382 -30.5729 38.4247  255 255 255
-11.208 -29.7064 37.6503  255 255 255
-18.3484 -25.99 34.4966  255 255 255
-9.90669 -31.4585 36.834  255 255 255
-10.9545 -30.4846 37.1824  255 255 255
-19.5894 -27.1861 32.8637  255 255 255
41.029 67.8759 -91.5015  255 255 255
1.57947 -38.3029 32.1847  255 255 255
52.4172 -1.11298 -3.63442  255 255 255
52.3973 -41.4177 11.0468  255 255 255
-44.7425 46.3667 -44.7151  255 255 255
-61.1712 41.3483 -36.8409  255 255 255
-38.7129 48.9791 -47.4187  255 255 255
-57.6994 48.3703 -33.4117  255 255 255
-13.9806 -18.3032 31.6041  255 255 255
-14.693 -9.28613 29.6887  255 255 255
-12.053 -34.6585 32.8844  255 255 255
-11.2265 -31.9307 35.8021  255 255 255
-15.8931 -22.3903 32.9576  255 255 255
-22.5502 -16.3291 25.9132  255 255 255
-18.9176 -21.7309 30.8036  255 255 255
-14.2363 -15.686 31.5923  255 255 255
-20.2172 -32.5621 27.7414  255 255 255
-16.2886 -22.8295 32.7008  255 255 255
-11.1173 -33.1549 34.6764  255 255 255
-15.6322 -22.4633 33.0889  255 255 255
-12.7533 -35.4134 32.0489  255 255 255
-13.4799 -23.7085 34.5119  255 255 255
-17.6256 -22.1244 31.6789  255 255 255
-8.88016 -24.8269 35.9232  255 255 255
-8.84543 -26.238 35.4259  255 255 255
-15.553 -23.5259 32.8524  255 255 255
-15.5526 -23.5253 32.8525  255 255 255
-7.32389 -25.896 36.0738  255 255 255
-12.5519 -35.7784 31.9356  255 255 255
-9.33958 -25.5017 35.5234  255 255 255
-13.5586 -35.5158 31.5778  255 255 255
-12.7205 -33.1285 34.023  255 255 255
-19.5765 -34.5827 27.9411  255 255 255
-9.21463 -31.614 37.1006  255 255 255
-5.83852 -26.5879 36.187  255 255 255
-17.7043 -33.5764 29.972  255 255 255
34.1376 73.3342 -81.757  255 255 255
-53.6475 49.9244 -34.8483  255 255 255
-52.6484 49.1271 -36.2639  255 255 255
-53.2536 37.7157 -46.1903  255 255 255
-80.5325 23.3138 -37.5056  255 255 255
-54.2606 41.0438 -42.4579  255 255 255
-71.0269 32.923 -34.9803  255 255 255
-49.0663 45.3454 -42.7259  255 255 255
-51.6298 44.6547 -41.0292  255 255 255
-35.864 34.4167 -63.4411  255 255 255
-44.7495 46.3746 -44.726  255 255 255
-42.2575 16.3537 -48.3206  255 255 255
-52.349 42.1424 -42.9341  255 255 255
-42.8368 47.2487 -45.8197  255 255 255
-43.1545 39.2407 -52.7106  255 255 255
-36.8304 37.6101 -59.0008  255 255 255
-55.7204 41.6368 -40.7194  255 255 255
-61.1275 41.3158 -36.6901  255 255 255
-75.2919 34.8387 -31.9336  255 255 255
-62.5998 28.2017 -48.1835  255 255 255
-57.3901 13.9465 -44.4294  255 255 255
-99.9978 -12.1746 -10.6367  255 255 255
-105.238 -10.4832 -13.6977  255 255 255
-106.242 -12.6599 -10.92  255 255 255
-41.1803 38.7642 -54.1799  255 255 255
-38.7229 49.0026 -47.3974  255 255 255
-61.5391 42.339 -34.8539  255 255 255
-45.6493 45.8242 -44.781  255 255 255
-48.5714 45.0473 -43.4494  255 255 255
-41.7548 48.4319 -45.3737  255 255 255
-51.4809 10.574 -41.3347  255 255 255
-74.2425 20.4406 -47.8081  255 255 255
-54.781 11.8498 -42.4125  255 255 255
-57.912 36.4796 -43.4367  255 255 255
-38.0626 46.3223 -50.37  255 255 255
-38.0627 46.3246 -50.3776  255 255 255
-54.309 34.7328 -48.1521  255 255 255
-40.3785 34.5986 -59.1422  255 255 255
-42.418 41.1799 -51.4182  255 255 255
-55.8099 47.1695 -35.4801  255 255 255
-50.975 44.122 -42.2505  255 255 255
-55.8099 47.1695 -35.4801  255 255 255
-51.7584 39.3723 -44.6845  255 255 255
-51.6722 36.6356 -48.2715  255 255 255
-47.2098 46.201 -43.2901  255 255 255
-43.7334 40.1418 -51.2709  255 255 255
-52.572 34.7806 -49.8035  255 255 255
-47.2172 46.1999 -43.3028  255 255 255
-47.3484 44.66 -44.2616  255 255 255
-56.368 33.7363 -47.2411  255 255 255
-66.895 39.3388 -34.02  255 255 255
-62.26 31.2573 -45.4773  255 255 255
-64.1278 28.8386 -46.2154  255 255 255
-64.6241 26.9654 -47.5526  255 255 255
-51.9157 34.5727 -49.9569  255 255 255
-43.9973 45.6561 -46.2947  255 255 255
-66.7967 43.2265 -30.8378  255 255 255
-43.7895 46.5275 -45.592  255 255 255
-43.2612 47.0908 -45.6785  255 255 255
-9.971 -33.3916 35.0329  255 255 255
-18.9416 -32.1398 29.7083  255 255 255
-11.8784 -33.036 34.5259  255 255 255
-18.6803 -32.7217 29.3579  255 255 255
-10.4036 -34.1528 34.2702  255 255 255
-41.4842 51.9072 -42.5821  255 255 255
-40.2045 41.509 -52.7567  255 255 255
-37.9826 47.1089 -49.7754  255 255 255
-85.4443 25.8707 -32.979  255 255 255
-62.7632 31.313 -44.7805  255 255 255
-69.8454 25.3415 -45.1206  255 255 255
-70.9751 32.9001 -34.8524  255 255 255
-63.8899 32.9259 -42.4954  255 255 255
-21.5961 -14.7836 26.706  255 255 255
8.14413 -18.7494 33.7051  255 255 255
-0.58869 -29.2877 36.6719  255 255 255
8.9329 -28.3323 34.8489  255 255 255
3.29797 -36.1859 35.449  255 255 255
-22.2033 -12.9555 24.638  255 255 255
-21.9003 -5.80637 16.3538  255 255 255
17.2323 -18.7783 27.5377  255 255 255
4.65301 -30.0464 36.8977  255 255 255
-8.25506 -23.5132 35.5193  255 255 255
-14.1486 -27.8552 36.2246  255 255 255
-18.025 -25.7034 34.0534  255 255 255
-28.7341 -9.7851 16.4977  255 255 255
-29.7783 -49.6536 25.7918  255 255 255
4.07357 -12.9085 35.1405  255 255 255
-3.24359 16.33 -50.6358  255 255 255
6.05714 -15.4883 34.7915  255 255 255
-11.3495 0.300362 23.6935  255 255 255
50.1307 -8.31003 -13.7545  255 255 255
-26.0121 -18.246 26.1991  255 255 255
0.366271 -22.4039 34.9245  255 255 255
-2.37042 -31.5009 39.0075  255 255 255
8.26483 -6.53712 30.8985  255 255 255
2.65389 -41.5214 29.5424  255 255 255
-1.00918 -9.60903 35.0165  255 255 255
2.26205 -27.1189 35.9626  255 255 255
-6.33197 0.40006 24.1577  255 255 255
-3.15905 16.9024 -50.9705  255 255 255
-19.3381 -2.17649 11.4105  255 255 255
51.2824 -0.982986 -6.35051  255 255 255
-19.8548 -32.1802 28.6088  255 255 255
-16.5175 -25.8437 34.0853  255 255 255
19.498 51.5289 -90.0366  255 255 255
-48.4218 39.8969 -47.9271  255 255 255
-16.2528 57.8855 -56.8027  255 255 255
-22.2221 52.5167 -57.0909  255 255 255
-7.51525 -9.6176 33.9136  255 255 255
-29.4502 53.1268 -50.774  255 255 255
0.600877 -10.6481 35.1855  255 255 255
-0.823134 22.0303 -57.409  255 255 255
-16.5271 -16.6683 29.439  255 255 255
-8.30941 -3.18471 29.5284  255 255 255
-66.0288 -5.40698 -22.3146  255 255 255
-58.9211 -13.6586 -13.5389  255 255 255
7.8265 -33.7016 34.9926  255 255 255
-14.9322 -38.1332 29.4006  255 255 255
50.508 5.3601 -4.18867  255 255 255
-62.2189 -12.0262 -15.2072  255 255 255
-63.4583 -14.2147 -11.2448  255 255 255
-38.6633 -52.8487 29.6994  255 255 255
51.5978 28.2377 -26.6808  255 255 255
47.7998 11.9627 -6.71727  255 255 255
56.3703 -16.5822 -5.09375  255 255 255
20.0144 -28.6986 27.8465  255 255 255
-4.33012 22.3593 -57.3177  255 255 255
-75.9421 11.2811 -40.7837  255 255 255
18.2943 -42.3703 25.773  255 255 255
-22.4136 -56.7314 33.4812  255 255 255
4.10141 -19.175 35.3041  255 255 255
-11.298 -1.93508 26.8513  255 255 255
-5.54107 -23.9343 35.6436  255 255 255
-80.9276 31.677 -30.2246  255 255 255
-67.6162 28.198 -42.7944  255 255 255
-4.92569 -30.3435 38.2451  255 255 255
-30.724 6.57739 -37.0423  255 255 255
8.27397 -13.0017 33.4513  255 255 255
-12.0808 -2.97305 27.1651  255 255 255
2.46525 -40.7395 30.3044  255 255 255
47.2422 7.21075 -10.1252  255 255 255
-47.167 39.1923 -49.6926  255 255 255
-10.6389 -22.3494 34.4059  255 255 255
9.6511 -37.2757 30.4326  255 255 255
12.7465 -6.04624 26.9464  255 255 255
-19.72 -24.2045 32.5718  255 255 255
-11.0102 -3.40228 28.5092  255 255 255
-7.19588 -30.7934 38.6263  255 255 255
-3.87988 -15.3369 36.037  255 255 255
1.31311 -39.0088 32.2716  255 255 255
-10.188 -16.9178 34.1557  255 255 255
-21.3263 -56.9468 33.5068  255 255 255
0.292579 -24.8148 36.2204  255 255 255
-23.4827 -56.9345 32.9899  255 255 255
-43.0545 48.5849 -43.723  255 255 255
-18.0473 56.0248 -57.247  255 255 255
-33.9225 50.6941 -49.5307  255 255 255
-19.0157 54.1199 -58.4671  255 255 255
-66.5377 42.1479 -30.8082  255 255 255
-6.41416 -25.9766 36.1266  255 255 255
-30.1061 5.68495 -36.7832  255 255 255
-41.0251 13.7789 -45.8364  255 255 255
-13.3403 57.5855 -59.3868  255 255 255
-4.10049 60.0436 -63.9321  255 255 255
-25.8762 -4.23235 9.84787  255 255 255
-10.4831 -9.61668 32.6992  255 255 255
48.0328 2.15262 -11.6123  255 255 255
-2.53699 -11.2179 35.6599  255 255 255
-2.53699 -11.2179 35.6599  255 255 255
-8.36269 -25.0429 36.1463  255 255 255
-28.5925 -56.2349 33.1441  255 255 255
-28.9526 -56.2269 33.2145  255 255 255
-22.5919 -57.3843 34.1547  255 255 255
-3.82916 -8.68528 34.4728  255 255 255
50.1413 0.490907 -7.96247  255 255 255
-5.95195 -5.63481 32.2267  255 255 255
-6.85844 -46.3027 32.2136  255 255 255
-10.6054 -18.0703 33.6485  255 255 255
-3.95776 -20.7868 35.322  255 255 255
-16.144 -7.38025 27.2139  255 255 255
-30.8982 -50.186 26.6148  255 255 255
-25.1725 -20.1039 28.2298  255 255 255
-8.70336 -26.4918 35.1536  255 255 255
-10.8081 -14.6815 33.746  255 255 255
3.7305 -25.5681 36.2957  255 255 255
-9.85926 -29.5006 37.8164  255 255 255
1.6392 -9.4631 34.7965  255 255 255
-26.9846 -55.5159 32.3456  255 255 255
21.0309 -22.6535 27.0216  255 255 255
-59.2159 43.1116 -37.6908  255 255 255
-19.715 56.1253 -55.8363  255 255 255
-5.43981 -29.9779 37.8504  255 255 255
-10.6748 -16.7727 33.857  255 255 255
56.4243 -24.9965 -8.35779  255 255 255
-3.44356 -38.2229 32.9275  255 255 255
3.99208 -14.2496 35.4539  255 255 255
-44.6039 -7.28447 -21.3953  255 255 255
-30.9588 47.1318 -55.0465  255 255 255
-32.3917 48.097 -53.2118  255 255 255
-33.5289 51.4696 -49.0776  255 255 255
-36.605 53.6548 -44.9387  255 255 255
-39.9591 52.3843 -43.3291  255 255 255
-14.5811 57.247 -58.9255  255 255 255
-52.913 31.817 -51.7785  255 255 255
-52.5492 32.9054 -51.0798  255 255 255
-12.0754 62.8753 -55.3944  255 255 255
-32.7173 37.3886 -62.7805  255 255 255
12.7393 70.8787 -67.8246  255 255 255
56.318 81.0769 -91.6159  255 255 255
-12.0581 -19.9308 32.6909  255 255 255
-9.59622 -2.3814 28.2492  255 255 255
21.7868 -21.7494 25.924  255 255 255
-25.6034 -4.59999 10.2816  255 255 255
-25.1505 -53.518 30.0479  255 255 255
56.0624 -16.5919 -5.88137  255 255 255
-29.4086 -51.037 27.5336  255 255 255
-41.0643 -36.2025 11.4124  255 255 255
-4.37367 -58.7959 33.7974  255 255 255
-1.94687 -39.077 32.173  255 255 255
42.6023 75.3604 -86.2933  255 255 255
-3.35247 -19.3432 35.8091  255 255 255
-5.98686 -42.3321 31.0116  255 255 255
54.6008 -12.695 -6.39721  255 255 255
47.9097 9.43352 -7.5118  255 255 255
51.717 -8.07465 -9.88159  255 255 255
-16.6592 -27.2444 35.9121  255 255 255
-18.282 -6.79618 23.9183  255 255 255
49.9296 -3.96261 -11.719  255 255 255
50.3452 -7.44049 -12.8329  255 255 255
48.8843 -0.767524 -11.6599  255 255 255
5.29967 48.6739 -82.0894  255 255 255
-51.6489 46.6803 -39.351  255 255 255
-8.13224 62.9913 -58.7819  255 255 255
-35.4981 35.788 -62.0174  255 255 255
22.4052 38.855 -78.0306  255 255 255
-5.16957 66.3613 -58.2719  255 255 255
29.0274 65.2611 -85.0793  255 255 255
-44.0694 -12.2952 -15.7441  255 255 255
-16.01 61.9404 -54.8759  255 255 255
-14.3705 58.4855 -57.8888  255 255 255
-8.05221 49.0141 -69.9167  255 255 255
-31.6726 22.7136 -56.0901  255 255 255
-12.1995 27.5292 -62.631  255 255 255
5.01459 -12.8011 34.8938  255 255 255
-33.9555 24.4439 -57.4313  255 255 255
43.0915 8.83339 -44.7965  255 255 255
-46.0829 -25.8162 0.0382504  255 255 255
-7.13653 -24.4474 36.4437  255 255 255
-36.0664 16.0588 -48.0278  255 255 255
-1.69846 -23.7601 34.8721  255 255 255
22.4577 -23.6071 27.823  255 255 255
-46.3092 -26.3761 0.575077  255 255 255
-39.8122 14.5141 -46.2044  255 255 255
8.19504 -6.10987 29.6267  255 255 255
-22.993 55.7953 -55.4171  255 255 255
-73.458 16.6061 -47.0279  255 255 255
-41.1899 14.5242 -45.7429  255 255 255
-66.755 44.0597 -30.3844  255 255 255
-45.4977 -7.66364 -20.3354  255 255 255
-22.6119 -9.44028 20.4071  255 255 255
-18.3836 53.2848 -59.4454  255 255 255
-104.587 -8.86449 -15.3284  255 255 255
-50.6452 -4.32368 -24.1039  255 255 255
-35.9449 16.6826 -48.6403  255 255 255
8.46664 -23.6175 33.8937  255 255 255
-59.6828 15.6118 -45.9079  255 255 255
-27.7754 26.0683 -59.566  255 255 255
13.7613 -7.00373 25.7318  255 255 255
-18.4751 17.9798 -51.08  255 255 255
57.7511 -24.5157 -5.75844  255 255 255
14.8762 -26.7626 32.3017  255 255 255
22.0046 -17.8883 21.7477  255 255 255
2.07012 27.0457 -63.3288  255 255 255
-64.4564 -7.48165 -19.5507  255 255 255
22.9739 -20.5657 24.3895  255 255 255
4.95804 -24.0121 34.9781  255 255 255
33.9561 -47.0031 18.2886  255 255 255
-6.25074 -23.912 35.8874  255 255 255
-2.80147 -7.39121 33.7192  255 255 255
17.4694 47.1015 -86.5297  255 255 255
3.19511 -9.68416 34.2067  255 255 255
-25.4111 -6.98132 12.9904  255 255 255
17.158 45.3698 -84.7597  255 255 255
2.45559 -7.17588 33.2904  255 255 255
33.6767 41.969 -81.9478  255 255 255
-11.935 -7.49599 30.7024  255 255 255
-10.9498 -35.5906 32.6701  255 255 255
-22.3182 -12.9797 24.4815  255 255 255
-11.4594 -22.4092 34.4053  255 255 255
-26.4719 19.2975 -52.5002  255 255 255
-43.1189 11.1255 -42.1547  255 255 255
-5.79426 -7.78907 33.696  255 255 255
32.9807 43.0981 -84.1585  255 255 255
-30.1818 25.1561 -58.1005  255 255 255
-28.7548 20.3928 -53.3086  255 255 255
5.34511 -35.5291 34.7796  255 255 255
-27.5198 -55.9928 33.0339  255 255 255
12.847 -8.58333 28.9834  255 255 255
-1.21966 -24.4918 36.0474  255 255 255
-35.0967 -51.5256 28.164  255 255 255
15.0376 -7.60441 25.2365  255 255 255
-26.7125 -54.9005 31.7782  255 255 255
-72.4044 3.2958 -31.8178  255 255 255
22.3846 43.0507 -81.8878  255 255 255
-52.7 -5.96063 -23.1592  255 255 255
2.47081 -23.8733 35.0205  255 255 255
-14.9631 -6.11964 27.6118  255 255 255
54.8983 -46.8207 17.761  255 255 255
-31.84 18.5148 -51.351  255 255 255
-22.9194 -0.767346 5.49335  255 255 255
-25.2348 15.4531 -47.9355  255 255 255
-30.5388 20.2323 -52.887  255 255 255
14.6948 -27.9029 33.6131  255 255 255
-25.5685 -56.4426 32.2268  255 255 255
-10.2856 0.252366 24.5763  255 255 255
-1.44767 -58.6893 33.0187  255 255 255
-0.344527 -30.2448 37.7944  255 255 255
20.2366 -11.1255 18.3602  255 255 255
1.43924 -29.5062 36.7096  255 255 255
-12.7882 -1.01218 24.4785  255 255 255
-22.0059 -22.7557 31.084  255 255 255
10.8755 -5.79096 28.1292  255 255 255
-27.5639 -56.2699 33.1492  255 255 255
13.9332 -26.7382 32.5316  255 255 255
22.3739 -21.849 26.0604  255 255 255
-70.0826 2.16642 -30.6327  255 255 255
-44.0769 11.6478 -43.7672  255 255 255
-23.0868 -22.4821 30.8932  255 255 255
-65.2332 -9.61633 -17.6044  255 255 255
7.4394 -17.483 34.0679  255 255 255
-4.42581 20.5923 -55.5351  255 255 255
-30.8329 25.5992 -58.856  255 255 255
49.1639 -7.44766 -15.5768  255 255 255
-52.2689 -6.7057 -21.6452  255 255 255
41.7857 37.39 -77.6263  255 255 255
-20.2943 -15.3302 27.303  255 255 255
-34.7758 26.0005 -60.8552  255 255 255
-33.9805 -49.3546 25.916  255 255 255
-33.244 -54.1157 31.0066  255 255 255
-108.313 -7.02117 -16.8283  255 255 255
-106.173 -8.2571 -15.6528  255 255 255
-110.629 -15.985 -5.96241  255 255 255
-106.162 -6.75736 -16.5722  255 255 255
9.69872 -1.8009 25.4949  255 255 255
12.1469 -16.4321 31.4016  255 255 255
-86.1067 -48.8981 30.18  255 255 255
-32.7453 -52.61 29.4161  255 255 255
-30.1932 -53.5234 30.4845  255 255 255
-14.5149 60.134 -56.3379  255 255 255
0.350565 65.5678 -62.0212  255 255 255
-15.3122 59.993 -55.825  255 255 255
-74.1524 -51.9488 31.8334  255 255 255
-69.4928 28.3983 -43.9534  255 255 255
-69.4767 28.3985 -43.9381  255 255 255
-37.9964 47.1134 -49.7989  255 255 255
34.1526 71.8458 -83.4729  255 255 255
48.5737 63.4062 -101.244  255 255 255
21.189 52.0983 -91.2868  255 255 255
1.85671 60.0946 -68.9037  255 255 255
8.4811 -23.0428 33.5216  255 255 255
10.5361 -34.1462 32.7202  255 255 255
8.23364 -35.7843 33.1113  255 255 255
-29.1145 -57.2395 34.3564  255 255 255
-49.6853 11.3408 -42.1849  255 255 255
-11.0257 -4.64059 29.2444  255 255 255
-21.2204 -13.5133 25.1446  255 255 255
53.1033 -20.1934 -13.5377  255 255 255
-27.6014 -55.5357 32.5836  255 255 255
47.9178 -41.0404 10.7521  255 255 255
-19.2377 -57.9917 34.6411  255 255 255
46.7418 25.0276 -40.3906  255 255 255
-17.6788 -11.5803 27.2841  255 255 255
2.80443 -8.8875 34.1639  255 255 255
13.8673 -5.92197 25.4078  255 255 255
-14.8289 -26.0312 34.1936  255 255 255
4.967 -20.3031 34.6379  255 255 255
57.2377 -24.369 -8.66943  255 255 255
10.2387 -34.1286 32.8503  255 255 255
-29.5312 -51.6655 28.1372  255 255 255
50.6859 -38.3737 7.61308  255 255 255
14.1192 -9.33327 27.7534  255 255 255
12.4853 -38.7695 27.4147  255 255 255
50.127 -40.7537 9.83761  255 255 255
41.1073 -50.4643 21.9618  255 255 255
12.7317 -5.01803 25.7772  255 255 255
9.00976 -36.3173 31.6448  255 255 255
-30.1341 -54.4093 31.7104  255 255 255
7.39242 -4.57871 29.8373  255 255 255
23.9819 -19.0506 22.3439  255 255 255
11.7832 -32.9603 33.112  255 255 255
11.7832 -32.9603 33.112  255 255 255
11.7691 -38.2468 28.767  255 255 255
11.8269 -39.2334 27.8775  255 255 255
49.8521 -37.3787 6.61824  255 255 255
-2.43107 -18.1122 36.08  255 255 255
-2.41829 -18.1233 35.9167  255 255 255
49.9067 60.6494 -103.01  255 255 255
-71.1615 33.3209 -33.7022  255 255 255
48.7544 21.5294 -37.516  255 255 255
49.2051 19.9126 -38.6231  255 255 255
1.56544 59.0371 -72.2074  255 255 255
-31.6213 57.6877 -45.2724  255 255 255
26.222 54.4194 -92.7404  255 255 255
57.2004 -43.8899 14.045  255 255 255
48.0227 0.845179 -12.5236  255 255 255
3.82058 48.4165 -81.1059  255 255 255
42.6113 66.5816 -94.0715  255 255 255
10.4603 68.6473 -68.1178  255 255 255
-64.6034 -9.0601 -17.1415  255 255 255
-33.1362 34.834 -64.6059  255 255 255
35.1556 75.8516 -80.3354  255 255 255
-7.65843 66.6939 -57.0197  255 255 255
-53.5589 41.3746 -42.5788  255 255 255
-31.0786 -56.4454 33.3127  255 255 255
9.02975 -22.6549 32.6217  255 255 255
-22.7881 -15.8302 25.7091  255 255 255
-23.2317 -16.5563 24.9526  255 255 255
-51.1924 49.5701 -36.9778  255 255 255
-54.6627 31.2594 -51.2739  255 255 255
51.2997 -11.4296 -13.2213  255 255 255
51.6609 -12.0382 -12.6236  255 255 255
52.5911 -2.47594 -4.03854  255 255 255
4.22947 -26.2369 36.1641  255 255 255
53.0134 -13.7231 -10.018  255 255 255
53.4142 -17.0397 -12.1781  255 255 255
-46.7344 39.7052 -49.1626  255 255 255
57.7593 -25.427 -7.03164  255 255 255
58.4063 -22.0752 -3.69924  255 255 255
-41.7607 42.0391 -50.6015  255 255 255
-59.0363 39.2053 -41.5934  255 255 255
-110.92 46.7752 -62.5233  255 255 255
-50.7049 34.2303 -51.3533  255 255 255
-30.9965 44.903 -57.1772  255 255 255
-11.9729 51.8006 -65.9696  255 255 255
-7.42974 -22.66 34.3847  255 255 255
-36.667 46.6377 -51.0292  255 255 255
46.6403 64.1103 -99.1439  255 255 255
16.4288 66.6968 -74.6152  255 255 255
46.7345 64.2294 -99.613  255 255 255
45.4941 66.5653 -96.2705  255 255 255
-14.502 60.1131 -56.3278  255 255 255
-30.1645 49.6287 -53.3206  255 255 255
21.8496 40.183 -79.1754  255 255 255
44.2599 61.8633 -99.2011  255 255 255
-19.3716 -25.5881 34.2022  255 255 255
-22.1965 -6.38663 16.6787  255 255 255
-33.7694 26.9738 -61.4139  255 255 255
2.38185 27.8549 -64.2174  255 255 255
23.2739 42.3526 -82.2884  255 255 255
-17.6284 -22.1183 31.6939  255 255 255
25.9557 59.2067 -88.3589  255 255 255
-10.1592 -18.2076 33.8581  255 255 255
-33.634 28.2793 -62.3823  255 255 255
2.69603 -20.4241 35.2739  255 255 255
-14.8854 -19.4314 31.5667  255 255 255
-1.98908 -21.7341 35.2705  255 255 255
-16.1263 -20.0905 32.1393  255 255 255
0.680683 -8.87927 34.6193  255 255 255
10.838 -37.478 29.5801  255 255 255
56.1393 -14.353 -3.69594  255 255 255
-25.3407 -4.28149 9.95622  255 255 255
52.1711 -11.6693 -10.8106  255 255 255
48.8793 -0.775082 -11.6561  255 255 255
48.525 -4.6148 -15.1335  255 255 255
-0.452136 -22.2035 35.0687  255 255 255
6.28277 -16.6475 34.6996  255 255 255
1.72153 -20.9181 35.2994  255 255 255
11.3187 -23.2265 32.9297  255 255 255
10.2005 -22.0618 31.973  255 255 255
-17.5684 -25.6501 33.8613  255 255 255
22.7974 -22.3701 26.4468  255 255 255
3.4007 -24.8269 35.8594  255 255 255
5.12329 -23.6428 34.5037  255 255 255
-3.10134 -24.1666 35.6219  255 255 255
-26.2519 -18.6483 26.7527  255 255 255
-9.48555 -33.0088 35.7246  255 255 255
-14.26 -19.5203 31.7427  255 255 255
5.28508 -22.8946 33.8541  255 255 255
48.1329 3.42275 -11.3705  255 255 255
3.28058 -29.7889 36.8894  255 255 255
-19.1955 -23.2771 31.3453  255 255 255
-0.739405 -25.0025 36.4923  255 255 255
-1.2779 -34.2927 36.3268  255 255 255
11.0617 -27.5515 33.5918  255 255 255
-1.99014 -21.7351 35.2693  255 255 255
-10.563 -20.9765 33.4614  255 255 255
-16.849 -18.3668 30.6482  255 255 255
-9.74222 -19.5178 34.1183  255 255 255
17.3054 -42.6441 25.9229  255 255 255
-8.45114 -23.8423 35.8962  255 255 255
-16.3994 -17.9646 29.9414  255 255 255
-9.60709 -14.5333 35.0443  255 255 255
47.6548 9.32338 -7.71985  255 255 255
3.62943 -14.0036 35.5272  255 255 255
-15.1719 -16.11 30.9279  255 255 255
-10.1896 -13.0663 33.8407  255 255 255
4.8157 -17.6363 35.2593  255 255 255
48.1208 9.27396 -6.76155  255 255 255
51.4604 0.661982 -4.93007  255 255 255
56.2872 -15.3977 -4.53714  255 255 255
57.1509 -20.0083 -5.15839  255 255 255
21.5805 38.4074 -77.5049  255 255 255
0.921009 -56.456 31.4085  255 255 255
-15.0702 -29.1422 37.8718  255 255 255
11.4434 -26.1862 32.6082  255 255 255
-14.2155 -18.9118 31.4083  255 255 255
6.21622 -30.025 36.9623  255 255 255
-17.3457 -16.3744 28.092  255 255 255
6.68518 -7.42853 31.9759  255 255 255
3.05149 -7.98887 33.7156  255 255 255
0.953178 -7.48359 33.7476  255 255 255
-11.006 -3.4338 28.5119  255 255 255
22.7042 54.9507 -89.7656  255 255 255
-0.772462 60.8775 -66.987  255 255 255
50.0229 -14.5197 -17.2317  255 255 255
50.6681 -15.3859 -16.8774  255 255 255
-78.7 -52.4789 33.2273  255 255 255
-32.5008 35.6107 -64.5528  255 255 255
-32.1311 25.3334 -57.6467  255 255 255
-23.5604 -21.8902 30.1622  255 255 255
-27.8348 27.1999 -61.1965  255 255 255
-2.94043 42.6489 -79.3436  255 255 255
23.1785 -19.0505 22.7603  255 255 255
54.6228 -47.177 17.9321  255 255 255
-0.862636 -9.35565 34.8734  255 255 255
4.3802 -29.5917 36.5203  255 255 255
-11.0474 -23.6644 35.6234  255 255 255
43.2069 60.1238 -100.211  255 255 255
-8.15418 -23.9885 35.9359  255 255 255
51.7534 18.0886 -33.5665  255 255 255
2.10863 -10.0845 34.9121  255 255 255
-32.2238 34.1854 -65.2774  255 255 255
-39.2347 49.8227 -45.2343  255 255 255
-19.0938 54.5979 -57.6814  255 255 255
-8.57055 -22.7552 34.602  255 255 255
9.52315 -38.1748 30.0337  255 255 255
-31.9839 35.1958 -64.6288  255 255 255
-7.9648 -17.1274 35.1025  255 255 255
-18.0419 -18.4686 30.4765  255 255 255
3.26727 -32.6329 37.3849  255 255 255
2.69796 -13.6284 35.6178  255 255 255
-34.7069 38.5718 -59.9248  255 255 255
28.0867 60.2516 -89.0925  255 255 255
14.7196 -21.5894 30.8643  255 255 255
-27.8809 41.1756 -62.9346  255 255 255
-36.5921 53.6263 -44.9575  255 255 255
-40.9961 51.8737 -42.9391  255 255 255
-13.8425 -12.3747 31.4655  255 255 255
9.16833 57.4264 -76.3889  255 255 255
-18.0885 57.3873 -54.6334  255 255 255
23.1297 42.0944 -81.1792  255 255 255
-39.9652 53.0273 -42.7471  255 255 255
10.9625 -37.7104 29.5859  255 255 255
55.753 -46.1791 16.7344  255 255 255
10.4686 57.9381 -77.1385  255 255 255
6.58304 -0.347732 23.7799  255 255 255
49.8954 21.4699 -34.815  255 255 255
10.7072 -28.3789 34.6724  255 255 255
-5.94014 -25.5267 36.5674  255 255 255
5.67054 -19.9934 34.5244  255 255 255
-14.4433 -21.2141 33.3344  255 255 255
20.8613 -12.661 19.9775  255 255 255
-17.262 -25.0598 33.3508  255 255 255
14.5723 -20.412 29.6868  255 255 255
18.7067 53.9732 -87.56  255 255 255
-9.67796 56.2874 -63.3618  255 255 255
-38.0929 44.691 -51.6015  255 255 255
-34.4032 36.8684 -61.1847  255 255 255
12.8213 -34.5133 30.783  255 255 255
-24.7171 16.0796 -48.9584  255 255 255
46.3564 24.0146 -41.3412  255 255 255
-29.0034 11.9126 -43.8226  255 255 255
-12.5381 -23.1607 35.2677  255 255 255
-12.0377 -20.3871 32.6515  255 255 255
-43.8093 48.1827 -43.8604  255 255 255
0.83378 -23.5976 34.8496  255 255 255
-63.867 27.2794 -47.5537  255 255 255
-68.8816 34.3484 -34.5408  255 255 255
1.47787 -24.2923 35.4363  255 255 255
13.7346 -22.6119 32.0464  255 255 255
15.0245 -27.5142 33.3626  255 255 255
-20.4521 -24.9796 33.5763  255 255 255
28.2486 28.366 -66.4297  255 255 255
-25.4264 54.7685 -51.7411  255 255 255
18.8951 -16.0794 24.2936  255 255 255
27.39 59.6462 -88.9386  255 255 255
-25.405 -15.0071 22.3686  255 255 255
7.30142 57.6223 -76.3933  255 255 255
-16.925 57.2944 -56.8734  255 255 255
3.71856 53.2679 -75.7141  255 255 255
-16.9361 -24.786 32.937  255 255 255
-16.6364 -23.4379 32.0715  255 255 255
29.0971 15.0362 -50.9001  255 255 255
-17.0629 -23.8903 31.9723  255 255 255
-10.1256 -7.79423 31.9542  255 255 255
14.3756 -28.094 33.8258  255 255 255
-46.4311 42.0614 -47.0043  255 255 255
-17.6016 57.3312 -56.1751  255 255 255
-42.4019 44.1928 -49.148  255 255 255
-47.8808 30.9257 -57.6232  255 255 255
50.0426 20.0294 -35.7337  255 255 255
-48.2819 30.1917 -58.2433  255 255 255
-41.9878 50.426 -43.3256  255 255 255
-51.6713 33.6122 -50.3376  255 255 255
24.6387 -15.494 18.6  255 255 255
-41.8374 51.7329 -42.5987  255 255 255
48.815 28.2522 -33.1929  255 255 255
50.2321 -11.1431 -15.54  255 255 255
50.5634 -15.3968 -16.6525  255 255 255
0.579861 -12.7601 35.678  255 255 255
2.41307 -14.5614 35.711  255 255 255
8.71507 -29.3548 35.9135  255 255 255
-5.99847 -58.4795 34.3053  255 255 255
49.1178 -40.6317 10.3249  255 255 255
-22.4487 -57.0886 33.6831  255 255 255
54.2028 -9.66843 -4.85078  255 255 255
-20.3388 -23.8827 32.2417  255 255 255
54.2992 -16.5581 -9.0749  255 255 255
-16.636 -23.4478 32.0306  255 255 255
54.9625 -16.0886 -7.57415  255 255 255
-12.4438 -20.1901 32.3568  255 255 255
-15.4192 -16.0316 30.6319  255 255 255
52.7647 -9.89245 -9.12102  255 255 255
-23.842 -53.6235 30.0868  255 255 255
-10.2003 -13.5577 33.8152  255 255 255
-8.1829 -20.982 34.461  255 255 255
-3.4476 -22.0063 35.0255  255 255 255
-3.73551 -22.4792 34.9141  255 255 255
-4.13813 -22.6621 34.8994  255 255 255
-12.5432 -23.1377 35.3233  255 255 255
53.7936 -13.921 -9.38486  255 255 255
57.9691 -23.5419 -5.90073  255 255 255
57.8644 -25.8563 -7.78407  255 255 255
56.9636 -22.687 -7.36709  255 255 255
-20.5182 -55.4286 31.8051  255 255 255
44.5974 -37.9401 7.19504  255 255 255
-6.92578 -10.2791 34.3837  255 255 255
-31.6338 -49.4499 25.8988  255 255 255
-72.8243 1.49541 -29.9086  255 255 255
-0.135681 -25.4411 36.8329  255 255 255
2.25726 -29.638 36.8022  255 255 255
24.4689 -17.5584 21.0017  255 255 255
18.6883 -21.9148 27.2428  255 255 255
16.5026 -27.64 33.0158  255 255 255
13.49 -30.2083 34.3587  255 255 255
-1.49541 -31.5383 38.7586  255 255 255
-29.0008 -52.3515 28.7711  255 255 255
-26.1958 -56.0309 32.7888  255 255 255
-26.8796 -56.4715 33.3005  255 255 255
7.40178 -2.11034 26.3985  255 255 255
49.7291 -7.47958 -12.9086  255 255 255
12.1205 -10.9809 30.3656  255 255 255
4.09461 -29.292 36.2694  255 255 255
-18.3493 -17.2153 29.3431  255 255 255
-23.7451 -16.4423 24.3014  255 255 255
-15.754 -18.8853 30.762  255 255 255
-13.0665 -21.9851 33.9548  255 255 255
-13.3059 -26.5187 34.4786  255 255 255
6.58732 -30.4463 37.3851  255 255 255
17.7268 -18.1983 26.8205  255 255 255
18.6927 -22.8854 27.8378  255 255 255
9.05261 -23.3913 33.7  255 255 255
6.07433 -23.2964 33.9578  255 255 255
49.3945 -46.8186 17.067  255 255 255
15.7012 -19.1863 28.2146  255 255 255
21.9324 -20.8687 24.7003  255 255 255
18.0141 -26.0106 31.335  255 255 255
15.1983 -26.7131 32.3565  255 255 255
15.2055 -26.7301 32.3129  255 255 255
-7.23252 -23.7009 35.0056  255 255 255
12.9325 -32.5957 32.6505  255 255 255
2.11333 -41.2903 29.8689  255 255 255
17.8773 -23.4706 28.5955  255 255 255
-9.91145 -29.47 37.9407  255 255 255
-18.8539 -37.9313 25.5317  255 255 255
6.61435 -34.0236 37.4652  255 255 255
-20.6646 -8.0633 18.5884  255 255 255
-2.88875 -15.6794 35.8918  255 255 255
-13.3677 53.8314 -62.8531  255 255 255
-35.5915 6.93508 -38.0921  255 255 255
-21.5755 -8.3642 19.3269  255 255 255
-23.6249 -23.3468 31.9045  255 255 255
-13.1672 -4.60105 27.8927  255 255 255
-21.4283 -6.47117 17.0441  255 255 255
-10.3656 48.1294 -70.4031  255 255 255
-2.75958 -8.85769 35.0153  255 255 255
-10.2681 -1.7964 27.5465  255 255 255
-7.62642 -7.21765 32.69  255 255 255
-45.9352 -24.8776 -1.16353  255 255 255
-62.7441 31.5617 -43.9611  255 255 255
-60.7321 42.6861 -35.1951  255 255 255
2.02829 -9.58861 34.7151  255 255 255
6.9831 -7.74345 31.9616  255 255 255
-8.70218 -10.2159 33.71  255 255 255
26.251 58.3836 -89.5861  255 255 255
0.802314 -12.0602 35.5454  255 255 255
-12.1219 -22.6457 34.8268  255 255 255
47.8214 66.3918 -98.1876  255 255 255
-9.74078 -29.1348 37.2682  255 255 255
6.81254 68.879 -64.7113  255 255 255
-24.5273 53.5836 -54.5925  255 255 255
-27.0818 52.7813 -53.2157  255 255 255
-9.74941 -17.1294 34.335  255 255 255
15.0458 21.4145 -57.708  255 255 255
21.5219 22.7244 -59.5273  255 255 255
17.2393 22.2346 -58.4593  255 255 255
9.78431 -33.5729 33.7463  255 255 255
14.2569 -17.2634 29.2705  255 255 255
-48.7317 -4.63717 -23.9419  255 255 255
-21.6881 -14.3174 26.0744  255 255 255
-63.1003 -14.0408 -12.3988  255 255 255
21.1467 -3.59173 4.3799  255 255 255
-15.8124 -39.8287 28.5791  255 255 255
-50.1654 -0.919259 -28.2252  255 255 255
49.8621 20.5959 -36.4182  255 255 255
20.8168 -20.7067 24.8587  255 255 255
-2.78147 16.0044 -50.382  255 255 255
9.99309 -28.996 35.4621  255 255 255
15.2796 -33.9382 29.9414  255 255 255
7.87 -4.16084 29.2432  255 255 255
-6.43242 -46.029 32.0082  255 255 255
-10.0968 -32.8478 35.5256  255 255 255
1.22617 -39.7709 31.8338  255 255 255
-52.978 34.7696 -49.0572  255 255 255
-52.3578 38.7801 -45.9667  255 255 255
-69.455 29.0846 -43.3799  255 255 255
-19.1514 -22.732 31.0552  255 255 255
-49.178 39.9826 -46.0389  255 255 255
-35.2368 32.2887 -65.2556  255 255 255
50.2064 34.8079 -75.2419  255 255 255
-3.76199 1.32594 21.7805  255 255 255
-40.1255 43.803 -50.382  255 255 255
-31.1438 -51.2965 27.988  255 255 255
19.8933 -14.6463 22.5125  255 255 255
-47.1915 -26.7143 0.496114  255 255 255
-38.0414 -52.8268 29.6472  255 255 255
-22.6728 -7.40726 18.0749  255 255 255
48.116 21.3547 -39.201  255 255 255
-33.389 3.05092 -33.6463  255 255 255
-18.2858 -14.0977 27.2236  255 255 255
-25.6646 18.1576 -51.0616  255 255 255
34.7808 -51.2149 22.9761  255 255 255
46.1228 -31.8469 -0.311832  255 255 255
53.6804 -13.372 -9.1217  255 255 255
-38.2002 -49.6934 26.1084  255 255 255
23.0781 20.2968 -56.3823  255 255 255
-14.4789 -7.55006 28.8034  255 255 255
-39.8837 45.0511 -49.9795  255 255 255
52.7758 -19.2243 -14.2596  255 255 255
-25.7731 -56.1049 32.8187  255 255 255
-36.2691 33.8869 -62.6494  255 255 255
16.0959 29.2012 -66.588  255 255 255
46.9551 -41.3264 11.197  255 255 255
-23.1467 28.2337 -62.7145  255 255 255
4.21322 -16.2708 35.3109  255 255 255
-24.0793 7.87231 -39.0906  255 255 255
-4.67546 18.2444 -52.6449  255 255 255
-26.1694 -55.9847 32.9452  255 255 255
54.0155 -47.48 18.4315  255 255 255
3.67644 -14.8015 35.5405  255 255 255
-69.9619 30.6317 -40.2769  255 255 255
46.6676 7.64354 -11.8152  255 255 255
52.0694 -11.1279 -10.7261  255 255 255
-7.98823 -12.7464 34.6522  255 255 255
-12.5426 -28.7866 36.8435  255 255 255
-0.568731 -13.9676 36.0404  255 255 255
-69.4713 26.7347 -45.3358  255 255 255
-106.301 -7.76586 -15.2936  255 255 255
-64.8393 -1.57474 -26.8804  255 255 255
-76.3448 8.57365 -37.4314  255 255 255
-74.7101 7.65753 -36.2976  255 255 255
-63.5393 33.8663 -39.8693  255 255 255
12.0275 -14.4584 31.1686  255 255 255
-74.3776 16.6111 -46.832  255 255 255
-74.5316 37.6653 -30.3219  255 255 255
-29.8493 -52.4451 29.0196  255 255 255
-2.67375 -11.656 35.6984  255 255 255
-51.3465 28.7065 -53.0589  255 255 255
-73.4454 29.7144 -45.0052  255 255 255
-16.9003 54.2255 -59.8988  255 255 255
13.0584 60.9955 -74.8641  255 255 255
-48.6431 32.7384 -56.195  255 255 255
-49.5921 46.7237 -40.5915  255 255 255
-69.193 38.7183 -32.6091  255 255 255
-19.7865 52.4662 -57.8119  255 255 255
-39.3844 44.8126 -50.4517  255 255 255
-60.7278 -12.2614 -14.4942  255 255 255
-67.453 -1.17406 -26.6224  255 255 255
-33.175 -57.7828 35.1662  255 255 255
-35.302 -51.7908 28.6019  255 255 255
-5.84637 -6.59743 32.8564  255 255 255
-21.1615 -7.33126 17.9722  255 255 255
6.34397 -17.0991 34.5304  255 255 255
-16.4742 -22.6296 32.3796  255 255 255
13.727 -33.9566 30.858  255 255 255
17.3729 17.9441 -53.7349  255 255 255
-38.1314 15.7998 -48.1097  255 255 255
-39.1888 14.2724 -45.9079  255 255 255
9.38337 -2.26943 26.0705  255 255 255
-0.192968 -8.15325 34.2984  255 255 255
4.81077 -9.69956 33.842  255 255 255
4.81229 -9.70626 33.8128  255 255 255
19.2036 -15.7615 23.9002  255 255 255
18.248 -16.64 25.0186  255 255 255
5.5628 -15.7994 34.884  255 255 255
-22.5461 -16.325 25.9632  255 255 255
4.85459 -19.5724 34.8994  255 255 255
-8.62613 -23.953 35.9847  255 255 255
-1.3087 -32.2787 38.2818  255 255 255
52.6829 -40.8055 10.4025  255 255 255
-30.8647 17.7403 -50.2131  255 255 255
31.3927 12.7529 -48.6424  255 255 255
-38.3157 16.8329 -48.4636  255 255 255
28.5395 11.9773 -47.306  255 255 255
25.0195 11.1815 -46.5942  255 255 255
24.7633 10.1413 -45.4158  255 255 255
-2.95705 2.3848 21.6049  255 255 255
9.94923 -4.9068 28.4943  255 255 255
-70.6894 -1.36491 -26.226  255 255 255
25.5814 -11.1539 13.1381  255 255 255
-21.9536 -8.41958 19.1376  255 255 255
4.53768 -21.5439 34.3834  255 255 255
1.98021 -24.7666 35.9501  255 255 255
13.3514 -33.3587 31.6078  255 255 255
-30.6371 -49.8931 26.4664  255 255 255
-48.3546 -55.6708 34.7653  255 255 255
-1.65373 2.26137 20.9426  255 255 255
12.2041 -8.40078 29.0814  255 255 255
12.6259 -22.8242 32.2556  255 255 255
-6.34444 -22.9057 34.5385  255 255 255
9.01526 -28.5754 34.9953  255 255 255
-2.47333 -29.7089 37.2626  255 255 255
34.7202 -44.8601 16.0703  255 255 255
-35.6479 -49.1443 25.2769  255 255 255
8.60121 -2.75519 27.811  255 255 255
-25.7734 -7.48234 13.7013  255 255 255
9.46331 -10.5581 31.8931  255 255 255
4.30624 -24.1992 35.0119  255 255 255
-0.251087 -24.7948 36.3114  255 255 255
-23.2004 -55.5309 32.6544  255 255 255
-44.1074 -9.22035 -18.7931  255 255 255
49.601 -44.377 14.8279  255 255 255
-34.2871 -49.8711 26.3974  255 255 255
15.0507 -9.41563 26.7578  255 255 255
-43.7483 -10.5166 -17.1502  255 255 255
-29.6253 -57.5081 34.8045  255 255 255
23.5478 -34.6081 18.6737  255 255 255
-21.9093 -55.5544 32.0744  255 255 255
19.9726 -33.0387 23.6842  255 255 255
-43.8742 -56.0418 34.4163  255 255 255
3.72931 -15.8437 35.5556  255 255 255
-59.1444 -12.5144 -14.3632  255 255 255
-55.1148 -24.0892 -1.38498  255 255 255
53.5488 -5.12409 -3.82096  255 255 255
25.6519 -16.5187 19.4481  255 255 255
-2.04477 -28.7955 36.3076  255 255 255
31.228 12.1005 -48.0902  255 255 255
18.3041 -36.4609 23.3398  255 255 255
36.8648 -48.7418 20.1128  255 255 255
12.9168 -31.3911 33.6461  255 255 255
-29.257 -27.1955 15.4245  255 255 255
-53.576 -28.5052 3.42299  255 255 255
-23.3632 -23.0566 31.6597  255 255 255
-17.525 -26.76 35.2384  255 255 255
3.14219 -20.1036 35.256  255 255 255
19.3593 53.7999 -88.1359  255 255 255
-61.4193 -12.4143 -14.8292  255 255 255
-0.891494 -30.4353 37.9665  255 255 255
-10.9801 -35.8884 32.4762  255 255 255
-9.75015 -34.7445 33.7166  255 255 255
6.0837 -31.5161 38.5536  255 255 255
-18.261 -59.2068 35.6537  255 255 255
-18.9572 -58.1467 34.6957  255 255 255
-7.67293 64.7016 -57.592  255 255 255
-80.7862 -11.6245 -14.2175  255 255 255
-6.01306 0.450639 23.7015  255 255 255
-4.0253 -11.8947 35.4724  255 255 255
-2.16566 -18.2601 36.0715  255 255 255
-1.5645 -19.3709 35.9614  255 255 255
-1.28683 -17.049 36.1869  255 255 255
-18.5879 56.8022 -56.2423  255 255 255
47.7505 15.1983 -4.16131  255 255 255
6.20635 -13.0998 34.5469  255 255 255
-5.01235 -10.5911 34.9628  255 255 255
-21.8304 -6.95494 17.4084  255 255 255
48.6932 64.135 -100.878  255 255 255
24.3478 62.9515 -84.1291  255 255 255
12.7393 70.8787 -67.8246  255 255 255
-15.6016 -17.8734 30.3015  255 255 255
-8.07517 -15.1718 34.9575  255 255 255
-2.35572 -12.2901 35.7355  255 255 255
-5.81964 -13.7362 35.4456  255 255 255
-52.2964 40.3193 -44.5389  255 255 255
-52.3412 41.2891 -41.9854  255 255 255
12.9739 -15.9552 30.5345  255 255 255
10.8909 -9.69915 30.7471  255 255 255
14.4343 -14.3006 29.1908  255 255 255
16.0657 -25.947 31.347  255 255 255
7.92718 -39.1685 29.8  255 255 255
14.25 -10.3384 28.2793  255 255 255
12.944 -10.0493 29.3598  255 255 255
13.9398 -8.52052 27.6066  255 255 255
11.3835 -30.0005 35.8026  255 255 255
8.78899 -9.28878 31.6921  255 255 255
2.60964 -9.15356 34.3599  255 255 255
1.51774 -12.3718 35.53  255 255 255
-40.0335 40.1669 -54.1815  255 255 255
3.8363 47.1288 -81.8806  255 255 255
52.0331 -20.9808 -12.0726  255 255 255
15.568 -19.5145 28.6703  255 255 255
-17.9243 -24.5379 32.585  255 255 255
-13.2086 51.6013 -66.2047  255 255 255
-13.2086 51.6013 -66.2047  255 255 255
45.619 24.9882 -42.1994  255 255 255
2.48464 46.9531 -81.0193  255 255 255
21.895 18.8274 -54.3146  255 255 255
28.8105 16.5324 -52.3515  255 255 255
48.8658 -5.51785 -14.3986  255 255 255
51.237 -8.26835 -10.9181  255 255 255
48.5563 -7.3144 -15.6489  255 255 255
53.4245 -13.6625 -9.23396  255 255 255
48.9308 -20.4859 -13.0868  255 255 255
2.95604 -14.6026 35.6393  255 255 255
58.9241 -28.5421 -3.97807  255 255 255
59.1465 -28.829 -3.61099  255 255 255
1.11461 -16.6175 36.0958  255 255 255
20.4339 -22.5784 27.1326  255 255 255
-13.4067 -14.8229 31.9312  255 255 255
16.9325 -25.5548 30.9352  255 255 255
15.7512 -25.6082 31.0322  255 255 255
13.6033 -28.047 33.8866  255 255 255
-12.7192 -22.4451 34.7197  255 255 255
-12.841 -22.7218 34.7135  255 255 255
-8.81508 -24.0892 36.3933  255 255 255
44.5108 -42.1266 12.2888  255 255 255
35.8577 -46.7372 17.9271  255 255 255
23.8652 -54.611 27.6125  255 255 255
-1.1366 -58.865 34.0109  255 255 255
-20.646 -55.0212 31.318  255 255 255
-32.5746 -53.7247 30.5268  255 255 255
4.49464 48.5106 -81.6877  255 255 255
50.8429 35.3902 -75.8074  255 255 255
41.3737 29.8033 -68.7796  255 255 255
48.6002 6.91488 -7.61209  255 255 255
-26.5618 18.7624 -51.8424  255 255 255
-53.6162 -4.08099 -24.7897  255 255 255
58.1774 -41.4312 11.1401  255 255 255
54.8795 -43.0028 12.5345  255 255 255
42.6796 -45.0896 15.6347  255 255 255
-12.026 -33.3359 34.0099  255 255 255
-35.5963 -49.9282 26.7081  255 255 255
-27.7871 48.1722 -56.0222  255 255 255
-11.2441 48.1338 -69.5863  255 255 255
49.2546 6.58257 -5.98904  255 255 255
49.8782 -7.39344 -13.4656  255 255 255
-42.1343 -9.05444 -20.4552  255 255 255
4.03026 -24.8081 35.9586  255 255 255
-22.9789 -21.0507 28.5611  255 255 255
-16.482 -25.3849 33.7718  255 255 255
33.3903 -47.9616 18.7923  255 255 255
-3.83188 -59.4885 35.3529  255 255 255
3.55618 48.7824 -80.0737  255 255 255
-8.93552 -3.56225 29.5912  255 255 255
34.8038 -47.369 18.2635  255 255 255
29.8194 19.5097 -55.7785  255 255 255
-24.2998 10.683 -42.8372  255 255 255
37.5972 -48.9704 20.4317  255 255 255
48.73 -42.9283 12.8178  255 255 255
-33.8602 -52.7935 29.5258  255 255 255
45.2533 -44.406 14.9144  255 255 255
45.4775 -45.0564 16.878  255 255 255
34.6174 -46.2419 17.4761  255 255 255
-32.5785 -51.846 28.4577  255 255 255
49.5923 -13.841 -18.4271  255 255 255
5.64616 -22.5957 33.7077  255 255 255
34.8193 -47.3987 18.1585  255 255 255
-46.6388 45.0752 -45.2144  255 255 255
-8.65595 -29.5731 37.6561  255 255 255
49.4526 24.4533 -34.1582  255 255 255
-9.78463 -11.0054 33.5785  255 255 255
-22.8354 -54.8083 30.7615  255 255 255
18.9727 33.1167 -70.9171  255 255 255
-0.765481 -23.9212 35.364  255 255 255
-4.75135 22.7103 -57.2662  255 255 255
23.4551 -24.2217 27.7802  255 255 255
53.0486 -43.3661 12.9088  255 255 255
32.9336 -49.9413 21.7189  255 255 255
-23.2772 -55.7845 32.4392  255 255 255
-19.4518 -56.0878 32.9001  255 255 255
-26.2938 -55.0335 31.6466  255 255 255
-29.3101 -54.7967 31.5617  255 255 255
-15.4635 -47.5725 27.4208  255 255 255
30.4996 16.8226 -53.7354  255 255 255
-6.49418 -26.9789 35.8223  255 255 255
-9.73165 -19.5272 34.0968  255 255 255
56.693 -43.7248 13.8928  255 255 255
-0.958576 -49.1687 29.5716  255 255 255
-35.5607 -51.7167 28.3059  255 255 255
-45.6206 -33.8572 9.03926  255 255 255
-67.3181 30.148 -40.3497  255 255 255
6.02025 51.3059 -79.4375  255 255 255
8.50772 60.7857 -66.975  255 255 255
28.6847 63.8668 -86.0466  255 255 255
36.3604 75.0308 -82.3712  255 255 255
40.9271 70.4364 -90.2279  255 255 255
28.7173 63.9342 -86.2398  255 255 255
16.5859 -11.8115 25.4506  255 255 255
8.46121 -23.6116 33.8768  255 255 255
7.2299 -23.9738 34.5193  255 255 255
31.0464 74.6338 -78.7212  255 255 255
-26.0023 -57.103 33.8585  255 255 255
-27.8356 43.1557 -61.0054  255 255 255
42.9431 76.8186 -85.3841  255 255 255
41.4371 73.6652 -86.9907  255 255 255
45.9861 29.6235 -38.8773  255 255 255
53.2386 -7.40585 -6.09896  255 255 255
-33.6206 35.7143 -63.6443  255 255 255
0.0630616 65.3854 -62.6841  255 255 255
-27.5359 -55.3009 32.1385  255 255 255
-1.35932 -39.5119 32.3054  255 255 255
23.508 60.3073 -85.6567  255 255 255
-32.9943 33.9702 -65.1954  255 255 255
-11.2193 48.1676 -69.8433  255 255 255
-29.6132 -56.4507 33.5753  255 255 255
-30.509 -51.556 28.121  255 255 255
-21.8818 -55.4022 31.8256  255 255 255
58.2979 -25.1778 -5.555  255 255 255
-27.5152 -53.7087 30.3721  255 255 255
-27.1062 -54.4266 31.2461  255 255 255
49.2494 -15.2008 -18.2253  255 255 255
-21.5694 9.76913 -41.73  255 255 255
-20.8939 -4.8173 14.8263  255 255 255
50.1768 -16.0877 -16.6485  255 255 255
47.0629 -1.41749 -16.5851  255 255 255
-80.6888 28.7534 -33.3512  255 255 255
11.6951 64.3091 -73.2601  255 255 255
25.9386 63.3465 -84.4321  255 255 255
51.9286 41.0741 -82.6552  255 255 255
43.7229 35.6382 -74.4189  255 255 255
18.3451 31.1204 -69.0234  255 255 255
24.6645 23.1996 -60.0957  255 255 255
54.389 68.1029 -101.536  255 255 255
20.9272 20.2502 -56.4972  255 255 255
23.0344 64.944 -82.0562  255 255 255
13.0584 60.9955 -74.8641  255 255 255
22.1239 37.0525 -76.4619  255 255 255
-40.6621 38.0001 -56.1757  255 255 255
31.6831 40.8453 -80.3039  255 255 255
17.8625 36.8524 -75.3768  255 255 255
21.9526 62.5165 -83.0038  255 255 255
17.8807 35.5801 -73.2579  255 255 255
-44.9242 48.8656 -42.3216  255 255 255
-74.3794 29.1079 -42.6736  255 255 255
-70.4629 27.6382 -45.388  255 255 255
17.9133 71.5264 -70.8388  255 255 255
15.1081 -28.7589 34.4271  255 255 255
-27.4043 -53.1997 29.6329  255 255 255
-35.0095 -48.9064 25.5319  255 255 255
-6.13105 -10.8058 34.7248  255 255 255
15.1634 -16.2486 28.1847  255 255 255
14.4299 -4.80916 23.0623  255 255 255
50.169 -14.1872 -18.0217  255 255 255
21.8319 -34.4189 19.056  255 255 255
-16.2276 -25.7461 33.9268  255 255 255
-74.6357 7.18104 -35.993  255 255 255
42.3835 -44.9562 15.5735  255 255 255
6.80363 -10.1123 33.0205  255 255 255
5.84199 48.446 -82.4508  255 255 255
15.0652 -39.9635 25.8361  255 255 255
-26.6259 -9.13967 15.8639  255 255 255
50.5168 17.9192 -36.7511  255 255 255
-44.2773 -25.2315 -0.794367  255 255 255
49.7488 -14.3462 -17.6783  255 255 255
51.6786 -47.5436 18.2426  255 255 255
6.13661 -31.1358 38.1031  255 255 255
18.8123 40.8445 -80.475  255 255 255
15.7378 -29.2156 34.4556  255 255 255
-4.05595 -7.68 33.8673  255 255 255
30.0678 -52.1853 24.3289  255 255 255
-42.812 39.794 -52.033  255 255 255
11.8789 -33.5925 32.4754  255 255 255
-48.952 41.2349 -45.7942  255 255 255
21.5196 -23.2927 27.6771  255 255 255
46.5722 -43.4817 13.1395  255 255 255
-4.14165 -9.14204 34.534  255 255 255
19.5472 37.9763 -76.2224  255 255 255
49.9737 -14.3491 -18.2613  255 255 255
20.3618 -29.0264 27.061  255 255 255
9.28386 -5.10867 29.1918  255 255 255
-45.7771 -26.7969 1.15443  255 255 255
11.4378 -33.9587 32.3842  255 255 255
-4.48244 -16.3066 35.9087  255 255 255
-21.1049 -3.45713 13.3612  255 255 255
-50.8532 -28.7882 3.35578  255 255 255
45.4678 -45.821 16.3478  255 255 255
52.4411 -4.45253 -5.96482  255 255 255
47.3904 -46.2163 16.6873  255 255 255
-36.7721 6.47311 -37.2217  255 255 255
-30.175 -51.1828 27.5016  255 255 255
49.2111 33.4158 -30.2963  255 255 255
48.4552 -12.1708 -19.9605  255 255 255
48.3014 29.0047 -33.808  255 255 255
-3.1438 -29.9891 37.6656  255 255 255
16.7379 -15.2687 26.0455  255 255 255
5.0168 -40.3708 30.6781  255 255 255
-4.59474 -11.1304 35.1739  255 255 255
-4.20335 1.40153 21.9768  255 255 255
48.8315 -48.5424 19.3799  255 255 255
-28.183 -54.3771 31.0135  255 255 255
50.1754 -2.5841 -9.86855  255 255 255
-8.71267 13.4048 -46.7514  255 255 255
-67.7859 -1.67031 -26.6707  255 255 255
13.2554 -14.0353 30.3533  255 255 255
12.6992 -18.7975 30.9216  255 255 255
-1.1737 -1.44442 27.5263  255 255 255
14.3729 -4.83402 23.6726  255 255 255
6.72361 -30.8763 37.6097  255 255 255
7.75959 -38.6625 30.6267  255 255 255
-32.4774 -50.7515 27.3506  255 255 255
-5.29226 -20.7666 35.2152  255 255 255
45.287 26.28 -42.9541  255 255 255
-30.1527 -51.1647 27.6061  255 255 255
-15.0882 -1.77071 22.9766  255 255 255
-4.55037 -9.03366 34.4005  255 255 255
1.98279 -10.6391 35.1246  255 255 255
12.5473 -38.0593 28.1942  255 255 255
-28.0593 -54.7473 31.5414  255 255 255
4.58523 -11.2303 34.4164  255 255 255
12.6397 -40.0513 26.2696  255 255 255
-33.0085 -50.5361 29.2511  255 255 255
-24.1675 -22.8561 30.7479  255 255 255
-36.7174 5.7128 -36.0921  255 255 255
-22.1748 -55.3381 31.819  255 255 255
-22.8463 -6.87407 17.5583  255 255 255
-27.9382 -13.4714 20.7889  255 255 255
-27.4699 -16.9467 25.0808  255 255 255
3.23735 -7.80598 33.559  255 255 255
-12.663 -6.66563 29.8056  255 255 255
15.3026 -26.8027 32.3573  255 255 255
-26.4095 -54.6451 31.7757  255 255 255
11.5927 -9.71524 30.0159  255 255 255
-9.32768 -10.2135 33.6587  255 255 255
-66.522 -0.790557 -27.9386  255 255 255
10.5806 -10.0667 31.1413  255 255 255
21.9901 -54.1975 27.5262  255 255 255
24.7753 62.6619 -84.531  255 255 255
24.7753 62.6619 -84.531  255 255 255
24.1102 60.9745 -85.1902  255 255 255
51.9663 65.5012 -102.916  255 255 255
8.19516 55.9952 -75.5997  255 255 255
21.6443 54.7497 -89.5945  255 255 255
-74.7616 29.405 -42.5633  255 255 255
-13.316 -0.505441 23.3474  255 255 255
-22.3182 -12.9797 24.4815  255 255 255
54.738 -16.9451 -7.66726  255 255 255
12.1788 -28.5525 34.5461  255 255 255
50.2583 -38.7573 8.30516  255 255 255
53.8861 -47.1674 17.6951  255 255 255
11.9661 59.3699 -77.2214  255 255 255
52.2567 67.3969 -100.489  255 255 255
-20.7327 51.8779 -57.9478  255 255 255
-13.5577 52.0468 -64.2021  255 255 255
19.0081 56.2159 -85.217  255 255 255
2.11152 52.3261 -75.6512  255 255 255
20.4832 51.248 -91.0221  255 255 255
-5.4117 14.3269 -48.0362  255 255 255
26.6447 10.4322 -44.6084  255 255 255
-71.9615 2.80413 -31.4133  255 255 255
-64.2989 -2.44128 -25.0776  255 255 255
3.5041 -7.90772 33.626  255 255 255
51.406 -15.3989 -14.6251  255 255 255
33.6248 -38.4019 10.0871  255 255 255
47.06 -42.0596 12.2245  255 255 255
56.6166 -43.56 13.4165  255 255 255
27.112 -53.6952 26.5023  255 255 255
-0.984016 -58.6467 33.8399  255 255 255
-75.4318 29.1709 -43.6939  255 255 255
23.805 35.5873 -74.6396  255 255 255
49.5584 20.2681 -36.6649  255 255 255
-6.50962 19.7062 -53.6896  255 255 255
-71.7035 18.7689 -49.2039  255 255 255
48.8342 8.84656 -6.27538  255 255 255
-75.8714 9.76413 -38.4254  255 255 255
-22.2077 8.2314 -39.8289  255 255 255
-66.4598 0.219764 -28.2863  255 255 255
-8.00087 -4.27201 30.5783  255 255 255
-7.33736 -8.59296 33.5937  255 255 255
49.9163 -12.0031 -15.0327  255 255 255
-22.0522 -12.6383 24.2439  255 255 255
52.3646 -12.9863 -11.3164  255 255 255
52.1256 -12.9897 -10.6585  255 255 255
-26.9201 -18.6047 26.6625  255 255 255
-3.52218 -38.81 32.4986  255 255 255
58.3555 -43.689 13.5452  255 255 255
22.3582 -54.448 27.2875  255 255 255
-71.0051 2.62263 -31.3032  255 255 255
20.5605 53.8871 -88.4357  255 255 255
-5.25485 -22.7609 34.6706  255 255 255
-38.7232 13.4005 -45.0287  255 255 255
43.6922 -46.8307 17.9436  255 255 255
19.5228 36.0154 -73.7184  255 255 255
45.1536 -46.0163 16.5776  255 255 255
-73.8028 28.6073 -42.9636  255 255 255
46.788 -44.6204 15.263  255 255 255
41.52 -29.7424 -2.01265  255 255 255
-38.6599 7.20556 -37.992  255 255 255
6.85772 0.030385 24.3827  255 255 255
50.144 -14.9841 -18.006  255 255 255
16.1943 -29.2447 35.0869  255 255 255
-3.13019 14.3477 -47.913  255 255 255
-7.0607 -17.6762 35.2874  255 255 255
-34.4092 3.41955 -34.2324  255 255 255
-12.7565 -0.674063 24.1344  255 255 255
45.4363 -47.0884 17.9875  255 255 255
14.8767 -56.881 30.8318  255 255 255
23.8714 28.1629 -65.8664  255 255 255
23.8714 28.1629 -65.8664  255 255 255
-20.083 -3.11282 12.9237  255 255 255
51.8303 -15.8786 -14.8704  255 255 255
49.6284 -39.0896 8.31761  255 255 255
-27.6672 28.1251 -62.4882  255 255 255
-3.47317 22.5522 -57.6655  255 255 255
-3.56922 15.7893 -50.1184  255 255 255
24.3617 6.5625 -40.9108  255 255 255
-3.32598 -8.42201 34.3272  255 255 255
-27.8314 -9.98349 16.6774  255 255 255
-54.1909 -13.0252 -13.7871  255 255 255
20.8404 -12.6648 20.0286  255 255 255
11.6892 -14.3695 31.4605  255 255 255
22.3159 41.8776 -82.1809  255 255 255
47.4358 22.5563 -39.2499  255 255 255
-45.3246 -25.019 -0.885372  255 255 255
49.7341 -39.6108 9.70872  255 255 255
50.064 -41.64 11.1873  255 255 255
-11.7972 -10.4618 32.4266  255 255 255
-62.9096 -13.4485 -13.5327  255 255 255
-0.989219 -58.5714 34.0746  255 255 255
-1.06316 -58.2322 33.8726  255 255 255
46.0473 26.8161 -40.9685  255 255 255
48.9081 -14.0377 -19.5854  255 255 255
48.896 -42.4486 12.0112  255 255 255
3.40112 50.215 -79.0047  255 255 255
-8.07079 13.7386 -47.0555  255 255 255
54.4474 -13.5515 -7.18829  255 255 255
-8.79015 -16.9551 34.6679  255 255 255
47.9356 -41.0483 10.8171  255 255 255
33.7868 -49.8009 21.7323  255 255 255
20.2038 40.9594 -78.9439  255 255 255
50.9832 -8.36688 -11.5208  255 255 255
5.83794 -18.3889 34.7355  255 255 255
46.7202 23.8941 -41.2701  255 255 255
-44.7915 -8.09303 -20.1397  255 255 255
29.6721 15.7481 -51.1062  255 255 255
-73.4978 3.34236 -31.8834  255 255 255
6.25811 -12.7693 34.2955  255 255 255
1.82846 -30.7388 38.053  255 255 255
-36.3635 -52.1053 29.0046  255 255 255
15.646 34.8862 -72.9234  255 255 255
-71.3422 3.39999 -32.7801  255 255 255
7.77867 -42.1177 24.6394  255 255 255
-32.0614 -49.5905 25.862  255 255 255
29.9826 14.3394 -49.4993  255 255 255
31.5342 13.4263 -49.1047  255 255 255
33.9561 -47.0031 18.2886  255 255 255
-32.2221 -50.1356 26.8018  255 255 255
-17.4685 -24.805 33.0135  255 255 255
48.3622 37.7722 -28.6256  255 255 255
-72.5337 27.8539 -45.3943  255 255 255
-51.2824 33.1841 -51.1899  255 255 255
-72.8408 7.85541 -36.7584  255 255 255
-40.7417 15.6041 -47.5883  255 255 255
-57.3474 14.7306 -44.8937  255 255 255
-61.3129 31.035 -46.239  255 255 255
-70.2357 34.3618 -42.2189  255 255 255
-52.467 -6.66435 -22.2199  255 255 255
-62.2805 36.3864 -39.4306  255 255 255
-69.8454 25.3415 -45.1206  255 255 255
-74.887 7.73412 -36.7785  255 255 255
-63.1342 -10.3336 -17.2297  255 255 255
38.5518 -43.3823 13.243  255 255 255
-6.18515 -58.4226 34.0651  255 255 255
-29.3562 -56.2209 33.3797  255 255 255
22.6991 -19.3704 23.1558  255 255 255
-37.7832 -50.0541 26.6604  255 255 255
2.45424 -12.4595 35.338  255 255 255
-68.5749 -54.8415 36.3286  255 255 255
11.7145 -11.8367 31.0158  255 255 255
-33.5584 -24.8434 9.98239  255 255 255
-14.906 -26.4093 34.642  255 255 255
-3.9504 -41.4497 30.3356  255 255 255
-23.5414 -21.8851 30.2937  255 255 255
10.1041 -28.4162 34.8402  255 255 255
-4.93498 -31.4675 39.512  255 255 255
-32.9389 -55.0151 32.2066  255 255 255
3.44502 -22.2603 34.4305  255 255 255
-4.49932 -36.2292 35.9014  255 255 255
2.06059 -40.9132 30.2955  255 255 255
-6.31138 -30.537 38.6601  255 255 255
-67.1525 -54.1363 34.9619  255 255 255
6.35201 -31.9638 39.3891  255 255 255
-1.79908 -16.8009 36.1821  255 255 255
-38.0636 -57.8569 36.0314  255 255 255
1.49183 -15.7193 36.118  255 255 255
2.61151 -14.7138 35.6955  255 255 255
-24.0283 -56.873 34.25  255 255 255
-14.906 -26.4093 34.642  255 255 255
11.7196 -11.8455 30.9578  255 255 255
-82.7669 -49.4063 31.7945  255 255 255
24.9199 -9.5786 11.3334  255 255 255
8.24035 -35.8009 33.0165  255 255 255
6.21082 -12.6152 34.2242  255 255 255
-1.76366 -19.5934 35.8925  255 255 255
-0.941895 -13.3571 35.8958  255 255 255
0.437971 -25.0365 36.444  255 255 255
-34.066 -51.5289 28.3884  255 255 255
49.8146 -13.8388 -18.1937  255 255 255
2.79028 -18.2312 35.6471  255 255 255
-30.3892 -55.5897 32.2699  255 255 255
3.62069 -14.5074 35.5482  255 255 255
10.6355 -14.7228 32.4633  255 255 255
-33.1947 -57.5509 35.0047  255 255 255
-27.3765 -54.8907 31.9482  255 255 255
3.28959 -12.8903 35.2757  255 255 255
-38.3119 -52.2677 29.4773  255 255 255
-4.4881 -16.3038 35.9143  255 255 255
-15.1874 -28.4674 37.2517  255 255 255
-6.5522 -29.5302 37.4211  255 255 255
-4.81765 -31.6686 39.6293  255 255 255
55.7371 -44.0538 13.9249  255 255 255
-28.9335 -56.4309 33.4404  255 255 255
-22.8884 -56.7792 33.3726  255 255 255
12.1538 -19.4931 30.9302  255 255 255
8.75534 -25.852 34.2247  255 255 255
-75.7584 -45.1256 23.1963  255 255 255
12.6344 -31.0909 33.9955  255 255 255
8.08626 -37.3132 31.4507  255 255 255
50.0351 -40.3598 9.81019  255 255 255
-30.168 -56.2543 33.1745  255 255 255
-19.5189 -58.1347 34.8497  255 255 255
54.0541 -17.1951 -10.2429  255 255 255
14.607 -23.7146 31.096  255 255 255
12.8371 -28.989 34.9405  255 255 255
-4.68133 -41.5228 30.4753  255 255 255
-28.0593 -54.7473 31.5414  255 255 255
50.0839 -40.6224 10.8169  255 255 255
6.76266 -19.6489 34.2521  255 255 255
6.50809 -19.4804 34.3662  255 255 255
6.75194 -20.2994 34.0045  255 255 255
10.1703 -32.978 34.0905  255 255 255
-29.6044 -56.4435 33.5984  255 255 255
-26.5346 -53.8788 30.6627  255 255 255
6.34113 -22.2791 33.6683  255 255 255
-4.7424 -31.3448 39.4776  255 255 255
-20.7113 -55.6226 31.8747  255 255 255
-12.8511 -18.4888 32.4125  255 255 255
-6.12114 -18.177 35.5669  255 255 255
11.9552 -13.0015 30.942  255 255 255
15.4736 -28.3238 34.0564  255 255 255
1.51782 -32.3049 37.8042  255 255 255
-26.6475 -56.8114 33.6994  255 255 255
-22.8934 -57.335 33.9478  255 255 255
-22.8943 -57.329 33.9437  255 255 255
-45.1031 -31.7321 6.63161  255 255 255
8.31088 -29.5877 36.2296  255 255 255
1.82933 -30.7264 38.0787  255 255 255
-32.9777 -49.203 25.7735  255 255 255
4.7613 -42.1375 29.3938  255 255 255
52.9938 -40.6043 10.2377  255 255 255
-27.8011 -53.3599 29.9429  255 255 255
11.1217 -11.9487 31.3644  255 255 255
19.4202 -20.6614 26.7682  255 255 255
0.112543 -23.7258 35.0532  255 255 255
9.239 -29.4396 36.1439  255 255 255
12.4755 -38.7602 27.5005  255 255 255
6.65114 -38.9382 31.6939  255 255 255
12.9906 -39.1935 26.5777  255 255 255
1.67283 -40.4204 30.8847  255 255 255
7.11031 -40.6211 29.467  255 255 255
49.8053 -41.1358 10.2556  255 255 255
-22.0073 -55.795 32.3486  255 255 255
14.6267 -11.9523 28.2432  255 255 255
14.5833 -11.9484 28.5266  255 255 255
15.6858 -11.9688 26.9462  255 255 255
6.70139 -32.4415 38.5432  255 255 255
-26.7968 -56.1466 32.9876  255 255 255
-23.7207 -57.1637 33.7544  255 255 255
-7.97898 -30.2511 38.2564  255 255 255
-33.7304 -52.2268 29.0472  255 255 255
20.7026 -20.4557 25.1128  255 255 255
-23.3917 -56.7519 33.478  255 255 255
-5.16574 -30.8873 39.0158  255 255 255
15.2796 -33.9382 29.9414  255 255 255
20.7782 -32.0353 23.2688  255 255 255
17.2775 -31.919 29.7725  255 255 255
-25.4294 -55.0952 31.5645  255 255 255
41.299 -30.023 -1.91124  255 255 255
-35.7669 -51.7977 28.5894  255 255 255
6.5222 -57.9938 32.4188  255 255 255
36.6913 -42.7679 13.6653  255 255 255
42.9655 -48.5444 20.5398  255 255 255
5.10173 -15.4526 35.1983  255 255 255
-22.8964 -55.3653 31.9216  255 255 255
49.9504 -10.8508 -13.4855  255 255 255
0.592644 -17.9444 36.0458  255 255 255
-26.7185 -54.9637 31.6893  255 255 255
58.6398 -25.5947 -5.63332  255 255 255
3.67045 -15.3676 35.4853  255 255 255
34.1526 71.8458 -83.4729  255 255 255
42.8085 75.0961 -86.9938  255 255 255
23.9474 59.766 -86.3097  255 255 255
0.516467 61.4747 -68.3566  255 255 255
23.1317 58.5787 -86.6349  255 255 255
43.5292 60.9853 -99.7547  255 255 255
50.1108 67.9715 -98.4144  255 255 255
35.2931 73.7431 -82.4277  255 255 255
25.6006 71.785 -77.4447  255 255 255
23.1738 57.3376 -87.0579  255 255 255
-7.61452 66.3497 -56.2284  255 255 255
48.5163 61.8563 -103.18  255 255 255
64.2045 72.3052 -105.59  255 255 255
53.4369 70.2184 -98.9118  255 255 255
60.5731 64.8303 -109.037  255 255 255
6.10254 60.7927 -71.9454  255 255 255
56.9594 62.7647 -106.322  255 255 255
8.18526 54.6384 -77.0998  255 255 255
22.5888 60.5016 -85.1613  255 255 255
2.60836 53.5942 -75.0316  255 255 255
60.8192 64.4435 -109.45  255 255 255
46.7717 61.2611 -101.831  255 255 255
27.3997 66.8312 -76.3552  255 255 255
27.6557 67.5206 -78.359  255 255 255
10.8577 62.2456 -73.4602  255 255 255
42.5711 50.1501 -92.2276  255 255 255
7.705 62.6999 -70.5456  255 255 255
61.0021 66.1367 -111.783  255 255 255
59.9882 66.1482 -111.417  255 255 255
12.6129 65.5955 -71.8209  255 255 255
-27.0831 52.7705 -53.1569  255 255 255
-13.1673 54.1218 -62.4238  255 255 255
-39.9666 52.9942 -42.669  255 255 255
-17.6969 53.9537 -59.2722  255 255 255
-38.8034 44.44 -50.9535  255 255 255
-17.3551 61.6689 -53.0026  255 255 255
-50.6897 47.6321 -39.2769  255 255 255
-5.29385 -9.24506 34.3887  255 255 255
-3.51767 -10.3279 35.0868  255 255 255
-9.91442 -0.0117973 25.3281  255 255 255
-22.4544 -6.93932 17.533  255 255 255
-2.04367 -14.1997 36.0694  255 255 255
-10.1316 -6.39268 31.0602  255 255 255
-13.6447 -3.26357 25.976  255 255 255
-12.6084 -3.89315 27.7491  255 255 255
-15.7001 -26.8902 35.2761  255 255 255
-23.5853 -21.5713 29.926  255 255 255
-7.35296 -29.0894 37.0338  255 255 255
-2.5976 -30.3757 38.0155  255 255 255
-7.88575 -2.421 27.1615  255 255 255
43.8339 67.1286 -94.2121  255 255 255
-12.0903 56.7265 -61.307  255 255 255
-36.7515 5.07594 -35.7788  255 255 255
-10.3442 -19.0195 33.7081  255 255 255
12.6118 -11.4922 29.9563  255 255 255
5.89307 49.9738 -80.5319  255 255 255
2.67873 58.5808 -70.1301  255 255 255
43.9976 67.9946 -93.8194  255 255 255
53.3454 -19.3319 -13.2371  255 255 255
45.4217 27.1801 -42.1086  255 255 255
-81.2328 18.145 -43.063  255 255 255
-55.7812 -49.8987 28.3758  255 255 255
-61.8453 -52.0077 31.803  255 255 255
53.5869 -20.2227 -13.0144  255 255 255
-6.26077 65.889 -57.5415  255 255 255
48.4451 34.2988 -30.2236  255 255 255
-55.7812 -49.8987 28.3758  255 255 255
17.0732 67.1395 -74.1949  255 255 255
-51.3929 -3.21102 -25.5263  255 255 255
-17.6396 55.1643 -58.335  255 255 255
39.9938 77.7692 -83.6072  255 255 255
48.4887 -0.427129 -12.3035  255 255 255
-51.9001 -3.33207 -24.2432  255 255 255
-24.8651 -56.0862 32.7951  255 255 255
-45.119 -27.0869 1.31027  255 255 255
-15.1166 -11.0938 29.9581  255 255 255
-19.825 -24.671 33.1148  255 255 255
-24.1003 -32.7937 23.4571  255 255 255
-57.5446 -17.0785 -9.23131  255 255 255
-62.4322 -7.19871 -20.6803  255 255 255
22.0569 20.9158 -57.3439  255 255 255
49.6665 -14.4233 -18.5461  255 255 255
-45.2907 -6.74773 -21.6528  255 255 255
45.4667 27.2267 -42.3458  255 255 255
6.71767 -29.5319 36.2776  255 255 255
-21.7305 -22.4516 30.6536  255 255 255
-26.4103 -52.9172 29.5001  255 255 255
-56.3631 -21.6789 -5.01576  255 255 255
-31.7381 -50.9854 27.6198  255 255 255
-20.0104 -59.297 36.1547  255 255 255
-24.699 -55.7199 32.4977  255 255 255
-33.757 -51.7298 28.6658  255 255 255
-29.6259 -53.1775 29.7981  255 255 255
-27.9603 -53.6287 30.3077  255 255 255
46.1978 -48.7502 19.0088  255 255 255
-44.9549 40.2888 -49.9676  255 255 255
0.640218 -32.3399 37.926  255 255 255
-2.02938 -18.9554 35.9991  255 255 255
-30.9307 57.709 -45.5547  255 255 255
-15.9785 -15.618 30.0402  255 255 255
32.0922 72.0508 -81.7226  255 255 255
-53.0051 -6.76461 -21.4745  255 255 255
4.08636 -6.25 32.0813  255 255 255
-6.95543 -5.90438 32.254  255 255 255
-45.7793 -26.8179 1.14148  255 255 255
23.157 -18.2157 21.9787  255 255 255
41.8101 62.4775 -97.192  255 255 255
-15.9541 -14.3807 29.8781  255 255 255
-60.5967 -3.32044 -24.3239  255 255 255
48.9255 7.16154 -5.4773  255 255 255
33.4293 70.9247 -83.5174  255 255 255
50.0423 21.8621 -34.4831  255 255 255
40.353 -31.8696 0.264579  255 255 255
48.1163 -12.555 -20.8397  255 255 255
-2.51313 -11.9325 35.7047  255 255 255
-40.5359 -37.7343 12.9489  255 255 255
2.40226 -47.3551 30.7276  255 255 255
53.644 -20.2287 -13.0563  255 255 255
14.2092 65.3443 -74.2618  255 255 255
3.56397 -8.32615 33.7302  255 255 255
49.5988 23.7099 -34.409  255 255 255
0.302756 -24.5499 35.856  255 255 255
2.30295 50.2635 -77.9687  255 255 255
-10.3999 -0.597422 26.0514  255 255 255
49.6465 -5.71202 -13.0568  255 255 255
-77.8785 11.5949 -40.9711  255 255 255
-48.0862 41.6146 -46.9818  255 255 255
-33.9986 24.4865 -57.7223  255 255 255
47.9802 35.0168 -75.7847  255 255 255
-47.5878 30.1373 -58.9555  255 255 255
0.447305 60.0529 -67.8305  255 255 255
49.1036 67.7445 -97.9225  255 255 255
50.9551 66.3522 -100.142  255 255 255
-2.04855 58.9745 -67.0854  255 255 255
-33.9914 47.6945 -52.3196  255 255 255
-13.411 51.6874 -64.826  255 255 255
26.8697 58.3394 -90.3629  255 255 255
-33.3771 34.4019 -65.0812  255 255 255
-48.423 29.2699 -59.6893  255 255 255
25.7136 54.9566 -91.5148  255 255 255
-54.0607 39.5189 -43.9099  255 255 255
28.7026 61.7934 -88.2544  255 255 255
26.8705 58.3398 -90.3528  255 255 255
-7.40658 49.1339 -71.4258  255 255 255
-35.4992 16.8987 -49.3441  255 255 255
19.3597 57.4091 -85.2476  255 255 255
-27.275 48.3616 -56.1264  255 255 255
45.1666 60.8834 -100.899  255 255 255
-5.21958 59.051 -64.4228  255 255 255
24.6199 54.2345 -91.279  255 255 255
3.72991 53.3697 -76.0138  255 255 255
-54.2445 41.5224 -41.5355  255 255 255
-15.5209 54.7517 -60.4219  255 255 255
-22.3396 54.6261 -54.9752  255 255 255
-15.6025 53.7954 -61.0594  255 255 255
-13.3365 57.5861 -59.3983  255 255 255
28.7733 62.6274 -86.829  255 255 255
49.8176 62.3514 -103.534  255 255 255
45.1741 64.3706 -97.8221  255 255 255
-26.5215 51.9671 -54.3411  255 255 255
-17.6871 53.9635 -59.289  255 255 255
-24.4885 51.6342 -56.098  255 255 255
-29.6961 45.5168 -57.6237  255 255 255
-37.2535 33.2167 -63.351  255 255 255
-66.3251 42.6335 -31.2429  255 255 255
35.0486 74.5912 -81.726  255 255 255
18.4946 50.0638 -89.4163  255 255 255
50.0266 62.9149 -102.857  255 255 255
0.928233 59.8615 -68.4287  255 255 255
48.8733 60.5294 -103.784  255 255 255
13.4212 -17.3726 30.2271  255 255 255
-24.1546 54.0125 -54.0671  255 255 255
49.8228 -7.81931 -14.0307  255 255 255
47.9083 -5.94331 -17.2201  255 255 255
52.4098 -18.6595 -15.0632  255 255 255
23.7101 -18.8734 22.5596  255 255 255
-27.5926 -14.5585 22.0415  255 255 255
21.3142 -20.9106 25.1193  255 255 255
47.1073 -2.62298 -16.9515  255 255 255
-1.86679 -20.2631 35.6812  255 255 255
52.1999 -16.9851 -14.1954  255 255 255
-58.4744 -13.289 -13.7722  255 255 255
-21.8069 -4.76222 14.7746  255 255 255
-26.2807 -10.5351 17.0956  255 255 255
10.4486 -2.80627 25.8172  255 255 255
-6.25286 -9.18853 33.7126  255 255 255
-4.75227 -30.9448 39.0441  255 255 255
11.9856 -4.44346 26.1154  255 255 255
22.0377 -19.3566 23.2969  255 255 255
11.9914 -23.0232 32.6692  255 255 255
11.6801 -6.8298 28.7287  255 255 255
12.2315 -21.8815 31.5277  255 255 255
6.4032 -31.5758 38.4759  255 255 255
-18.7622 -25.092 33.433  255 255 255
10.4855 -23.3518 33.258  255 255 255
-6.64141 -7.1232 32.892  255 255 255
7.13614 -17.8276 34.24  255 255 255
-27.9348 -52.0965 28.5472  255 255 255
7.8969 -17.8831 33.8845  255 255 255
-22.7555 -8.00818 18.8501  255 255 255
3.86865 -9.63623 34.2198  255 255 255
18.5756 -25.5635 30.5999  255 255 255
6.89198 -24.4228 35.0216  255 255 255
12.0299 -7.42517 28.6719  255 255 255
19.533 17.6294 -53.148  255 255 255
18.9409 -17.7557 26.1958  255 255 255
-7.45514 -23.5866 35.4136  255 255 255
-46.992 12.1784 -44.359  255 255 255
10.4998 -2.01304 24.9789  255 255 255
15.0573 -11.4354 27.6355  255 255 255
-54.9225 -27.4827 2.28665  255 255 255
2.7334 -7.60791 33.4495  255 255 255
0.744236 -30.4153 37.7718  255 255 255
4.99345 -10.2506 33.9038  255 255 255
-5.56383 -28.868 36.6937  255 255 255
2.92857 -11.5291 35.0607  255 255 255
-41.1358 16.0945 -47.635  255 255 255
5.38546 -6.63167 32.1551  255 255 255
11.2551 -8.86763 29.879  255 255 255
12.7718 -22.0508 31.8481  255 255 255
12.1572 -9.05986 29.3227  255 255 255
-15.6852 -26.8983 35.3659  255 255 255
-6.56126 -29.5143 37.5608  255 255 255
-22.6945 -31.337 26.476  255 255 255
-24.5849 -18.9847 27.1156  255 255 255
5.07849 -24.8717 35.8626  255 255 255
8.24593 -10.7957 32.5936  255 255 255
12.4213 -4.8854 26.0047  255 255 255
0.880958 -23.8179 35.0367  255 255 255
8.20981 -6.90836 30.6997  255 255 255
10.0032 -8.62845 30.8371  255 255 255
20.697 -21.1951 25.4122  255 255 255
9.16015 -12.8641 32.7603  255 255 255
14.7423 -17.0332 29.0137  255 255 255
8.90453 -26.1506 33.9976  255 255 255
21.1396 -20.0222 24.2624  255 255 255
-2.60068 -29.4507 37.0793  255 255 255
10.5499 -23.0769 32.9678  255 255 255
6.42662 -22.2206 33.5331  255 255 255
-4.32847 -23.9942 35.7202  255 255 255
23.2884 -22.516 26.0827  255 255 255
7.1188 -11.4241 33.4384  255 255 255
-27.5074 -51.7589 28.3548  255 255 255
6.44938 -24.4835 34.9943  255 255 255
-13.4874 -35.0745 31.952  255 255 255
13.8594 -14.0973 29.6134  255 255 255
6.73409 -23.8807 34.3982  255 255 255
6.4032 -31.5758 38.4759  255 255 255
12.7689 -3.60034 24.2287  255 255 255
14.7593 -17.0228 28.8822  255 255 255
-7.58754 -29.1146 36.9832  255 255 255
-23.9598 -23.0656 31.617  255 255 255
-27.5708 -51.9752 28.4395  255 255 255
14.3679 -28.0935 33.8531  255 255 255
-3.41251 -29.4619 37.2323  255 255 255
-1.77677 -24.6802 36.2061  255 255 255
22.7124 -21.3624 25.3246  255 255 255
13.5802 -6.56604 26.5118  255 255 255
-4.32847 -23.9942 35.7202  255 255 255
19.8708 -14.6396 22.5566  255 255 255
14.9908 -15.6373 28.5478  255 255 255
-22.6209 -22.3679 30.5006  255 255 255
9.4192 -0.4167 23.2448  255 255 255
-28.3889 -52.1783 28.6369  255 255 255
18.1598 -17.7979 26.2939  255 255 255
14.784 -6.07103 24.2358  255 255 255
15.586 -8.287 24.9237  255 255 255
2.01803 -14.5688 35.8422  255 255 255
12.1085 -5.72155 27.0063  255 255 255
19.5452 -6.19969 11.8815  255 255 255
0.442296 -25.0331 36.4407  255 255 255
6.98869 -29.9786 36.7702  255 255 255
24.1253 -18.4944 22.1177  255 255 255
-18.236 -24.5432 32.786  255 255 255
-12.3121 -21.8028 33.8747  255 255 255
21.1396 -20.0222 24.2624  255 255 255
-2.46544 -29.6843 37.3116  255 255 255
-49.0516 -10.1171 -17.6119  255 255 255
14.5023 -11.2819 28.3955  255 255 255
15.2437 -13.7323 28.111  255 255 255
22.9852 -24.003 28.1189  255 255 255
10.4586 -29.5394 35.8532  255 255 255
-4.91886 -29.7943 37.4807  255 255 255
-24.0224 -22.4338 31.0345  255 255 255
8.57416 -7.33996 31.1587  255 255 255
13.0765 -9.18066 28.7754  255 255 255
12.0299 -7.42517 28.6719  255 255 255
5.65486 -29.4378 36.0478  255 255 255
18.0256 -18.094 26.7302  255 255 255
8.56667 -7.33559 31.212  255 255 255
22.9341 -20.1164 24.0107  255 255 255
15.6602 -27.0097 32.6382  255 255 255
-2.82208 -33.7951 37.0854  255 255 255
2.34867 -32.4015 37.7374  255 255 255
-5.62854 -18.3557 35.6621  255 255 255
-12.411 -19.7363 32.5174  255 255 255
12.8914 -15.6007 30.7902  255 255 255
5.96781 -14.4801 34.8758  255 255 255
46.9684 8.89189 -10.0243  255 255 255
-5.82003 -23.322 34.7529  255 255 255
16.9902 -26.3661 31.7981  255 255 255
-69.6808 -44.8759 23.5929  255 255 255
23.7429 -34.7656 19.0211  255 255 255
15.9242 -29.0123 34.7924  255 255 255
-9.42828 -23.0299 35.0624  255 255 255
50.5548 -7.93991 -12.4943  255 255 255
8.44855 -3.58033 28.4184  255 255 255
15.9423 -27.6574 33.3296  255 255 255
24.6952 -14.9319 17.9423  255 255 255
-7.68841 -22.6057 34.3239  255 255 255
18.7082 -17.692 25.8899  255 255 255
24.6056 -8.68216 10.4235  255 255 255
2.73057 -29.4788 36.4675  255 255 255
18.4048 -35.114 24.8676  255 255 255
1.98405 -24.7748 35.9359  255 255 255
-17.9969 -25.4404 33.732  255 255 255
-64.5506 -9.72725 -17.7181  255 255 255
15.1585 -10.6434 27.3045  255 255 255
12.4518 -33.5736 31.8553  255 255 255
6.45424 -12.2715 33.9065  255 255 255
4.65363 -19.7156 34.8541  255 255 255
-21.9504 -8.42172 19.1643  255 255 255
-30.6063 20.2939 -53.2275  255 255 255
10.5852 -8.88939 30.3001  255 255 255
-1.53887 -34.3555 36.1126  255 255 255
-6.74814 -30.1871 38.1804  255 255 255
53.3172 -15.1898 -11.0515  255 255 255
48.2995 -12.8366 -19.3533  255 255 255
10.0378 -22.3405 32.2943  255 255 255
22.7715 -23.5303 27.7331  255 255 255
10.8503 -13.5294 32.1745  255 255 255
46.9567 8.88467 -9.94255  255 255 255
15.9358 -20.3 29.553  255 255 255
56.2872 -15.3977 -4.53714  255 255 255
-38.1947 -51.8587 28.8945  255 255 255
13.9018 -13.088 29.4475  255 255 255
10.2106 -32.609 34.6863  255 255 255
-16.935 -16.0032 28.885  255 255 255
14.5618 -16.5227 29.0786  255 255 255
10.8112 -5.37029 28.2341  255 255 255
23.361 -19.3659 23.2135  255 255 255
10.8112 -5.37029 28.2341  255 255 255
-33.465 -48.6886 24.8404  255 255 255
-26.2348 -5.78025 11.8749  255 255 255
-31.7544 22.1013 -55.2364  255 255 255
-10.2386 -22.7613 34.797  255 255 255
11.0758 -10.2369 30.8557  255 255 255
3.86445 -13.9355 34.7754  255 255 255
2.61591 -13.9586 35.1513  255 255 255
9.39579 -9.90321 31.5316  255 255 255
-1.26093 -29.6288 37.2335  255 255 255
22.18 -31.9385 21.0927  255 255 255
23.371 -18.4925 22.234  255 255 255
15.0775 -15.2453 28.2334  255 255 255
-65.4846 -8.51834 -19.8068  255 255 255
-11.3357 -22.0976 34.2403  255 255 255
23.2013 -17.8633 21.5435  255 255 255
-0.375338 -30.5175 38.0676  255 255 255
16.5306 -25.1908 30.6384  255 255 255
7.44969 -13.987 33.841  255 255 255
6.91819 -17.1008 34.4313  255 255 255
26.4524 -16.0369 18.3399  255 255 255
15.2872 -15.7524 28.3029  255 255 255
22.6411 -23.3599 27.5596  255 255 255
-4.39562 -7.71936 33.8683  255 255 255
7.0992 -23.7956 34.0705  255 255 255
6.02459 -45.6753 30.6249  255 255 255
-5.99803 -24.0091 35.9603  255 255 255
-9.28087 -29.26 37.3985  255 255 255
-3.36452 -13.1578 35.7683  255 255 255
13.3493 -15.5436 30.2905  255 255 255
6.22689 -23.9015 34.544  255 255 255
-10.7057 -26.3721 34.7193  255 255 255
10.5852 -8.88939 30.3001  255 255 255
-22.7242 -6.57699 17.0026  255 255 255
5.99182 -24.0585 34.9313  255 255 255
20.8115 19.5742 -55.9869  255 255 255
49.9474 1.54065 -7.44829  255 255 255
49.8963 1.52779 -7.29748  255 255 255
3.88475 2.68301 21.8765  255 255 255
3.25658 2.51358 21.6479  255 255 255
-0.14197 2.62213 20.9233  255 255 255
-0.135723 2.19633 20.1356  255 255 255
48.7022 -0.0183601 -11.8617  255 255 255
-1.09387 -8.66572 34.6383  255 255 255
54.1084 -18.8339 -11.2131  255 255 255
6.39726 -13.6016 34.3311  255 255 255
2.41307 -14.5614 35.711  255 255 255
-66.1349 -8.85848 -18.4823  255 255 255
3.71436 -27.1036 35.8936  255 255 255
-17.6372 -25.3497 33.6901  255 255 255
41.4566 -44.6273 14.9201  255 255 255
41.3158 -49.242 23.0956  255 255 255
2.57273 2.71914 21.4342  255 255 255
5.31374 1.53186 22.2294  255 255 255
-3.02461 1.26362 23.7983  255 255 255
-5.20923 1.49617 23.0531  255 255 255
21.1527 -3.22828 4.2213  255 255 255
24.7565 -9.17415 10.9347  255 255 255
5.40746 -8.79942 33.2588  255 255 255
54.4615 -13.5505 -7.20581  255 255 255
48.4159 -12.4751 -20.3413  255 255 255
-43.4913 -6.87869 -21.5792  255 255 255
54.6307 -20.1393 -11.3888  255 255 255
7.86351 -24.2259 34.6531  255 255 255
-12.9689 -26.7093 34.8646  255 255 255
47.5307 -40.2271 9.24511  255 255 255
35.61 -51.2194 23.7452  255 255 255
-34.461 -48.9279 25.2458  255 255 255
-8.58275 -2.49919 29.0124  255 255 255
54.8829 -19.0034 -9.79821  255 255 255
-35.501 -48.8375 25.2063  255 255 255
-33.4934 12.3202 -45.3198  255 255 255
55.1568 -28.7841 -3.95076  255 255 255
45.0446 -40.5846 10.0186  255 255 255
51.1651 -10.8297 -12.5465  255 255 255
-15.8882 -8.24371 28.1291  255 255 255
-10.8459 -10.7264 32.7093  255 255 255
2.3237 -16.3656 36.0086  255 255 255
-4.66096 1.28413 22.9693  255 255 255
3.74973 -21.0345 34.7259  255 255 255
12.5908 -23.7903 32.7269  255 255 255
-30.4949 -50.526 27.1751  255 255 255
-15.0717 -13.6505 30.5555  255 255 255
8.65428 -15.8843 33.6473  255 255 255
-62.8584 -11.3524 -15.9074  255 255 255
-79.1512 30.5378 -31.5419  255 255 255
-71.9474 32.2125 -35.7137  255 255 255
-55.0025 -22.6993 -2.69027  255 255 255
-42.4165 -5.01237 -24.198  255 255 255
-7.28628 -25.3558 36.2848  255 255 255
57.225 -25.0044 -8.67852  255 255 255
-11.1177 -19.8168 33.3369  255 255 255
-5.78382 -18.9437 35.8002  255 255 255
50.6048 1.06929 -6.24675  255 255 255
-8.50032 -21.1328 34.2365  255 255 255
-9.04261 -15.4048 34.5806  255 255 255
-12.0382 -20.3864 32.6462  255 255 255
52.5789 -10.9772 -8.99096  255 255 255
47.9013 12.1197 -6.06782  255 255 255
51.4084 18.8543 -33.9751  255 255 255
52.9808 -13.3939 -10.6477  255 255 255
-6.43451 -11.2469 34.6183  255 255 255
53.9518 -13.8125 -8.32814  255 255 255
-16.9164 54.2094 -59.8337  255 255 255
-9.88916 27.379 -62.3047  255 255 255
-21.3149 9.2082 -41.2545  255 255 255
-34.5243 9.89048 -41.1153  255 255 255
-33.5005 8.4459 -38.1235  255 255 255
-3.72799 -7.62702 33.9166  255 255 255
-27.1594 53.9402 -52.9752  255 255 255
33.55 67.326 -86.686  255 255 255
0.836747 -8.13945 34.1547  255 255 255
-21.5386 10.7073 -42.7718  255 255 255
-40.878 37.4282 -56.0732  255 255 255
-41.0705 15.3637 -47.4009  255 255 255
-16.3141 -15.7566 29.5411  255 255 255
-5.54529 -16.8162 35.5138  255 255 255
-10.5027 45.4938 -72.3734  255 255 255
-0.0231379 -11.9543 35.6359  255 255 255
-10.5515 -8.97627 32.3614  255 255 255
-31.9822 9.12028 -39.909  255 255 255
-14.4975 -16.8023 31.3525  255 255 255
-74.5089 11.3859 -40.4491  255 255 255
-105.564 -11.1598 -12.0888  255 255 255
-106.298 -12.0907 -12.3285  255 255 255
-69.783 4.14919 -33.6813  255 255 255
0.456276 -14.2837 35.9989  255 255 255
-9.3712 -2.04016 27.9011  255 255 255
-19.2367 21.4165 -55.118  255 255 255
-22.6743 -1.46436 6.54789  255 255 255
-5.25064 -14.5716 35.6917  255 255 255
-6.29898 -13.4708 35.2316  255 255 255
-7.65442 -18.2549 35.0543  255 255 255
-5.54154 -16.8054 35.7805  255 255 255
-45.6897 40.1011 -49.6613  255 255 255
-10.1987 -16.9143 34.0595  255 255 255
-38.4857 14.0865 -46.2074  255 255 255
-38.4391 14.0608 -46.177  255 255 255
3.06195 -15.0044 35.72  255 255 255
4.66117 -16.5148 35.2767  255 255 255
-2.81231 -20.2755 35.81  255 255 255
26.2172 58.339 -89.4778  255 255 255
-28.7217 -9.78348 16.5602  255 255 255
-13.6273 -9.21698 30.4908  255 255 255
3.50238 -22.5162 34.4119  255 255 255
51.0393 65.9212 -100.641  255 255 255
-8.8216 -21.8679 33.8581  255 255 255
-14.4424 -7.16503 28.748  255 255 255
2.66544 -17.3748 36.1485  255 255 255
4.02268 -19.95 34.8665  255 255 255
-13.5474 -19.4094 31.8724  255 255 255
56.7766 -17.1474 -4.29051  255 255 255
-21.681 53.6641 -56.3236  255 255 255
-22.5572 -8.58859 19.3232  255 255 255
-6.53974 -23.6004 35.4215  255 255 255
-0.755961 -7.81882 34.0199  255 255 255
44.0965 -50.0493 20.7401  255 255 255
-24.5174 53.476 -54.239  255 255 255
-1.35425 -7.61171 33.9918  255 255 255
7.2162 -15.5137 34.0766  255 255 255
13.3463 -21.8935 31.4288  255 255 255
-29.7396 37.5925 -64.6236  255 255 255
-29.853 26.1689 -59.8983  255 255 255
-4.51784 -17.3806 35.8541  255 255 255
7.14379 -15.0593 34.1178  255 255 255
2.91559 -17.8679 35.6456  255 255 255
49.4262 0.543526 -9.55187  255 255 255
52.3891 -5.49266 -6.72024  255 255 255
56.4831 -15.5496 -4.18904  255 255 255
-9.30081 -18.3116 34.424  255 255 255
-6.92076 -22.8678 34.6161  255 255 255
-17.4425 -24.7956 33.2405  255 255 255
-3.10454 -24.1524 35.7706  255 255 255
50.1754 -2.5841 -9.86855  255 255 255
7.021 -20.5014 33.8527  255 255 255
-23.019 -23.3418 31.8623  255 255 255
46.956 8.28622 -9.3497  255 255 255
5.60594 -19.1048 34.9241  255 255 255
-8.76419 -7.95169 32.5155  255 255 255
49.2515 6.58611 -5.9905  255 255 255
2.72628 -30.994 38.1703  255 255 255
-73.371 29.5863 -43.8768  255 255 255
-85.6509 32.1046 -25.1898  255 255 255
-85.5166 32.1685 -27.1784  255 255 255
-75.7956 29.4169 -42.2814  255 255 255
-29.571 -9.81966 16.5761  255 255 255
19.2913 33.9098 -72.2493  255 255 255
18.0431 32.3164 -70.0504  255 255 255
25.3218 10.1589 -45.1873  255 255 255
8.24106 -9.30856 32.0505  255 255 255
8.25053 -9.30834 31.9693  255 255 255
10.8859 -10.5781 31.1086  255 255 255
8.65744 -12.9026 33.1196  255 255 255
7.01052 -14.3439 34.1163  255 255 255
12.9594 -15.9613 30.6254  255 255 255
5.35607 -17.526 34.9972  255 255 255
4.65304 -20.2242 34.811  255 255 255
24.0213 -16.904 20.2965  255 255 255
-16.6879 -26.1839 34.4447  255 255 255
12.5128 -23.1821 32.8911  255 255 255
16.9565 -25.553 30.8303  255 255 255
-27.9525 -55.9696 32.6643  255 255 255
-28.8653 -57.0671 34.0497  255 255 255
48.2515 20.2274 -40.0422  255 255 255
38.7291 -34.6808 3.54142  255 255 255
-0.631052 -7.78433 33.9284  255 255 255
20.4196 -22.1811 26.4009  255 255 255
22.8635 -23.042 27.7007  255 255 255
5.36201 -9.99355 33.7772  255 255 255
5.54654 -10.9245 34.0489  255 255 255
4.62968 -12.2505 34.3826  255 255 255
3.67032 -7.01203 32.8203  255 255 255
13.5204 -10.3665 29.0298  255 255 255
-2.06922 -20.0352 35.7217  255 255 255
-4.04883 -7.69816 33.9518  255 255 255
6.60148 -15.4509 34.4825  255 255 255
5.22692 -12.5407 34.6744  255 255 255
10.3838 -12.7779 31.9561  255 255 255
0.325837 -15.1604 36.1082  255 255 255
-1.84093 -18.3457 36.036  255 255 255
-7.45158 -22.339 34.2321  255 255 255
-31.4729 19.0565 -51.9251  255 255 255
-6.83538 -17.5143 35.3598  255 255 255
-74.1454 4.44705 -32.7333  255 255 255
-14.8043 -27.1798 35.6376  255 255 255
-12.8063 -27.863 35.9819  255 255 255
-26.1879 -17.9127 26.2889  255 255 255
-51.7086 -6.56024 -21.4764  255 255 255
-74.0006 -57.487 40.8872  255 255 255
-45.2461 -10.7546 -17.1762  255 255 255
-71.56 4.52451 -33.4819  255 255 255
-51.8668 -5.94042 -22.2523  255 255 255
-74.8823 -51.5994 30.7188  255 255 255
10.5806 -10.0667 31.1413  255 255 255
0.0393902 61.0559 -66.5755  255 255 255
4.54621 -17.2754 35.1772  255 255 255
-81.1982 23.1023 -38.0066  255 255 255
0.400327 61.2744 -66.363  255 255 255
14.687 -27.4505 33.1047  255 255 255
-4.52219 -30.4514 38.285  255 255 255
-43.656 47.9963 -44.3715  255 255 255
-28.1943 15.3592 -47.346  255 255 255
-2.07578 -20.0224 35.7604  255 255 255
-18.8736 -56.6287 33.0532  255 255 255
-3.24305 64.0807 -60.6362  255 255 255
-17.6296 -22.1125 31.7487  255 255 255
-5.8565 -10.4694 34.7903  255 255 255
51.8631 -17.2079 -15.3083  255 255 255
-34.207 -52.0092 28.7301  255 255 255
-19.4063 -59.4162 36.7286  255 255 255
28.4576 58.3329 -91.0757  255 255 255
26.1508 57.2734 -90.335  255 255 255
-23.8441 53.8703 -54.2512  255 255 255
-27.9119 52.7976 -52.6743  255 255 255
47.7714 22.5539 -39.0734  255 255 255
4.31509 -14.0343 35.3644  255 255 255
-5.979 -18.4168 35.5915  255 255 255
-20.7178 -58.5868 35.3042  255 255 255
0.9297 59.8598 -68.4314  255 255 255
-15.9435 55.4475 -59.1379  255 255 255
-15.9421 55.5137 -59.3558  255 255 255
21.1926 53.6959 -89.9285  255 255 255
43.2328 36.6184 -77.0053  255 255 255
22.6351 -22.977 27.2388  255 255 255
-11.9924 -21.788 33.9565  255 255 255
0.0784075 22.9011 -58.7032  255 255 255
-4.89576 16.5083 -50.4741  255 255 255
-15.6645 -13.9255 30.0722  255 255 255
-17.3708 -18.8067 30.9121  255 255 255
-77.303 -45.1868 24.1725  255 255 255
4.9543 55.4274 -75.5143  255 255 255
-23.4024 55.1414 -54.0788  255 255 255
-46.8075 42.4434 -46.7844  255 255 255
50.187 -38.8983 7.79541  255 255 255
49.2518 -38.2249 6.99188  255 255 255
-43.8093 48.1827 -43.8604  255 255 255
-53.9359 -3.52594 -24.6705  255 255 255
6.38226 -14.1594 34.4554  255 255 255
-60.7869 -12.2553 -14.6671  255 255 255
20.5383 46.9308 -86.6021  255 255 255
46.7202 23.8941 -41.2701  255 255 255
-3.61994 -5.88172 32.8739  255 255 255
-12.1415 -4.55593 28.5838  255 255 255
-2.19751 -8.05006 34.2599  255 255 255
-2.19751 -8.05006 34.2599  255 255 255
0.382081 -8.81282 34.5333  255 255 255
11.7934 -13.9557 31.3651  255 255 255
51.3703 -16.24 -16.0137  255 255 255
3.93851 -13.1308 35.0649  255 255 255
51.8612 -17.2085 -15.2279  255 255 255
-2.36436 -13.0656 35.8871  255 255 255
13.3438 -16.1694 30.323  255 255 255
48.7249 -18.3953 -14.0064  255 255 255
16.9461 -18.9857 27.8884  255 255 255
1.41114 -16.8184 35.9808  255 255 255
22.6442 -22.6124 26.7332  255 255 255
17.7106 -23.1334 28.1823  255 255 255
-21.7554 -12.913 24.4923  255 255 255
3.65663 -21.9315 34.5428  255 255 255
1.35806 -21.4932 35.1113  255 255 255
-20.0159 -15.3443 27.0944  255 255 255
-20.0199 -15.3393 27.1787  255 255 255
-2.74148 -22.2474 35.0878  255 255 255
-15.2134 -19.6025 31.7428  255 255 255
-8.96658 -21.5847 33.8887  255 255 255
-23.3141 -22.2763 30.604  255 255 255
-17.2511 -24.3047 32.4438  255 255 255
-18.0063 -25.1296 33.5263  255 255 255
-14.9237 -28.2683 36.8761  255 255 255
-4.81112 -31.6704 39.6101  255 255 255
52.3171 -2.30579 -4.59689  255 255 255
53.6617 -18.5943 -10.9084  255 255 255
57.4954 -20.9685 -3.61977  255 255 255
51.166 -17.5834 -16.1551  255 255 255
4.87027 -16.0482 35.1918  255 255 255
17.8784 -24.1939 29.4702  255 255 255
-15.05 -21.6922 33.771  255 255 255
12.9183 -33.6571 31.5052  255 255 255
-19.15 -25.0968 33.4444  255 255 255
47.5179 9.58057 -8.53617  255 255 255
51.5859 -6.00944 -8.85594  255 255 255
51.4162 -13.0683 -12.202  255 255 255
53.0707 -18.9728 -13.5646  255 255 255
-2.43292 -18.4327 35.9081  255 255 255
-22.3115 -24.1623 32.3546  255 255 255
6.48175 -57.5053 31.7473  255 255 255
50.1959 -6.82958 -12.7063  255 255 255
50.3971 -9.08558 -13.8323  255 255 255
-17.5187 -17.8488 30.0392  255 255 255
-15.8322 -18.3546 30.3479  255 255 255
-11.0531 -22.7813 34.8752  255 255 255
-19.6155 -22.4673 30.492  255 255 255
44.1385 -47.227 18.2387  255 255 255
35.3298 -47.0029 18.308  255 255 255
51.4214 18.761 -33.2068  255 255 255
-7.89976 -23.5185 35.4525  255 255 255
41.2405 -42.436 12.1948  255 255 255
36.6924 -49.2259 20.8455  255 255 255
-4.36746 -22.9157 34.8097  255 255 255
-11.2131 -29.1917 37.7149  255 255 255
-25.069 53.0143 -54.4712  255 255 255
23.5047 60.3093 -85.6604  255 255 255
42.7701 60.9765 -99.1192  255 255 255
-1.12602 59.224 -67.6463  255 255 255
43.6026 72.4082 -88.8175  255 255 255
-44.4046 -26.9364 0.512335  255 255 255
49.2027 -7.79162 -15.6244  255 255 255
1.35451 -13.6319 35.814  255 255 255
-14.3388 -24.7387 33.4519  255 255 255
49.8265 -11.4918 -16.4188  255 255 255
50.9289 -15.8794 -17.3994  255 255 255
-69.9117 19.4969 -50.4116  255 255 255
51.061 -16.7742 -16.4904  255 255 255
-62.2083 -11.2784 -15.3423  255 255 255
-28.1825 -54.3906 30.9898  255 255 255
-30.5594 -56.1336 33.2522  255 255 255
54.6007 -13.438 -6.22529  255 255 255
53.4836 -15.6808 -10.5749  255 255 255
58.3833 -26.6285 -6.90875  255 255 255
-12.654 -20.5536 32.4999  255 255 255
52.5348 -42.062 10.7763  255 255 255
-29.1831 -55.9631 32.7873  255 255 255
51.1064 20.3577 -32.7722  255 255 255
53.2227 -7.43289 -6.04195  255 255 255
47.4095 -42.8575 13.368  255 255 255
-9.64304 -17.4537 34.1668  255 255 255
47.6888 25.2016 -39.425  255 255 255
4.98838 -14.6504 35.1029  255 255 255
-7.1963 -8.11835 33.403  255 255 255
-8.23018 -13.5371 34.7929  255 255 255
35.8064 -43.6215 14.1179  255 255 255
-14.102 -26.0597 34.1158  255 255 255
52.0078 15.5615 -33.5197  255 255 255
50.0229 -14.5197 -17.2317  255 255 255
58.5038 -25.9832 -6.08966  255 255 255
-11.1173 -19.4479 33.3334  255 255 255
-3.96454 -22.3572 35.0175  255 255 255
-2.3156 -19.575 35.8657  255 255 255
50.259 -13.8845 -16.1016  255 255 255
20.9228 65.0445 -78.5629  255 255 255
-9.32798 60.1033 -59.4239  255 255 255
33.0531 74.9117 -80.3877  255 255 255
28.6422 62.1779 -87.6248  255 255 255
45.6874 24.494 -42.7543  255 255 255
53.7078 -11.8798 -7.68137  255 255 255
12.1205 -10.9809 30.3656  255 255 255
4.72844 -12.7781 34.886  255 255 255
-6.17021 -15.3093 35.5538  255 255 255
2.87467 -19.9134 35.3271  255 255 255
12.9149 -22.5606 32.2149  255 255 255
-25.5324 -19.6346 27.9625  255 255 255
27.7847 61.5533 -87.6937  255 255 255
49.6994 20.5553 -35.914  255 255 255
-28.0511 39.7392 -64.0913  255 255 255
5.8544 -12.4761 34.3268  255 255 255
52.2081 -17.7251 -15.1298  255 255 255
-8.40278 -11.8925 34.3679  255 255 255
4.83878 -15.4104 35.1733  255 255 255
10.0711 -25.038 33.6964  255 255 255
-6.98828 -30.6547 38.5398  255 255 255
44.9381 62.8378 -98.6344  255 255 255
4.44585 1.18385 21.9721  255 255 255
6.58273 0.0989907 23.8705  255 255 255
13.0512 -13.6297 30.193  255 255 255
-5.96288 -13.044 35.3406  255 255 255
-10.1955 -13.0551 33.8804  255 255 255
-2.42256 -18.4491 36.0619  255 255 255
45.2178 73.041 -89.6391  255 255 255
8.78777 59.7204 -66.9689  255 255 255
7.97091 -3.28584 28.3709  255 255 255
49.5078 -6.63253 -14.6874  255 255 255
50.181 -12.8486 -16.3279  255 255 255
46.2575 26.9429 -39.454  255 255 255
-18.2852 -10.7719 26.431  255 255 255
-0.555532 -16.5322 36.0825  255 255 255
-28.7364 47.328 -56.8168  255 255 255
50.24 19.4183 -35.6329  255 255 255
47.1335 -0.12828 -15.7742  255 255 255
-2.48265 -23.6704 35.0684  255 255 255
-31.9363 -55.6559 32.7941  255 255 255
-1.95971 -10.3217 35.4059  255 255 255
52.9997 -9.17142 -7.54688  255 255 255
-3.51856 -10.3236 35.0807  255 255 255
-5.91596 -22.7271 34.5566  255 255 255
-5.40995 -19.643 35.4659  255 255 255
-5.39953 -23.1314 34.7801  255 255 255
-6.61512 -26.2811 36.156  255 255 255
50.6939 1.07982 -6.4996  255 255 255
27.8949 58.5973 -90.4309  255 255 255
-43.314 48.3584 -44.2265  255 255 255
48.5698 2.98875 -9.73818  255 255 255
-8.80171 -11.6512 34.1644  255 255 255
-2.781 -14.3236 36.0632  255 255 255
58.6623 -27.0094 -6.5972  255 255 255
53.3274 67.1096 -104.14  255 255 255
-11.9335 -17.4286 33.187  255 255 255
-11.993 -20.9888 33.0199  255 255 255
-32.3081 8.02995 -39.5188  255 255 255
57.8265 -21.1498 -4.66569  255 255 255
-8.44154 -22.4064 34.3  255 255 255
-3.53979 -58.8803 34.8979  255 255 255
-8.11929 -22.0173 34.094  255 255 255
-4.38278 -58.2411 33.6309  255 255 255
50.4049 62.4032 -103.878  255 255 255
50.1147 60.7972 -103.769  255 255 255
-9.66076 -5.59056 30.6281  255 255 255
9.79873 -23.217 33.1487  255 255 255
5.25246 -30.581 37.6349  255 255 255
-20.2841 -15.121 26.7304  255 255 255
1.66316 -16.2174 35.8153  255 255 255
-4.21926 -14.9325 35.9121  255 255 255
-5.25064 -14.5716 35.6917  255 255 255
36.2201 -48.919 20.3364  255 255 255
-8.09773 -14.6289 34.8355  255 255 255
-9.39703 -15.2332 34.4717  255 255 255
-6.81099 -15.6655 35.3957  255 255 255
-10.6529 -14.7611 33.7909  255 255 255
-4.34308 -12.8746 35.7251  255 255 255
-4.33511 -12.8756 35.5825  255 255 255
-1.94665 -16.1464 36.1714  255 255 255
-22.1209 -21.3768 29.3705  255 255 255
-0.349433 -18.607 36.0025  255 255 255
57.4206 -23.7099 -7.32007  255 255 255
51.4704 -2.14666 -6.24074  255 255 255
-10.8081 -14.6815 33.746  255 255 255
-6.57442 -20.4568 35.1145  255 255 255
11.0322 -13.9221 31.9192  255 255 255
-3.53748 -9.40518 34.8154  255 255 255
0.363492 -9.35324 34.8071  255 255 255
47.3947 -2.29264 -15.934  255 255 255
-13.4845 -23.7112 34.4743  255 255 255
52.9973 -12.7853 -10.0967  255 255 255
4.57164 -11.2297 34.534  255 255 255
-7.15221 -20.1916 34.9116  255 255 255
44.8278 -37.6261 6.74822  255 255 255
-21.7096 -56.0125 32.4558  255 255 255
2.47828 -20.6955 35.1411  255 255 255
-20.2679 56.1326 -55.1509  255 255 255
58.1141 -21.0506 -3.97372  255 255 255
-6.49033 -19.2755 35.2803  255 255 255
-12.7909 -17.4661 32.5842  255 255 255
-9.1599 -18.0291 34.5328  255 255 255
50.5634 2.23732 -5.89789  255 255 255
-8.29625 59.4654 -61.8617  255 255 255
10.8069 -37.7989 29.511  255 255 255
-22.122 -9.35932 20.428  255 255 255
6.90586 -7.02369 31.7013  255 255 255
-4.91928 -10.3197 34.9064  255 255 255
-16.0122 -20.3512 32.6171  255 255 255
18.9501 17.8235 -53.7208  255 255 255
1.05429 -32.3189 37.9518  255 255 255
49.2901 -5.4895 -14.076  255 255 255
-44.6319 -7.27147 -21.5057  255 255 255
5.8502 -12.4707 34.3396  255 255 255
-11.2018 -29.4206 37.7758  255 255 255
-5.87565 14.0094 -47.6639  255 255 255
-23.566 -34.456 22.8858  255 255 255
-47.3547 -6.44976 -21.6498  255 255 255
4.73909 -12.7775 34.7823  255 255 255
48.9402 -41.7921 11.4276  255 255 255
57.2183 -26.1901 -6.70622  255 255 255
-30.5438 -56.1156 33.3253  255 255 255
-5.24156 -10.7906 35.0003  255 255 255
49.6733 21.1612 -35.6475  255 255 255
-26.2746 -56.6869 33.5501  255 255 255
53.5615 -15.6686 -10.6968  255 255 255
-28.9526 -56.2269 33.2145  255 255 255
48.8701 -3.96729 -13.8482  255 255 255
-28.3146 -55.643 32.6233  255 255 255
-28.9028 -55.4786 32.2183  255 255 255
-21.2814 -31.7534 27.4018  255 255 255
-12.6944 -21.7507 33.9667  255 255 255
-7.37138 -30.46 38.6039  255 255 255
-16.0605 -26.8114 35.0136  255 255 255
56.9222 -23.8245 -8.78398  255 255 255
-9.45711 -36.5702 32.61  255 255 255
20.6578 -21.6179 26.002  255 255 255
-11.6439 -11.9 32.739  255 255 255
11.2353 -22.6328 32.4753  255 255 255
55.2177 -21.1554 -11.2081  255 255 255
-4.52497 -29.9689 37.6119  255 255 255
50.0995 25.7571 -31.4911  255 255 255
58.5188 -25.6605 -6.29545  255 255 255
57.7449 -24.3085 -7.0169  255 255 255
-5.25087 -10.1732 34.9299  255 255 255
-3.0455 -7.90118 34.1094  255 255 255
0.287197 -9.82269 35.1154  255 255 255
-16.722 -12.9158 28.8624  255 255 255
-22.0527 -12.6448 24.1569  255 255 255
-0.188217 -24.4232 35.773  255 255 255
-13.617 54.3123 -62.3087  255 255 255
50.8021 21.5589 -32.7301  255 255 255
48.9632 24.9658 -34.8269  255 255 255
49.9287 -5.0816 -12.3904  255 255 255
56.1339 -17.5561 -5.9946  255 255 255
-28.0734 -54.7382 31.5102  255 255 255
-75.3036 5.47645 -33.5893  255 255 255
6.72914 -45.6947 26.1732  255 255 255
0.889971 -8.35911 34.3662  255 255 255
-0.793331 -8.28203 34.4322  255 255 255
-4.84547 -15.1505 35.8169  255 255 255
1.82959 -12.6387 35.6651  255 255 255
-0.848877 -13.7421 36.079  255 255 255
-0.339248 -9.18355 34.84  255 255 255
-67.4391 32.9248 -39.2253  255 255 255
-77.5707 28.6709 -36.2903  255 255 255
-54.5548 36.9174 -45.8304  255 255 255
-75.1692 29.733 -41.6838  255 255 255
-34.1091 33.5558 -65.0042  255 255 255
-4.42196 -9.31567 34.5876  255 255 255
-107.348 -11.3456 -12.6634  255 255 255
-76.2671 -11.4897 -14.9126  255 255 255
-62.6156 -8.63117 -18.6629  255 255 255
-71.1229 0.588723 -28.9116  255 255 255
-62.941 -8.29046 -19.4282  255 255 255
-47.1149 13.3276 -44.5549  255 255 255
-41.6652 15.225 -47.7227  255 255 255
-82.525 -10.9093 -15.2316  255 255 255
-81.6345 -10.8223 -15.1365  255 255 255
-76.1502 9.33706 -38.7101  255 255 255
-83.9573 -8.08484 -17.5173  255 255 255
-76.9634 8.0655 -36.8138  255 255 255
-83.3611 -9.20138 -17.2837  255 255 255
48.9493 38.4536 -27.0154  255 255 255
-28.8453 18.9157 -52.4581  255 255 255
-25.6686 18.208 -51.1839  255 255 255
-63.5992 -11.6986 -14.413  255 255 255
-34.2116 25.8601 -59.2581  255 255 255
-70.0503 3.02139 -31.8589  255 255 255
-67.2975 32.9041 -39.5003  255 255 255
-57.872 16.286 -47.8947  255 255 255
-108.143 -6.69488 -16.8776  255 255 255
-109.916 -16.085 -5.72399  255 255 255
-108.586 -10.695 -12.7193  255 255 255
-44.6755 12.6075 -43.0772  255 255 255
3.07655 -12.7774 35.3198  255 255 255
20.014 69.7512 -73.3632  255 255 255
-70.6842 33.7078 -33.4908  255 255 255
-63.6765 32.002 -41.8997  255 255 255
37.6279 -41.3663 11.2922  255 255 255
18.2517 63.0522 -82.5813  255 255 255
-76.4741 6.99549 -35.1146  255 255 255
-76.5193 -10.8569 -15.4629  255 255 255
-70.6267 1.93767 -30.1132  255 255 255
15.3603 61.7427 -75.9954  255 255 255
10.5303 60.0054 -72.8458  255 255 255
-33.3589 -57.6164 34.9173  255 255 255
-5.65602 15.9457 -49.9764  255 255 255
-42.1506 53.6066 -41.3747  255 255 255
-9.35593 -3.39669 29.3065  255 255 255
-12.7732 -1.01576 24.5487  255 255 255
-41.7466 -56.4844 34.8146  255 255 255
26.7087 38.9755 -77.5149  255 255 255
20.2458 37.4394 -76.0595  255 255 255
27.4186 11.2581 -47.0069  255 255 255
5.63668 0.291284 22.5139  255 255 255
7.96747 -2.34035 27.4464  255 255 255
-16.7574 -5.01199 24.6257  255 255 255
12.2363 -21.8967 31.4867  255 255 255
3.8107 -30.3962 37.655  255 255 255
7.60454 -36.204 32.9916  255 255 255
39.5397 -41.1327 11.1113  255 255 255
38.0211 -42.8692 13.9541  255 255 255
0.566238 -48.9517 29.5562  255 255 255
9.9977 -2.06321 25.4503  255 255 255
38.8559 -41.3977 11.4603  255 255 255
36.1831 -45.1588 16.1459  255 255 255
-29.118 -55.5329 32.7456  255 255 255
43.9432 -49.9093 21.1535  255 255 255
22.7404 -54.4234 27.5687  255 255 255
22.7404 -54.4234 27.5687  255 255 255
-21.9333 26.3466 -60.3945  255 255 255
23.1167 22.5278 -58.8252  255 255 255
-10.5502 -2.08574 27.5655  255 255 255
-55.0384 -13.7238 -14.4199  255 255 255
-4.10339 -24.2208 35.6375  255 255 255
15.745 -26.0501 31.565  255 255 255
45.7208 28.2618 -41.383  255 255 255
8.61655 -2.71396 27.6998  255 255 255
-19.278 -56.2282 32.4766  255 255 255
46.4335 49.0165 -91.2344  255 255 255
48.6453 44.3619 -86.4989  255 255 255
11.0113 -20.0819 30.8699  255 255 255
-4.19655 -42.2163 29.9944  255 255 255
24.5667 -16.975 20.3944  255 255 255
-31.9836 9.12001 -39.9216  255 255 255
-23.9726 -56.7156 33.8187  255 255 255
6.74889 -24.9669 35.4396  255 255 255
41.4868 -49.4891 23.1426  255 255 255
-51.292 33.2311 -51.3  255 255 255
-12.5781 -1.38163 25.1175  255 255 255
-4.6687 -31.1609 39.2941  255 255 255
4.4295 -42.4571 29.1654  255 255 255
3.29992 2.77762 21.6034  255 255 255
5.85924 -49.0787 29.2052  255 255 255
5.13234 -32.424 37.7058  255 255 255
7.81777 -35.2243 33.6782  255 255 255
1.70807 1.69375 20.5833  255 255 255
12.2928 -37.3774 29.248  255 255 255
23.6021 -22.6062 26.6943  255 255 255
10.466 -38.2092 29.9189  255 255 255
20.9086 -19.6532 23.9225  255 255 255
-15.9879 -43.2965 25.2936  255 255 255
-18.3621 -34.7357 28.8927  255 255 255
6.11585 0.736112 23.3182  255 255 255
9.73558 -20.7074 32.6088  255 255 255
11.8269 -39.2334 27.8775  255 255 255
11.7784 -20.4189 29.97  255 255 255
22.5613 -36.0479 17.5611  255 255 255
-8.12113 -45.7268 31.5374  255 255 255
20.5213 -25.3295 30.101  255 255 255
-76.3608 -0.107913 -27.9581  255 255 255
-79.1616 8.71722 -37.758  255 255 255
-7.36002 56.4683 -64.469  255 255 255
-2.32371 64.4037 -61.2001  255 255 255
21.789 66.0348 -78.3519  255 255 255
-74.1832 16.485 -46.3737  255 255 255
6.65111 -29.2586 35.8391  255 255 255
4.03619 -20.3665 34.9769  255 255 255
11.0762 -26.6188 32.8473  255 255 255
16.6208 -24.5906 29.9328  255 255 255
48.1718 -13.8057 -19.8386  255 255 255
18.3931 -24.291 29.2371  255 255 255
-6.96979 -27.9038 35.6296  255 255 255
7.78041 -2.01322 26.7688  255 255 255
-10.9655 -27.0329 34.8793  255 255 255
-4.58416 -28.4799 36.1898  255 255 255
-33.3115 -53.0336 29.9442  255 255 255
-14.136 -29.3605 37.2277  255 255 255
16.3385 29.9632 -66.5937  255 255 255
-3.22365 -20.7435 35.4196  255 255 255
-104.194 -10.9535 -13.0292  255 255 255
-107.187 -5.67578 -18.3475  255 255 255
-103.096 -12.4671 -11.2434  255 255 255
-26.5281 18.7401 -51.8184  255 255 255
-11.4077 -13.0548 33.2402  255 255 255
-75.1658 8.25029 -35.7131  255 255 255
54.8167 -20.4704 -10.6326  255 255 255
47.9952 -38.2065 7.97492  255 255 255
47.49 -1.19051 -15.5861  255 255 255
-20.2522 -56.3292 33.317  255 255 255
16.7528 -40.5709 24.4916  255 255 255
-1.86612 -40.9931 30.5097  255 255 255
-32.2637 -55.3961 32.5079  255 255 255
2.68004 -30.2937 37.5792  255 255 255
-19.5585 -58.6824 35.6975  255 255 255
48.895 -48.3921 19.477  255 255 255
51.4882 -46.7656 21.6835  255 255 255
47.7362 -46.123 15.889  255 255 255
49.391 -37.7678 7.08285  255 255 255
-3.14925 -59.2504 34.6662  255 255 255
55.4668 -46.9192 17.9132  255 255 255
-33.6939 -24.0078 8.77268  255 255 255
-40.0949 -37.6891 12.4096  255 255 255
-18.9463 -58.6665 35.3079  255 255 255
50.184 -40.792 9.58863  255 255 255
-17.6672 -59.0048 35.7703  255 255 255
15.0265 -39.0845 25.0575  255 255 255
-70.2093 -52.7722 33.5371  255 255 255
-34.5028 -56.4826 34.0729  255 255 255
21.3149 -22.121 26.6286  255 255 255
49.6891 36.2487 -27.2756  255 255 255
-8.46307 1.86883 22.5902  255 255 255
-35.6601 5.59181 -36.3865  255 255 255
0.679219 -8.88473 34.6234  255 255 255
6.80667 -10.1226 32.9505  255 255 255
-26.3279 -18.7068 26.8184  255 255 255
-21.6691 -24.292 32.7452  255 255 255
0.330469 -32.3665 37.9235  255 255 255
-15.0499 -34.9047 31.9084  255 255 255
14.6372 -31.278 32.7018  255 255 255
-23.6165 -31.1043 25.4786  255 255 255
12.2269 -38.9604 27.6064  255 255 255
-16.7608 -5.06139 24.6153  255 255 255
-17.2827 -6.18387 24.9299  255 255 255
-17.9088 -8.89909 26.0061  255 255 255
-11.8042 -22.5323 34.6896  255 255 255
14.1995 -34.5645 29.9672  255 255 255
-19.3115 -9.48114 23.9916  255 255 255
-54.7827 -30.3617 4.53586  255 255 255
9.53428 -38.1962 29.9244  255 255 255
-48.1392 -9.98756 -17.6836  255 255 255
49.2216 -5.90071 -13.7687  255 255 255
-9.40522 -21.5787 33.8132  255 255 255
9.80648 -23.2236 33.0454  255 255 255
-18.2833 -12.605 26.8597  255 255 255
1.4643 -31.9803 38.0964  255 255 255
-4.66844 -31.1809 39.145  255 255 255
9.40799 -36.7835 31.0527  255 255 255
12.2269 -38.9604 27.6064  255 255 255
-8.61072 -24.2163 36.2417  255 255 255
-2.39304 -17.275 35.9811  255 255 255
-53.9762 -30.8219 4.59727  255 255 255
-38.6699 -52.814 29.7601  255 255 255
-15.8861 -25.2465 33.5347  255 255 255
-28.5458 -16.4671 24.386  255 255 255
44.55 58.6434 -102.092  255 255 255
6.0632 49.4468 -80.8227  255 255 255
18.1135 35.0346 -73.2286  255 255 255
-57.2459 26.4779 -47.4395  255 255 255
-57.0283 25.5903 -48.389  255 255 255
-57.5981 25.338 -49.4141  255 255 255
-58.3232 25.0387 -49.1801  255 255 255
45.6455 21.6083 -42.975  255 255 255
-59.8204 24.1261 -47.2971  255 255 255
-65.5982 23.7996 -49.602  255 255 255
46.4713 17.0446 -43.9027  255 255 255
-4.24381 18.5685 -52.8193  255 255 255
45.7505 16.7188 -43.7108  255 255 255
47.1489 16.4347 -43.0306  255 255 255
47.5978 15.3769 -42.0893  255 255 255
29.464 16.9408 -53.2565  255 255 255
14.7793 16.9807 -52.5471  255 255 255
48.7063 14.7289 -40.7987  255 255 255
47.2204 14.1283 -43.7154  255 255 255
47.3226 13.7391 -43.0399  255 255 255
-55.1196 12.615 -43.4701  255 255 255
-45.0683 11.0861 -42.3093  255 255 255
-43.6526 10.9711 -41.8428  255 255 255
-38.9299 9.68239 -41.3051  255 255 255
-30.6943 9.16404 -40.6294  255 255 255
-38.84 9.14548 -40.0301  255 255 255
5.62382 0.31856 22.8113  255 255 255
51.1337 4.02922 -39.7326  255 255 255
47.5064 -1.9952 -15.434  255 255 255
-25.897 -5.19428 11.0224  255 255 255
-8.49897 -6.57388 32.01  255 255 255
-50.1882 -5.60303 -22.4211  255 255 255
2.37047 -9.12792 34.4191  255 255 255
-50.1353 -7.34326 -20.7585  255 255 255
9.3977 -9.9073 31.5163  255 255 255
48.8115 -14.6046 -19.0518  255 255 255
50.6055 -17.9129 -15.3378  255 255 255
-57.5446 -17.0785 -9.23131  255 255 255
-58.3342 -17.6557 -8.65146  255 255 255
10.6244 -22.2027 32.0754  255 255 255
15.3846 -25.4195 30.8762  255 255 255
46.8801 -37.8954 6.745  255 255 255
50.4167 -38.4097 7.18513  255 255 255
49.9036 -40.1229 9.09425  255 255 255
48.4373 -42.3693 12.0972  255 255 255
-15.7348 -44.8749 29.2812  255 255 255
33.7868 -49.8009 21.7323  255 255 255
34.912 -50.3742 21.8137  255 255 255
30.2177 -52.3867 24.8045  255 255 255
-26.5883 -57.0251 34.1289  255 255 255
-19.3999 -57.2539 33.7334  255 255 255
-22.6251 -57.6737 34.4186  255 255 255
-17.9614 -58.6916 35.5243  255 255 255
-17.6685 -58.9962 35.7724  255 255 255
46.6551 59.2781 -103.129  255 255 255
45.1662 58.6868 -101.727  255 255 255
16.3077 48.6687 -88.2486  255 255 255
20.4213 45.8543 -85.2056  255 255 255
16.2817 36.8262 -75.0527  255 255 255
16.2482 36.8701 -75.1551  255 255 255
24.8452 31.3662 -69.9714  255 255 255
-56.4702 27.6184 -48.0599  255 255 255
46.0269 21.8388 -43.0855  255 255 255
-5.17806 18.6833 -53.2648  255 255 255
49.7819 15.3618 -34.8694  255 255 255
-74.0725 17.2022 -47.5947  255 255 255
49.5465 13.6466 -39.7991  255 255 255
-36.0094 15.3875 -47.6214  255 255 255
48.5176 11.8912 -43.6139  255 255 255
-42.5778 12.6936 -43.7495  255 255 255
48.1497 10.956 -43.4153  255 255 255
46.2782 9.89727 -46.3169  255 255 255
-43.4988 10.129 -40.841  255 255 255
-32.0045 8.73504 -40.1331  255 255 255
51.2413 -10.1574 -11.0788  255 255 255
-43.1222 -9.35931 -18.8969  255 255 255
54.0874 -15.2966 -8.2524  255 255 255
51.7422 -15.477 -14.4034  255 255 255
41.778 -26.9619 -4.81751  255 255 255
-17.7761 -23.4758 31.2358  255 255 255
-50.4667 -29.1837 3.97341  255 255 255
40.3903 -32.6698 2.10679  255 255 255
6.39557 -27.6461 34.8999  255 255 255
43.9744 -36.6539 6.28234  255 255 255
-56.3124 -36.8925 13.1635  255 255 255
37.0854 -48.1303 19.0912  255 255 255
37.0854 -48.1303 19.0912  255 255 255
47.0871 -48.9103 20.0679  255 255 255
37.4662 -48.7598 20.3011  255 255 255
-18.1356 -54.9967 31.1547  255 255 255
-22.197 -56.1922 32.7256  255 255 255
-20.6732 -58.0813 34.7161  255 255 255
18.6596 52.9078 -87.4326  255 255 255
16.1707 43.2787 -83.0398  255 255 255
50.3568 27.8362 -30.5348  255 255 255
-74.5163 16.9259 -47.1133  255 255 255
-29.7155 15.7387 -48.0319  255 255 255
48.3011 10.505 -42.5318  255 255 255
-40.89 7.87299 -38.7727  255 255 255
20.1636 -12.3847 19.866  255 255 255
25.7935 -12.6826 15.0504  255 255 255
50.2084 -15.5639 -18.5621  255 255 255
-50.1684 -30.2834 5.45096  255 255 255
-51.1312 -30.3826 5.53938  255 255 255
-8.59192 -28.3136 36.1921  255 255 255
49.5745 -36.8684 6.79216  255 255 255
46.8763 -37.5065 6.89709  255 255 255
51.183 -42.2038 11.831  255 255 255
48.53 -43.1894 13.067  255 255 255
30.6399 -48.9021 20.9069  255 255 255
-25.196 -56.2226 32.9357  255 255 255
-22.5814 -57.3716 34.1712  255 255 255
-22.8815 -57.9936 35.1258  255 255 255
-3.02068 -59.0265 34.2736  255 255 255
18.5686 50.0937 -89.504  255 255 255
18.3547 48.8207 -88.0141  255 255 255
46.788 39.8376 -80.6221  255 255 255
43.347 35.5638 -76.1642  255 255 255
-53.7544 31.3789 -52.0078  255 255 255
-55.2633 26.8349 -49.4126  255 255 255
-32.2799 10.542 -41.6876  255 255 255
-37.0482 10.5252 -42.0393  255 255 255
-31.4827 8.28289 -40.1042  255 255 255
-35.8489 7.71418 -38.2391  255 255 255
-33.2906 7.58664 -38.8792  255 255 255
-1.14276 -30.1934 37.5491  255 255 255
47.4978 -37.172 6.03617  255 255 255
57.5702 -44.3123 14.5228  255 255 255
43.9023 -44.8648 14.6199  255 255 255
2.37484 -42.6974 29.0996  255 255 255
37.593 -48.5332 19.6399  255 255 255
37.1568 -49.4513 21.2969  255 255 255
53.2258 44.0748 -88.4011  255 255 255
47.8051 41.9682 -82.9208  255 255 255
-39.243 8.0555 -39.0807  255 255 255
-59.8775 24.9937 -48.7963  255 255 255
-59.8775 24.9937 -48.7963  255 255 255
-4.37367 -58.7959 33.7974  255 255 255
-59.5205 28.1525 -48.3824  255 255 255
-58.2264 26.3881 -46.5188  255 255 255
-73.1261 21.8861 -48.2045  255 255 255
-56.4323 26.3231 -48.2473  255 255 255
13.3761 -35.6935 29.2796  255 255 255
50.4932 4.70968 -5.93379  255 255 255
13.6852 -19.0428 29.864  255 255 255
-29.1153 -51.7357 28.2994  255 255 255
-32.2261 -59.4205 36.829  255 255 255
-4.87912 57.7669 -65.7888  255 255 255
17.8296 -42.2471 25.7567  255 255 255
45 74.5142 -89.9383  255 255 255
-36.2309 32.1093 -64.1817  255 255 255
12.758 65.196 -72.004  255 255 255
39.1136 73.4021 -87.1579  255 255 255
18.5444 -16.2321 24.3624  255 255 255
9.55821 -13.7668 32.5787  255 255 255
2.82372 -7.27869 33.415  255 255 255
-69.0377 -45.7663 24.9446  255 255 255
-7.04406 -19.6903 35.0069  255 255 255
51.3946 66.9443 -99.9063  255 255 255
-49.131 32.0175 -56.2827  255 255 255
47.0018 74.6375 -90.4761  255 255 255
52.8175 67.1351 -102.03  255 255 255
41.3868 69.0365 -91.4986  255 255 255
-9.9407 -19.2701 33.9618  255 255 255
6.96643 -10.7014 33.4017  255 255 255
28.3687 59.3581 -89.4424  255 255 255
9.60271 57.9713 -77.0342  255 255 255
-57.6266 46.7443 -35.4756  255 255 255
9.38923 -14.0833 32.838  255 255 255
45.765 63.5844 -98.8594  255 255 255
18.7177 37.4895 -75.9831  255 255 255
46.7253 66.3293 -97.4454  255 255 255
32.7705 69.7793 -83.8943  255 255 255
0.577977 -12.7634 35.7684  255 255 255
17.9208 60.6536 -81.9453  255 255 255
-8.17597 -10.552 34.3539  255 255 255
6.07502 -29.2654 35.9675  255 255 255
23.3823 52.5178 -92.0429  255 255 255
23.2587 57.5253 -87.7992  255 255 255
10.5224 64.8197 -72.1963  255 255 255
4.64771 61.2068 -70.7782  255 255 255
16.2787 66.838 -73.8114  255 255 255
22.749 56.9072 -88.1887  255 255 255
45.8391 73.5009 -90.3819  255 255 255
46.462 74.0252 -90.1547  255 255 255
26.1457 65.6513 -81.0782  255 255 255
-3.22524 -20.7429 35.3902  255 255 255
-8.88783 -24.8149 35.9597  255 255 255
40.7104 -31.9906 0.456563  255 255 255
-58.2487 -35.1481 11.111  255 255 255
43.258 36.6228 -77.091  255 255 255
15.6892 61.0249 -76.7484  255 255 255
25.4073 39.2041 -79.1686  255 255 255
46.6472 22.6018 -42.7606  255 255 255
-30.1916 49.6989 -53.5318  255 255 255
-22.755 -8.00301 18.8594  255 255 255
-17.0608 -14.8186 28.9337  255 255 255
-7.56883 55.6437 -64.8917  255 255 255
-14.7168 -27.4713 35.493  255 255 255
-11.0565 -30.0727 37.5997  255 255 255
-11.4366 -6.78256 30.6706  255 255 255
-110.379 -14.872 -7.04256  255 255 255
-109.111 -16.8721 -4.86838  255 255 255
-110.786 -15.2287 -6.75076  255 255 255
-107.311 -19.4413 -2.32988  255 255 255
-54.0218 8.893 -39.2832  255 255 255
-48.9305 10.9807 -41.5517  255 255 255
-106.162 -6.75736 -16.5722  255 255 255
-68.5226 -2.71885 -25.3046  255 255 255
-109.668 -15.5957 -6.37267  255 255 255
-64.9496 -7.76018 -19.664  255 255 255
-64.9496 -7.76018 -19.664  255 255 255
-60.8304 -7.72849 -19.5772  255 255 255
-75.5511 25.3092 -46.5829  255 255 255
-63.4624 -13.8628 -12.3952  255 255 255
41.9677 -29.5992 -2.17442  255 255 255
-11.9196 -7.50122 30.8343  255 255 255
-111.768 -14.1443 -7.86005  255 255 255
-119.518 50.1529 -76.8138  255 255 255
25.6389 11.1398 -46.4741  255 255 255
30.3418 15.0679 -50.956  255 255 255
24.5948 35.8759 -74.6991  255 255 255
46.942 68.5169 -95.4916  255 255 255
-44.8988 -26.1667 0.456728  255 255 255
-24.1227 16.2548 -49.8097  255 255 255
-56.6982 -20.9827 -5.22108  255 255 255
44.2203 75.6784 -86.8692  255 255 255
-12.619 -3.88967 27.6461  255 255 255
6.40019 -47.9679 30.4026  255 255 255
-33.079 -55.6177 32.4424  255 255 255
46.2807 66.829 -96.713  255 255 255
-78.2466 -12.3211 -14.672  255 255 255
44.2107 70.4058 -91.8289  255 255 255
-99.1701 -29.1791 8.44985  255 255 255
-75.7092 26.1678 -44.6929  255 255 255
-63.7862 -13.516 -13.8987  255 255 255
-53.9806 -3.51283 -24.9163  255 255 255
19.1163 64.5809 -78.0673  255 255 255
32.0833 62.8356 -89.2711  255 255 255
17.0252 65.3372 -76.8294  255 255 255
34.2311 66.3715 -93.4336  255 255 255
-33.2222 19.1918 -51.567  255 255 255
-34.7254 26.1986 -59.6198  255 255 255
23.2411 24.7837 -62.171  255 255 255
-34.0368 -49.367 25.7636  255 255 255
-28.9235 21.3226 -56.1956  255 255 255
-20.0127 29.3669 -63.9264  255 255 255
-44.6515 12.1504 -43.6257  255 255 255
-28.7548 20.3928 -53.3086  255 255 255
10.7311 -23.4264 33.265  255 255 255
-22.7793 26.4796 -60.545  255 255 255
-30.1752 -53.3149 29.9373  255 255 255
-43.6048 8.42283 -39.4715  255 255 255
-30.8495 5.56488 -36.4655  255 255 255
-40.2026 18.1303 -50.0077  255 255 255
8.82285 -9.28542 31.6508  255 255 255
-76.8584 10.1494 -39.4166  255 255 255
54.1254 -14.9193 -8.14367  255 255 255
26.0456 60.9236 -87.0181  255 255 255
18.2201 -18.3282 26.8843  255 255 255
47.4765 10.9334 -7.6535  255 255 255
47.0239 9.68619 -9.71377  255 255 255
-22.8136 -55.1833 31.9916  255 255 255
12.6501 -30.2869 34.8899  255 255 255
19.2879 -12.0579 19.4501  255 255 255
-8.58782 -45.8428 32.122  255 255 255
26.1369 11.9393 -47.0613  255 255 255
18.0294 -23.7864 28.7781  255 255 255
1.66126 2.32719 21.0059  255 255 255
21.7431 -17.3531 21.5719  255 255 255
-2.0262 20.8249 -54.9871  255 255 255
4.77496 -12.0928 34.5806  255 255 255
-28.1278 -53.9852 30.906  255 255 255
-15.1004 -1.74616 22.9288  255 255 255
-20.4847 18.071 -50.8086  255 255 255
7.69208 -2.56429 26.5608  255 255 255
54.5253 -16.0436 -7.10351  255 255 255
52.3545 -17.3558 -13.7998  255 255 255
8.19739 -5.30555 29.7213  255 255 255
-21.3732 10.1812 -42.7016  255 255 255
59.5149 -27.905 -3.10644  255 255 255
-3.49864 -42.8259 29.5897  255 255 255
9.31625 -39.032 29.0745  255 255 255
-11.4426 -36.1333 32.1  255 255 255
-27.4708 -17.3919 25.3577  255 255 255
18.8123 40.8445 -80.475  255 255 255
25.0316 28.1199 -66.2036  255 255 255
17.2613 32.8912 -70.8278  255 255 255
-23.9726 -56.7156 33.8187  255 255 255
39.8831 77.4876 -84.0872  255 255 255
22.9038 64.6568 -79.6942  255 255 255
21.67 64.2764 -79.1896  255 255 255
33.2108 74.5995 -80.1035  255 255 255
-4.51715 19.8198 -54.1998  255 255 255
-66.3657 -1.81677 -26.2183  255 255 255
-30.0756 37.3305 -64.6638  255 255 255
23.0521 37.5986 -75.639  255 255 255
47.622 10.4181 -8.86086  255 255 255
-13.9822 -18.3045 31.6329  255 255 255
50.6696 -38.1414 9.27975  255 255 255
-19.3383 10.4383 -41.0233  255 255 255
-23.478 -53.7602 30.4676  255 255 255
8.39932 0.0527 23.73  255 255 255
4.77779 -47.1091 30.5593  255 255 255
-2.45092 -32.8927 37.4244  255 255 255
0.480763 60.2442 -68.4253  255 255 255
-49.3307 -7.28232 -20.8563  255 255 255
-49.4334 9.96188 -40.4001  255 255 255
-71.0051 2.62263 -31.3032  255 255 255
-70.0503 3.02139 -31.8589  255 255 255
-102.488 -11.9256 -11.1277  255 255 255
44.9863 79.035 -85.2556  255 255 255
-25.8148 17.2065 -49.427  255 255 255
-37.3467 17.0071 -49.2846  255 255 255
20.9361 -21.5506 25.8788  255 255 255
53.325 -44.2695 14.3357  255 255 255
58.3224 -43.7727 14.4086  255 255 255
-22.5355 -55.5077 32.3273  255 255 255
49.3213 -42.0402 11.5079  255 255 255
22.8939 -23.0512 27.4761  255 255 255
15.0474 -9.41992 26.744  255 255 255
49.4031 -47.8635 18.6483  255 255 255
16.0589 -23.5926 29.6831  255 255 255
-45.0031 -5.69871 -22.6719  255 255 255
-54.1172 15.7282 -46.5044  255 255 255
-38.6599 7.20556 -37.992  255 255 255
45.6085 -42.0023 11.1607  255 255 255
-33.9428 50.6851 -49.3636  255 255 255
52.0554 75.0418 -93.461  255 255 255
38.7061 71.5933 -86.9193  255 255 255
17.5171 61.0337 -80.4301  255 255 255
17.951 62.7235 -77.6267  255 255 255
10.9429 59.7934 -75.4185  255 255 255
-7.61775 -13.2698 34.9404  255 255 255
18.1667 16.8019 -52.5337  255 255 255
37.8508 71.1525 -85.9646  255 255 255
12.2963 63.6011 -73.8057  255 255 255
44.982 74.8502 -88.8228  255 255 255
-8.9193 -1.11285 27.3193  255 255 255
-69.0129 -1.59072 -27.7992  255 255 255
-33.8662 8.61135 -39.9208  255 255 255
22.0519 20.9163 -57.3481  255 255 255
-7.66205 -4.52255 30.9707  255 255 255
-30.6382 -53.5365 30.2817  255 255 255
44.9367 20.0762 -46.4027  255 255 255
22.2503 21.5507 -58.2784  255 255 255
-32.2207 17.0187 -49.2957  255 255 255
15.4544 -16.4444 28.0584  255 255 255
-34.8535 -49.8281 26.6413  255 255 255
-30.2698 17.5956 -50.05  255 255 255
-77.9399 4.35309 -33.0831  255 255 255
-0.163356 -58.0456 33.4879  255 255 255
-3.58742 21.4844 -55.9095  255 255 255
58.3038 -25.1647 -4.20177  255 255 255
47.1136 -0.104249 -15.646  255 255 255
-17.8174 -58.6964 35.5774  255 255 255
59.4262 64.977 -105.399  255 255 255
17.6906 -21.6487 28.4692  255 255 255
-1.86334 -27.4657 36.4183  255 255 255
10.1169 -38.0428 28.6953  255 255 255
-6.46319 -0.144778 23.8033  255 255 255
29.0933 24.3028 -61.8418  255 255 255
11.7508 60.5989 -74.3752  255 255 255
-76.5469 -44.8665 24.987  255 255 255
24.0976 -34.0373 18.2929  255 255 255
35.0536 74.5183 -83.3451  255 255 255
-30.1482 21.734 -56.0898  255 255 255
56.7144 64.1527 -105.586  255 255 255
35.5115 -44.7054 15.7159  255 255 255
45.4737 77.7783 -87.4177  255 255 255
-10.1271 66.1232 -54.845  255 255 255
41.6078 76.2466 -85.852  255 255 255
58.2464 77.6092 -96.5035  255 255 255
44.1558 76.8522 -86.4164  255 255 255
58.0488 76.9353 -96.9727  255 255 255
39.4731 73.4665 -86.002  255 255 255
10.3294 71.7009 -65.8171  255 255 255
14.8294 65.3571 -75.1531  255 255 255
60.8783 65.2447 -110.411  255 255 255
22.8706 62.7016 -83.3715  255 255 255
46.5501 63.4031 -99.5268  255 255 255
52.6332 63.2569 -104.604  255 255 255
37.3673 48.173 -89.6262  255 255 255
-11.2 -9.57455 32.3794  255 255 255
-17.5737 -58.3948 34.7874  255 255 255
-18.1845 -58.1566 35.1785  255 255 255
8.09743 -22.2247 33.1965  255 255 255
19.3555 27.7094 -64.4887  255 255 255
-101.282 -13.6387 -9.50695  255 255 255
-78.3358 -13.5313 -12.3928  255 255 255
-9.37433 -23.4193 35.4005  255 255 255
-1.86571 18.898 -53.0246  255 255 255
16.0748 -28.0595 33.6144  255 255 255
-16.0693 -26.8797 34.8163  255 255 255
-15.059 -42.8956 25.5988  255 255 255
22.9903 -15.1863 19.9616  255 255 255
2.92121 -44.5429 26.7113  255 255 255
3.88999 -45.9018 27.1773  255 255 255
37.3433 -40.7781 11.012  255 255 255
33.7735 -47.9915 19.2285  255 255 255
44.2753 -46.8098 18.4516  255 255 255
-5.79364 18.2355 -52.5446  255 255 255
19.3308 65.1819 -78.1527  255 255 255
35.7471 70.3224 -86.0336  255 255 255
8.63605 -25.1262 34.6134  255 255 255
43.2781 35.5428 -75.8382  255 255 255
-2.03072 1.65535 21.3377  255 255 255
-76.0154 -55.7253 38.6288  255 255 255
-68.0812 -58.4374 40.4464  255 255 255
-33.1965 24.2627 -57.7894  255 255 255
-39.1983 14.3276 -46.2199  255 255 255
37.4845 -39.6502 10.0007  255 255 255
-76.3893 -12.3721 -13.8046  255 255 255
-18.7181 -36.9258 26.4126  255 255 255
-25.1686 -56.1895 33.0752  255 255 255
-17.6431 -24.3719 32.3763  255 255 255
-6.28509 -14.6858 35.4309  255 255 255
-14.4885 -39.916 27.4993  255 255 255
57.0549 -45.7782 16.1876  255 255 255
48.6014 -12.8201 -20.266  255 255 255
15.6458 22.7486 -58.4676  255 255 255
-4.10339 -24.2208 35.6375  255 255 255
21.6067 -39.9394 22.6474  255 255 255
-27.7469 19.0718 -51.8727  255 255 255
-53.7596 30.5661 -52.3464  255 255 255
-2.85185 -30.1921 37.7253  255 255 255
-3.20164 15.0776 -48.7809  255 255 255
46.7344 62.7755 -100.556  255 255 255
44.2068 69.7116 -92.3574  255 255 255
45.8468 -31.7358 0.545422  255 255 255
46.7682 74.5481 -91.6514  255 255 255
10.8621 58.4975 -77.2942  255 255 255
46.7527 62.7988 -100.68  255 255 255
52.4945 45.6203 -88.3359  255 255 255
22.9128 20.9669 -57.7894  255 255 255
4.92453 54.0704 -76.7225  255 255 255
53.9386 69.7737 -99.4631  255 255 255
16.0139 31.5986 -69.9535  255 255 255
40.9068 -29.3003 -2.36298  255 255 255
23.9734 36.0904 -74.7581  255 255 255
12.4285 -30.7778 34.5324  255 255 255
-33.4462 2.61922 -33.3329  255 255 255
21.3149 -22.121 26.6286  255 255 255
12.2641 -29.1921 35.2991  255 255 255
-21.6017 9.43232 -41.0031  255 255 255
52.9806 -16.5168 -12.0022  255 255 255
-61.3412 -12.4289 -14.6642  255 255 255
12.506 -4.24726 25.0265  255 255 255
-2.14763 -15.0941 36.0543  255 255 255
-86.1067 -48.8981 30.18  255 255 255
-37.4991 8.24324 -38.5284  255 255 255
30.6225 17.3269 -54.0417  255 255 255
28.9102 65.783 -84.4225  255 255 255
29.6721 15.7481 -51.1062  255 255 255
23.0323 64.9349 -82.0938  255 255 255
16.6112 62.2688 -77.0518  255 255 255
27.9089 65.3857 -84.7268  255 255 255
19.783 -24.0704 29.247  255 255 255
3.68257 -29.397 36.3705  255 255 255
-37.737 -50.039 26.7403  255 255 255
-33.2237 13.2648 -45.0745  255 255 255
17.1373 -23.5242 28.8389  255 255 255
-33.246 16.5242 -49.1912  255 255 255
-27.0579 19.1334 -51.1755  255 255 255
45.586 -38.8536 7.73838  255 255 255
44.7182 35.3849 -74.7903  255 255 255
-57.1633 27.0478 -46.8099  255 255 255
25.3227 64.3315 -82.1341  255 255 255
21.7709 63.2641 -80.3675  255 255 255
10.7017 59.4445 -76.5565  255 255 255
52.655 63.276 -104.703  255 255 255
-31.5887 49.5644 -52.4128  255 255 255
-81.264 18.1844 -43.2942  255 255 255
-51.1609 49.5185 -36.8508  255 255 255
13.3573 65.4885 -74.6341  255 255 255
-21.249 -13.5129 25.0231  255 255 255
48.8126 62.2227 -103.564  255 255 255
23.7244 59.8093 -85.589  255 255 255
20.8674 25.0213 -61.8045  255 255 255
-33.3845 -49.2949 25.8805  255 255 255
-2.77816 -59.0391 34.5559  255 255 255
19.1344 -33.7329 24.5089  255 255 255
-22.8997 -56.5187 33.1193  255 255 255
-18.6121 -24.3313 32.6747  255 255 255
-6.08145 -7.51318 33.4121  255 255 255
-17.79 -17.8658 29.9114  255 255 255
12.2315 -21.8815 31.5277  255 255 255
-7.63642 1.51195 23.6861  255 255 255
18.91 -28.2985 30.3434  255 255 255
16.7417 38.3321 -76.6755  255 255 255
-23.9999 -53.961 30.9704  255 255 255
-19.1865 27.6373 -62.0611  255 255 255
-42.6254 -10.5677 -16.1469  255 255 255
14.7841 22.1386 -58.6504  255 255 255
-36.3741 -49.8613 26.4286  255 255 255
22.5732 60.4117 -85.0007  255 255 255
24.9344 23.8168 -60.4909  255 255 255
-29.1927 -9.09478 15.7187  255 255 255
-9.93185 -3.2173 28.7256  255 255 255
20.1992 37.3148 -75.5623  255 255 255
20.6045 -29.4123 26.298  255 255 255
22.8911 -54.2723 26.9783  255 255 255
-19.2348 26.8318 -61.9253  255 255 255
55.7621 -44.0937 13.8925  255 255 255
-10.3116 -21.2672 33.4534  255 255 255
-22.9859 -22.2252 30.7113  255 255 255
56.8566 -19.9604 -4.41899  255 255 255
20.7606 -12.3704 19.7668  255 255 255
51.8078 -11.1389 -9.96622  255 255 255
-24.5157 -13.6609 20.9978  255 255 255
-61.1232 14.3465 -44.9561  255 255 255
19.0074 -23.5059 28.4871  255 255 255
8.18904 -23.7692 34.1488  255 255 255
24.5899 -19.5934 23.0166  255 255 255
44.3193 -38.949 7.79548  255 255 255
-38.2663 40.4387 -55.2967  255 255 255
4.62851 -58.309 32.8821  255 255 255
-80.3544 -40.5693 19.7544  255 255 255
40.4514 71.9272 -87.0957  255 255 255
49.713 8.41232 -6.24578  255 255 255
14.1593 20.4242 -56.83  255 255 255
10.4692 -28.2045 34.5679  255 255 255
51.8008 -47.3446 18.5449  255 255 255
16.3443 -29.0226 34.8227  255 255 255
21.6389 -17.8713 21.6721  255 255 255
-19.9756 26.1515 -60.539  255 255 255
0.980429 43.5735 -81.3879  255 255 255
-28.8453 18.9157 -52.4581  255 255 255
14.7735 63.0091 -74.8709  255 255 255
37.7743 71.0971 -87.3911  255 255 255
36.0473 65.1201 -94.1034  255 255 255
47.5465 63.0774 -101.718  255 255 255
55.5654 64.4595 -104.013  255 255 255
26.5847 64.9776 -83.0513  255 255 255
13.6524 62.679 -74.0021  255 255 255
9.64692 58.9424 -75.5002  255 255 255
47.5465 63.0774 -101.718  255 255 255
14.0894 64.0456 -75.1892  255 255 255
47.5263 76.2695 -89.2875  255 255 255
49.8687 65.0018 -99.8739  255 255 255
17.4003 63.7775 -76.2951  255 255 255
6.913 60.9284 -75.2737  255 255 255
49.3189 63.7627 -101.333  255 255 255
62.5026 65.6309 -110.596  255 255 255
16.5292 63.2928 -75.4786  255 255 255
26.8047 65.2788 -78.6989  255 255 255
31.8141 68.0211 -87.2762  255 255 255
61.3263 65.421 -109.349  255 255 255
62.3166 65.0534 -113.395  255 255 255
32.7705 69.7793 -83.8943  255 255 255
31.839 68.0197 -87.2394  255 255 255
25.6951 68.2592 -81.3362  255 255 255
27.6646 65.3699 -83.6882  255 255 255
16.6357 66.2624 -75.5221  255 255 255
26.1366 65.1832 -78.0442  255 255 255
11.4481 62.9337 -73.498  255 255 255
6.913 60.9284 -75.2737  255 255 255
-27.5198 -55.9928 33.0339  255 255 255
16.5957 16.5191 -52.1429  255 255 255
31.2117 22.6212 -60.0282  255 255 255
16.5957 16.5191 -52.1429  255 255 255
-33.0952 -53.5406 30.3794  255 255 255
20.9241 25.1332 -62.3434  255 255 255
43.7723 -40.5258 9.96025  255 255 255
-18.1997 -56.2005 32.4039  255 255 255
15.7757 22.2256 -58.7559  255 255 255
-29.4119 -58.5908 35.7738  255 255 255
39.0886 -44.7237 14.9532  255 255 255
-35.8537 -51.2345 27.7813  255 255 255
24.1695 -54.5455 27.3842  255 255 255
21.4915 22.717 -59.4522  255 255 255
-19.6837 11.1171 -43.6605  255 255 255
-23.3163 11.8166 -43.89  255 255 255
-20.8462 11.8275 -44.2304  255 255 255
44.1999 -40.6132 10.0231  255 255 255
-4.34752 15.7022 -49.7175  255 255 255
20.4287 20.9456 -57.594  255 255 255
-31.886 -57.8317 34.9955  255 255 255
12.5305 -5.70598 26.9163  255 255 255
-10.1958 -0.651137 25.9264  255 255 255
49.3711 -14.6744 -19.0893  255 255 255
-26.1548 -55.5066 32.5201  255 255 255
34.2059 -50.44 22.9266  255 255 255
14.5204 -24.3652 31.0352  255 255 255
37.6763 -40.8415 10.9782  255 255 255
-10.1021 -0.395127 25.7774  255 255 255
49.6483 63.5345 -102.391  255 255 255
-4.12433 -30.4209 38.281  255 255 255
-3.41556 19.42 -53.2014  255 255 255
21.5453 24.7571 -62.2605  255 255 255
30.964 16.1141 -51.9898  255 255 255
-11.9931 -21.7721 33.9167  255 255 255
-98.9656 -28.8473 7.85106  255 255 255
6.08578 -45.998 30.8885  255 255 255
-42.0044 53.3668 -40.7094  255 255 255
30.8192 17.727 -53.8536  255 255 255
-44.2589 -25.8848 -0.160939  255 255 255
39.685 -42.4699 12.6578  255 255 255
-75.9954 6.19032 -35.3126  255 255 255
13.7547 -12.6948 29.4805  255 255 255
-74.9028 8.82042 -38.2632  255 255 255
-34.0295 15.1698 -47.1811  255 255 255
-73.8276 -57.4692 40.5917  255 255 255
-43.3647 13.0766 -44.6567  255 255 255
8.65171 -31.8156 36.1864  255 255 255
13.2407 -30.8179 33.7365  255 255 255
-77.8434 -51.9882 33.8777  255 255 255
-83.1413 -49.5432 32.1402  255 255 255
-40.6785 17.1932 -49.841  255 255 255
17.4791 31.7059 -69.1267  255 255 255
-76.5251 -50.957 32.385  255 255 255
-67.7183 -53.8503 34.4795  255 255 255
3.81734 -18.7898 35.4188  255 255 255
-24.7935 25.7618 -59.1248  255 255 255
-5.46792 -58.6748 34.0954  255 255 255
-35.7552 -49.5016 26.2386  255 255 255
-5.24636 19.4687 -53.2949  255 255 255
-9.91766 -27.603 35.4242  255 255 255
-75.3398 -52.2754 33.7032  255 255 255
-35.5963 -49.9282 26.7081  255 255 255
-21.0314 -59.1229 35.8555  255 255 255
-75.5839 -57.2681 37.8932  255 255 255
-74.9028 8.82042 -38.2632  255 255 255
-35.4835 -51.6591 28.5785  255 255 255
-74.1665 -56.7988 39.92  255 255 255
-23.4583 27.7682 -62.7578  255 255 255
-42.4029 8.68646 -39.2518  255 255 255
23.2706 -7.76348 9.58598  255 255 255
-76.279 -55.7423 38.8042  255 255 255
-78.102 -11.7847 -14.9023  255 255 255
25.8452 -10.8834 12.7274  255 255 255
-57.7411 -35.8763 11.859  255 255 255
-54.5255 -38.3552 14.3262  255 255 255
4.8349 -46.155 27.1148  255 255 255
23.4431 -14.972 18.0743  255 255 255
-21.7069 -55.3537 31.9883  255 255 255
-27.776 -56.0333 33.1024  255 255 255
-33.226 10.3227 -41.5697  255 255 255
51.5698 -19.6431 -11.0509  255 255 255
-46.2638 12.1646 -43.5344  255 255 255
49.8687 65.0018 -99.8739  255 255 255
35.9236 63.7701 -93.7697  255 255 255
-36.5668 -58.7938 36.4479  255 255 255
-22.1886 11.3216 -43.2257  255 255 255
-79.3587 -13.3699 -12.7903  255 255 255
-28.9131 -54.6373 31.5018  255 255 255
-68.4091 17.1339 -47.3016  255 255 255
-82.6393 9.36323 -38.3956  255 255 255
49.6503 -35.9372 4.59201  255 255 255
-28.2326 -58.0792 35.3147  255 255 255
-29.9674 20.2963 -53.3426  255 255 255
-72.1184 -19.4867 -6.21878  255 255 255
-74.3213 -57.3036 40.7175  255 255 255
-73.7062 -57.9575 38.7037  255 255 255
45.3915 -45.4145 16.5058  255 255 255
51.9018 -44.5654 14.4511  255 255 255
-62.5454 -53.2362 31.5183  255 255 255
-18.9659 -17.6721 29.5227  255 255 255
-73.5239 -51.6213 32.8627  255 255 255
7.72277 -0.307411 25.318  255 255 255
57.54 -45.8358 15.6336  255 255 255
11.0205 -22.0114 31.8465  255 255 255
22.1085 33.2833 -71.3448  255 255 255
38.9231 -34.0816 3.51638  255 255 255
45.6981 -41.9487 11.8915  255 255 255
2.59619 52.9899 -75.5495  255 255 255
-40.7944 13.6304 -44.8618  255 255 255
-31.3791 -49.6795 25.9739  255 255 255
19.5885 -22.0698 26.6044  255 255 255
10.8712 -28.8468 35.3488  255 255 255
6.14366 -29.0066 35.6102  255 255 255
-26.9276 22.4246 -55.6414  255 255 255
-75.4884 -49.5545 30.54  255 255 255
5.0522 -46.0102 31.2017  255 255 255
-76.5384 -55.5571 36.3387  255 255 255
-20.5729 -58.2134 34.6555  255 255 255
35.1744 -43.939 14.7744  255 255 255
-54.0602 -37.7302 14.1039  255 255 255
-23.3671 13.1651 -45.2209  255 255 255
50.0977 39.6266 -79.9061  255 255 255
27.7605 30.968 -69.1248  255 255 255
-19.278 -56.2282 32.4766  255 255 255
16.4569 -20.2123 29.0975  255 255 255
31.3009 -50.6997 22.6491  255 255 255
20.6247 -29.437 26.1593  255 255 255
38.055 -35.2499 4.27156  255 255 255
8.61118 -1.17648 25.9269  255 255 255
55.0142 -47.096 18.2587  255 255 255
47.518 18.7794 -38.6515  255 255 255
48.2313 18.431 -39.2338  255 255 255
-27.3285 -57.9144 34.4786  255 255 255
48.2313 18.431 -39.2338  255 255 255
-73.83 7.29711 -35.9085  255 255 255
49.621 33.0257 -30.2171  255 255 255
-4.32287 -57.7604 33.02  255 255 255
40.5581 34.4003 -74.0888  255 255 255
-39.3759 10.4392 -41.9905  255 255 255
57.1123 -25.8913 -7.76526  255 255 255
-24.8989 -57.0684 33.9849  255 255 255
16.8514 -37.4937 24.7521  255 255 255
-32.0679 -48.2243 24.4449  255 255 255
-43.9419 -32.5154 6.68031  255 255 255
-25.0653 -12.293 19.5145  255 255 255
-29.3803 -44.3555 23.2211  255 255 255
55.2791 -16.3619 -5.80326  255 255 255
21.4163 -18.3525 22.2917  255 255 255
-19.0655 -8.4844 23.5888  255 255 255
-29.5881 -28.0545 15.1845  255 255 255
15.9294 -15.417 27.1733  255 255 255
-3.03585 -17.7257 36.1899  255 255 255
-24.877 -12.5809 19.4225  255 255 255
-70.8359 -42.0975 20.7479  255 255 255
-2.44038 -23.6095 35.1684  255 255 255
-18.9826 -34.6013 28.933  255 255 255
-31.2405 8.91175 -39.997  255 255 255
20.7939 59.0977 -83.0728  255 255 255
-28.3703 28.1639 -62.4647  255 255 255
31.0832 39.8941 -80.1485  255 255 255
47.9683 34.9658 -75.7112  255 255 255
5.05494 -36.4834 34.0247  255 255 255
-7.21664 -46.0026 32.4295  255 255 255
-33.359 -55.8052 33.2716  255 255 255
-77.1672 13.9278 -43.6397  255 255 255
-16.8048 -24.5336 32.6939  255 255 255
6.39557 -27.6461 34.8999  255 255 255
-29.84 8.8352 -40.1572  255 255 255
20.0683 -9.75507 16.9818  255 255 255
27.5562 34.631 -72.719  255 255 255
27.0278 33.5666 -74.6113  255 255 255
14.9443 16.6986 -51.6123  255 255 255
-41.3424 -8.7551 -19.5498  255 255 255
52.6414 37.6995 -78.7301  255 255 255
13.4028 58.8835 -78.1178  255 255 255
36.2996 -44.3242 15.6031  255 255 255
1.22761 -59.7119 35.4842  255 255 255
47.298 42.0514 -83.5012  255 255 255
16.5223 43.7372 -82.4259  255 255 255
15.9408 33.3581 -70.8627  255 255 255
32.1425 19.5422 -55.93  255 255 255
-42.4688 -8.86494 -19.4487  255 255 255
41.683 -34.8693 4.68601  255 255 255
-42.5553 -9.22622 -19.08  255 255 255
48.1963 29.1651 -67.8802  255 255 255
-23.4896 11.2818 -43.1763  255 255 255
36.8686 -47.0325 18.0687  255 255 255
37.3917 47.0286 -89.0202  255 255 255
-13.6885 -25.9981 33.742  255 255 255
39.8825 -48.3909 18.9293  255 255 255
29.438 15.1134 -51.7166  255 255 255
25.331 31.6755 -69.0738  255 255 255
-23.1371 9.24009 -40.8344  255 255 255
-78.7166 -11.9696 -13.0754  255 255 255
38.5628 -41.5976 11.5806  255 255 255
49.5421 24.4826 -34.4081  255 255 255
14.1876 39.0347 -77.5797  255 255 255
-1.49354 -58.0003 33.342  255 255 255
-42.2756 -36.1507 11.1183  255 255 255
-16.7901 -6.2329 24.9066  255 255 255
-4.89278 -42.107 30.2292  255 255 255
-32.5808 22.3869 -55.2023  255 255 255
-25.7862 -12.6275 19.4885  255 255 255
39.8107 -48.8625 20.6217  255 255 255
-23.9212 -37.0544 20.8958  255 255 255
47.2852 17.5317 -42.4282  255 255 255
46.7415 12.8971 -45.7635  255 255 255
13.6033 -28.047 33.8866  255 255 255
-34.8883 -55.2321 32.657  255 255 255
-24.0798 -57.3925 34.2635  255 255 255
48.0525 16.4405 -40.708  255 255 255
-24.4614 -57.2267 34.3908  255 255 255
49.2914 14.2269 -39.3777  255 255 255
45.8557 11.1387 -44.4043  255 255 255
51.7547 42.0845 -83.0404  255 255 255
58.5361 -41.8559 11.8745  255 255 255
24.8075 30.0218 -67.6672  255 255 255
-32.1466 -59.6625 37.2842  255 255 255
-97.0539 -31.7654 10.947  255 255 255
-2.93947 42.653 -79.375  255 255 255
-68.328 2.35038 -30.8937  255 255 255
24.3427 60.0547 -86.42  255 255 255
24.8933 8.92023 -43.6848  255 255 255
51.2413 -10.1574 -11.0788  255 255 255
8.03768 -23.4407 33.6138  255 255 255
41.5815 -38.6042 9.15553  255 255 255
18.2239 -18.3441 26.9354  255 255 255
49.8286 50.9734 -94.012  255 255 255
-75.927 3.56907 -32.2325  255 255 255
-65.0905 -7.28845 -19.8228  255 255 255
35.149 -47.767 18.8911  255 255 255
31.8685 69.1584 -84.1475  255 255 255
-69.5199 7.47329 -36.655  255 255 255
54.9456 42.9611 -85.3956  255 255 255
0.941715 -59.7907 34.9891  255 255 255
41.5841 -42.2219 11.8279  255 255 255
-44.8419 -10.122 -17.5233  255 255 255
52.9996 62.331 -105.778  255 255 255
31.8525 -51.2433 23.553  255 255 255
-1.57507 57.6602 -71.5664  255 255 255
32.4742 34.1456 -72.5117  255 255 255
54.0916 65.8294 -103.598  255 255 255
-47.1502 -7.08488 -21.2969  255 255 255
6.08372 42.2679 -80.2729  255 255 255
34.6571 -39.8639 10.1177  255 255 255
49.3537 -16.5149 -17.0866  255 255 255
-38.1248 10.1071 -41.3815  255 255 255
-18.8606 -54.8636 31.0985  255 255 255
-36.7659 -59.439 37.8232  255 255 255
56.1593 -44.2392 13.5547  255 255 255
-38.9816 -52.4743 29.5148  255 255 255
22.4305 -39.417 21.7684  255 255 255
-20.0931 18.5273 -51.3602  255 255 255
34.8184 -49.2249 21.0705  255 255 255
-36.5355 9.9908 -41.5229  255 255 255
43.7864 46.0385 -88.6626  255 255 255
-22.5355 -55.5077 32.3273  255 255 255
18.233 12.864 -47.4876  255 255 255
30.0075 20.7494 -57.6814  255 255 255
-42.4818 12.1402 -43.0694  255 255 255
33.53 -48.4338 20.0007  255 255 255
-19.7972 9.76813 -41.5963  255 255 255
-50.9194 -1.01217 -28.0195  255 255 255
24.4884 27.3565 -64.6541  255 255 255
27.8988 13.8604 -49.531  255 255 255
-2.92316 54.8288 -70.7748  255 255 255
-36.3194 -51.1202 28.5399  255 255 255
54.8834 -42.3308 12.4218  255 255 255
-77.5138 -52.9671 35.485  255 255 255
52.1008 -41.3814 10.9212  255 255 255
-28.3872 8.97697 -40.4738  255 255 255
52.9492 -17.5613 -12.7857  255 255 255
-24.9714 -53.2572 30.0881  255 255 255
53.0699 -41.96 11.5309  255 255 255
-35.3776 4.63871 -35.1337  255 255 255
41.4585 2.96392 -35.7914  255 255 255
-37.4162 -53.539 30.8443  255 255 255
-67.4191 -55.9007 37.4785  255 255 255
41.8609 -46.9722 17.9865  255 255 255
54.2832 63.6878 -105.368  255 255 255
30.2177 -52.3867 24.8045  255 255 255
31.5893 22.3003 -59.6663  255 255 255
-63.9961 -2.23842 -25.5746  255 255 255
-23.3671 13.1651 -45.2209  255 255 255
-61.205 -3.29276 -25.4831  255 255 255
38.7115 47.5417 -89.4346  255 255 255
51.3249 40.0403 -81.2516  255 255 255
-26.2865 -9.91679 16.6899  255 255 255
-21.2781 -7.982 18.5955  255 255 255
20.9819 63.0256 -78.825  255 255 255
-62.7216 -9.7788 -17.5496  255 255 255
-51.1456 8.10895 -37.8377  255 255 255
23.4736 31.2681 -68.954  255 255 255
-76.0153 1.54999 -29.7715  255 255 255
-124.809 51.9473 -84.246  255 255 255
39.005 -40.288 10.3535  255 255 255
-50.8738 -7.88116 -18.9067  255 255 255
-60.7069 -7.25422 -20.6893  255 255 255
32.0493 20.4568 -57.5109  255 255 255
-24.374 -55.1692 32.1505  255 255 255
48.6453 44.3619 -86.4989  255 255 255
-40.7095 11.476 -42.4556  255 255 255
-43.2826 9.58141 -40.5701  255 255 255
52.6758 45.7845 -89.1248  255 255 255
-62.0325 -52.067 32.0711  255 255 255
-29.8146 -53.8133 30.8591  255 255 255
-48.4698 -6.69365 -21.5382  255 255 255
-40.152 9.52806 -40.3509  255 255 255
-38.2446 10.8083 -42.0307  255 255 255
42.9248 10.7051 -46.56  255 255 255
23.2541 51.1854 -89.7693  255 255 255
47.8627 -45.4869 15.8591  255 255 255
50.7139 58.3688 -101.888  255 255 255
-63.4972 -26.7411 1.17323  255 255 255
-53.2616 -40.3331 16.6571  255 255 255
58.5361 -41.8559 11.8745  255 255 255
-55.3066 -20.3691 -5.67708  255 255 255
-71.7114 -43.2956 22.2277  255 255 255
-44.2588 -33.4324 8.64654  255 255 255
52.6639 -44.7748 14.9387  255 255 255
16.2655 31.0327 -68.4527  255 255 255
20.5134 -14.0452 21.7516  255 255 255
-76.3344 -54.7283 37.5012  255 255 255
-0.439286 49.6837 -78.4558  255 255 255
54.1023 -47.0559 17.712  255 255 255
34.6972 -44.859 15.7869  255 255 255
40.2303 -34.3445 3.36444  255 255 255
20.2397 25.0235 -61.5674  255 255 255
-54.399 -31.0381 6.14488  255 255 255
-0.648538 22.4002 -57.0818  255 255 255
-45.6984 -9.2661 -19.2365  255 255 255
46.1071 -35.7774 4.68306  255 255 255
21.3692 46.3688 -86.4931  255 255 255
-71.0004 -52.5351 33.5834  255 255 255
-44.2701 -34.7218 10.1709  255 255 255
-60.256 -29.6281 4.51934  255 255 255
-0.370171 -32.5944 37.8515  255 255 255
-54.6719 -25.5139 -0.676984  255 255 255
37.6604 -50.6808 22.9996  255 255 255
46.6393 16.0257 -43.5366  255 255 255
53.0486 -43.3661 12.9088  255 255 255
-73.9316 -51.4353 32.5687  255 255 255
26.1852 41.5635 -80.5279  255 255 255
-71.8367 22.3862 -48.4618  255 255 255
49.2062 -43.9371 13.5562  255 255 255
50.8011 62.1187 -104.347  255 255 255
-45.7281 -31.0371 5.93326  255 255 255
33.7705 36.2759 -76.2486  255 255 255
35.149 -47.767 18.8911  255 255 255
0.946702 -56.7401 31.4366  255 255 255
-50.9223 -9.58164 -18.1813  255 255 255
42.6398 -46.7751 17.6393  255 255 255
27.5317 29.8092 -67.8751  255 255 255
11.7945 61.0424 -74.3409  255 255 255
43.2034 -31.6773 -0.439671  255 255 255
3.15551 47.7068 -80.5482  255 255 255
42.327 2.91765 -36.6796  255 255 255
36.4958 -50.9217 22.6793  255 255 255
-53.561 -39.6708 15.944  255 255 255
-52.6939 -39.2425 15.5259  255 255 255
-42.8066 -33.3288 8.20259  255 255 255
28.385 15.5751 -51.1003  255 255 255
-84.4311 -8.75721 -17.6669  255 255 255
52.6884 -41.1668 10.9706  255 255 255
40.1713 -48.8358 19.8141  255 255 255
56.8066 62.2047 -106.533  255 255 255
49.4219 45.8207 -88.1238  255 255 255
27.1863 13.9654 -49.9099  255 255 255
6.40052 59.5612 -73.5006  255 255 255
4.81088 56.447 -74.9357  255 255 255
57.6 -42.0096 11.8908  255 255 255
-51.4212 -8.567 -19.3852  255 255 255
-5.51516 16.4341 -49.8936  255 255 255
-71.6091 -0.610093 -27.5157  255 255 255
-47.8164 -51.0659 29.0137  255 255 255
38.201 -45.8071 17.0729  255 255 255
11.6469 -15.2454 31.7845  255 255 255
17.4152 24.713 -61.5379  255 255 255
-12.3228 -3.07946 27.1077  255 255 255
-45.135 -25.6701 -0.271268  255 255 255
51.7578 -44.2323 13.9327  255 255 255
56.2928 -45.027 15.5235  255 255 255
41.9987 -45.1509 16.108  255 255 255
-35.8714 -53.0229 30.0669  255 255 255
45.6631 -33.327 2.09321  255 255 255
-29.3038 13.2083 -45.1617  255 255 255
-79.9031 -42.2095 22.6036  255 255 255
-74.4338 -50.541 31.8465  255 255 255
48.8075 15.7163 -39.3423  255 255 255
35.11 -45.7058 16.5537  255 255 255
37.1548 -47.4668 18.4141  255 255 255
37.6127 -50.2568 21.8797  255 255 255
-30.8444 -50.8995 27.3245  255 255 255
-29.4692 -42.7833 21.6847  255 255 255
42.1514 -41.859 11.8258  255 255 255
47.2852 17.5317 -42.4282  255 255 255
58.5276 -42.5859 12.2194  255 255 255
40.0523 -25.6305 -6.30122  255 255 255
-73.167 -51.9633 33.2594  255 255 255
-2.45178 55.7458 -69.864  255 255 255
39.7629 -40.0591 10.0591  255 255 255
-35.9955 -50.7363 27.5514  255 255 255
45.0769 20.1786 -47.0009  255 255 255
37.4556 -47.7986 18.5613  255 255 255
41.5459 -40.4679 10.4003  255 255 255
4.6187 57.1324 -73.4179  255 255 255
31.2453 20.6397 -57.3013  255 255 255
-19.8639 26.9291 -62.151  255 255 255
-124.809 51.9473 -84.246  255 255 255
-50.8731 4.33201 -33.9491  255 255 255
-76.5973 -51.2688 32.6321  255 255 255
-41.6403 10.2745 -41.0887  255 255 255
-86.1463 -6.63739 -20.1143  255 255 255
-20.0762 -12.2068 23.605  255 255 255
-45.6014 31.1443 -59.4407  255 255 255
47.06 -42.0596 12.2245  255 255 255
30.0672 18.6905 -55.6679  255 255 255
-38.1 12.2512 -43.5787  255 255 255
45.2295 24.8142 -44.0675  255 255 255
-25.4844 -10.4755 16.7987  255 255 255
-47.7348 34.7484 -54.8861  255 255 255
40.722 -27.6707 -3.92041  255 255 255
39.809 -48.808 19.8732  255 255 255
4.00167 57.3768 -73.9217  255 255 255
-52.6939 -39.2425 15.5259  255 255 255
31.6709 66.7539 -84.9838  255 255 255
-24.7935 25.7618 -59.1248  255 255 255
25.8452 -10.8834 12.7274  255 255 255
14.067 13.7607 -48.2475  255 255 255
47.7327 15.7398 -41.7086  255 255 255
45.4443 -42.8699 12.9092  255 255 255
-5.44398 44.2224 -80.2944  255 255 255
20.704 47.7719 -87.5551  255 255 255
-44.1245 -23.1554 -2.95219  255 255 255
14.2918 43.5006 -82.1248  255 255 255
43.226 57.9037 -100.521  255 255 255
20.5316 24.1764 -60.7354  255 255 255
-44.9832 -32.8444 7.41225  255 255 255
-77.7404 -53.7797 36.6483  255 255 255
36.4958 -50.9217 22.6793  255 255 255
50.0093 -36.6053 5.52876  255 255 255
47.5532 12.2718 -43.877  255 255 255
-29.2212 6.87015 -38.1485  255 255 255
23.9704 43.3253 -82.9768  255 255 255
49.2654 -18.6687 -14.9728  255 255 255
16.0718 -56.205 29.8724  255 255 255
47.2524 -41.2692 11.0917  255 255 255
17.4818 13.587 -48.5301  255 255 255
53.7579 -41.6427 11.23  255 255 255
-49.5214 -1.64545 -27.1153  255 255 255
-33.3845 -49.2949 25.8805  255 255 255
30.8056 33.5039 -72.1364  255 255 255
-62.3993 -51.9185 31.8177  255 255 255
53.9368 -19.0395 -11.5183  255 255 255
19.0503 63.3131 -77.758  255 255 255
-71.2292 -50.0886 30.497  255 255 255
-31.0374 -50.9578 27.5573  255 255 255
20.7985 19.5285 -55.7627  255 255 255
53.3263 -46.6073 17.3082  255 255 255
23.9377 7.88859 -41.8853  255 255 255
23.5885 30.8086 -69.1429  255 255 255
39.7101 -42.702 12.9236  255 255 255
13.7778 -12.3777 29.5286  255 255 255
27.0191 9.89809 -44.099  255 255 255
-48.2703 -51.1352 28.9547  255 255 255
-60.9789 -10.5909 -16.0983  255 255 255
55.8721 -17.6925 -5.31771  255 255 255
37.8286 48.9531 -90.6526  255 255 255
35.8385 49.9599 -91.5076  255 255 255
15.1086 -17.6895 28.5118  255 255 255
44.8627 -39.2727 8.85237  255 255 255
34.6422 -48.2443 19.4368  255 255 255
26.5213 31.6143 -69.589  255 255 255
47.1259 -44.8502 14.295  255 255 255
-33.0039 13.9071 -45.858  255 255 255
22.826 -36.3227 18.2765  255 255 255
-24.9605 -14.1739 21.3654  255 255 255
5.97421 -57.7538 31.8  255 255 255
-25.9957 14.6207 -46.9141  255 255 255
46.1271 -38.9552 8.12996  255 255 255
41.1823 0.715063 -35.7426  255 255 255
-49.8677 -29.1829 3.85042  255 255 255
52.1008 -41.3814 10.9212  255 255 255
-23.2969 11.7864 -43.7181  255 255 255
-66.1999 -56.6288 38.1446  255 255 255
48.6809 14.4874 -41.5555  255 255 255
-28.9204 8.11063 -39.704  255 255 255
50.0074 12.5987 -38.5862  255 255 255
19.8054 23.3039 -60.274  255 255 255
54.2518 -27.5562 -4.53613  255 255 255
-14.3345 -25.4854 33.2538  255 255 255
0.91497 -59.4959 34.9756  255 255 255
-26.2519 -53.1867 29.9032  255 255 255
8.63678 57.864 -76.0722  255 255 255
34.6636 38.8754 -78.5056  255 255 255
39.0755 -38.3562 8.03288  255 255 255
16.1865 11.2773 -45.4295  255 255 255
3.47482 60.153 -70.3454  255 255 255
41.961 -47.6206 18.3222  255 255 255
38.7939 -39.6478 9.48663  255 255 255
-70.7637 -0.705514 -28.3176  255 255 255
-20.0675 -31.8215 28.7204  255 255 255
-4.97757 19.1333 -53.4504  255 255 255
17.4471 49.0133 -88.3837  255 255 255
-19.4054 11.3742 -43.3085  255 255 255
-4.24381 18.5685 -52.8193  255 255 255
22.7229 34.4137 -72.8602  255 255 255
12.3693 36.3445 -73.9457  255 255 255
-2.30447 -55.2255 31.8605  255 255 255
15.7519 39.499 -78.0955  255 255 255
5.88791 -29.5319 36.0912  255 255 255
-52.849 -8.33105 -19.8024  255 255 255
-54.6241 -23.2542 -2.67444  255 255 255
-71.3341 22.1003 -48.3723  255 255 255
49.1193 59.9995 -103.735  255 255 255
23.2118 23.0306 -60.6609  255 255 255
53.5844 -43.0849 13.0029  255 255 255
50.7261 44.585 -87.2903  255 255 255
47.3488 12.9139 -44.0706  255 255 255
30.4762 -50.9237 22.9656  255 255 255
40.4651 -45.7729 16.5063  255 255 255
34.5602 -49.3255 20.7837  255 255 255
16.9962 24.0047 -60.6998  255 255 255
-33.76 2.2706 -32.7909  255 255 255
47.2127 10.5342 -45.2749  255 255 255
-80.9228 -49.9109 31.9856  255 255 255
39.0904 -43.9011 14.516  255 255 255
-30.1815 13.0373 -45.5439  255 255 255
43.4407 -46.5987 17.1523  255 255 255
-73.31 0.83299 -28.9996  255 255 255
42.2972 -39.5257 9.75951  255 255 255
41.928 -44.9649 15.2832  255 255 255
47.9173 -17.7098 -16.3783  255 255 255
-74.3579 -55.7161 37.7993  255 255 255
47.0148 12.8009 -44.9964  255 255 255
35.8577 -46.7372 17.9271  255 255 255
48.0017 12.2548 -42.2122  255 255 255
-46.3854 -31.8632 6.58219  255 255 255
48.8075 15.7163 -39.3423  255 255 255
49.8013 13.3284 -38.8766  255 255 255
22.5982 -16.2201 20.2522  255 255 255
39.9683 -47.5622 18.9838  255 255 255
-79.9031 -42.2095 22.6036  255 255 255
27.2526 -16.5302 19.1824  255 255 255
38.1467 -40.4093 10.5684  255 255 255
30.945 -51.6702 23.6924  255 255 255
43.1243 -46.2041 17.3118  255 255 255
38.6394 -29.3918 -2.18601  255 255 255
-7.55867 14.8944 -47.7916  255 255 255
-44.9832 -32.8444 7.41225  255 255 255
-79.689 -43.5758 23.7308  255 255 255
1.13682 57.0328 -69.0515  255 255 255
1.71526 56.3062 -68.1538  255 255 255
41.1693 72.6419 -88.7287  255 255 255
40.1007 -44.0698 14.5118  255 255 255
-30.2626 -54.8805 31.7835  255 255 255
-47.1548 -9.04939 -18.964  255 255 255
-25.7268 -55.2269 32.0387  255 255 255
50.3631 -16.1406 -17.2918  255 255 255
48.9418 49.9651 -93.5856  255 255 255
24.43 44.3071 -84.0044  255 255 255
-50.3411 9.80285 -39.9977  255 255 255
-59.3208 14.8512 -45.4937  255 255 255
24.6278 -14.6477 17.7065  255 255 255
1.75577 -29.4339 36.5405  255 255 255
29.9116 13.5688 -49.4244  255 255 255
-23.0268 28.0853 -61.9337  255 255 255
34.0302 -45.3265 16.5706  255 255 255
-73.1224 -35.6424 13.4263  255 255 255
39.2384 -47.9098 19.091  255 255 255
39.5289 -45.1962 15.9348  255 255 255
55.1297 -43.2362 12.7718  255 255 255
46.4278 35.6977 -34.7777  255 255 255
-30.1815 13.0373 -45.5439  255 255 255
-74.9378 -48.049 28.3933  255 255 255
13.6195 12.2039 -46.8212  255 255 255
-43.4045 -8.71516 -19.682  255 255 255
41.7261 28.0531 -66.6131  255 255 255
-44.9656 -28.0938 2.69155  255 255 255
25.1384 9.4416 -44.3022  255 255 255
50.2032 5.19882 -5.75516  255 255 255
-21.033 -56.3288 32.9712  255 255 255
-29.3038 13.2083 -45.1617  255 255 255
-102.389 -22.0453 0.587141  255 255 255
-50.8965 -28.267 2.73853  255 255 255
-25.7591 12.8118 -45.4018  255 255 255
39.8194 -25.3545 -6.54424  255 255 255
-32.5641 27.3119 -60.9712  255 255 255
34.9841 -49.4832 21.0306  255 255 255
2.43457 54.9242 -73.9797  255 255 255
-77.4199 -51.4682 32.8445  255 255 255
16.3443 -29.0226 34.8227  255 255 255
-29.3943 17.4453 -49.466  255 255 255
-51.6654 1.12799 -30.1938  255 255 255
50.1597 13.0923 -38.4156  255 255 255
55.0334 44.5858 -86.3988  255 255 255
19.0445 62.0558 -80.308  255 255 255
-32.5454 -46.7736 22.756  255 255 255
43.589 40.7614 -81.1636  255 255 255
13.8722 15.1957 -50.1468  255 255 255
40.3293 -27.7138 -4.18009  255 255 255
49.7194 3.7057 -39.9831  255 255 255
48.4711 -43.9428 13.1874  255 255 255
-37.5177 7.80931 -39.2873  255 255 255
52.2496 44.7161 -87.6343  255 255 255
-36.0014 -58.8284 36.7744  255 255 255
-42.3022 -24.8105 -1.72662  255 255 255
-109.866 -14.7964 -7.12863  255 255 255
-40.0592 12.2513 -43.384  255 255 255
-3.18334 53.9104 -71.6004  255 255 255
-50.376 -7.59662 -20.2571  255 255 255
-35.1915 12.1918 -43.6303  255 255 255
-29.7579 22.5589 -56.173  255 255 255
39.0475 -42.8017 13.5371  255 255 255
-22.1237 -56.4779 33.102  255 255 255
40.1713 -48.8358 19.8141  255 255 255
-34.5403 -56.7352 34.1358  255 255 255
-3.64183 57.1838 -69.3966  255 255 255
-58.6414 18.1901 -48.6859  255 255 255
-36.5896 -50.1472 27.0568  255 255 255
-42.0203 9.34478 -40.1068  255 255 255
20.6427 -54.4374 27.6594  255 255 255
-29.9288 12.6026 -44.5705  255 255 255
39.3192 47.9628 -89.394  255 255 255
54.9651 -15.5555 -6.46175  255 255 255
-48.2703 -51.1352 28.9547  255 255 255
16.2655 31.0327 -68.4527  255 255 255
-29.2228 -53.8577 30.5362  255 255 255
-73.6124 -51.2906 32.4457  255 255 255
-30.0358 5.62646 -36.3274  255 255 255
-76.7097 -46.9852 27.2285  255 255 255
-56.8434 -36.4354 12.5225  255 255 255
-46.1398 -44.3186 20.7162  255 255 255
53.2378 -43.0124 12.5787  255 255 255
35.9687 -46.372 17.3721  255 255 255
20.5156 -40.0746 23.1312  255 255 255
50.8729 -39.9701 9.76803  255 255 255
37.6093 -46.6443 18.1553  255 255 255
41.3702 -44.9977 15.6235  255 255 255
35.43 -46.9269 18.0029  255 255 255
54.077 -44.4858 15.1101  255 255 255
35.6747 -48.8365 20.131  255 255 255
-75.9815 -51.8565 33.329  255 255 255
-3.06965 39.015 -75.8559  255 255 255
35.7485 -41.9795 12.378  255 255 255
-25.0067 -55.0162 31.5824  255 255 255
56.5486 60.6095 -105.106  255 255 255
-61.6234 22.7067 -44.2572  255 255 255
50.7007 6.17886 -40.822  255 255 255
35.3725 -48.854 19.4562  255 255 255
48.9675 51.1637 -94.1678  255 255 255
-2.91836 -59.8045 35.17  255 255 255
-0.0880056 54.3799 -74.4324  255 255 255
47.1963 39.8006 -81.1178  255 255 255
-67.6391 -1.73794 -26.2718  255 255 255
-50.0863 -30.8401 5.78184  255 255 255
57.0352 -43.0435 12.9709  255 255 255
24.0027 -19.2598 22.8002  255 255 255
-54.69 -5.95942 -21.6981  255 255 255
48.0482 10.4116 -40.3497  255 255 255
15.9112 -15.4146 27.3976  255 255 255
55.508 -42.9524 14.7965  255 255 255
-25.476 -58.9248 36.3338  255 255 255
-55.195 28.2596 -48.7194  255 255 255
-45.1289 -58.3127 37.4165  255 255 255
-42.1782 -13.9759 -13.6071  255 255 255
-32.1276 11.4617 -42.2553  255 255 255
-27.593 18.409 -50.9475  255 255 255
39.0335 -44.646 15.1082  255 255 255
-30.4746 13.6424 -45.6112  255 255 255
43.3781 -30.4741 -1.00247  255 255 255
43.2034 -31.6773 -0.439671  255 255 255
-25.582 -13.927 21.1236  255 255 255
19.2681 61.427 -81.7571  255 255 255
52.2911 -43.1799 13.0183  255 255 255
-20.3228 -12.4917 23.8499  255 255 255
-33.3087 8.63926 -39.69  255 255 255
23.1814 21.5199 -57.9039  255 255 255
47.2583 -37.9317 7.03048  255 255 255
51.4242 -43.818 13.8644  255 255 255
-42.2221 16.3939 -48.44  255 255 255
30.6664 69.7565 -83.6773  255 255 255
-85.3767 -49.0116 32.0328  255 255 255
26.6527 51.1509 -91.8884  255 255 255
-18.1406 -59.8304 36.8586  255 255 255
-25.1826 -14.292 21.6902  255 255 255
43.0304 37.1284 -77.1117  255 255 255
35.7531 -47.7303 19.0937  255 255 255
55.2107 -43.5421 13.0635  255 255 255
-50.188 -30.7186 6.38843  255 255 255
27.8988 13.8604 -49.531  255 255 255
29.1408 14.3555 -50.4504  255 255 255
-42.3022 -24.8105 -1.72662  255 255 255
-61.8236 -27.704 2.57226  255 255 255
-56.742 -36.8403 13.0592  255 255 255
-34.1531 -54.3366 31.7458  255 255 255
58.6369 -42.5678 12.9444  255 255 255
58.8721 60.5284 -106.359  255 255 255
-23.9975 13.1077 -45.4603  255 255 255
16.4149 -20.1825 29.4634  255 255 255
57.9214 -45.7112 16.4842  255 255 255
-26.8952 47.3524 -55.5252  255 255 255
41.4349 -47.2194 17.9588  255 255 255
-18.2565 -47.502 26.7323  255 255 255
-83.1413 -11.4258 -14.9564  255 255 255
32.0241 40.0667 -79.9709  255 255 255
-55.3694 26.5485 -49.5332  255 255 255
-6.4407 13.9068 -47.1786  255 255 255
-78.3107 3.19095 -31.5034  255 255 255
55.6135 -40.618 10.2097  255 255 255
-31.0499 -50.628 27.2966  255 255 255
20.9361 -21.5506 25.8788  255 255 255
-75.5673 -52.2106 33.9077  255 255 255
-30.9108 31.0757 -65.2016  255 255 255
17.3761 15.8029 -51.5892  255 255 255
36.2065 -47.3326 18.3017  255 255 255
-51.1036 29.3138 -57.1538  255 255 255
-43.7067 -34.1335 8.69073  255 255 255
-33.6793 1.82275 -31.8169  255 255 255
-54.3174 30.8361 -52.9049  255 255 255
-53.2616 -40.3331 16.6571  255 255 255
-55.832 29.438 -51.0563  255 255 255
52.3436 -43.4285 13.6552  255 255 255
-68.7547 -3.02641 -24.9212  255 255 255
-62.4281 -13.1508 -13.7746  255 255 255
-53.9461 27.7293 -51.8139  255 255 255
16.1865 11.2773 -45.4295  255 255 255
-15.6547 -24.1117 32.6172  255 255 255
-14.1962 25.6457 -60.2031  255 255 255
-4.49326 16.895 -50.6019  255 255 255
-28.9858 28.5455 -62.4431  255 255 255
-33.7453 -54.3913 31.8333  255 255 255
-36.5896 -50.1472 27.0568  255 255 255
37.295 -48.9343 20.4668  255 255 255
-2.61128 41.5476 -78.9387  255 255 255
-76.1586 -51.5944 33.1965  255 255 255
-42.252 -14.2643 -1.05398  255 255 255
26.8074 25.975 -63.503  255 255 255
-31.7015 30.7363 -64.8303  255 255 255
-74.4408 2.30028 -31.0655  255 255 255
-72.8033 -57.4778 40.4244  255 255 255
51.0129 -15.0103 -14.9283  255 255 255
16.418 15.7632 -50.6708  255 255 255
53.6123 -42.7422 12.9597  255 255 255
7.51574 -5.14 30.1383  255 255 255
-69.2453 3.53701 -31.8456  255 255 255
-37.7234 10.5318 -41.7072  255 255 255
34.6702 -49.6838 21.1216  255 255 255
-19.3214 -54.5686 30.5589  255 255 255
50.89 -13.5152 -14.198  255 255 255
28.0765 12.6008 -48.2209  255 255 255
50.7511 -44.1849 13.8656  255 255 255
28.385 15.5751 -51.1003  255 255 255
19.9617 29.1711 -65.7389  255 255 255
-34.1829 7.18084 -37.4282  255 255 255
-23.5194 -54.2354 30.66  255 255 255
-28.9251 30.7982 -65.374  255 255 255
-53.3781 -39.9843 16.0436  255 255 255
27.7679 16.5789 -52.5494  255 255 255
20.4935 21.8706 -58.558  255 255 255
-30.639 -47.2886 23.6088  255 255 255
-77.5531 -49.0639 30.2233  255 255 255
-82.2158 -49.5014 31.7044  255 255 255
45.5593 66.1326 -97.0044  255 255 255
52.9873 -20.9737 -11.5504  255 255 255
24.1755 -14.8443 18.0073  255 255 255
43.494 -45.2192 15.5693  255 255 255
-33.019 -49.7734 26.3406  255 255 255
-28.7694 18.0032 -50.8699  255 255 255
35.5099 -47.1328 18.3506  255 255 255
41.6336 28.1666 -67.1364  255 255 255
-32.921 29.9097 -63.8732  255 255 255
-85.8732 -37.6854 16.7163  255 255 255
50.7007 6.17886 -40.822  255 255 255
57.4605 -26.6179 -6.14907  255 255 255
43.4461 42.6823 -82.9975  255 255 255
-28.9855 29.2852 -63.3464  255 255 255
-28.4885 -43.0068 22.1093  255 255 255
-49.3017 -8.18952 -20.0967  255 255 255
22.6919 29.6461 -67.5289  255 255 255
-31.5546 -52.2885 29.0666  255 255 255
18.0578 34.8898 -72.6011  255 255 255
-35.0405 1.90707 -32.0808  255 255 255
-24.0064 13.5031 -45.3088  255 255 255
33.633 75.7608 -81.4442  255 255 255
17.397 15.3686 -50.1322  255 255 255
30.4204 65.6485 -86.2887  255 255 255
-36.8979 -50.97 27.875  255 255 255
5.68436 -58.102 33.0356  255 255 255
-16.0693 -26.8797 34.8163  255 255 255
-49.6188 -3.00055 -25.9579  255 255 255
0.698648 46.779 -79.1097  255 255 255
38.0027 -34.5697 3.42405  255 255 255
48.9674 55.1791 -99.4992  255 255 255
0.225471 41.0463 -79.1249  255 255 255
-55.195 28.2596 -48.7194  255 255 255
42.501 -47.4545 18.059  255 255 255
50.0074 12.5987 -38.5862  255 255 255
-44.2588 -33.4324 8.64654  255 255 255
-30.1251 18.5154 -51.1831  255 255 255
53.6044 -45.2075 15.7702  255 255 255
-45.6984 -9.2661 -19.2365  255 255 255
-5.48551 20.7432 -55.4329  255 255 255
6.16512 56.7328 -74.8041  255 255 255
-74.0918 23.0759 -49.0601  255 255 255
48.2815 16.9978 -39.7511  255 255 255
50.1332 14.0276 -37.8217  255 255 255
35.9236 63.7701 -93.7697  255 255 255
-103.828 15.7422 -45.1465  255 255 255
25.4159 29.3355 -67.0994  255 255 255
44.0858 -44.6102 15.0038  255 255 255
-47.2219 10.4452 -41.1333  255 255 255
-68.9871 0.153913 -28.1408  255 255 255
50.7511 -44.1849 13.8656  255 255 255
24.51 8.27422 -42.6257  255 255 255
22.2089 21.4713 -57.9077  255 255 255
-60.5729 24.4537 -46.8916  255 255 255
-84.5493 -11.6088 -14.5621  255 255 255
48.1963 29.1651 -67.8802  255 255 255
47.5924 -38.2427 7.12463  255 255 255
-35.6633 14.5617 -46.6486  255 255 255
-53.8216 26.9965 -49.3989  255 255 255
25.7863 38.154 -76.4562  255 255 255
54.9456 42.9611 -85.3956  255 255 255
-50.2624 -9.97114 -17.7233  255 255 255
16.9572 23.9382 -60.1436  255 255 255
37.4044 -50.0007 21.8034  255 255 255
-25.83 -55.7552 32.7605  255 255 255
-26.9261 -55.7668 32.8182  255 255 255
-45.3265 -52.192 30.268  255 255 255
-70.5323 36.127 -35.4595  255 255 255
36.1764 -43.7154 14.1977  255 255 255
-47.3156 -50.7117 28.6243  255 255 255
-73.9807 -56.9329 39.7644  255 255 255
-26.806 17.9249 -50.8614  255 255 255
16.0718 -56.205 29.8724  255 255 255
34.579 -46.5049 17.6183  255 255 255
38.5666 -49.5702 21.0335  255 255 255
-78.3646 2.48426 -30.5435  255 255 255
47.7048 12.3886 -6.54601  255 255 255
17.7461 20.0539 -56.2  255 255 255
-3.3821 54.4882 -71.0515  255 255 255
-45.0774 -10.7451 -16.5061  255 255 255
4.65116 54.7359 -76.3322  255 255 255
-74.3579 -55.7161 37.7993  255 255 255
35.6695 43.278 -83.5416  255 255 255
-18.7088 19.0742 -52.3358  255 255 255
35.2166 -50.0498 21.5177  255 255 255
41.778 -26.9619 -4.81751  255 255 255
28.424 27.8008 -64.3675  255 255 255
17.6828 14.4341 -49.7267  255 255 255
50.6688 38.7643 -79.2881  255 255 255
-31.0374 -50.9578 27.5573  255 255 255
-34.6356 -48.4053 25.2412  255 255 255
25.5527 -16.2151 19.0749  255 255 255
15.1994 23.8109 -60.1534  255 255 255
47.9637 14.6255 -42.5774  255 255 255
-18.5997 2.43879 1.65614  255 255 255
52.1942 -43.65 14.231  255 255 255
55.9581 55.0822 -98.6693  255 255 255
-20.0061 17.8256 -51.0664  255 255 255
-53.2525 -4.83411 -23.1775  255 255 255
-63.4626 18.4827 -49.4439  255 255 255
-9.35593 -3.39669 29.3065  255 255 255
17.3761 15.8029 -51.5892  255 255 255
36.0967 -40.1351 10.4793  255 255 255
7.15244 57.4709 -75.1021  255 255 255
32.5686 72.1433 -83.8847  255 255 255
46.9676 14.4481 -44.1217  255 255 255
48.2527 11.0424 -42.297  255 255 255
-18.7744 19.6906 -52.5068  255 255 255
39.0335 -44.646 15.1082  255 255 255
-43.9737 -34.2064 9.33057  255 255 255
-46.1398 -44.3186 20.7162  255 255 255
-114.186 -11.5821 -10.6819  255 255 255
54.5954 -44.6307 15.2596  255 255 255
50.9132 6.60628 -40.2787  255 255 255
30.4504 -49.4506 20.7674  255 255 255
-85.6445 -6.05551 -20.4579  255 255 255
31.9575 -52.3305 24.405  255 255 255
23.1249 66.9776 -80.2543  255 255 255
-77.4641 -46.9879 27.0857  255 255 255
-31.0685 15.7887 -47.9609  255 255 255
4.40318 -48.2653 29.5902  255 255 255
-38.2593 -39.4067 14.8042  255 255 255
44.2208 38.351 -78.8522  255 255 255
48.2762 -17.4369 -16.2188  255 255 255
32.934 -48.4619 19.7643  255 255 255
-2.85185 -30.1921 37.7253  255 255 255
-76.9304 -50.9966 32.3568  255 255 255
-104.187 -8.72864 -15.4698  255 255 255
-47.2219 10.4452 -41.1333  255 255 255
-65.2754 -56.7104 38.4957  255 255 255
-42.2173 -35.7789 10.8248  255 255 255
-43.4967 -25.3568 -0.82913  255 255 255
17.8126 -47.9178 23.8619  255 255 255
-32.447 7.47253 -39.0137  255 255 255
36.6668 -40.0239 10.2636  255 255 255
-33.76 2.2706 -32.7909  255 255 255
7.38696 -57.5139 31.8104  255 255 255
-75.562 23.2474 -48.5399  255 255 255
41.9717 11.1185 -47.153  255 255 255
44.9107 46.7787 -86.9349  255 255 255
13.3982 15.0955 -50.6631  255 255 255
-67.1721 -54.3033 35.2623  255 255 255
0.308599 42.0216 -79.6518  255 255 255
15.0493 19.4328 -55.7181  255 255 255
-76.533 -52.6791 34.4415  255 255 255
49.1515 15.4893 -35.5457  255 255 255
-5.36814 17.4281 -50.8889  255 255 255
51.8402 47.1375 -89.413  255 255 255
-33.7176 -57.9229 35.2469  255 255 255
53.2833 -46.4191 17.0212  255 255 255
-75.7285 24.608 -47.2379  255 255 255
21.7459 -53.6849 26.6278  255 255 255
24.1279 -20.2957 23.7558  255 255 255
42.3844 -24.6886 -7.50322  255 255 255
-33.1769 -54.0237 31.2697  255 255 255
-26.8244 -57.9889 34.9773  255 255 255
-22.2231 -54.7149 30.6824  255 255 255
54.5675 -43.0873 12.5842  255 255 255
4.97816 -58.2609 31.6379  255 255 255
49.6981 -44.4439 14.5684  255 255 255
41.6439 -50.5351 22.118  255 255 255
-24.285 -56.7125 33.5462  255 255 255
-24.7513 -55.825 32.6822  255 255 255
-2.10634 37.6696 -74.5525  255 255 255
-2.10634 37.6696 -74.5525  255 255 255
53.2609 -47.5845 18.5402  255 255 255
38.8656 -41.535 11.9533  255 255 255
-37.3881 -47.8438 24.3606  255 255 255
-33.9773 2.75812 -32.9614  255 255 255
6.79642 -57.1952 31.6851  255 255 255
41.6768 74.1077 -88.2893  255 255 255
35.6142 -46.6632 17.6632  255 255 255
0.913122 -59.4034 34.378  255 255 255
-35.1779 -49.155 25.8287  255 255 255
36.6488 -46.1166 17.1312  255 255 255
34.5579 -48.7684 19.8676  255 255 255
-26.498 11.5313 -43.9386  255 255 255
37.1796 -46.4578 17.1363  255 255 255
72.455 85.2118 -99.5484  255 255 255
-71.2824 55.1666 -15.6728  255 255 255
-71.2824 55.1666 -15.6728  255 255 255
-25.6483 63.9918 -43.894  255 255 255
50.2896 80.0679 -87.8741  255 255 255
61.1951 82.0399 -93.4825  255 255 255
-57.7294 57.5323 -24.2734  255 255 255
39.3987 78.1983 -83.6207  255 255 255
-26.9426 63.6029 -43.3731  255 255 255
-80.2505 52.8448 -9.80427  255 255 255
64.8018 82.4771 -95.6297  255 255 255
-74.5259 53.9873 -13.7413  255 255 255
-68.0256 55.453 -18.4252  255 255 255
-31.6875 62.3341 -40.5695  255 255 255
61.0416 81.7778 -94.2987  255 255 255
-26.573 63.2574 -43.9187  255 255 255
-26.573 63.2574 -43.9187  255 255 255
54.3424 48.8164 -8.69019  255 255 255
54.3424 48.8164 -8.69019  255 255 255
-40.6196 60.2447 -35.5475  255 255 255
-28.1441 62.7721 -43.5354  255 255 255
-72.7121 53.9851 -15.7899  255 255 255
-51.3808 57.8333 -28.6337  255 255 255
-51.3808 57.8333 -28.6337  255 255 255
-43.1468 59.2185 -33.3254  255 255 255
47.8912 78.2152 -87.5031  255 255 255
61.8455 81.105 -95.3355  255 255 255
52.5185 49.3918 -11.5101  255 255 255
9.69737 70.2449 -66.8603  255 255 255
33.8884 74.8383 -79.6935  255 255 255
48.249 78.0589 -88.2199  255 255 255
16.0765 71.0641 -69.906  255 255 255
-67.4705 54.4853 -19.3845  255 255 255
47.7666 77.5155 -88.2111  255 255 255
52.5183 48.9422 -11.7629  255 255 255
59.6171 79.9534 -94.9437  255 255 255
50.6981 50.0963 -15.3288  255 255 255
50.6913 50.0965 -15.3208  255 255 255
-56.205 56.4383 -26.867  255 255 255
53.729 47.9923 -9.85704  255 255 255
-57.4256 56.0578 -25.9364  255 255 255
-27.7695 61.7557 -44.5304  255 255 255
-68.0481 53.85 -18.7785  255 255 255
-68.1106 53.9736 -19.1365  255 255 255
-57.0497 56.084 -26.3307  255 255 255
-3.81131 66.4863 -58.8516  255 255 255
48.47 51.537 -19.698  255 255 255
-69.4797 53.994 -19.4435  255 255 255
-58.4173 55.5199 -25.3002  255 255 255
-52.2816 56.6964 -29.3194  255 255 255
-52.248 56.7109 -29.3659  255 255 255
55.5237 46.3019 -6.44022  255 255 255
61.0695 79.2835 -95.7539  255 255 255
-68.0754 53.6417 -19.4624  255 255 255
67.3979 80.7982 -99.8772  255 255 255
-31.2136 60.7031 -42.7117  255 255 255
-0.410199 66.8693 -61.4259  255 255 255
35.8034 74.3156 -82.4523  255 255 255
35.8034 74.3156 -82.4523  255 255 255
57.6992 78.6102 -94.0971  255 255 255
-70.694 53.1848 -17.9342  255 255 255
52.29 48.5109 -12.6874  255 255 255
3.50279 67.0124 -62.9578  255 255 255
23.1621 71.4677 -74.9953  255 255 255
-69.4162 53.7004 -20.2736  255 255 255
52.2336 48.4239 -13.3299  255 255 255
52.2336 48.4239 -13.3299  255 255 255
10.3962 68.4498 -67.6039  255 255 255
-62.3152 54.3411 -23.6479  255 255 255
-57.2158 55.6188 -27.6779  255 255 255
-57.1548 55.3246 -26.8274  255 255 255
-49.8505 56.8918 -32.0675  255 255 255
-40.4583 58.4186 -37.2827  255 255 255
39.2321 74.5152 -84.6709  255 255 255
55.1069 45.9762 -7.36419  255 255 255
-58.4244 55.1459 -26.6777  255 255 255
-58.4211 55.0971 -26.5833  255 255 255
-3.1506 65.6566 -60.1789  255 255 255
66.4972 79.7674 -99.6963  255 255 255
-50.9986 56.4216 -31.2006  255 255 255
10.8556 68.444 -68.7665  255 255 255
-35.2114 59.2209 -40.908  255 255 255
-4.17699 65.2099 -59.4452  255 255 255
-71.1684 52.3939 -18.2752  255 255 255
61.7767 78.5167 -97.4409  255 255 255
53.87 46.6875 -9.78532  255 255 255
-59.8028 54.4346 -25.5203  255 255 255
-50.4034 56.1139 -32.0419  255 255 255
44.7856 74.6739 -88.1645  255 255 255
-73.7733 52.1503 -18.2568  255 255 255
-49.7976 55.9722 -31.9153  255 255 255
50.6791 48.5786 -16.833  255 255 255
-77.1508 50.6906 -14.4078  255 255 255
-50.6428 55.4644 -31.7848  255 255 255
-65.1542 52.2698 -21.0202  255 255 255
52.9558 46.6583 -12.3701  255 255 255
-52.4705 54.9579 -30.5597  255 255 255
-51.5646 55.3266 -31.6946  255 255 255
54.5847 45.279 -8.54274  255 255 255
-65.7386 52.0145 -20.683  255 255 255
-62.9084 53.0209 -24.1647  255 255 255
35.2469 72.1198 -83.8235  255 255 255
-41.725 56.9049 -37.5786  255 255 255
-41.6863 56.7776 -37.2847  255 255 255
54.8571 45.1616 -9.13336  255 255 255
54.8131 75.6337 -94.6491  255 255 255
40.6865 72.5523 -87.2678  255 255 255
44.0608 73.36 -89.5276  255 255 255
-55.9813 53.7933 -29.0551  255 255 255
45.7188 73.3385 -89.9331  255 255 255
-90.123 51.9763 -19.7728  255 255 255
-82.8496 49.0828 -12.3051  255 255 255
-82.6723 48.8369 -11.6591  255 255 255
-67.3368 52.0536 -22.8583  255 255 255
39.1098 72.004 -86.4254  255 255 255
63.9399 76.8368 -100.138  255 255 255
54.2945 45.0156 -9.99671  255 255 255
-62.5998 52.68 -25.3087  255 255 255
-40.4201 56.4871 -39.1056  255 255 255
-51.0968 54.0882 -31.4283  255 255 255
26.8775 68.9903 -78.5499  255 255 255
-31.7123 57.6401 -43.9232  255 255 255
55.762 43.6937 -7.34738  255 255 255
-53.1705 53.9639 -31.7627  255 255 255
-8.62289 61.9796 -59.0115  255 255 255
55.0638 44.1184 -9.07307  255 255 255
-75.1066 49.7504 -17.0691  255 255 255
-59.4305 52.5031 -27.0952  255 255 255
-67.1778 51.2565 -22.677  255 255 255
52.9623 73.9204 -95.0205  255 255 255
19.3583 67.3342 -75.9885  255 255 255
49.7933 36.0022 13.546  255 255 255
-51.28 53.9075 -32.9934  255 255 255
-40.5333 55.7284 -39.4148  255 255 255
-82.2449 48.3521 -13.1058  255 255 255
-77.3074 49.0937 -15.868  255 255 255
-73.766 49.4115 -17.2233  255 255 255
-29.0541 57.9447 -47.2885  255 255 255
-29.0541 57.9447 -47.2885  255 255 255
53.3542 73.6549 -95.1287  255 255 255
11.9188 65.4891 -71.6891  255 255 255
17.9951 66.8829 -75.8131  255 255 255
-39.6302 55.6476 -40.218  255 255 255
10.5718 65.2239 -71.2833  255 255 255
-115.384 64.8155 -57.5288  255 255 255
-13.9202 60.411 -56.4715  255 255 255
53.7724 73.5409 -95.8718  255 255 255
-52.4575 53.4337 -32.7141  255 255 255
-52.4907 53.4457 -32.7157  255 255 255
-41.5126 55.3329 -39.5665  255 255 255
64.5634 75.5697 -102.475  255 255 255
-53.9177 52.886 -31.5203  255 255 255
-25.8304 57.8819 -49.4768  255 255 255
-25.8389 57.8617 -49.4351  255 255 255
-25.8304 57.8819 -49.4768  255 255 255
-75.38 48.8917 -17.6217  255 255 255
55.5146 43.0369 -8.91398  255 255 255
56.2259 42.331 -7.09058  255 255 255
52.5889 33.3854 18.6976  255 255 255
-65.6047 50.5919 -24.6508  255 255 255
-41.817 54.239 -38.3328  255 255 255
0.877449 62.397 -65.5044  255 255 255
54.426 72.8176 -97.1089  255 255 255
-76.9679 48.601 -17.5835  255 255 255
55.6867 42.5509 -8.73191  255 255 255
-40.8491 54.6826 -40.4945  255 255 255
56.0756 42.1459 -7.70636  255 255 255
52.5271 33.0306 18.8687  255 255 255
-52.4302 52.4967 -33.0051  255 255 255
-52.4218 52.5442 -33.0767  255 255 255
-8.26903 60.4726 -60.6226  255 255 255
49.7573 34.5278 13.7896  255 255 255
-8.63594 60.1554 -60.9204  255 255 255
-74.6837 48.3646 -19.4884  255 255 255
-62.029 50.5468 -28.3663  255 255 255
-51.7335 52.16 -34.1717  255 255 255
-10.3494 59.4718 -59.8245  255 255 255
-11.0356 59.3076 -59.6383  255 255 255
-0.900409 61.1723 -65.5907  255 255 255
-1.49646 60.7247 -64.4247  255 255 255
-1.95005 60.7872 -64.8406  255 255 255
-33.8295 54.9168 -45.3525  255 255 255
-33.8295 54.9168 -45.3525  255 255 255
-77.5738 47.4824 -17.8642  255 255 255
-10.6866 59.1546 -60.1  255 255 255
-1.02873 60.8581 -65.8688  255 255 255
-52.7191 51.3127 -33.022  255 255 255
-1.90256 60.4774 -65.1964  255 255 255
49.1902 34.3735 12.1322  255 255 255
-25.9747 56.1921 -50.8354  255 255 255
-54.6697 51.1966 -32.9913  255 255 255
-4.89954 59.8687 -63.6005  255 255 255
-1.42733 60.3778 -65.8563  255 255 255
55.3642 40.8453 -7.97378  255 255 255
52.8311 42.7404 -14.7036  255 255 255
-2.87668 59.7384 -65.7074  255 255 255
3.81335 60.9195 -69.6303  255 255 255
68.7196 73.1156 -107.234  255 255 255
-62.855 49.2723 -28.2795  255 255 255
-3.40439 59.4032 -65.0279  255 255 255
52.9133 31.7047 18.1615  255 255 255
-37.2922 53.3553 -44.5691  255 255 255
1.37465 60.2248 -68.2688  255 255 255
-17.7107 56.4199 -55.7396  255 255 255
52.9865 42.3829 -14.8337  255 255 255
-8.43385 58.35 -62.4877  255 255 255
-114.034 60.9008 -57.9094  255 255 255
-25.5169 55.0986 -51.6266  255 255 255
-18.9896 56.3225 -55.9305  255 255 255
-21.2764 55.5348 -53.9046  255 255 255
-15.6266 56.8305 -58.3212  255 255 255
-2.84098 59.1358 -66.2846  255 255 255
50.1181 33.0211 12.8385  255 255 255
52.7201 31.4549 17.5793  255 255 255
49.1195 44.2237 -22.6315  255 255 255
53.8185 30.6848 19.4756  255 255 255
-21.5839 55.4724 -54.9373  255 255 255
-3.71589 58.3797 -65.3006  255 255 255
55.5945 39.9573 -9.82729  255 255 255
55.5945 39.9573 -9.82729  255 255 255
-114.692 60.2258 -58.7653  255 255 255
-41.0111 51.8741 -42.9414  255 255 255
-54.9038 49.1749 -34.3205  255 255 255
-54.8349 49.0485 -33.9894  255 255 255
-38.8405 51.4864 -43.7579  255 255 255
-38.8405 51.4864 -43.7579  255 255 255
56.0027 28.6522 23.8388  255 255 255
-58.1391 48.3879 -32.0933  255 255 255
-58.0651 48.3267 -31.9307  255 255 255
-27.5458 53.4217 -51.5981  255 255 255
-61.8763 47.8047 -30.2835  255 255 255
51.3219 31.2245 15.096  255 255 255
51.5365 31.5181 13.9368  255 255 255
-77.8805 45.1158 -19.7498  255 255 255
-77.8805 45.1158 -19.7498  255 255 255
-52.7075 49.2087 -36.4158  255 255 255
56.1385 28.3315 23.8698  255 255 255
52.8744 30.16 17.9287  255 255 255
-23.5525 53.7958 -54.8507  255 255 255
-18.5168 54.6302 -58.0538  255 255 255
55.1284 39.6152 -12.3695  255 255 255
53.267 29.8977 18.1801  255 255 255
48.2479 43.4046 -25.2099  255 255 255
-32.9969 51.9398 -49.0609  255 255 255
43.7469 65.5189 -95.2914  255 255 255
-64.6626 46.6404 -28.8157  255 255 255
-64.6626 46.6404 -28.8157  255 255 255
-15.9974 54.7088 -59.8086  255 255 255
50.0114 31.7173 11.6733  255 255 255
51.5557 30.8436 14.5787  255 255 255
51.5557 30.8436 14.5787  255 255 255
-21.6746 53.6755 -56.3853  255 255 255
-21.6813 53.7122 -56.4795  255 255 255
52.4844 29.9342 17.1236  255 255 255
-27.092 52.7476 -53.1026  255 255 255
-20.8505 53.7862 -57.0286  255 255 255
-20.8692 53.8072 -57.0831  255 255 255
-15.5068 54.8057 -60.5552  255 255 255
-65.8149 46.3815 -28.2662  255 255 255
49.7809 42.1032 -22.4052  255 255 255
49.9127 42.2074 -22.7122  255 255 255
-9.83879 55.3739 -63.8537  255 255 255
-89.5127 45.8017 -23.7137  255 255 255
-89.5127 45.8017 -23.7137  255 255 255
-25.3572 52.4643 -53.9271  255 255 255
53.289 29.1603 18.4185  255 255 255
50.2977 65.8599 -100.331  255 255 255
-17.2908 53.8847 -59.776  255 255 255
-23.311 52.5162 -54.7888  255 255 255
-19.79 53.3129 -57.8985  255 255 255
52.5836 29.4976 17.175  255 255 255
-75.6219 44.3901 -22.2951  255 255 255
-21.1351 53.2279 -57.6098  255 255 255
45.9135 64.7991 -97.6795  255 255 255
57.8328 26.4911 26.4114  255 255 255
10.3767 58.4162 -77.2343  255 255 255
-26.5328 51.9614 -54.3164  255 255 255
42.634 63.9177 -96.1328  255 255 255
-77.692 43.5367 -21.4021  255 255 255
-55.9303 46.7323 -35.3493  255 255 255
-23.3735 52.1155 -56.6945  255 255 255
-62.6357 45.6527 -31.2571  255 255 255
11.0081 57.1867 -75.4017  255 255 255
53.3419 28.9017 16.7106  255 255 255
57.2874 26.4124 24.7432  255 255 255
-74.751 43.7084 -23.4755  255 255 255
-17.6801 52.7802 -60.5956  255 255 255
-17.6795 52.7642 -60.5398  255 255 255
-53.7109 46.8465 -37.3879  255 255 255
45.7834 63.6242 -99.0057  255 255 255
-45.3557 47.9404 -42.4321  255 255 255
51.418 29.5552 13.3082  255 255 255
-64.5119 45.0966 -31.0757  255 255 255
-58.8912 45.6688 -34.2716  255 255 255
-58.6299 45.2935 -32.9599  255 255 255
-76.6362 42.9358 -22.5187  255 255 255
41.7406 62.3512 -96.7718  255 255 255
52.1704 28.9035 14.845  255 255 255
-33.279 49.5882 -51.1042  255 255 255
52.9312 28.4938 16.089  255 255 255
-45.8436 47.3075 -42.304  255 255 255
52.3286 38.5828 -18.0325  255 255 255
-65.7647 44.3206 -30.1899  255 255 255
-65.7647 44.3206 -30.1899  255 255 255
-45.3828 47.4067 -43.4393  255 255 255
-47.5256 47.0214 -42.19  255 255 255
52.9903 28.3107 15.7375  255 255 255
58.803 24.7298 27.481  255 255 255
19.7612 57.9632 -84.9451  255 255 255
45.5158 61.9632 -99.1105  255 255 255
-65.7574 44.11 -31.2152  255 255 255
-13.5655 52.0784 -64.2654  255 255 255
49.7258 29.6762 9.69506  255 255 255
59.3044 24.2371 27.8608  255 255 255
47.3861 61.9605 -101.97  255 255 255
52.9579 27.6006 15.7884  255 255 255
19.6864 57.2326 -85.1467  255 255 255
49.037 29.7479 8.07806  255 255 255
-79.1384 41.2611 -22.4638  255 255 255
-53.1238 45.0695 -39.3976  255 255 255
-53.1238 45.0695 -39.3976  255 255 255
-48.8162 45.9166 -42.8185  255 255 255
51.9798 27.9137 13.5558  255 255 255
-21.3564 48.9129 -56.7057  255 255 255
50.4733 28.6106 10.8198  255 255 255
52.6756 27.3141 15.1859  255 255 255
-66.0352 43.0086 -31.4  255 255 255
49.9739 38.5193 -23.9766  255 255 255
50.5903 28.3294 11.3732  255 255 255
-65.6467 42.776 -31.4195  255 255 255
51.407 37.533 -21.6635  255 255 255
-7.86586 51.617 -69.343  255 255 255
50.0633 38.1132 -23.9601  255 255 255
-51.6416 44.6271 -40.9414  255 255 255
-46.4714 45.4013 -44.5871  255 255 255
-46.4714 45.4013 -44.5871  255 255 255
-52.6695 44.2764 -40.5064  255 255 255
20.4403 55.5523 -85.7281  255 255 255
-37.6887 46.447 -50.4486  255 255 255
-20.0442 47.3892 -55.8421  255 255 255
-42.2069 45.6225 -47.7114  255 255 255
-52.9163 43.8131 -40.5057  255 255 255
27.6326 56.6126 -91.516  255 255 255
55.3352 24.935 19.8109  255 255 255
55.3352 24.935 19.8109  255 255 255
-77.1707 40.5274 -26.1754  255 255 255
-31.3331 46.8869 -55.2976  255 255 255
-62.257 41.797 -33.5606  255 255 255
42.1245 58.4155 -100.543  255 255 255
-41.5544 45.1948 -48.6691  255 255 255
-60.6272 42.282 -35.85  255 255 255
51.9015 35.7117 -20.014  255 255 255
-32.1161 46.1035 -55.2291  255 255 255
52.155 35.5267 -20.9201  255 255 255
-79.5102 39.3894 -24.0992  255 255 255
50.5439 36.4197 -24.1295  255 255 255
6.10016 51.6294 -79.5124  255 255 255
48.6373 27.8429 6.25755  255 255 255
48.9811 27.8792 6.07027  255 255 255
-40.897 44.3186 -49.3753  255 255 255
-58.2038 41.6518 -37.724  255 255 255
-58.2038 41.6518 -37.724  255 255 255
-100.938 45.4289 -45.2924  255 255 255
-39.6524 44.3166 -50.3062  255 255 255
-39.6524 44.3166 -50.3062  255 255 255
-8.4281 48.9292 -70.2552  255 255 255
-57.9116 41.7361 -39.0065  255 255 255
-43.9681 43.5882 -48.1021  255 255 255
-52.4154 42.1944 -43.0332  255 255 255
-52.4082 42.2115 -43.0708  255 255 255
-58.8845 41.1683 -38.5634  255 255 255
-58.8845 41.1683 -38.5634  255 255 255
-58.7977 41.0654 -38.2307  255 255 255
-44.8415 43.045 -47.9886  255 255 255
19.5195 52.8245 -88.7985  255 255 255
47.839 36.859 -30.3461  255 255 255
56.7554 22.9803 21.2972  255 255 255
-71.0275 39.3867 -31.1539  255 255 255
6.52275 50.4417 -80.7079  255 255 255
-64.7319 40.1269 -35.7524  255 255 255
-55.6011 40.9129 -40.7192  255 255 255
55.7692 23.1443 19.2873  255 255 255
48.494 35.9957 -29.2838  255 255 255
-48.4584 41.9237 -46.1942  255 255 255
54.4185 23.7292 16.5134  255 255 255
54.4185 23.7292 16.5134  255 255 255
-52.6046 41.2686 -43.5117  255 255 255
54.7 23.6099 16.571  255 255 255
54.4245 23.4948 17.0478  255 255 255
-68.8885 38.9298 -32.8061  255 255 255
-41.3114 42.5025 -51.0636  255 255 255
-53.2669 40.775 -43.3579  255 255 255
-53.2684 40.8018 -43.3444  255 255 255
-69.4302 38.4029 -32.4344  255 255 255
-54.1858 40.4452 -42.8069  255 255 255
54.0696 23.3303 15.659  255 255 255
52.2698 24.1514 12.252  255 255 255
54.6744 22.9038 16.9108  255 255 255
52.5485 33.0959 -22.779  255 255 255
-66.1517 38.5492 -35.3149  255 255 255
50.8318 24.6871 9.41745  255 255 255
51.7281 24.1964 11.4814  255 255 255
52.3048 23.9176 12.54  255 255 255
-50.4675 40.1404 -45.1923  255 255 255
-63.4039 38.6873 -37.6351  255 255 255
53.9349 22.9237 15.3673  255 255 255
-49.9075 39.6299 -44.0593  255 255 255
-52.8244 39.4925 -43.2271  255 255 255
-7.91701 45.7856 -73.1686  255 255 255
51.2914 32.6285 -23.5574  255 255 255
-48.5671 40.1725 -47.493  255 255 255
-39.8673 41.3823 -53.1665  255 255 255
-39.8644 41.296 -52.9713  255 255 255
-87.5183 36.517 -26.7402  255 255 255
-59.0648 38.7226 -40.5963  255 255 255
-59.6425 38.6104 -40.2704  255 255 255
-52.5854 39.533 -44.6755  255 255 255
-52.6356 39.6221 -45.1052  255 255 255
-78.4878 36.1744 -28.2917  255 255 255
50.7855 23.8986 8.80822  255 255 255
-56.7866 38.6476 -42.4981  255 255 255
-56.807 38.6615 -42.4411  255 255 255
-56.807 38.6615 -42.4411  255 255 255
-51.2693 39.1743 -45.5552  255 255 255
-49.4711 39.4105 -46.8184  255 255 255
-48.1048 39.6742 -47.9806  255 255 255
50.1663 24.1766 7.29537  255 255 255
-75.1501 36.5195 -31.5068  255 255 255
-72.3487 36.7485 -32.9337  255 255 255
-53.0764 38.7334 -44.241  255 255 255
-53.2097 38.9038 -44.9525  255 255 255
-68.1209 36.9076 -35.2077  255 255 255
-67.7376 36.9978 -35.7964  255 255 255
-67.7377 36.9975 -35.7933  255 255 255
54.3151 31.0015 -20.8439  255 255 255
-47.4231 39.3702 -49.0164  255 255 255
-48.1681 39.2171 -48.5533  255 255 255
-9.54519 44.4115 -73.8093  255 255 255
-9.57812 44.4681 -74.028  255 255 255
55.0171 21.4668 16.5097  255 255 255
-54.3324 38.136 -44.6674  255 255 255
-53.7325 38.1493 -45.1672  255 255 255
-31.7917 40.9877 -59.7024  255 255 255
-72.6941 35.8531 -33.1473  255 255 255
-57.4568 37.5247 -42.6735  255 255 255
-57.4634 37.5373 -42.7629  255 255 255
50.2303 23.4802 7.0053  255 255 255
-50.0304 38.3175 -48.0944  255 255 255
-77.2421 34.9231 -29.4424  255 255 255
52.7055 30.5227 -22.3273  255 255 255
-40.1223 39.6473 -54.7359  255 255 255
-40.1535 39.6263 -54.6925  255 255 255
-9.00405 43.8896 -74.8506  255 255 255
-9.0186 43.9147 -74.9186  255 255 255
-53.6276 37.894 -45.8988  255 255 255
-59.8662 36.9155 -41.7184  255 255 255
53.6178 21.4666 13.2758  255 255 255
54.3205 21.0278 14.9966  255 255 255
-49.3506 37.7571 -48.2529  255 255 255
-9.10054 43.3268 -75.4961  255 255 255
53.2338 29.7849 -21.6283  255 255 255
50.5388 22.8357 7.17041  255 255 255
54.8987 20.6521 15.9674  255 255 255
53.6476 29.2329 -20.9866  255 255 255
-73.3256 34.5754 -33.1184  255 255 255
-84.3934 33.1281 -25.9893  255 255 255
-41.6887 38.0651 -53.6942  255 255 255
55.2012 20.0568 16.3439  255 255 255
-43.0513 38.379 -54.9992  255 255 255
54.0122 20.5091 14.2419  255 255 255
54.0583 20.5361 14.1695  255 255 255
-61.4119 35.6903 -41.5144  255 255 255
-58.6309 36.0468 -43.3169  255 255 255
53.9783 28.5677 -20.8219  255 255 255
52.7187 20.7702 11.6451  255 255 255
-40.8794 37.3941 -55.9714  255 255 255
-13.3129 41.0386 -74.5771  255 255 255
58.6123 17.8694 22.5224  255 255 255
-82.9608 32.499 -27.7389  255 255 255
54.0139 28.0329 -21.5861  255 255 255
53.2199 20.2212 12.1055  255 255 255
49.5119 21.8997 4.61254  255 255 255
49.5485 21.9156 4.51532  255 255 255
53.6875 19.9469 13.006  255 255 255
-54.4244 35.3221 -47.2845  255 255 255
-64.5397 34.0322 -40.4427  255 255 255
57.8722 17.9233 20.473  255 255 255
-66.808 33.741 -39.2896  255 255 255
54.5616 27.1912 -20.2916  255 255 255
48.6493 29.8126 -32.474  255 255 255
53.7679 19.4448 12.9611  255 255 255
-53.8046 34.7849 -47.512  255 255 255
-52.3942 35.1756 -49.3497  255 255 255
-11.7841 40.1283 -76.3017  255 255 255
-63.2546 33.7291 -41.9351  255 255 255
53.375 27.323 -23.0018  255 255 255
-64.2814 33.5141 -40.9331  255 255 255
-34.9283 37.0564 -61.3667  255 255 255
-62.9447 33.5933 -42.1238  255 255 255
-55.3248 34.2714 -46.7817  255 255 255
-40.5659 36.0248 -58.1408  255 255 255
-40.5639 36.0261 -58.1698  255 255 255
50.823 20.3035 6.29928  255 255 255
51.0577 20.2765 6.51236  255 255 255
50.6131 20.2844 5.95451  255 255 255
50.6947 20.3222 5.87866  255 255 255
-56.2427 33.6015 -46.6738  255 255 255
-52.0376 34.204 -49.9766  255 255 255
-37.6483 36.0102 -60.0121  255 255 255
-30.0526 36.7434 -64.883  255 255 255
49.2292 20.574 3.52219  255 255 255
-29.5302 36.4581 -65.9337  255 255 255
52.8028 26.3943 -24.8192  255 255 255
-81.695 30.6526 -31.2794  255 255 255
53.1797 18.5475 10.4301  255 255 255
55.3826 17.5514 14.9319  255 255 255
-81.9057 30.4052 -31.2516  255 255 255
50.8152 19.5541 5.60149  255 255 255
50.6066 19.452 5.84833  255 255 255
15.4384 37.0466 -74.852  255 255 255
-78.0111 30.0501 -31.4674  255 255 255
-34.4055 35.3735 -63.3048  255 255 255
24.0698 37.187 -76.3664  255 255 255
50.3109 19.1976 5.27702  255 255 255
59.0088 15.7135 21.7616  255 255 255
17.8139 36.5945 -75.3786  255 255 255
-37.2345 34.4309 -61.4101  255 255 255
-149.885 39.948 -68.0193  255 255 255
49.395 19.2615 3.78479  255 255 255
48.6061 20.1973 -0.768609  255 255 255
51.8061 18.827 5.56354  255 255 255
51.3765 18.6233 6.48948  255 255 255
-84.1904 29.2555 -30.762  255 255 255
45.471 28.4896 -41.1139  255 255 255
49.9463 18.8485 4.45848  255 255 255
55.9047 16.8894 13.879  255 255 255
-36.5974 33.8439 -61.5202  255 255 255
51.8494 18.2035 7.15405  255 255 255
-74.7392 29.9002 -37.1923  255 255 255
-57.7212 31.4661 -47.9174  255 255 255
51.4326 18.2759 6.54188  255 255 255
55.3183 16.5614 14.4994  255 255 255
-63.9489 30.7205 -43.8455  255 255 255
-80.5144 29.0111 -33.7362  255 255 255
-77.8423 28.7254 -33.1993  255 255 255
-66.214 30.3201 -43.1961  255 255 255
-54.309 31.4238 -51.0936  255 255 255
-54.2003 31.3028 -50.6362  255 255 255
-54.309 31.4238 -51.0936  255 255 255
-64.1793 30.3929 -44.7101  255 255 255
-78.0064 28.985 -35.7077  255 255 255
-62.7994 30.3956 -45.5503  255 255 255
55.7453 15.911 15.0494  255 255 255
58.643 14.7706 20.8371  255 255 255
-73.4864 29.9978 -42.3273  255 255 255
-73.9038 29.83 -42.5343  255 255 255
17.567 33.4652 -71.5846  255 255 255
51.607 17.3349 6.59141  255 255 255
-56.2184 30.7001 -50.7203  255 255 255
50.7536 17.519 4.84057  255 255 255
50.7506 17.5255 4.83126  255 255 255
-74.0533 29.4385 -42.2861  255 255 255
49.7868 24.9112 -32.3702  255 255 255
-80.4964 28.0017 -34.7017  255 255 255
-85.0807 27.4208 -31.2802  255 255 255
-80.1473 27.8441 -34.9155  255 255 255
57.792 14.4508 18.5401  255 255 255
61.2605 13.0713 25.2731  255 255 255
-78.0327 27.8622 -36.5556  255 255 255
-73.7904 28.9508 -43.0552  255 255 255
-8.73763 32.07 -68.1988  255 255 255
54.0897 22.7217 -23.7522  255 255 255
50.6518 17.0091 4.0158  255 255 255
-78.7559 27.3305 -35.869  255 255 255
-78.8178 27.3808 -36.1066  255 255 255
-0.86425 30.8446 -67.32  255 255 255
47.6241 17.7772 -2.18539  255 255 255
-41.1986 30.5979 -62.4015  255 255 255
-61.0518 28.1775 -47.0109  255 255 255
-43.3472 29.9406 -60.77  255 255 255
-43.3287 29.9318 -60.7764  255 255 255
38.8728 30.2538 -69.4175  255 255 255
-66.7747 27.4096 -43.9997  255 255 255
50.7953 16.0697 4.01089  255 255 255
41.29 29.7833 -68.5632  255 255 255
-85.1105 25.8529 -33.2194  255 255 255
47.6808 23.9606 -38.5415  255 255 255
-43.3698 29.5844 -61.4177  255 255 255
49.7559 16.2018 0.804991  255 255 255
-82.1746 25.6422 -35.6356  255 255 255
-44.9387 29.1389 -62.1357  255 255 255
47.5977 16.6215 -2.81843  255 255 255
49.759 15.725 1.93242  255 255 255
49.7694 15.7316 1.91436  255 255 255
58.9239 12.4097 19.9409  255 255 255
-73.5496 27.0234 -46.7468  255 255 255
48.9413 15.7876 -0.0200767  255 255 255
53.8709 14.064 9.63774  255 255 255
52.5468 14.3735 7.03292  255 255 255
-79.7088 25.2052 -38.0809  255 255 255
55.5049 13.1826 12.1703  255 255 255
-60.6277 29.9549 -71.9965  255 255 255
-53.5531 23.9449 -40.9125  255 255 255
43.23 27.1369 -65.2202  255 255 255
-33.3148 27.1252 -59.9123  255 255 255
47.7374 15.8994 -3.72502  255 255 255
53.3373 13.7336 8.00179  255 255 255
53.2626 13.7089 8.09364  255 255 255
58.7134 11.6787 18.5249  255 255 255
0.879634 26.4971 -62.4346  255 255 255
-2.26773 26.5121 -62.292  255 255 255
-8.39944 26.423 -61.7902  255 255 255
48.9723 21.4164 -37.06  255 255 255
53.6181 13.2498 8.53572  255 255 255
-80.9566 23.8814 -36.8081  255 255 255
-3.2103 26.1009 -61.6455  255 255 255
52.829 13.7253 5.26647  255 255 255
52.5445 13.596 5.87229  255 255 255
-83.702 23.6232 -35.4373  255 255 255
-0.347128 25.5146 -61.2846  255 255 255
-91.0673 24.3729 -42.4828  255 255 255
-80.3776 23.3082 -39.2301  255 255 255
-79.8983 23.0391 -37.9461  255 255 255
54.4956 12.1205 8.67007  255 255 255
-42.7143 24.4135 -57.4956  255 255 255
51.7975 12.5978 4.258  255 255 255
51.7975 12.5978 4.258  255 255 255
34.7772 23.6451 -61.625  255 255 255
53.7184 11.9594 7.55993  255 255 255
-65.9612 23.4803 -49.2436  255 255 255
-83.314 22.0332 -37.4534  255 255 255
-83.1285 21.936 -36.9782  255 255 255
35.7119 23.3686 -60.9535  255 255 255
52.5472 12.1225 5.62507  255 255 255
-14.4608 23.0823 -57.2291  255 255 255
-40.1746 23.3592 -56.0783  255 255 255
50.4517 12.6231 1.33865  255 255 255
29.3094 22.6526 -60.098  255 255 255
-79.4675 21.5278 -41.8493  255 255 255
51.2279 11.7935 2.26361  255 255 255
53.7824 11.0422 6.33264  255 255 255
15.0842 21.4637 -57.8332  255 255 255
50.4157 11.9071 0.474606  255 255 255
52.5236 11.1629 4.84964  255 255 255
-20.828 21.537 -55.444  255 255 255
55.0922 10.2658 10.0301  255 255 255
-114.119 23.807 -52.4159  255 255 255
-65.4084 21.8119 -51.8233  255 255 255
-40.5344 21.1496 -52.5253  255 255 255
31.3584 20.7737 -57.8917  255 255 255
49.1656 11.9617 -2.48085  255 255 255
50.4653 11.5119 0.41435  255 255 255
51.2262 11.2515 1.80225  255 255 255
-65.2354 21.6203 -52.6419  255 255 255
-17.1533 20.5519 -54.3999  255 255 255
63.139 7.1167 26.5868  255 255 255
49.4529 11.4561 -1.73366  255 255 255
49.8336 11.3905 -1.22255  255 255 255
-42.2436 20.5263 -52.7463  255 255 255
-40.363 20.2016 -51.6584  255 255 255
62.9659 7.06398 25.6104  255 255 255
62.6738 7.05713 24.8782  255 255 255
-85.6902 19.386 -37.8832  255 255 255
58.616 8.3535 16.2749  255 255 255
58.5514 8.30629 16.2988  255 255 255
62.6916 7.03586 24.5104  255 255 255
50.4352 10.7827 -0.277607  255 255 255
63.6893 6.53211 26.9916  255 255 255
49.2171 11.089 -3.04966  255 255 255
52.4196 10.0679 3.62357  255 255 255
52.2971 10.0187 3.21045  255 255 255
46.8124 11.5864 -7.96414  255 255 255
53.127 9.50322 5.0108  255 255 255
-18.7123 18.5822 -52.0671  255 255 255
52.336 9.61946 3.32714  255 255 255
-6.58251 18.2123 -52.3608  255 255 255
53.5237 9.14942 5.47908  255 255 255
62.9956 6.06031 25.3415  255 255 255
-15.0223 17.8885 -51.4985  255 255 255
52.4116 9.32108 2.62462  255 255 255
63.5283 5.83254 26.4987  255 255 255
63.6353 5.8468 26.3444  255 255 255
-111.548 20.5088 -50.2822  255 255 255
-111.548 20.5088 -50.2822  255 255 255
-78.8047 18.4021 -45.0812  255 255 255
-42.695 17.7726 -49.0637  255 255 255
-21.0822 17.3788 -50.537  255 255 255
47.1774 10.4771 -9.08614  255 255 255
54.039 8.24405 6.07415  255 255 255
54.0025 8.2392 6.09514  255 255 255
50.8495 9.06613 -0.363495  255 255 255
52.741 13.5594 -32.7167  255 255 255
52.3198 8.56069 2.31442  255 255 255
-13.927 16.3583 -50.1639  255 255 255
52.2205 8.28595 1.97381  255 255 255
52.1932 8.28378 2.00118  255 255 255
52.2245 8.29522 1.97721  255 255 255
-13.0861 15.7422 -49.2279  255 255 255
-79.6661 16.5546 -42.7966  255 255 255
-28.3107 15.6264 -48.1558  255 255 255
-14.0443 15.3611 -48.8297  255 255 255
-14.03 15.3355 -48.7834  255 255 255
53.8489 7.38668 5.1445  255 255 255
61.2904 5.52317 18.6627  255 255 255
58.3139 5.99993 14.3699  255 255 255
51.6899 7.71486 0.676784  255 255 255
56.3426 6.49518 9.83604  255 255 255
52.113 7.50876 1.42523  255 255 255
-17.0786 14.4734 -47.213  255 255 255
57.6494 5.76144 12.6762  255 255 255
50.884 7.20135 -1.64693  255 255 255
51.0652 7.23156 -2.01442  255 255 255
56.7825 5.56147 10.6362  255 255 255
-8.27259 13.3182 -46.8435  255 255 255
-45.6219 13.7386 -45.6232  255 255 255
-9.26268 13.0686 -46.514  255 255 255
55.3514 5.6419 7.57291  255 255 255
-41.1122 13.2448 -45.2191  255 255 255
50.0535 6.82459 -3.73878  255 255 255
55.6512 5.36914 7.38476  255 255 255
55.6374 5.3616 7.41719  255 255 255
53.6227 5.70822 3.39634  255 255 255
51.6709 6.23299 -0.739515  255 255 255
-34.7338 12.6219 -44.3201  255 255 255
52.4765 5.83557 1.01708  255 255 255
-15.4432 11.9979 -44.9827  255 255 255
-10.8079 11.8621 -45.1247  255 255 255
-73.6257 13.1549 -43.0923  255 255 255
-15.3126 11.5521 -44.1698  255 255 255
47.8006 6.62034 -8.61396  255 255 255
-55.3474 12.2355 -42.647  255 255 255
-18.6575 11.5604 -44.4451  255 255 255
-18.1677 11.5358 -44.2246  255 255 255
46.5399 6.76497 -11.9075  255 255 255
51.1697 5.47389 -3.04206  255 255 255
50.3926 5.3024 -4.00522  255 255 255
52.1214 5.03698 -1.45254  255 255 255
-20.9683 10.5187 -42.766  255 255 255
51.6007 4.66664 -1.45444  255 255 255
63.6812 1.84482 22.4062  255 255 255
52.4029 4.11947 0.171666  255 255 255
57.4001 2.88472 10.4237  255 255 255
-26.3291 9.33565 -41.59  255 255 255
-32.1812 9.37659 -41.4284  255 255 255
51.5294 4.01106 -2.03498  255 255 255
5.85104 1.41285 23.4959  255 255 255
63.0701 1.20469 21.9638  255 255 255
-46.9426 9.21761 -40.001  255 255 255
57.0489 2.4811 9.9462  255 255 255
-3.51273 1.57688 21.9094  255 255 255
59.0163 2.01688 11.7143  255 255 255
52.7352 2.9335 -0.268504  255 255 255
57.4449 1.71707 9.48615  255 255 255
-31.1364 7.4723 -38.7983  255 255 255
57.3139 1.61145 9.14937  255 255 255
-121.15 9.47636 -35.282  255 255 255
52.7812 2.45112 -0.275323  255 255 255
58.747 1.23672 12.1612  255 255 255
56.4627 1.62553 7.23599  255 255 255
51.8618 2.4829 -2.83159  255 255 255
51.8123 2.46932 -2.70198  255 255 255
57.9765 1.16687 10.4406  255 255 255
-120.101 8.79565 -33.4228  255 255 255
63.0195 -0.0228973 20.2025  255 255 255
58.049 0.841642 10.401  255 255 255
48.8459 2.56704 -9.08032  255 255 255
-75.2174 7.2546 -35.8514  255 255 255
50.198 2.18393 -6.42449  255 255 255
53.967 1.5097 1.23214  255 255 255
64.1555 -0.551419 21.7919  255 255 255
54.1146 1.29736 2.03574  255 255 255
56.6253 0.85294 7.04072  255 255 255
54.4323 1.05589 2.788  255 255 255
53.5619 1.04047 0.854337  255 255 255
58.609 0.06724 11.4607  255 255 255
54.7753 0.75435 2.96911  255 255 255
54.5296 0.785792 2.60081  255 255 255
54.5124 0.781801 2.61782  255 255 255
57.7568 0.038629 9.1684  255 255 255
58.4041 -0.0589578 10.64  255 255 255
63.5788 -1.13753 20.939  255 255 255
65.1099 -1.49981 25.2087  255 255 255
51.3865 1.10068 -4.59072  255 255 255
59.0628 -0.458208 13.5008  255 255 255
54.6889 0.369121 2.51176  255 255 255
55.0388 0.287144 3.67301  255 255 255
56.3495 -0.0523456 6.41293  255 255 255
54.7925 0.362385 1.14465  255 255 255
57.9542 -0.371785 9.41746  255 255 255
59.1748 -0.58696 11.8908  255 255 255
64.5688 -1.68843 23.8987  255 255 255
-26.8172 4.18628 -35.2533  255 255 255
-26.8139 4.15481 -34.966  255 255 255
55.4779 -0.136335 3.9853  255 255 255
6.99166 -1.62084 25.5252  255 255 255
59.5363 -0.943159 12.8219  255 255 255
0.331561 -1.64579 26.8635  255 255 255
58.108 -0.728247 9.40416  255 255 255
50.9692 0.565795 -6.15716  255 255 255
54.2155 0.00539848 0.905322  255 255 255
64.3336 -1.93029 22.9575  255 255 255
-0.0624517 -1.75765 27.3012  255 255 255
62.7648 -1.72352 19.7093  255 255 255
62.7603 -1.71732 19.6951  255 255 255
47.2492 0.943279 -13.1407  255 255 255
-70.1634 4.33561 -32.9823  255 255 255
64.07 -2.23104 21.9372  255 255 255
-70.5775 4.17133 -33.3899  255 255 255
55.8626 -0.958731 4.5126  255 255 255
64.8291 -2.56722 23.9061  255 255 255
-15.4215 -1.69271 22.2584  255 255 255
-12.623 -1.99277 25.8318  255 255 255
57.3645 -1.2929 7.38686  255 255 255
48.1294 0.116635 -12.625  255 255 255
61.9295 -2.30924 18.0581  255 255 255
57.4975 -1.58855 7.44658  255 255 255
57.51 -1.59375 7.42596  255 255 255
57.6169 -1.65816 7.78432  255 255 255
-10.0984 -2.52548 28.1742  255 255 255
61.8521 -2.52877 17.9436  255 255 255
48.1042 -0.159359 -12.9275  255 255 255
58.4326 -1.95415 9.41574  255 255 255
-70.2497 3.02679 -30.8825  255 255 255
60.6566 -2.37301 14.3039  255 255 255
58.1993 -1.99851 8.62229  255 255 255
59.1552 -2.16096 10.9402  255 255 255
59.3771 -2.13283 10.5089  255 255 255
60.7879 -2.635 15.8525  255 255 255
-12.1578 -2.76343 26.9779  255 255 255
57.9738 -2.12513 7.20644  255 255 255
57.9738 -2.12513 7.20644  255 255 255
60.9269 -2.63862 14.6268  255 255 255
64.8984 -3.37396 23.6651  255 255 255
64.8984 -3.37396 23.6651  255 255 255
-67.9908 2.68345 -31.4712  255 255 255
-16.4285 -2.40448 21.8019  255 255 255
-16.423 -2.41428 21.8563  255 255 255
57.0583 -2.05248 5.73931  255 255 255
63.6993 -3.10402 19.5864  255 255 255
59.6011 -2.52025 11.763  255 255 255
57.8695 -2.28513 7.96397  255 255 255
-74.9353 2.52586 -30.1847  255 255 255
62.2765 -3.20483 17.8229  255 255 255
-40.8737 1.61666 -31.2441  255 255 255
-11.1614 -3.32796 28.1834  255 255 255
-11.1614 -3.32796 28.1834  255 255 255
62.1648 -3.25633 16.6194  255 255 255
64.7014 -3.81316 22.4739  255 255 255
53.7306 -2.15169 -1.06079  255 255 255
61.1951 -3.29744 14.8053  255 255 255
57.5415 -2.80743 6.73444  255 255 255
50.1021 -1.78639 -9.35265  255 255 255
54.8532 -2.54458 1.31192  255 255 255
63.2922 -3.84199 18.8925  255 255 255
63.6005 -3.95314 19.8789  255 255 255
63.5949 -3.93938 19.8448  255 255 255
54.897 -2.70877 0.771119  255 255 255
54.897 -2.70877 0.771119  255 255 255
55.4361 -2.81299 2.31218  255 255 255
59.4113 -3.48397 10.8077  255 255 255
54.6715 -2.81751 0.518435  255 255 255
8.56265 -4.35866 29.4039  255 255 255
57.1404 -3.31941 5.35463  255 255 255
63.2642 -4.24463 18.9784  255 255 255
61.6147 -4.03253 15.1588  255 255 255
-19.7258 -2.99282 12.7724  255 255 255
58.0139 -3.53872 7.52814  255 255 255
65.4816 -4.86605 24.0922  255 255 255
58.5347 -3.92363 8.63742  255 255 255
54.7119 -3.37379 -0.127554  255 255 255
61.8008 -4.37813 15.8639  255 255 255
59.8518 -4.16157 11.2899  255 255 255
61.4428 -4.34589 14.567  255 255 255
61.4428 -4.34589 14.567  255 255 255
64.1381 -4.81609 20.7646  255 255 255
-45.3684 -0.571752 -28.9715  255 255 255
58.2835 -4.22996 8.03596  255 255 255
62.9302 -4.86316 17.4877  255 255 255
-23.5489 -3.3338 8.8672  255 255 255
-23.5513 -3.33028 8.89156  255 255 255
55.8586 -3.95757 2.28913  255 255 255
61.4659 -4.78602 14.6781  255 255 255
61.4659 -4.78602 14.6781  255 255 255
54.9001 -3.96061 0.0756235  255 255 255
54.4579 -3.95882 -1.30157  255 255 255
59.4539 -4.58404 10.0073  255 255 255
63.4087 -5.15669 18.9777  255 255 255
61.2669 -4.93553 14.1136  255 255 255
59.1802 -4.63347 9.31478  255 255 255
-48.6069 -1.31043 -27.6019  255 255 255
-8.73389 -5.32009 30.902  255 255 255
-8.73389 -5.32009 30.902  255 255 255
54.3904 -4.36391 -1.27819  255 255 255
-23.8721 -3.99579 9.64283  255 255 255
64.6349 -5.70085 21.2316  255 255 255
55.0014 -4.85712 -0.273784  255 255 255
65.7863 -6.15743 23.876  255 255 255
-17.419 -5.2285 24.047  255 255 255
59.8784 -5.47376 10.0321  255 255 255
59.5765 -5.48169 9.43484  255 255 255
61.2128 -5.7038 13.1926  255 255 255
64.2806 -6.25103 20.2679  255 255 255
42.7171 -3.67036 -31.6221  255 255 255
60.0341 -5.76744 10.5249  255 255 255
55.1013 -5.29187 -0.368148  255 255 255
61.311 -6.05354 13.2588  255 255 255
62.492 -6.33198 15.3341  255 255 255
64.897 -6.68743 21.4908  255 255 255
48.9511 -4.89996 -13.5597  255 255 255
55.4723 -5.62076 0.142705  255 255 255
55.4588 -5.62158 0.171042  255 255 255
-10.9836 -6.31125 30.6476  255 255 255
-10.9847 -6.32699 30.6609  255 255 255
-14.5283 -6.1633 28.0763  255 255 255
52.3718 -5.48062 -6.69482  255 255 255
60.1158 -6.29264 10.4234  255 255 255
60.1092 -6.2942 10.4445  255 255 255
60.2506 -6.42668 9.24074  255 255 255
-6.899 -6.77315 32.7079  255 255 255
56.6217 -6.13707 2.74178  255 255 255
48.7636 -5.40151 -15.588  255 255 255
-70.766 -3.03218 -24.7132  255 255 255
-8.18611 -6.7632 32.3299  255 255 255
52.7774 -5.86127 -6.50295  255 255 255
60.9962 -6.85057 11.8738  255 255 255
6.28199 -7.16463 32.0833  255 255 255
56.7586 -6.46812 2.71864  255 255 255
63.9638 -7.23218 18.8021  255 255 255
-24.2474 -5.90959 11.7913  255 255 255
-7.1499 -7.06006 32.9371  255 255 255
-6.64377 -7.14244 33.0493  255 255 255
58.8236 -6.90094 7.1282  255 255 255
60.5145 -7.06571 10.253  255 255 255
60.3123 -7.06081 10.6173  255 255 255
-7.07582 -7.29597 33.1026  255 255 255
60.2403 -7.16786 10.1708  255 255 255
60.2403 -7.16786 10.1708  255 255 255
60.8417 -7.35486 11.7591  255 255 255
-1.76607 -7.62902 33.8122  255 255 255
-16.4146 -7.14459 26.9566  255 255 255
-8.38501 -7.51082 32.7011  255 255 255
63.5846 -7.8268 17.5068  255 255 255
-21.0357 -6.7701 17.3847  255 255 255
53.8546 -6.91276 -4.18266  255 255 255
62.1644 -7.81634 14.136  255 255 255
-8.78179 -7.63896 32.5077  255 255 255
61.0135 -7.78173 11.8412  255 255 255
60.9693 -7.81209 11.9057  255 255 255
47.4075 -6.6395 -19.0084  255 255 255
61.7877 -7.96295 12.9124  255 255 255
5.60437 -8.08292 32.9291  255 255 255
-60.0509 -5.00322 -23.4107  255 255 255
-60.0509 -5.00322 -23.4107  255 255 255
64.8536 -8.39943 20.0642  255 255 255
-42.4698 -5.42886 -23.455  255 255 255
52.2381 -7.38809 -8.49817  255 255 255
58.2375 -7.86724 4.92978  255 255 255
61.1737 -8.28645 11.993  255 255 255
61.4849 -8.28792 12.2937  255 255 255
63.4971 -8.54195 16.7902  255 255 255
47.2611 -7.30866 -19.8766  255 255 255
-1.07377 -8.44276 34.559  255 255 255
46.9608 -7.41586 -20.1163  255 255 255
57.0898 -8.18018 2.76667  255 255 255
-47.0995 -5.96449 -22.2372  255 255 255
57.5153 -8.28855 3.10564  255 255 255
-43.3709 -6.07457 -21.953  255 255 255
-43.3709 -6.07457 -21.953  255 255 255
65.9336 -9.09596 22.5  255 255 255
58.5515 -8.55786 5.31102  255 255 255
66.2956 -9.16864 22.929  255 255 255
-2.01499 -8.7402 34.5653  255 255 255
56.6086 -8.58561 0.662096  255 255 255
4.96307 -8.89195 33.5491  255 255 255
58.4296 -8.79024 5.11973  255 255 255
65.4308 -9.33816 21.0303  255 255 255
-68.9093 -6.1666 -20.7265  255 255 255
-3.81168 -8.97793 34.5814  255 255 255
57.2315 -8.9925 2.12263  255 255 255
48.4413 -8.42025 -17.6743  255 255 255
49.3429 -8.61475 -15.0174  255 255 255
62.6093 -9.4311 13.0845  255 255 255
62.3292 -9.45562 13.6353  255 255 255
58.4351 -9.20328 3.83867  255 255 255
58.4237 -9.20248 3.86191  255 255 255
45.7875 -8.48385 -24.3414  255 255 255
-26.13 -8.36554 14.5035  255 255 255
62.9769 -9.6772 13.087  255 255 255
56.6202 -9.41325 0.355222  255 255 255
56.6261 -9.40259 0.330992  255 255 255
56.6363 -9.4046 0.333044  255 255 255
59.3636 -9.59677 6.77422  255 255 255
-5.53986 -9.50869 34.3662  255 255 255
57.6665 -9.65522 2.4905  255 255 255
58.4777 -9.74942 4.40253  255 255 255
58.4282 -9.76839 4.47629  255 255 255
58.4596 -9.74966 4.44425  255 255 255
-41.7731 -7.82098 -20.5685  255 255 255
62.7847 -10.2245 14.5642  255 255 255
59.1495 -10.0473 5.42795  255 255 255
63.4115 -10.2695 15.7071  255 255 255
63.4115 -10.2695 15.7071  255 255 255
62.9607 -10.3221 15.2388  255 255 255
59.8307 -10.295 7.11045  255 255 255
63.399 -10.7127 15.3386  255 255 255
59.675 -10.5236 3.74912  255 255 255
59.3505 -10.5927 4.51445  255 255 255
57.631 -10.5839 1.56845  255 255 255
57.5811 -10.5899 1.65355  255 255 255
59.8362 -10.7485 7.19835  255 255 255
-17.3859 -10.0228 27.142  255 255 255
-6.93279 -10.2817 34.3836  255 255 255
60.1353 -10.7943 7.28706  255 255 255
60.0964 -10.7931 7.35563  255 255 255
63.4058 -10.9684 15.2682  255 255 255
48.0378 -10.3868 -20.4394  255 255 255
-68.8509 -8.6046 -18.3954  255 255 255
-68.8587 -8.60883 -18.4195  255 255 255
-5.23984 -10.4306 34.8643  255 255 255
-5.23801 -10.4307 34.8462  255 255 255
46.8286 -10.3969 -23.6817  255 255 255
59.1447 -10.9282 5.28908  255 255 255
59.1622 -10.9314 5.26432  255 255 255
-18.3819 -10.2288 26.017  255 255 255
48.7452 -10.6699 -17.9596  255 255 255
56.3122 -11.0095 -0.804568  255 255 255
60.3573 -11.0979 7.61807  255 255 255
-15.4518 -10.5073 29.4624  255 255 255
56.4545 -11.1569 -1.56878  255 255 255
-2.84735 -10.8346 35.3535  255 255 255
52.1872 -11.1289 -10.9737  255 255 255
-3.42849 -10.8597 35.3285  255 255 255
63.9113 -11.5963 15.9293  255 255 255
63.9113 -11.5963 15.9293  255 255 255
48.0681 -11.0592 -20.1259  255 255 255
56.3349 -11.2539 -2.22847  255 255 255
61.8081 -11.5268 10.7783  255 255 255
63.8125 -11.6597 15.408  255 255 255
60.9084 -11.5587 8.55513  255 255 255
66.6108 -11.7774 22.0985  255 255 255
57.426 -11.4983 0.489301  255 255 255
-11.5853 -10.8731 32.5174  255 255 255
59.3312 -11.6054 5.06072  255 255 255
59.277 -11.6115 5.14819  255 255 255
59.7616 -11.6357 6.066  255 255 255
-2.28092 -11.0589 35.4238  255 255 255
56.2111 -11.6493 -2.3874  255 255 255
61.3278 -11.7948 9.59541  255 255 255
61.7617 -11.8516 10.9179  255 255 255
61.8796 -11.8104 10.7994  255 255 255
60.2504 -11.8063 6.9504  255 255 255
56.316 -11.7076 -2.01666  255 255 255
57.4654 -11.7892 0.631771  255 255 255
61.3868 -12.0293 10.011  255 255 255
-19.0978 -10.9857 25.0464  255 255 255
47.5705 -11.6729 -21.547  255 255 255
-10.4279 -11.2536 33.2697  255 255 255
1.61281 -11.4991 35.3359  255 255 255
1.61281 -11.4991 35.3359  255 255 255
48.4243 -11.9759 -20.7459  255 255 255
-56.1761 -10.4081 -16.8487  255 255 255
-56.1761 -10.4081 -16.8487  255 255 255
60.6028 -12.3784 8.04299  255 255 255
60.6295 -12.3666 7.9752  255 255 255
61.2497 -12.3496 7.58086  255 255 255
59.3614 -12.4344 4.2326  255 255 255
-50.1939 -10.7577 -16.5654  255 255 255
-21.6735 -11.3441 22.5995  255 255 255
-16.4453 -11.4641 28.7652  255 255 255
59.0792 -12.5541 4.16759  255 255 255
59.0517 -12.5233 4.15727  255 255 255
64.8105 -12.5822 17.4771  255 255 255
-5.50288 -11.6702 35.2022  255 255 255
57.1349 -12.7445 -1.13214  255 255 255
-4.0528 -11.9982 35.4943  255 255 255
59.0018 -12.8564 3.10445  255 255 255
59.3772 -12.8561 4.04788  255 255 255
64.4338 -12.9526 16.0281  255 255 255
56.3446 -12.8854 -2.63962  255 255 255
-21.1238 -11.8452 23.3254  255 255 255
60.4749 -13.1134 6.42746  255 255 255
61.4126 -13.079 8.87418  255 255 255
0.829048 -12.2655 35.6096  255 255 255
60.9561 -13.1554 7.98957  255 255 255
58.923 -13.2758 2.8587  255 255 255
58.923 -13.2758 2.8587  255 255 255
-7.1602 -12.2865 34.9924  255 255 255
-81.8838 -11.1865 -14.4885  255 255 255
-14.4004 -12.282 30.8955  255 255 255
13.7494 -12.696 29.5117  255 255 255
65.3179 -13.4662 18.0214  255 255 255
65.2925 -13.4689 18.0705  255 255 255
57.6358 -13.5183 -0.49216  255 255 255
57.61 -13.5146 -0.444969  255 255 255
65.1198 -13.5199 17.8673  255 255 255
-48.9952 -11.9736 -15.7472  255 255 255
-48.9952 -11.9736 -15.7472  255 255 255
3.03596 -12.5951 35.3572  255 255 255
60.6466 -13.5172 7.604  255 255 255
62.9488 -13.5727 12.4026  255 255 255
60.6775 -13.5808 6.8902  255 255 255
61.4853 -13.6156 8.86184  255 255 255
-7.30479 -12.5231 34.841  255 255 255
56.1338 -13.6312 -3.93342  255 255 255
-48.9756 -12.1521 -14.2039  255 255 255
-54.4543 -12.1516 -14.7378  255 255 255
-54.4543 -12.1516 -14.7378  255 255 255
-50.1402 -12.2781 -15.0708  255 255 255
-48.4667 -12.2673 -14.7464  255 255 255
49.749 -13.8297 -18.7821  255 255 255
59.7302 -13.8211 4.23669  255 255 255
61.763 -13.8979 8.94815  255 255 255
-2.20215 -12.9289 35.8376  255 255 255
6.97088 -13.1172 34.0452  255 255 255
24.7927 -13.5627 16.2451  255 255 255
24.7927 -13.5627 16.2451  255 255 255
55.8385 -14.2565 -4.58313  255 255 255
50.5489 -14.3008 -16.0816  255 255 255
65.8652 -14.2068 18.924  255 255 255
65.8871 -14.2044 18.9384  255 255 255
65.7575 -14.2865 18.6178  255 255 255
59.7914 -14.3874 3.81866  255 255 255
58.9558 -14.408 1.91294  255 255 255
58.1526 -14.5335 0.286759  255 255 255
60.6163 -14.7006 5.8206  255 255 255
60.5442 -14.7249 5.8943  255 255 255
61.587 -14.7288 8.36961  255 255 255
-52.7824 -13.3917 -13.7426  255 255 255
58.2196 -14.9771 -0.968113  255 255 255
60.5488 -15.2342 5.55192  255 255 255
56.7921 -15.4577 -3.82772  255 255 255
61.2782 -15.4202 6.73255  255 255 255
60.5629 -15.553 5.66198  255 255 255
59.0418 -15.6413 1.30215  255 255 255
59.0543 -15.64 1.27723  255 255 255
60.4851 -15.5808 5.2412  255 255 255
60.4851 -15.5808 5.2412  255 255 255
2.29645 -14.2247 35.6762  255 255 255
-9.26831 -14.0926 34.4607  255 255 255
12.8091 -14.5906 30.7633  255 255 255
56.8032 -16.0589 -2.85535  255 255 255
66.0146 -15.8181 18.1872  255 255 255
25.3928 -15.2585 18.1333  255 255 255
-17.501 -14.4369 28.1763  255 255 255
-4.49933 -14.4447 35.8714  255 255 255
-4.46768 -14.4709 35.8384  255 255 255
57.0975 -16.2177 -3.84308  255 255 255
-4.17122 -14.5555 35.8825  255 255 255
60.5561 -16.2921 5.8602  255 255 255
60.6571 -16.349 4.91097  255 255 255
60.6571 -16.349 4.91097  255 255 255
67.2023 -16.1064 20.6439  255 255 255
-56.0097 -14.9896 -11.7355  255 255 255
-8.09774 -14.628 34.8453  255 255 255
59.8474 -16.7861 2.59452  255 255 255
-54.8296 -15.6634 -10.9813  255 255 255
61.3357 -17.2968 5.5775  255 255 255
-8.47402 -15.4118 34.8326  255 255 255
-7.88394 -15.4243 35.06  255 255 255
6.0981 -15.6275 34.8405  255 255 255
59.8606 -17.4811 2.46994  255 255 255
57.8388 -17.6511 -2.66466  255 255 255
59.5581 -17.5359 1.4544  255 255 255
59.6352 -17.5232 1.38803  255 255 255
-21.4311 -15.5145 27.2151  255 255 255
60.6404 -17.7112 3.60066  255 255 255
60.627 -17.715 3.62265  255 255 255
63.33 -17.5522 10.7737  255 255 255
-21.257 -15.7451 27.4954  255 255 255
58.3396 -17.9757 -1.8491  255 255 255
63.5068 -17.6281 11.177  255 255 255
-13.9417 -15.753 31.7699  255 255 255
5.17021 -15.9394 34.9653  255 255 255
60.0418 -17.9134 2.12806  255 255 255
61.3054 -17.8645 5.34523  255 255 255
63.2129 -17.7923 9.73323  255 255 255
63.2525 -17.7893 9.71114  255 255 255
63.8514 -17.7345 11.4608  255 255 255
60.2028 -18.1127 2.66101  255 255 255
55.5023 -18.4808 -7.42918  255 255 255
66.167 -17.7648 17.6725  255 255 255
66.167 -17.7648 17.6725  255 255 255
-21.3281 -16.0401 27.5301  255 255 255
6.6033 -16.2322 34.5026  255 255 255
10.4136 -16.4146 31.4628  255 255 255
61.0008 -18.291 4.33649  255 255 255
63.6846 -18.0143 11.4642  255 255 255
6.71657 -16.379 34.5244  255 255 255
62.4633 -18.2485 7.45103  255 255 255
60.5646 -18.4634 2.93976  255 255 255
-21.1338 -16.3274 27.8997  255 255 255
58.1494 -18.7944 -2.17112  255 255 255
58.2527 -18.9929 -2.6708  255 255 255
62.6874 -18.7004 6.68164  255 255 255
-28.7109 -16.6708 24.4441  255 255 255
67.5802 -18.425 20.5892  255 255 255
11.6585 -17.0591 31.7121  255 255 255
6.80091 -16.929 34.4494  255 255 255
59.9935 -19.1718 0.684432  255 255 255
66.0265 -18.6704 16.5142  255 255 255
67.292 -18.5633 19.6262  255 255 255
-3.80215 -16.7756 36.0133  255 255 255
6.92938 -17.1 34.4024  255 255 255
65.9157 -18.9816 15.9905  255 255 255
6.76158 -17.149 34.4741  255 255 255
6.76158 -17.149 34.4741  255 255 255
-27.5047 -17.1469 25.2892  255 255 255
3.16951 -17.2418 35.6552  255 255 255
59.6245 -19.7813 -0.163177  255 255 255
-48.5037 -18.4622 -8.2565  255 255 255
66.0339 -19.2926 15.7702  255 255 255
-11.9645 -17.1572 33.0048  255 255 255
54.7166 -20.6282 -12.1094  255 255 255
54.6542 -20.6206 -12.0515  255 255 255
60.9682 -20.0349 2.83741  255 255 255
-3.57539 -17.4484 36.0247  255 255 255
58.9477 -20.3614 -2.60242  255 255 255
-20.3105 -17.5539 29.2721  255 255 255
-15.2195 -17.5799 30.7895  255 255 255
18.6309 -18.3529 26.9223  255 255 255
66.1226 -19.8647 15.5801  255 255 255
65.5085 -19.8194 16.6964  255 255 255
-28.8907 -17.8729 24.6912  255 255 255
58.8173 -20.7126 -2.27091  255 255 255
59.0508 -20.6973 -2.61545  255 255 255
15.9756 -18.5439 27.5328  255 255 255
-53.7812 -19.3177 -6.85209  255 255 255
-51.8205 -19.3614 -7.19376  255 255 255
64.708 -20.3474 11.7674  255 255 255
17.2358 -18.7726 27.5307  255 255 255
0.962682 -18.1112 35.9221  255 255 255
60.1354 -21.0241 1.27418  255 255 255
67.0166 -20.3276 18.9467  255 255 255
-27.1177 -18.317 26.4891  255 255 255
64.4121 -20.7823 10.8165  255 255 255
-13.3215 -18.3915 32.1679  255 255 255
-13.3349 -18.3986 32.1891  255 255 255
60.9087 -21.2985 2.08011  255 255 255
60.9042 -21.2964 2.13274  255 255 255
-27.2776 -18.5453 26.1666  255 255 255
60.3194 -21.4721 0.603339  255 255 255
-13.8657 -18.5472 31.6878  255 255 255
61.1552 -21.6267 1.44259  255 255 255
61.0741 -21.6133 1.59705  255 255 255
61.0132 -21.587 1.72716  255 255 255
60.6847 -21.9592 1.3004  255 255 255
-12.5633 -18.91 32.5195  255 255 255
-13.0208 -19.2019 32.1876  255 255 255
58.9966 -22.7264 -3.83443  255 255 255
11.6078 -19.728 30.6275  255 255 255
63.7232 -22.1006 9.22261  255 255 255
3.40722 -19.4397 35.2275  255 255 255
23.5079 -20.5713 24.4633  255 255 255
-26.1573 -19.5981 27.8278  255 255 255
60.2486 -22.9635 -0.460188  255 255 255
-4.96776 -19.4631 35.6629  255 255 255
-57.7378 -21.5476 -4.30351  255 255 255
61.2606 -23.1056 1.06466  255 255 255
-27.0742 -20.1115 25.4909  255 255 255
64.0655 -23.0214 8.9068  255 255 255
62.8479 -23.3336 5.26769  255 255 255
-8.93477 -20.1099 34.3238  255 255 255
-8.97284 -20.0748 34.3502  255 255 255
8.60946 -20.4238 34.1383  255 255 255
57.3942 -24.3126 -7.10025  255 255 255
-19.1205 -20.3035 30.923  255 255 255
-7.4058 -20.3188 34.7933  255 255 255
-56.6026 -22.6073 -3.24308  255 255 255
-56.6026 -22.6073 -3.24308  255 255 255
-24.8214 -20.6843 29.0277  255 255 255
58.4622 -24.802 -5.86333  255 255 255
-3.77124 -20.5978 35.4634  255 255 255
2.47022 -20.6914 35.1527  255 255 255
60.3401 -24.534 -0.997033  255 255 255
0.582275 -20.8961 35.3979  255 255 255
-17.2506 -20.9227 32.3329  255 255 255
19.9831 -21.971 26.3878  255 255 255
-14.2181 -20.9826 33.2297  255 255 255
-14.2135 -20.9956 33.2425  255 255 255
66.2278 -23.9607 14.3992  255 255 255
-17.0163 -21.0599 32.4865  255 255 255
0.21989 -21.2013 35.3017  255 255 255
58.8726 -25.6153 -5.94263  255 255 255
58.7409 -25.581 -5.21737  255 255 255
-23.7256 -21.3601 29.6924  255 255 255
-26.5778 -21.7493 25.29  255 255 255
20.012 -22.3598 26.9582  255 255 255
60.2887 -25.5837 -1.90734  255 255 255
23.6144 -22.6108 26.6477  255 255 255
66.9553 -24.7822 14.2323  255 255 255
-24.2645 -21.8626 30.4323  255 255 255
13.2734 -22.3835 31.9125  255 255 255
-1.20155 -21.8481 35.2264  255 255 255
-15.8465 -21.8629 33.147  255 255 255
-15.8467 -21.8678 33.1608  255 255 255
6.81981 -22.1967 33.4001  255 255 255
-11.1814 -21.9807 34.1842  255 255 255
-14.5831 -21.9927 34.2399  255 255 255
60.9584 -26.628 -1.35345  255 255 255
62.4871 -26.5173 2.48561  255 255 255
62.8735 -26.5332 2.10502  255 255 255
2.37473 -22.484 34.6051  255 255 255
-15.8949 -22.3884 32.9604  255 255 255
15.9988 -23.1969 29.7471  255 255 255
67.3344 -25.617 16.3714  255 255 255
65.5354 -24.9001 24.0117  255 255 255
-6.40318 -22.6174 34.5026  255 255 255
-22.3956 -22.8281 31.0043  255 255 255
-13.2912 -22.7335 34.8707  255 255 255
-13.2912 -22.7335 34.8707  255 255 255
21.6725 -24.0004 28.6255  255 255 255
-21.5285 -23.1013 31.4864  255 255 255
-21.3019 -23.184 31.262  255 255 255
5.60128 -23.3872 33.9703  255 255 255
63.5163 -27.4734 4.01957  255 255 255
-43.2847 -26.1421 0.0335697  255 255 255
66.5491 -26.9966 11.8871  255 255 255
-54.729 -26.2167 0.887641  255 255 255
-24.3293 -23.4562 31.9153  255 255 255
62.244 -28.1508 1.95475  255 255 255
21.6721 -24.6329 29.079  255 255 255
-0.290586 -23.6746 34.8603  255 255 255
65.9 -26.411 22.8281  255 255 255
65.9397 -26.2505 23.1948  255 255 255
64.3046 -28.2111 5.83097  255 255 255
-18.3459 -23.9164 32.0317  255 255 255
-6.30417 -23.7255 35.6084  255 255 255
63.7524 -28.7003 3.77731  255 255 255
19.4313 -25.0571 29.98  255 255 255
-21.9385 -24.3054 32.8348  255 255 255
-12.4324 -24.1667 35.1322  255 255 255
-12.4248 -24.1658 35.1149  255 255 255
61.3583 -29.6275 -2.44072  255 255 255
67.0403 -28.0363 14.0835  255 255 255
63.22 -29.3848 2.26302  255 255 255
2.60129 -24.5424 35.6181  255 255 255
-14.0782 -24.5708 33.7398  255 255 255
67.2951 -28.5722 12.2883  255 255 255
-20.4143 -24.7013 33.1965  255 255 255
-2.95689 -24.6943 36.379  255 255 255
67.2838 -28.9342 12.1074  255 255 255
41.8719 -29.9124 -2.15943  255 255 255
-43.4748 -28.0656 2.49169  255 255 255
-44.7743 -28.3723 2.21473  255 255 255
-20.6435 -25.1452 33.5763  255 255 255
63.4594 -30.098 4.60973  255 255 255
64.2499 -30.2504 3.40041  255 255 255
-21.6507 -25.6104 31.9197  255 255 255
-21.3665 -25.6002 32.2751  255 255 255
-9.09891 -25.368 35.665  255 255 255
62.7399 -31.1692 -0.263241  255 255 255
66.0723 -30.0157 10.2884  255 255 255
69.2695 -29.3144 16.7858  255 255 255
69.6095 -29.3783 16.7765  255 255 255
68.2945 -29.3973 16.6923  255 255 255
-5.94601 -25.526 36.6021  255 255 255
68.213 -29.9046 13.2327  255 255 255
-18.5133 -25.7041 34.2906  255 255 255
-9.02591 -25.753 35.5067  255 255 255
66.9218 -30.4256 9.8725  255 255 255
65.222 -31.1738 5.14335  255 255 255
63.2649 -31.867 0.192528  255 255 255
-9.81876 -26.0874 35.1327  255 255 255
63.163 -32.1368 0.457791  255 255 255
4.04026 -26.4265 36.1025  255 255 255
4.20696 -26.587 36.0375  255 255 255
68.3226 -30.8227 14.6067  255 255 255
68.3226 -30.8227 14.6067  255 255 255
69.3328 -31.0791 15.1238  255 255 255
63.6799 -32.9394 0.777336  255 255 255
13.9443 -27.6081 33.7199  255 255 255
69.308 -31.3964 15.3205  255 255 255
17.1958 -27.7961 33.1624  255 255 255
69.2858 -31.4336 14.9378  255 255 255
-26.4885 -28.7139 22.4592  255 255 255
-2.21727 -27.2486 36.0545  255 255 255
66.3005 -32.6232 7.08345  255 255 255
-6.34565 -27.3307 35.6715  255 255 255
66.3127 -32.7408 7.53131  255 255 255
69.8813 -32.0986 15.1974  255 255 255
67.2346 -33.0278 9.81586  255 255 255
16.8803 -28.4682 34.2342  255 255 255
67.9325 -33.0471 10.7549  255 255 255
69.8124 -32.4971 14.9553  255 255 255
69.6707 -32.4684 15.1832  255 255 255
15.4793 -28.8239 34.439  255 255 255
-0.79291 -28.3455 35.6694  255 255 255
67.6097 -33.5737 10.0019  255 255 255
-11.3595 -28.2826 36.6381  255 255 255
8.65414 -28.9012 35.4136  255 255 255
68.603 -33.6767 12.2088  255 255 255
14.3668 -29.1877 34.6621  255 255 255
10.2035 -29.0554 35.2035  255 255 255
-11.2832 -28.6723 36.5246  255 255 255
65.395 -35.0725 5.65891  255 255 255
13.7539 -29.6948 34.7837  255 255 255
65.3934 -35.4081 5.41623  255 255 255
67.7358 -34.4378 12.4158  255 255 255
-23.509 -30.5057 26.0559  255 255 255
-23.5035 -30.4801 26.0869  255 255 255
-10.8368 -28.9648 37.1544  255 255 255
-5.6782 -29.1177 36.8444  255 255 255
14.3544 -29.9286 34.0067  255 255 255
-11.3435 -29.0364 37.2897  255 255 255
-46.2893 -33.3383 7.16248  255 255 255
-52.4242 -33.2161 8.65681  255 255 255
-10.8018 -29.1693 37.4025  255 255 255
66.5119 -35.9375 5.72175  255 255 255
70.1288 -34.6726 14.4525  255 255 255
66.42 -36.1108 5.42152  255 255 255
-13.1421 -29.4732 36.9659  255 255 255
10.6959 -30.1149 36.3588  255 255 255
66.4695 -36.3683 5.27021  255 255 255
69.2057 -35.5451 11.8257  255 255 255
4.64625 -30.0463 36.9461  255 255 255
-13.7434 -29.8589 36.4289  255 255 255
9.69093 -30.1768 36.7474  255 255 255
-46.7938 -34.2393 9.10557  255 255 255
-46.7938 -34.2393 9.10557  255 255 255
69.3242 -35.8324 12.6814  255 255 255
-5.0879 -30.1172 38.0052  255 255 255
-5.0879 -30.1172 38.0052  255 255 255
-13.0196 -30.3791 36.3072  255 255 255
66.5456 -37.5072 4.90371  255 255 255
3.3186 -30.6021 37.7298  255 255 255
-3.11506 -30.635 38.3317  255 255 255
-46.0304 -35.0716 10.3296  255 255 255
-0.741318 -30.8578 38.5352  255 255 255
5.72041 -31.0892 37.9782  255 255 255
2.10592 -31.2571 38.6117  255 255 255
-1.48923 -31.2641 38.9199  255 255 255
2.23199 -31.4858 38.5136  255 255 255
-24.0717 -33.7941 23.1788  255 255 255
11.2594 -32.7037 33.5449  255 255 255
2.64307 -31.7788 38.2104  255 255 255
-12.4199 -32.1607 34.9658  255 255 255
10.7331 -32.7226 34.0668  255 255 255
15.3746 -33.6295 29.8768  255 255 255
-1.09017 -32.1632 38.2519  255 255 255
-13.6744 -32.84 33.8245  255 255 255
2.01142 -32.4239 37.6338  255 255 255
-9.85018 -33.0606 35.3451  255 255 255
-22.4274 -35.0353 23.6914  255 255 255
0.0241927 -33.4733 36.8283  255 255 255
5.70106 -33.8771 36.3048  255 255 255
0.0977773 -34.2158 36.3125  255 255 255
43.8335 -40.5501 9.86083  255 255 255
47.2372 -40.6474 9.92032  255 255 255
44.2593 -40.6384 9.92762  255 255 255
41.8742 -40.9644 10.6042  255 255 255
5.25703 -35.2718 34.8115  255 255 255
-10.9651 -35.9529 32.3161  255 255 255
-69.4158 -39.1148 16.9424  255 255 255
10.6651 -37.3066 29.5969  255 255 255
3.87494 -36.5508 33.848  255 255 255
9.81852 -39.2222 29.0921  255 255 255
63.0928 -44.0998 13.8323  255 255 255
9.25709 -39.6154 28.7462  255 255 255
-1.9516 -39.0714 32.1941  255 255 255
60.9512 -44.7331 14.8578  255 255 255
-16.2311 -39.764 28.5638  255 255 255
-13.9072 -40.0267 28.1338  255 255 255
-14.1492 -40.1915 28.017  255 255 255
0.976511 -40.0518 31.6035  255 255 255
51.5539 -45.2596 15.7455  255 255 255
49.8564 -46.941 18.5485  255 255 255
60.2351 -47.9457 18.4767  255 255 255
60.2351 -47.9457 18.4767  255 255 255
-5.57316 -43.5835 30.4476  255 255 255
54.6312 -49.2597 20.3579  255 255 255
-17.9809 -46.1111 27.3556  255 255 255
29.6162 -49.5936 21.0596  255 255 255
-37.4542 -47.9115 24.0705  255 255 255
-35.0003 -47.9265 24.4745  255 255 255
17.0419 -48.5737 25.0017  255 255 255
-5.74653 -47.2419 31.8471  255 255 255
64.8249 -51.6956 23.4586  255 255 255
54.635 -51.5505 23.3549  255 255 255
29.9228 -51.1994 23.0156  255 255 255
56.7832 -51.8258 23.7315  255 255 255
58.1948 -51.9292 23.5219  255 255 255
-12.5094 -49.2421 27.7248  255 255 255
29.184 -51.5471 23.4471  255 255 255
29.184 -51.5471 23.4471  255 255 255
-30.8948 -49.797 25.9647  255 255 255
61.6506 -53.2245 25.0749  255 255 255
25.8693 -52.4535 24.8038  255 255 255
25.469 -52.6008 24.9428  255 255 255
25.8927 -53.2956 25.8653  255 255 255
25.3913 -53.3131 26.3447  255 255 255
25.5142 -53.4842 25.9273  255 255 255
-27.5792 -52.1526 28.6297  255 255 255
-29.5781 -52.3296 28.926  255 255 255
56.2806 -55.06 27.3541  255 255 255
28.8027 -54.2791 27.4183  255 255 255
-38.5473 -53.2332 29.8237  255 255 255
-23.94 -53.3425 29.7514  255 255 255
-37.219 -53.2565 30.3071  255 255 255
50.3734 -55.5862 28.673  255 255 255
-33.4075 -53.5291 30.3481  255 255 255
-25.6121 -53.8717 30.2762  255 255 255
23.339 -55.6592 28.655  255 255 255
50.3999 -56.4409 28.9075  255 255 255
-28.8935 -54.2838 30.9375  255 255 255
23.0795 -55.9748 29.0434  255 255 255
-35.7379 -54.4152 31.229  255 255 255
47.9718 -57.0401 28.7012  255 255 255
-23.094 -54.7561 31.34  255 255 255
23.5161 -56.2233 30.2474  255 255 255
30.9648 -57.1129 30.2661  255 255 255
-39.3504 -55.2294 32.6327  255 255 255
-28.1112 -55.4822 32.2121  255 255 255
-15.6587 -55.9159 32.1033  255 255 255
32.2642 -57.8582 30.4801  255 255 255
50.9568 -58.3442 31.5188  255 255 255
-28.9015 -56.3257 33.7255  255 255 255
56.5228 -58.8902 32.1671  255 255 255
-23.9176 -56.6573 33.2842  255 255 255
-50.0928 -56.5889 34.4217  255 255 255
-20.2149 -56.9047 33.2664  255 255 255
17.4744 -58.1362 31.9648  255 255 255
-22.8645 -57.0573 33.7498  255 255 255
-3.8119 -57.7568 33.0031  255 255 255
-19.1794 -57.4157 33.8076  255 255 255
45.8901 -59.8098 32.2073  255 255 255
-7.64933 -57.8991 33.6308  255 255 255
16.9613 -58.8289 32.7671  255 255 255
-29.1777 -57.5798 34.3594  255 255 255
15.5144 -58.6432 33.2587  255 255 255
-13.8295 -57.8188 33.9077  255 255 255
-7.68431 -58.0902 33.7978  255 255 255
-0.78475 -58.3498 33.6106  255 255 255
-32.9446 -57.5285 35.231  255 255 255
0.296154 -58.4806 33.4756  255 255 255
-18.6178 -57.8502 34.4972  255 255 255
-3.63203 -58.2042 34.1136  255 255 255
14.3295 -59.0301 33.0664  255 255 255
6.83703 -58.7931 33.4526  255 255 255
-10.5794 -58.201 34.2519  255 255 255
40.837 -59.9789 33.8115  255 255 255
34.977 -59.9578 33.609  255 255 255
-9.24837 -58.5908 34.6091  255 255 255
-9.2419 -58.6079 34.5659  255 255 255
2.8466 -58.9782 34.8747  255 255 255
23.1092 -59.7628 34.3003  255 255 255
21.1931 -59.6902 34.3783  255 255 255
-9.98821 -58.7986 34.8995  255 255 255
-2.17664 -59.1203 34.4895  255 255 255
6.95667 -59.2995 34.5699  255 255 255
7.03687 -59.487 34.1993  255 255 255
7.03687 -59.487 34.1993  255 255 255
-14.2845 -58.7734 35.1076  255 255 255
40.1945 -60.8058 33.725  255 255 255
-1.19668 -59.4069 34.3414  255 255 255
48.3809 -60.7609 34.5203  255 255 255
-14.5016 -58.9685 35.3327  255 255 255
-3.20556 -59.4625 34.8332  255 255 255
-14.3446 -59.0181 35.6476  255 255 255
-14.3483 -59.0922 35.4621  255 255 255
18.0631 -60.4907 35.4547  255 255 255
-7.35016 -59.7557 36.4804  255 255 255
19.6412 -60.9675 35.2693  255 255 255
-7.64852 -60.0714 36.2694  255 255 255
41.5428 -62.0425 35.0769  255 255 255
41.5428 -62.0425 35.0769  255 255 255
-78.3467 53.6452 -10.9277  255 255 255
25.7161 74.9479 -74.1776  255 255 255
-72.4836 54.942 -15.1996  255 255 255
-73.0613 54.4421 -14.7192  255 255 255
48.0198 79.3186 -86.724  255 255 255
-52.8062 58.4195 -27.6792  255 255 255
-52.8201 58.465 -27.8021  255 255 255
-35.765 61.6951 -38.0959  255 255 255
62.3111 82.1794 -94.7106  255 255 255
62.4138 82.2609 -94.8717  255 255 255
-54.7 57.8898 -26.2429  255 255 255
-67.4266 55.4842 -18.6818  255 255 255
-68.8635 55.1475 -17.8572  255 255 255
-68.7415 54.939 -17.2724  255 255 255
-0.678731 68.6901 -59.3215  255 255 255
-0.678731 68.6901 -59.3215  255 255 255
28.3704 74.8862 -76.5224  255 255 255
-50.6479 58.5152 -29.4452  255 255 255
-42.8038 59.9485 -34.0352  255 255 255
-76.7899 53.0662 -12.2181  255 255 255
-36.2165 60.9751 -38.3393  255 255 255
-36.1744 60.928 -38.3961  255 255 255
30.2665 74.6327 -77.6572  255 255 255
-64.4669 55.4008 -21.1848  255 255 255
30.9562 74.5042 -78.4527  255 255 255
-71.0129 53.9215 -17.067  255 255 255
51.9117 78.6338 -90.0103  255 255 255
58.2616 79.9375 -93.7454  255 255 255
61.6859 80.5531 -95.4462  255 255 255
48.7749 77.7177 -88.4691  255 255 255
-41.1697 59.2683 -36.1661  255 255 255
52.3044 48.8721 -12.0766  255 255 255
-31.5389 61.0142 -41.9868  255 255 255
29.4843 73.3119 -77.6743  255 255 255
27.2275 73.0414 -77.2254  255 255 255
-65.3459 54.4425 -21.1236  255 255 255
59.8627 79.367 -95.2454  255 255 255
-65.7453 54.3716 -21.2689  255 255 255
6.34258 68.275 -64.964  255 255 255
-25.5366 61.4478 -45.8356  255 255 255
47.989 51.1707 -20.3336  255 255 255
27.6593 72.3058 -77.9744  255 255 255
26.7355 72.0605 -77.7693  255 255 255
54.869 46.1634 -7.94362  255 255 255
29.266 72.1372 -78.843  255 255 255
22.9813 70.8754 -75.6153  255 255 255
27.4635 71.5181 -77.3729  255 255 255
52.0552 48.082 -13.3353  255 255 255
59.686 78.1884 -96.4205  255 255 255
-66.3001 53.2696 -21.2504  255 255 255
-65.0619 53.5238 -22.2419  255 255 255
29.817 71.9928 -79.7833  255 255 255
-64.3727 53.6747 -22.884  255 255 255
-7.39422 64.3947 -57.9129  255 255 255
36.9807 73.3962 -84.1143  255 255 255
-64.029 53.5635 -23.036  255 255 255
38.39 73.2881 -83.873  255 255 255
38.7691 73.6434 -85.163  255 255 255
47.7683 50.5698 -21.4415  255 255 255
61.9003 78.2045 -98.226  255 255 255
68.1616 79.155 -101.001  255 255 255
-65.3672 52.7099 -21.2166  255 255 255
-82.2722 49.9391 -11.4324  255 255 255
-82.2722 49.9391 -11.4324  255 255 255
-7.16207 63.7875 -57.6068  255 255 255
22.9073 69.9894 -75.7208  255 255 255
39.3539 73.3569 -85.7065  255 255 255
67.3039 79.0098 -101.339  255 255 255
19.1128 69.2567 -74.1782  255 255 255
52.8623 47.0918 -13.1521  255 255 255
-131.783 76.4387 -80.0687  255 255 255
-52.8806 55.1359 -30.3927  255 255 255
-52.7698 54.9124 -29.7735  255 255 255
50.2435 35.9549 17.5934  255 255 255
50.2279 35.9405 17.6079  255 255 255
51.1934 47.744 -15.54  255 255 255
-4.53948 64.0184 -59.8477  255 255 255
-4.52057 64.0048 -59.868  255 255 255
49.9147 48.3096 -18.2937  255 255 255
49.9288 36.2345 15.2279  255 255 255
50.3132 36.4673 14.657  255 255 255
50.5062 35.7814 16.3651  255 255 255
-80.3955 49.4266 -13.2749  255 255 255
67.0272 77.0561 -102.337  255 255 255
65.254 76.495 -101.286  255 255 255
11.5417 66.1188 -71.3905  255 255 255
50.8407 35.1198 16.3978  255 255 255
50.8554 35.1135 16.3832  255 255 255
11.0619 65.7191 -71.442  255 255 255
31.7551 61.8886 -60.7467  255 255 255
-66.0075 50.9935 -23.3678  255 255 255
66.8205 76.1042 -103  255 255 255
-15.7517 60.0423 -55.3278  255 255 255
-66.0886 50.7263 -23.8691  255 255 255
55.2472 43.2214 -9.21061  255 255 255
-82.3603 47.6509 -12.9907  255 255 255
52.9915 32.309 21.6153  255 255 255
-77.4229 48.2795 -16.6662  255 255 255
63.223 75.4322 -105.225  255 255 255
-49.7749 52.7307 -35.0641  255 255 255
48.4957 70.966 -94.5938  255 255 255
54.3219 72.2819 -98.5069  255 255 255
-11.487 59.1768 -59.6136  255 255 255
-11.4921 59.1846 -59.6014  255 255 255
-39.3379 54.0852 -42.1432  255 255 255
-35.4123 54.6886 -44.8093  255 255 255
-35.4378 54.6904 -44.7717  255 255 255
50.7841 33.3684 15.3207  255 255 255
-14.4481 58.0265 -57.8787  255 255 255
-14.4481 58.0265 -57.8787  255 255 255
-51.1613 51.6258 -35.3404  255 255 255
-51.1613 51.6258 -35.3404  255 255 255
-75.0334 47.5233 -19.8535  255 255 255
-74.37 47.7138 -20.6786  255 255 255
50.5197 33.1818 14.6376  255 255 255
47.082 69.2944 -95.0549  255 255 255
47.0317 69.2402 -94.8664  255 255 255
-74.6356 47.3382 -20.2617  255 255 255
-115.277 61.8267 -58.7168  255 255 255
-9.56052 58.3943 -61.0527  255 255 255
53.3585 31.2101 19.2235  255 255 255
-107.809 57.2834 -48.7998  255 255 255
53.1509 41.9886 -14.8143  255 255 255
44.932 67.5453 -94.5779  255 255 255
-113.443 59.8745 -57.4906  255 255 255
52.4895 31.1657 17.0947  255 255 255
55.8119 28.6337 23.8858  255 255 255
-84.1587 44.3004 -15.1952  255 255 255
-17.0935 55.4548 -58.4312  255 255 255
-17.0935 55.4548 -58.4312  255 255 255
56.5234 28.1024 25.3653  255 255 255
50.3202 43.0034 -20.7623  255 255 255
50.0236 42.9983 -21.7062  255 255 255
-51.5513 49.3291 -36.8348  255 255 255
-42.1948 50.7966 -43.0459  255 255 255
-36.1487 51.7448 -46.5144  255 255 255
-63.1942 47.2304 -29.4889  255 255 255
-57.3089 48.2817 -33.5574  255 255 255
51.3745 30.9342 14.8882  255 255 255
51.1407 30.8333 14.6657  255 255 255
53.272 29.4614 18.1317  255 255 255
55.8389 28.0525 22.6196  255 255 255
-18.525 53.8724 -58.7911  255 255 255
-18.5339 53.8374 -58.7094  255 255 255
-9.31095 55.0488 -63.6797  255 255 255
-9.31095 55.0488 -63.6797  255 255 255
-101.357 51.383 -41.3547  255 255 255
-78.1925 44.0249 -20.6276  255 255 255
-50.1917 48.1075 -38.9986  255 255 255
48.2887 42.1707 -25.5509  255 255 255
29.6643 61.1802 -89.46  255 255 255
49.8018 30.5968 11.1138  255 255 255
-18.1811 52.7351 -59.9995  255 255 255
52.8206 28.6986 16.4141  255 255 255
52.8206 28.6986 16.4141  255 255 255
56.6726 26.6733 23.5067  255 255 255
52.1075 38.9795 -18.1015  255 255 255
22.3801 59.4315 -85.7302  255 255 255
19.8025 58.7284 -84.2953  255 255 255
-37.4417 48.6941 -48.203  255 255 255
59.1126 24.5362 28.7721  255 255 255
-11.2688 52.6023 -64.8709  255 255 255
59.7629 23.8403 29.9349  255 255 255
-9.41855 52.7531 -66.3256  255 255 255
59.6479 23.957 29.3672  255 255 255
48.5292 62.4223 -102.3  255 255 255
48.6418 62.54 -102.549  255 255 255
59.8384 23.5114 29.9716  255 255 255
59.886 23.5361 29.8905  255 255 255
52.7176 37.8621 -18.8815  255 255 255
52.7653 27.6546 15.5025  255 255 255
59.8485 23.3564 28.8686  255 255 255
23.799 57.1434 -88.2524  255 255 255
60.6437 22.6117 30.836  255 255 255
-43.0596 45.5313 -46.2126  255 255 255
-29.6968 47.6523 -55.5137  255 255 255
50.1912 28.1494 9.99812  255 255 255
-67.0269 41.8315 -31.1964  255 255 255
50.0122 27.9512 9.5268  255 255 255
50.3477 27.7247 10.0453  255 255 255
55.6176 24.8127 20.3199  255 255 255
60.1541 22.161 28.6067  255 255 255
60.4813 21.9374 29.4034  255 255 255
55.6514 24.5093 20.0442  255 255 255
55.6514 24.5093 20.0442  255 255 255
-103.98 47.5339 -49.4336  255 255 255
-49.7257 43.3461 -42.7611  255 255 255
53.1321 25.7395 14.7228  255 255 255
-28.2087 46.5978 -57.8106  255 255 255
18.7692 53.9851 -87.7667  255 255 255
56.1842 23.8436 20.5257  255 255 255
-28.0121 46.1947 -58.1395  255 255 255
-38.0938 44.6783 -51.5814  255 255 255
53.0408 25.396 14.5209  255 255 255
53.495 25.0402 15.4794  255 255 255
-39.343 44.125 -50.8423  255 255 255
-59.919 41.2422 -38.5483  255 255 255
-64.2811 40.3784 -35.2391  255 255 255
-64.269 40.3971 -35.2487  255 255 255
-48.9257 42.4862 -45.3104  255 255 255
61.4724 20.3699 30.1962  255 255 255
50.7236 25.7488 9.80705  255 255 255
53.9674 23.8824 16.2038  255 255 255
48.5598 35.5697 -29.1894  255 255 255
49.8502 34.8519 -26.6178  255 255 255
51.783 33.3366 -22.4439  255 255 255
-58.3029 39.8366 -40.2104  255 255 255
58.3455 21.0643 23.6029  255 255 255
-135.997 54.7344 -86.8012  255 255 255
52.4467 33.1249 -23.3781  255 255 255
52.4467 33.1249 -23.3781  255 255 255
-96.7565 41.0162 -40.7056  255 255 255
47.2184 34.8695 -32.6827  255 255 255
48.4966 25.3331 4.38834  255 255 255
-49.1685 39.9782 -47.2616  255 255 255
-49.1369 39.9678 -47.2796  255 255 255
-9.23401 45.4001 -73.2154  255 255 255
-52.9536 39.2911 -44.715  255 255 255
49.1995 24.7722 5.59758  255 255 255
-65.194 37.604 -36.8783  255 255 255
-65.1444 37.563 -36.7834  255 255 255
-64.391 37.5144 -36.6047  255 255 255
-49.8064 39.2541 -47.0812  255 255 255
51.7198 31.545 -23.9956  255 255 255
-80.9748 34.916 -27.0512  255 255 255
48.5155 24.4632 3.75514  255 255 255
51.3246 23.1837 9.27317  255 255 255
-79.9652 34.6832 -28.1892  255 255 255
-26.8722 41.3437 -63.1543  255 255 255
51.3658 22.6988 9.48343  255 255 255
-75.6047 35.3635 -31.8801  255 255 255
-80.0051 34.25 -28.3599  255 255 255
-80.0755 34.2934 -28.5483  255 255 255
-76.3554 34.8258 -31.6726  255 255 255
-75.0066 34.2769 -32.4091  255 255 255
53.1939 29.2353 -22.2082  255 255 255
61.0171 17.3003 27.5157  255 255 255
60.9189 17.2598 27.5982  255 255 255
50.3271 22.1437 6.63063  255 255 255
54.2231 28.3975 -20.2331  255 255 255
-33.4329 38.7727 -60.3272  255 255 255
-80.2735 33.2132 -29.4877  255 255 255
-28.9165 39.4329 -63.5741  255 255 255
50.3291 30.169 -28.791  255 255 255
53.7336 28.4004 -21.2573  255 255 255
54.4044 28.0116 -20.1621  255 255 255
-64.6387 33.2372 -34.6006  255 255 255
-64.9019 32.859 -34.1527  255 255 255
54.4003 27.5768 -20.3429  255 255 255
-40.6062 37.0951 -56.0338  255 255 255
-40.6374 37.1438 -56.2369  255 255 255
-130.366 44.9332 -76.3394  255 255 255
-34.74 37.72 -61.1489  255 255 255
-12.16 40.4343 -75.7495  255 255 255
58.2667 17.3435 21.7724  255 255 255
-12.8758 39.6955 -75.8413  255 255 255
-83.2068 31.2191 -29.2149  255 255 255
53.1009 19.2361 11.3538  255 255 255
53.1214 19.2403 11.323  255 255 255
53.111 19.2436 11.327  255 255 255
-63.6383 33.0664 -42.0517  255 255 255
-50.6576 34.9346 -53.341  255 255 255
-61.6079 32.9515 -43.8216  255 255 255
15.9859 38.3966 -76.7731  255 255 255
-66.7591 32.3541 -41.1735  255 255 255
-9.85997 38.0574 -74.8417  255 255 255
58.6264 16.3876 21.5947  255 255 255
53.7988 18.4176 12.1753  255 255 255
57.0139 17.1077 18.0196  255 255 255
59.4115 15.878 22.8865  255 255 255
59.346 15.8445 22.9805  255 255 255
50.4365 19.7373 4.17047  255 255 255
50.3265 19.6704 4.44806  255 255 255
58.6625 15.9791 21.2457  255 255 255
56.9219 16.6491 18.1381  255 255 255
50.0348 19.5792 4.24736  255 255 255
-33.75 34.4205 -64.4191  255 255 255
-8.24018 35.4832 -71.8844  255 255 255
-58.1259 31.7223 -47.7165  255 255 255
49.4798 19.2097 2.57296  255 255 255
54.0023 17.2047 12.1813  255 255 255
-77.7338 29.7035 -35.3402  255 255 255
60.2153 14.6257 23.9252  255 255 255
60.1415 14.6005 23.9723  255 255 255
52.6835 17.68 8.94653  255 255 255
60.529 14.3462 24.7134  255 255 255
60.529 14.3462 24.7134  255 255 255
47.6199 19.4441 -0.880374  255 255 255
60.0105 14.5059 22.93  255 255 255
-74.9892 30.0325 -40.8398  255 255 255
52.2992 17.4202 8.20852  255 255 255
-74.7118 30.0644 -41.4485  255 255 255
-56.2769 31.0228 -50.2283  255 255 255
-47.3818 32.0057 -56.4534  255 255 255
-34.9966 33.3134 -64.7202  255 255 255
57.3898 15.1201 18.088  255 255 255
57.4072 15.1303 18.0553  255 255 255
-75.0975 29.6732 -41.4165  255 255 255
48.1401 18.4377 -0.192157  255 255 255
-79.5321 28.0235 -35.242  255 255 255
-84.804 27.3031 -31.5579  255 255 255
-66.3136 28.9763 -44.2372  255 255 255
61.5497 12.786 26.0004  255 255 255
55.4837 15.1409 13.774  255 255 255
55.5422 15.1513 13.7716  255 255 255
-41.7781 30.9497 -61.4936  255 255 255
-2.1196 31.2309 -67.213  255 255 255
52.7617 16.1265 7.79348  255 255 255
50.5205 16.451 3.67854  255 255 255
-39.4764 30.2872 -62.1626  255 255 255
-85.4124 25.086 -31.6209  255 255 255
40.6243 28.8453 -67.6798  255 255 255
46.3659 23.8528 -42.1579  255 255 255
50.1007 15.47 2.34696  255 255 255
52.9841 14.5097 7.61617  255 255 255
-63.0931 26.4084 -46.8771  255 255 255
-73.4544 26.404 -45.0166  255 255 255
-0.390605 27.7531 -63.9464  255 255 255
58.7334 12.0868 19.0996  255 255 255
58.6973 12.1234 19.1484  255 255 255
63.0189 10.3977 27.7409  255 255 255
59.7859 11.8973 18.847  255 255 255
47.0965 22.4322 -40.8781  255 255 255
47.0812 22.5101 -40.8732  255 255 255
-80.5609 24.5624 -37.1465  255 255 255
-44.4367 27.3328 -60.6388  255 255 255
-79.712 24.3063 -37.3602  255 255 255
59.3031 11.3773 19.8391  255 255 255
59.0474 11.3212 19.5575  255 255 255
-75.4364 25.2405 -46.1836  255 255 255
59.5305 11.0465 19.7229  255 255 255
26.5018 25.898 -65.0733  255 255 255
-67.5916 24.679 -46.8724  255 255 255
49.6626 20.5466 -35.8411  255 255 255
-84.5754 23.1611 -35.4927  255 255 255
53.3357 12.8047 7.62898  255 255 255
-81.4655 23.1896 -38.7245  255 255 255
48.5569 14.0492 -1.96026  255 255 255
49.0724 13.9819 -2.00097  255 255 255
49.0905 13.9366 -1.95762  255 255 255
53.694 12.2099 7.85206  255 255 255
53.6136 12.1593 8.07382  255 255 255
48.8874 13.6285 -2.21286  255 255 255
59.0294 10.1253 18.356  255 255 255
-1.19846 22.8093 -58.0838  255 255 255
54.5021 11.3143 8.99518  255 255 255
-38.4169 22.9854 -55.5415  255 255 255
60.984 8.881 21.8863  255 255 255
-36.0622 22.4448 -54.5489  255 255 255
58.878 9.39688 17.9136  255 255 255
62.6364 7.85734 26.0324  255 255 255
62.8681 7.78098 26.5048  255 255 255
53.7774 10.6933 6.80974  255 255 255
62.906 7.55339 26.3565  255 255 255
51.3659 11.3486 2.49923  255 255 255
-18.3772 20.7519 -54.4534  255 255 255
58.8024 8.80341 17.3698  255 255 255
28.9345 20.1564 -57.304  255 255 255
-85.3213 19.646 -37.2368  255 255 255
59.032 8.3981 16.6552  255 255 255
-15.168 19.9806 -53.6434  255 255 255
-82.813 19.4502 -38.1214  255 255 255
-20.3205 19.8694 -53.1254  255 255 255
-6.55504 19.5356 -52.6601  255 255 255
50.4258 10.6086 1.28551  255 255 255
-43.8647 19.7761 -50.764  255 255 255
52.6861 15.3686 -31.9019  255 255 255
52.1176 10.0631 2.93007  255 255 255
33.7388 18.5633 -56.1514  255 255 255
52.1345 9.63917 3.07836  255 255 255
-18.5363 18.0451 -51.3117  255 255 255
63.9098 5.7716 27.0401  255 255 255
-70.1724 18.9566 -49.9028  255 255 255
-22.4041 16.8029 -49.0706  255 255 255
-19.2641 16.8942 -50.2545  255 255 255
-13.6187 16.767 -50.2326  255 255 255
-15.3549 16.7185 -50.285  255 255 255
60.8252 6.11914 20.1422  255 255 255
51.8485 13.4173 -33.0375  255 255 255
53.9616 8.01981 5.77588  255 255 255
57.3435 7.03923 12.972  255 255 255
57.3977 7.04527 12.9345  255 255 255
56.5702 7.0299 11.1806  255 255 255
56.573 7.02492 11.1816  255 255 255
-60.8352 16.9805 -48.1668  255 255 255
-79.4093 17.2902 -46.2876  255 255 255
48.3094 8.73226 -6.05729  255 255 255
-13.8829 14.3432 -47.5864  255 255 255
50.9081 7.58603 -1.23882  255 255 255
51.9215 7.37674 0.485475  255 255 255
-16.6765 14.2148 -47.5074  255 255 255
-57.473 14.0002 -44.762  255 255 255
52.2416 6.53594 0.0372866  255 255 255
-18.7868 12.9327 -45.4248  255 255 255
55.3875 5.21472 7.02821  255 255 255
-34.4219 12.3315 -44.7687  255 255 255
63.4508 2.76242 23.8307  255 255 255
58.1044 3.92492 13.0208  255 255 255
-15.1126 11.2094 -44.0416  255 255 255
58.3733 3.53004 12.9683  255 255 255
-15.9741 10.5445 -42.6808  255 255 255
-4.91071 2.57507 22.8857  255 255 255
-1.96739 2.34362 21.6286  255 255 255
-72.2439 10.8074 -40.408  255 255 255
52.0321 4.13078 -0.898041  255 255 255
52.4451 3.82239 -0.204138  255 255 255
50.3929 4.21809 -5.07614  255 255 255
-10.115 1.82016 21.4418  255 255 255
51.2004 3.57937 -3.05799  255 255 255
56.0956 2.34769 6.8197  255 255 255
56.1334 2.35541 6.72124  255 255 255
51.3953 3.1963 -3.15295  255 255 255
58.91 1.61045 11.9099  255 255 255
-54.7523 8.23343 -37.8974  255 255 255
62.7735 0.521751 21.2117  255 255 255
53.4086 2.51396 1.22297  255 255 255
47.6854 3.7288 -11.3628  255 255 255
52.9382 2.5894 0.181368  255 255 255
-25.2466 7.15406 -39.7063  255 255 255
57.5577 1.14097 9.4819  255 255 255
57.6071 0.819513 9.13103  255 255 255
56.9703 0.825345 7.71585  255 255 255
64.6143 -0.826472 24.3848  255 255 255
57.2967 0.760584 7.87314  255 255 255
57.1448 0.713764 8.17906  255 255 255
58.1704 0.47739 10.5448  255 255 255
57.6771 0.380671 9.19644  255 255 255
57.6771 0.380671 9.19644  255 255 255
60.7436 -0.148612 13.9787  255 255 255
60.7509 -0.170274 13.9889  255 255 255
62.731 -0.733944 20.0261  255 255 255
62.731 -0.733944 20.0261  255 255 255
64.3858 -1.13766 23.7257  255 255 255
62.9382 -1.00302 19.3797  255 255 255
62.5641 -1.04969 19.9978  255 255 255
-18.0732 1.21643 3.04516  255 255 255
54.164 0.288624 1.32981  255 255 255
57.5245 -0.457684 8.39683  255 255 255
62.5157 -1.48141 19.6053  255 255 255
-39.6957 4.11127 -33.9698  255 255 255
63.0531 -1.7184 20.5093  255 255 255
55.5257 -0.406964 4.75329  255 255 255
-19.0587 0.387786 3.98987  255 255 255
62.5192 -1.74504 19.3571  255 255 255
55.4973 -0.495287 3.96952  255 255 255
55.4973 -0.495287 3.96952  255 255 255
0.0459945 -1.96414 27.4086  255 255 255
59.5634 -1.24328 12.6273  255 255 255
58.4945 -1.12769 10.1471  255 255 255
63.4585 -2.05715 20.8782  255 255 255
61.8323 -1.83515 17.9775  255 255 255
61.7522 -1.82698 17.326  255 255 255
62.7188 -2.08065 19.3667  255 255 255
62.7188 -2.06564 19.3541  255 255 255
59.8519 -1.59361 12.9927  255 255 255
-105.575 4.92234 -30.749  255 255 255
59.1228 -1.61821 11.2085  255 255 255
59.1228 -1.61821 11.2085  255 255 255
46.6609 0.523189 -16.2564  255 255 255
62.8308 -2.46065 19.4862  255 255 255
60.2635 -2.06884 13.5776  255 255 255
-20.3925 -0.560658 5.39762  255 255 255
56.0217 -1.43256 4.37632  255 255 255
62.4141 -2.63836 18.6027  255 255 255
63.1856 -2.86023 18.9012  255 255 255
51.9799 -1.17828 -4.48132  255 255 255
62.4208 -2.99639 18.3148  255 255 255
59.5081 -2.49542 11.2661  255 255 255
59.3926 -2.56348 11.457  255 255 255
61.1151 -2.83358 11.5486  255 255 255
58.9483 -2.65813 10.0937  255 255 255
58.9934 -2.66208 10.0563  255 255 255
-44.834 1.44516 -31.1675  255 255 255
61.3205 -3.16436 15.1614  255 255 255
62.0644 -3.41538 17.7441  255 255 255
59.6974 -3.0812 11.4385  255 255 255
-23.107 -1.86648 7.01089  255 255 255
62.0523 -3.57328 16.8144  255 255 255
54.0062 -2.44846 -0.983845  255 255 255
61.7704 -3.71546 15.7589  255 255 255
61.6845 -3.74523 15.8889  255 255 255
61.8491 -3.8774 17.0226  255 255 255
60.4837 -3.64687 12.7877  255 255 255
60.4806 -3.64796 12.7938  255 255 255
63.0597 -4.0819 18.8503  255 255 255
63.0597 -4.0819 18.8503  255 255 255
-71.1264 0.711123 -26.5317  255 255 255
-22.867 -2.62879 7.86207  255 255 255
54.2336 -3.06799 -0.705346  255 255 255
41.9403 -1.0017 -34.4245  255 255 255
54.4948 -3.24882 -0.352001  255 255 255
65.22 -4.88499 23.4602  255 255 255
60.0567 -4.23306 11.585  255 255 255
-47.509 -0.3794 -28.4608  255 255 255
54.4052 -3.50573 -0.675845  255 255 255
-11.0187 -4.63074 29.2618  255 255 255
51.2487 -3.14783 -7.89458  255 255 255
62.926 -4.85962 18.3082  255 255 255
62.3208 -4.9196 16.7494  255 255 255
54.7345 -4.09446 -0.436774  255 255 255
63.0548 -5.27585 18.0493  255 255 255
63.0345 -5.26366 18.0707  255 255 255
-5.67064 -5.43647 32.0997  255 255 255
65.1722 -5.60913 22.0841  255 255 255
55.02 -4.38201 0.0962206  255 255 255
61.1235 -5.33903 13.3342  255 255 255
54.7847 -4.76601 -0.790932  255 255 255
62.4169 -5.88397 15.9344  255 255 255
49.6345 -4.52326 -12.6352  255 255 255
-19.708 -4.98413 15.1055  255 255 255
62.3599 -6.04321 15.5919  255 255 255
-67.3586 -2.13937 -26.0919  255 255 255
47.1152 -4.87262 -17.8667  255 255 255
64.6172 -6.73461 20.738  255 255 255
-19.8855 -5.52653 15.8437  255 255 255
59.1733 -6.30845 8.08329  255 255 255
60.2395 -6.41173 10.796  255 255 255
62.2509 -6.94339 14.7268  255 255 255
62.18 -6.96053 14.8288  255 255 255
5.71869 -7.15973 32.3365  255 255 255
47.9192 -5.93339 -17.2582  255 255 255
55.21 -6.73863 -0.951808  255 255 255
59.347 -7.22686 7.69165  255 255 255
64.5454 -8.05114 20.0049  255 255 255
57.5734 -7.47612 3.78073  255 255 255
58.7926 -7.58801 6.4532  255 255 255
66.267 -8.34887 22.9606  255 255 255
-24.7886 -6.80619 13.2607  255 255 255
2.00985 -7.99387 33.9801  255 255 255
60.5859 -7.86521 10.2602  255 255 255
60.5895 -7.87282 10.2719  255 255 255
-17.2577 -7.59739 26.0308  255 255 255
62.5463 -8.11719 13.5193  255 255 255
66.1855 -8.77081 22.788  255 255 255
-3.76993 -8.34553 34.2803  255 255 255
58.7212 -8.27047 5.32492  255 255 255
-2.30554 -8.4086 34.3227  255 255 255
1.72493 -8.6347 34.4131  255 255 255
56.7344 -8.47053 1.0851  255 255 255
-46.9206 -6.29151 -23.2722  255 255 255
-70.455 -5.90191 -22.227  255 255 255
62.7446 -9.0573 14.9045  255 255 255
-14.3898 -8.59363 29.5651  255 255 255
-2.07549 -9.03184 34.7429  255 255 255
-2.08315 -9.03089 34.8314  255 255 255
-8.17389 -9.13438 33.5386  255 255 255
9.15176 -9.39394 31.6517  255 255 255
46.2351 -8.66367 -22.4489  255 255 255
-56.5322 -7.50341 -20.5099  255 255 255
61.4942 -9.94168 11.068  255 255 255
3.98878 -9.90046 34.3469  255 255 255
48.5171 -9.47764 -18.2413  255 255 255
2.63208 -9.99177 34.5469  255 255 255
46.5757 -9.94721 -23.7626  255 255 255
56.6899 -10.5355 -0.521745  255 255 255
59.3525 -10.7042 6.43991  255 255 255
24.0032 -10.4163 12.8344  255 255 255
60.0255 -10.7795 8.22845  255 255 255
58.3887 -10.8 3.23922  255 255 255
58.5696 -10.8216 3.70633  255 255 255
47.4576 -10.4216 -24.0869  255 255 255
46.9258 -10.4739 -22.3573  255 255 255
56.8258 -10.9915 -0.443423  255 255 255
59.3413 -11.0785 5.58322  255 255 255
-27.8426 -9.98455 16.8336  255 255 255
58.8626 -11.0741 4.12428  255 255 255
66.0865 -11.4164 20.8631  255 255 255
-13.4502 -10.4604 31.1388  255 255 255
-69.3666 -8.93318 -18.3307  255 255 255
58.44 -11.3722 2.16722  255 255 255
58.9334 -11.5346 4.02181  255 255 255
59.1886 -11.5016 4.68911  255 255 255
64.3711 -11.8715 16.7348  255 255 255
66.6651 -12.0325 21.8758  255 255 255
58.6006 -11.8035 2.92403  255 255 255
59.6356 -11.8632 5.51738  255 255 255
47.3994 -11.5069 -22.9206  255 255 255
61.0264 -11.8904 8.54804  255 255 255
66.1163 -12.0831 20.8185  255 255 255
56.9883 -11.888 -0.785853  255 255 255
59.3746 -11.9203 4.80791  255 255 255
64.2135 -12.0792 16.5483  255 255 255
64.2135 -12.0792 16.5483  255 255 255
60.4969 -12.3611 7.27199  255 255 255
62.2422 -12.5164 11.7387  255 255 255
-26.0759 -11.3109 18.2558  255 255 255
56.8485 -12.5515 -1.31292  255 255 255
56.8903 -12.5487 -1.41819  255 255 255
59.0219 -12.5737 3.47935  255 255 255
66.5439 -12.8169 21.0248  255 255 255
50.8718 -12.6062 -14.5727  255 255 255
-49.3485 -11.1709 -16.3703  255 255 255
-8.4171 -11.8816 34.4086  255 255 255
60.3164 -12.9648 5.74119  255 255 255
-52.1145 -11.3657 -16.0078  255 255 255
59.8922 -13.03 4.3728  255 255 255
-54.6942 -11.481 -15.7126  255 255 255
60.5953 -13.174 6.85146  255 255 255
60.5868 -13.172 6.85393  255 255 255
-52.4869 -11.5104 -15.5964  255 255 255
-3.67612 -12.2408 35.5864  255 255 255
63.5106 -13.2726 13.586  255 255 255
55.9363 -13.5326 -4.14966  255 255 255
-52.3466 -11.949 -15.235  255 255 255
-52.3604 -11.9408 -15.2097  255 255 255
49.1409 -13.5967 -20.3677  255 255 255
58.0467 -13.8162 0.115414  255 255 255
60.6591 -13.9589 6.99354  255 255 255
65.742 -13.9923 18.6015  255 255 255
-19.0359 -12.6902 25.707  255 255 255
58.2813 -14.1654 0.582541  255 255 255
-19.6962 -12.9228 24.4713  255 255 255
-48.5137 -12.9242 -14.1915  255 255 255
-49.2702 -13.1319 -13.921  255 255 255
-52.6752 -13.1146 -13.7799  255 255 255
66.1408 -14.5526 19.4282  255 255 255
66.1946 -14.5404 19.3842  255 255 255
53.4169 -14.8345 -10.4529  255 255 255
66.031 -14.6037 18.9766  255 255 255
64.3645 -14.7421 15.361  255 255 255
-20.3281 -13.3559 24.9664  255 255 255
58.349 -14.8632 0.310314  255 255 255
58.2299 -14.9033 0.512534  255 255 255
66.8289 -14.8832 20.3966  255 255 255
1.10288 -13.7834 35.8634  255 255 255
51.5437 -15.4057 -14.9623  255 255 255
19.2217 -14.4593 22.3522  255 255 255
59.9076 -15.3681 3.72114  255 255 255
-63.4611 -13.8714 -12.3538  255 255 255
58.0168 -15.6113 -0.605568  255 255 255
-4.11737 -14.1373 35.7772  255 255 255
58.775 -15.9196 0.588603  255 255 255
-27.7955 -14.1695 21.6428  255 255 255
-55.5651 -14.5205 -12.7757  255 255 255
-21.687 -14.3101 26.0797  255 255 255
57.9084 -16.2282 -1.08042  255 255 255
10.3835 -15.035 32.3842  255 255 255
58.4282 -16.615 -0.787291  255 255 255
-55.1066 -15.2098 -11.4215  255 255 255
-17.4441 -14.8468 28.3063  255 255 255
-17.4296 -14.8616 28.2652  255 255 255
66.4408 -16.5354 18.6514  255 255 255
-6.89577 -15.2619 35.2722  255 255 255
55.2749 -17.5249 -9.43313  255 255 255
-20.3317 -15.3563 27.2532  255 255 255
7.12304 -15.8434 34.223  255 255 255
59.8601 -17.6959 1.97858  255 255 255
-3.34555 -15.6468 36.0873  255 255 255
60.443 -17.7736 3.28035  255 255 255
59.5526 -17.9225 1.58196  255 255 255
58.1224 -18.0981 -2.31117  255 255 255
58.0942 -18.0984 -2.25489  255 255 255
61.107 -17.9739 4.45239  255 255 255
66.9467 -17.7048 19.1649  255 255 255
66.4707 -17.7937 18.4421  255 255 255
66.7359 -17.8976 18.6068  255 255 255
66.6449 -17.8881 18.7479  255 255 255
57.3277 -18.7984 -4.11069  255 255 255
-18.4105 -16.3448 28.4778  255 255 255
63.4015 -18.3764 9.86713  255 255 255
63.3865 -18.3785 9.87232  255 255 255
-40.9799 -17.476 -9.61544  255 255 255
-40.9743 -17.4828 -9.6223  255 255 255
-6.81673 -16.3469 35.4034  255 255 255
26.222 -17.5374 20.5935  255 255 255
59.2581 -19.158 -0.110342  255 255 255
-65.8217 -17.6269 -9.23397  255 255 255
-57.3372 -17.7145 -8.77603  255 255 255
66.2043 -18.7046 16.7726  255 255 255
-1.42464 -16.8288 36.1486  255 255 255
58.1757 -19.6966 -3.42703  255 255 255
61.1466 -19.4703 3.62654  255 255 255
63.0549 -19.3033 7.9978  255 255 255
-12.3708 -17.0336 32.805  255 255 255
-64.4191 -18.1824 -7.70184  255 255 255
-27.8846 -17.2397 25.2251  255 255 255
-15.9329 -17.1604 29.9267  255 255 255
-53.2814 -19.1041 -7.07593  255 255 255
67.6145 -19.7284 18.9963  255 255 255
60.2653 -20.6531 0.766968  255 255 255
-26.9694 -17.9247 25.9048  255 255 255
-63.6737 -19.1391 -6.53508  255 255 255
-52.8864 -19.6928 -6.43367  255 255 255
-60.3564 -19.5822 -6.51352  255 255 255
-11.9714 -18.1786 33.0858  255 255 255
-15.339 -18.2936 30.556  255 255 255
58.6577 -21.4598 -3.40481  255 255 255
60.0112 -21.2903 -0.32673  255 255 255
-84.5333 -19.5153 -4.61812  255 255 255
-57.5144 -20.0326 -5.81412  255 255 255
-25.2829 -18.604 26.6984  255 255 255
-20.2002 -18.5554 29.3793  255 255 255
63.1234 -21.2655 6.98895  255 255 255
63.0822 -21.2452 7.0198  255 255 255
12.0339 -18.9663 31.3556  255 255 255
64.489 -21.1926 10.7927  255 255 255
-10.3926 -18.7523 33.731  255 255 255
65.1384 -21.3708 13.3424  255 255 255
-57.8122 -20.6001 -5.31103  255 255 255
-4.08301 -18.9118 35.8727  255 255 255
67.8122 -21.3034 18.5678  255 255 255
-54.0406 -20.7943 -5.51063  255 255 255
-54.0406 -20.7943 -5.51063  255 255 255
20.6567 -20.1029 24.4071  255 255 255
59.4514 -22.4319 -2.62555  255 255 255
64.6033 -22.0647 5.95436  255 255 255
11.9153 -19.6663 30.5525  255 255 255
63.5539 -22.0242 7.22476  255 255 255
-58.771 -20.9727 -5.35257  255 255 255
67.4085 -21.572 17.347  255 255 255
-3.68018 -19.1994 35.8894  255 255 255
59.4333 -22.8935 -2.51496  255 255 255
67.0521 -22.3538 16.184  255 255 255
-28.7714 -20.4392 21.3768  255 255 255
15.4961 -20.637 29.6449  255 255 255
68.232 -22.443 18.7391  255 255 255
-10.3056 -20.4968 33.4671  255 255 255
-56.8265 -22.7578 -3.07172  255 255 255
59.0003 -24.8147 -4.44183  255 255 255
60.1855 -24.6869 -1.95841  255 255 255
-47.7943 -23.1528 -3.29105  255 255 255
60.6936 -24.7858 -1.05034  255 255 255
-3.43441 -20.8319 35.3837  255 255 255
1.15196 -20.9533 35.3311  255 255 255
6.04818 -21.2989 33.8793  255 255 255
-56.8726 -23.3066 -2.41464  255 255 255
-61.8879 -23.5254 -2.13752  255 255 255
-62.5228 -23.5981 -2.16423  255 255 255
63.5563 -24.942 7.25804  255 255 255
-1.19157 -21.5017 35.3562  255 255 255
-53.6699 -23.8919 -1.2765  255 255 255
-7.32303 -21.5577 34.5135  255 255 255
22.2858 -22.8555 26.9559  255 255 255
60.2946 -26.0572 -2.66965  255 255 255
-58.4611 -24.2448 -1.09411  255 255 255
7.16339 -22.1077 33.3721  255 255 255
62.6314 -25.8744 2.24687  255 255 255
22.0297 -23.1397 27.4693  255 255 255
12.9331 -22.5549 32.1719  255 255 255
13.7343 -22.6041 32.0581  255 255 255
-1.19224 -22.3607 35.0659  255 255 255
10.9513 -22.7903 32.6755  255 255 255
22.0023 -23.4634 27.6059  255 255 255
7.27072 -22.9323 33.5253  255 255 255
64.9817 -26.6589 7.31981  255 255 255
-14.1675 -22.6822 34.1345  255 255 255
-13.2054 -23.1039 34.7075  255 255 255
-3.8877 -23.612 35.2313  255 255 255
-43.5466 -26.7503 0.725096  255 255 255
-20.9559 -23.9133 32.1175  255 255 255
-24.0088 -24.1054 32.3979  255 255 255
7.41957 -24.5591 34.8569  255 255 255
60.8234 -29.8602 -3.91203  255 255 255
7.8527 -24.943 35.3345  255 255 255
69.5519 -28.5184 16.5821  255 255 255
-3.31323 -24.991 36.8337  255 255 255
-3.62566 -25.175 36.9625  255 255 255
67.3136 -29.6536 11.6531  255 255 255
-20.307 -25.3727 33.6095  255 255 255
0.27739 -25.4538 36.6586  255 255 255
64.5156 -30.6448 4.42691  255 255 255
62.6371 -31.4242 -0.54484  255 255 255
-17.2129 -25.7499 34.099  255 255 255
-23.3269 -26.2589 29.7383  255 255 255
18.9983 -26.9409 31.3424  255 255 255
66.2787 -30.8365 8.19663  255 255 255
-9.10788 -26.0558 35.4059  255 255 255
-13.2314 -26.1041 34.4111  255 255 255
63.0695 -31.8347 1.84964  255 255 255
68.9818 -30.0619 17.2916  255 255 255
68.9818 -30.0619 17.2916  255 255 255
67.5867 -31.2256 13.0037  255 255 255
64.7161 -32.2554 5.99058  255 255 255
66.6722 -32.0403 8.90993  255 255 255
66.6722 -32.0403 8.90993  255 255 255
-17.0747 -27.0142 35.5899  255 255 255
64.5112 -33.1428 2.35374  255 255 255
65.9542 -32.6632 6.27404  255 255 255
-9.61232 -27.2317 34.9893  255 255 255
64.5687 -33.1246 2.9104  255 255 255
-4.37855 -27.3914 36.3099  255 255 255
4.28321 -27.633 35.5621  255 255 255
64.9852 -33.5606 2.56325  255 255 255
64.8095 -33.5503 2.73442  255 255 255
65.082 -33.5797 2.50348  255 255 255
-7.51198 -27.6839 35.9442  255 255 255
68.1792 -32.6514 13.3447  255 255 255
-19.5979 -28.2459 31.9626  255 255 255
4.5258 -28.1718 35.3565  255 255 255
-55.3697 -31.5575 6.73438  255 255 255
14.1062 -28.7462 34.5572  255 255 255
68.7345 -33.1395 12.5646  255 255 255
14.1439 -28.9825 34.8482  255 255 255
14.1515 -28.9852 34.7936  255 255 255
-18.7649 -28.8384 32.4137  255 255 255
66.0844 -34.3429 8.06616  255 255 255
-19.4709 -29.1527 31.4664  255 255 255
-16.0113 -28.6311 35.6705  255 255 255
13.02 -29.2825 35.1574  255 255 255
16.2745 -29.6119 35.1611  255 255 255
-10.3807 -28.9015 37.0678  255 255 255
13.4476 -29.7232 34.8862  255 255 255
65.7503 -35.5917 6.38596  255 255 255
65.7583 -35.8317 4.15595  255 255 255
65.7873 -35.8497 4.19816  255 255 255
-7.09142 -29.2118 37.0753  255 255 255
66.6485 -36.0376 5.88033  255 255 255
69.7789 -35.1784 12.9238  255 255 255
-3.09648 -29.7115 37.4053  255 255 255
8.25371 -30.0406 36.6863  255 255 255
-3.78047 -29.7084 37.4188  255 255 255
7.59053 -30.1227 36.831  255 255 255
70.1342 -35.6039 13.4913  255 255 255
8.89509 -30.3946 36.9953  255 255 255
-10.2582 -29.9364 38.065  255 255 255
-12.2553 -30.3577 36.6025  255 255 255
-5.67261 -30.2495 38.218  255 255 255
-7.34552 -30.2003 38.3974  255 255 255
-2.6088 -30.3566 38.1313  255 255 255
-2.62301 -30.3626 38.085  255 255 255
-6.74889 -30.9162 38.9174  255 255 255
-53.6936 -35.431 11.1509  255 255 255
0.958324 -31.5162 38.6419  255 255 255
-1.89204 -31.5298 38.8178  255 255 255
1.44307 -31.9426 38.2585  255 255 255
3.99529 -32.3164 37.5785  255 255 255
-13.2413 -32.6583 34.2111  255 255 255
-11.3587 -32.6964 34.9957  255 255 255
0.483626 -32.6169 37.6292  255 255 255
69.5704 -39.3901 10.4554  255 255 255
-1.53272 -32.5441 38.1693  255 255 255
-20.7162 -34.4891 26.9736  255 255 255
-24.0019 -35.323 22.9951  255 255 255
-11.8706 -33.3503 34.0471  255 255 255
59.8953 -41.2283 10.423  255 255 255
-10.9657 -37.1001 31.4288  255 255 255
-42.0783 -40.7007 16.2349  255 255 255
45.9598 -43.432 12.463  255 255 255
15.3615 -39.8332 25.5474  255 255 255
15.247 -39.7416 25.8608  255 255 255
9.55246 -39.5451 28.9901  255 255 255
9.29336 -39.9596 28.8281  255 255 255
63.4557 -44.8332 15.0583  255 255 255
36.4606 -45.0552 15.3005  255 255 255
34.9571 -45.2681 17.3867  255 255 255
1.01088 -41.0927 31.0781  255 255 255
1.49665 -41.5972 30.0646  255 255 255
2.86174 -42.2156 29.1614  255 255 255
17.6114 -43.8913 26.187  255 255 255
3.15863 -42.9757 28.5568  255 255 255
56.0017 -47.4927 18.1759  255 255 255
-5.54075 -42.8635 31.0177  255 255 255
53.2118 -48.4303 19.2196  255 255 255
67.0607 -49.1261 20.162  255 255 255
52.6837 -48.8917 19.8829  255 255 255
52.6927 -48.9353 19.9118  255 255 255
31.2375 -48.5847 19.8754  255 255 255
58.2975 -49.4746 20.8781  255 255 255
59.954 -49.5528 21.0083  255 255 255
54.0012 -49.5806 20.7226  255 255 255
49.7637 -49.4919 21.1988  255 255 255
-47.8476 -47.6844 23.8571  255 255 255
56.3356 -50.4073 21.9511  255 255 255
-47.3309 -47.8413 24.8736  255 255 255
51.5738 -50.4859 22.0057  255 255 255
14.3159 -48.8702 25.0489  255 255 255
-13.8071 -47.6245 28.1253  255 255 255
50.9955 -51.0362 22.6626  255 255 255
30.5671 -51.0458 22.7235  255 255 255
-11.3836 -48.7695 27.7856  255 255 255
48.884 -51.7474 23.5648  255 255 255
-1.34616 -48.944 29.8082  255 255 255
0.383869 -50.0578 28.8085  255 255 255
-30.0585 -50.6383 27.1702  255 255 255
42.8638 -52.7795 25.3345  255 255 255
41.7141 -53.2764 24.5346  255 255 255
61.9286 -53.6213 25.6139  255 255 255
42.5608 -53.5804 24.7072  255 255 255
54.5221 -53.6 25.7292  255 255 255
23.3781 -53.3357 25.8125  255 255 255
23.3496 -53.3056 25.8673  255 255 255
-29.1734 -52.1292 28.7193  255 255 255
-36.3623 -52.1234 28.9329  255 255 255
-29.817 -52.4525 29.0358  255 255 255
-24.6565 -53.1824 29.5439  255 255 255
-22.9502 -53.4452 30.0748  255 255 255
34.6924 -56.2774 28.4646  255 255 255
48.2207 -56.5365 29.0409  255 255 255
55.7102 -56.7438 29.218  255 255 255
47.5331 -56.9796 28.5768  255 255 255
30.3044 -56.4047 29.1284  255 255 255
60.0599 -57.1145 30.0249  255 255 255
-22.0878 -54.8168 31.2714  255 255 255
49.966 -57.1764 30.1966  255 255 255
49.966 -57.1764 30.1966  255 255 255
-32.6394 -54.907 32.0981  255 255 255
-17.5483 -55.3738 31.7262  255 255 255
-26.3484 -55.8401 32.6907  255 255 255
31.8783 -58.1991 30.4802  255 255 255
51.0615 -58.5126 31.7769  255 255 255
-39.1308 -56.4467 33.4177  255 255 255
-21.3261 -56.5674 33.0072  255 255 255
-38.6475 -56.4141 33.9023  255 255 255
-35.1947 -56.5078 33.7572  255 255 255
-19.1634 -56.8432 32.9826  255 255 255
20.5715 -58.0971 31.8405  255 255 255
-22.4188 -57.2544 33.7884  255 255 255
-8.91282 -57.7942 33.5608  255 255 255
49.0018 -59.5588 33.1296  255 255 255
-8.6207 -57.9417 33.4913  255 255 255
35.8574 -59.7349 33.128  255 255 255
-6.68065 -58.0456 33.8379  255 255 255
-1.54333 -58.1771 34.3581  255 255 255
-15.362 -58.0433 34.3833  255 255 255
-0.143277 -58.5262 33.6806  255 255 255
4.44071 -58.6305 33.989  255 255 255
39.9995 -59.8935 33.7252  255 255 255
-8.69694 -58.1835 34.9724  255 255 255
-2.03911 -58.6066 34.3399  255 255 255
-13.9786 -58.1777 35.2959  255 255 255
-13.9869 -58.403 34.7256  255 255 255
6.95454 -59.1523 33.8774  255 255 255
6.96653 -59.1721 33.8025  255 255 255
46.224 -60.2171 34.247  255 255 255
3.40914 -59.1102 34.0131  255 255 255
-6.15133 -58.8296 34.7007  255 255 255
2.2453 -59.0125 34.8271  255 255 255
1.39483 -59.3621 34.1666  255 255 255
-9.50444 -58.9763 34.9344  255 255 255
49.7409 -60.8582 34.7022  255 255 255
-16.7954 -58.7763 35.9483  255 255 255
-16.7954 -58.7763 35.9483  255 255 255
29.7122 -60.348 34.7192  255 255 255
41.0167 -60.9889 35.0398  255 255 255
30.9743 -60.8521 35.42  255 255 255
48.4685 -61.3896 35.4265  255 255 255
48.4685 -61.3896 35.4265  255 255 255
-17.3374 -59.6769 36.3511  255 255 255
-17.3385 -59.6915 36.3171  255 255 255
-15.9914 -59.7051 36.3467  255 255 255
-15.9787 -59.5051 36.8206  255 255 255
43.3513 -61.904 34.8865  255 255 255
22.6109 -60.9473 35.8008  255 255 255
47.3848 -61.6903 35.78  255 255 255
-5.32996 -60.1214 36.2576  255 255 255
-16.0959 -59.905 36.6016  255 255 255
48.461 79.8536 -86.5455  255 255 255
-75.689 54.3028 -13.6469  255 255 255
1.19332 69.3778 -59.82  255 255 255
1.24469 69.4732 -60.0459  255 255 255
57.7145 81.3494 -91.9406  255 255 255
-0.075596 69.0064 -59.1547  255 255 255
-65.5749 55.7901 -19.5625  255 255 255
33.1595 75.8448 -79.5032  255 255 255
-3.39007 67.9335 -57.5819  255 255 255
-153.015 91.619 -106.34  255 255 255
-10.1406 65.8956 -54.7919  255 255 255
51.871 49.2864 -12.0464  255 255 255
50.8372 78.4451 -89.9784  255 255 255
-53.1385 57.4634 -29.5896  255 255 255
67.5332 81.6187 -99.0245  255 255 255
12.3149 69.6997 -68.1694  255 255 255
63.4219 80.3507 -97.2306  255 255 255
52.0545 48.7548 -12.9556  255 255 255
-15.9738 63.8257 -51.9491  255 255 255
-15.9872 63.7577 -51.9846  255 255 255
-17.1528 63.3193 -50.9654  255 255 255
59.303 78.938 -95.4949  255 255 255
67.3968 80.4725 -99.7369  255 255 255
-55.9599 55.9302 -27.9197  255 255 255
53.2542 47.3166 -11.3947  255 255 255
58.2704 77.6976 -95.8441  255 255 255
26.9872 71.1566 -78.2946  255 255 255
57.115 77.3706 -95.4309  255 255 255
54.2992 46.1795 -8.98243  255 255 255
55.747 76.8 -94.6986  255 255 255
-65.8566 52.212 -20.1775  255 255 255
-1.78426 64.9795 -61.2966  255 255 255
54.7557 45.4436 -8.11881  255 255 255
21.9541 69.7596 -75.5761  255 255 255
48.712 49.5884 -20.0504  255 255 255
49.1968 37.2041 14.1032  255 255 255
27.4914 70.1993 -79.4745  255 255 255
55.6562 75.7123 -95.4786  255 255 255
-88.5972 51.1295 -17.6224  255 255 255
49.3873 36.4382 14.1875  255 255 255
-4.46587 63.0214 -60.9882  255 255 255
50.9242 35.3754 15.4821  255 255 255
-52.804 53.7883 -32.2572  255 255 255
-36.4669 55.9667 -41.0828  255 255 255
-36.4329 56.4866 -42.4153  255 255 255
-26.1803 58.2335 -48.4991  255 255 255
-27.3852 57.8857 -48.2268  255 255 255
63.7196 75.2518 -103.904  255 255 255
-66.3791 50.4539 -24.1421  255 255 255
53.3251 32.0628 20.3339  255 255 255
52.4726 43.9211 -14.6858  255 255 255
12.7869 63.8913 -73.9764  255 255 255
-14.7772 58.4005 -57.3688  255 255 255
-116.357 63.1022 -59.8681  255 255 255
-15.6202 57.7608 -57.5906  255 255 255
-15.6392 57.7626 -57.5578  255 255 255
-24.5794 55.7645 -52.2165  255 255 255
-15.048 57.4678 -57.9935  255 255 255
-55.7201 50.457 -33.2988  255 255 255
54.3119 41.2583 -11.8099  255 255 255
62.3535 74.3607 -114.692  255 255 255
-5.83402 58.4642 -64.5513  255 255 255
53.4731 30.7532 19.2903  255 255 255
-21.0313 55.4939 -55.4391  255 255 255
-2.62498 58.7365 -66.8747  255 255 255
55.9691 28.6766 24.2654  255 255 255
-5.44649 57.7318 -65.6124  255 255 255
55.1355 39.8624 -10.9062  255 255 255
-19.5538 55.0394 -56.8493  255 255 255
-19.5505 55.0509 -56.8443  255 255 255
51.0327 31.4781 14.1419  255 255 255
56.2791 28.2399 24.2137  255 255 255
53.5822 29.9222 18.8249  255 255 255
20.0793 61.4856 -80.8817  255 255 255
32.6773 63.6171 -88.4243  255 255 255
56.9916 27.5503 25.2668  255 255 255
-10.9792 55.7711 -63.1214  255 255 255
-18.0135 54.4777 -59.0437  255 255 255
49.6479 66.46 -99.1804  255 255 255
56.6174 27.7805 24.2639  255 255 255
57.4272 26.5647 27.9419  255 255 255
57.2573 26.8349 26.1762  255 255 255
57.6224 26.234 28.2517  255 255 255
57.6224 26.234 28.2517  255 255 255
55.7013 28.1162 21.847  255 255 255
57.8599 26.1425 26.7077  255 255 255
53.0706 39.4719 -17.1518  255 255 255
58.0299 25.8878 27.1946  255 255 255
-65.8305 45.317 -29.7307  255 255 255
58.7541 24.8771 29.6678  255 255 255
42.3425 63.1522 -96.9354  255 255 255
56.1509 26.9083 22.2846  255 255 255
58.9881 24.3841 30.3168  255 255 255
56.5596 26.5473 23.2306  255 255 255
58.897 24.8795 28.3644  255 255 255
49.8874 30.2085 10.7067  255 255 255
59.166 24.3906 29.4657  255 255 255
-79.1554 42.5039 -21.6627  255 255 255
57.1288 25.6592 23.4978  255 255 255
49.8909 39.7443 -24.5463  255 255 255
59.0823 24.2871 27.714  255 255 255
49.0778 39.8169 -25.0883  255 255 255
49.1471 39.8483 -25.1835  255 255 255
49.0648 39.807 -25.0744  255 255 255
-115.609 55.6584 -65.2829  255 255 255
60.4212 22.9036 31.1571  255 255 255
-11.3775 51.7032 -67.2158  255 255 255
-52.1692 45.1129 -40.2513  255 255 255
60.4054 22.7563 30.7215  255 255 255
60.6522 22.5805 31.517  255 255 255
-53.4602 44.1584 -38.6513  255 255 255
51.1005 37.6787 -22.5347  255 255 255
60.1995 22.6888 29.5617  255 255 255
61.2694 21.6858 32.0015  255 255 255
47.7263 39.0057 -29.4506  255 255 255
-11.9319 49.9979 -66.5856  255 255 255
52.9712 26.1849 15.4857  255 255 255
-63.2246 42.141 -34.5162  255 255 255
49.3369 37.5223 -26.1821  255 255 255
49.3227 37.5119 -26.1476  255 255 255
-27.6506 47.0442 -57.3477  255 255 255
-32.4781 46.482 -55.1993  255 255 255
49.8939 37.0522 -25.966  255 255 255
49.89 27.556 8.35475  255 255 255
49.647 27.441 8.75416  255 255 255
-41.3784 44.6111 -49.2359  255 255 255
46.9687 38.2593 -31.196  255 255 255
51.5994 35.7081 -22.1339  255 255 255
49.8211 27.0061 8.8956  255 255 255
-43.2451 44.0995 -48.4815  255 255 255
49.9988 27.1178 7.51267  255 255 255
18.8218 53.0972 -88.4613  255 255 255
50.2914 26.3208 9.41765  255 255 255
53.9361 24.4388 16.2666  255 255 255
52.2059 25.1291 12.8238  255 255 255
3.04086 49.7146 -79.6271  255 255 255
-73.7205 38.3592 -30.7911  255 255 255
-74.5024 37.9442 -29.9505  255 255 255
52.9817 23.9294 13.4912  255 255 255
-56.0361 40.5081 -43.8486  255 255 255
61.6044 19.2711 30.242  255 255 255
-78.39 35.7145 -25.1172  255 255 255
50.9627 32.6323 -25.1289  255 255 255
-10.1281 44.9643 -73.2817  255 255 255
-48.0621 39.484 -48.2895  255 255 255
51.399 32.0463 -24.6014  255 255 255
57.6491 20.4 22.0093  255 255 255
58.5906 19.8965 23.7131  255 255 255
-81.9595 34.9103 -26.4196  255 255 255
-81.9665 34.9235 -26.444  255 255 255
52.7309 22.4107 12.0815  255 255 255
-8.055 44.3995 -75.5382  255 255 255
57.3487 47.3567 -89.3662  255 255 255
-22.7061 39.8921 -57.6247  255 255 255
-11.5344 43.4532 -73.7259  255 255 255
52.4292 30.4927 -22.9338  255 255 255
-79.2232 34.5437 -28.6237  255 255 255
-79.2265 34.5228 -28.501  255 255 255
-129.496 49.1091 -80.317  255 255 255
-8.45096 43.7635 -76.3961  255 255 255
-41.4392 39.043 -53.9777  255 255 255
52.9553 29.8902 -22.2107  255 255 255
52.3486 21.9368 10.7765  255 255 255
47.6211 32.7016 -34.1593  255 255 255
49.3829 23.1162 5.28185  255 255 255
49.3406 23.0994 5.33434  255 255 255
51.6113 30.2758 -26.4867  255 255 255
-10.4034 42.609 -75.301  255 255 255
53.4609 29.139 -21.4766  255 255 255
-8.436 42.4836 -76.8155  255 255 255
-13.0143 41.7727 -74.2091  255 255 255
53.4023 20.6651 12.7763  255 255 255
55.4398 19.6067 16.4621  255 255 255
58.4567 18.1057 22.2203  255 255 255
58.4464 18.0807 22.2171  255 255 255
-12.5789 41.1194 -74.863  255 255 255
-42.629 36.7622 -54.6335  255 255 255
-41.2725 36.902 -55.6952  255 255 255
-41.2081 36.7779 -55.2462  255 255 255
-125.442 44.0023 -74.8429  255 255 255
-64.9761 33.705 -40.3608  255 255 255
-36.3681 37.1046 -60.4855  255 255 255
-36.388 37.0955 -60.4653  255 255 255
-59.0122 34.0204 -44.4063  255 255 255
-42.5724 35.6303 -55.8548  255 255 255
-69.5976 31.3362 -36.2697  255 255 255
48.2985 20.9862 1.15571  255 255 255
-65.8264 32.4007 -41.236  255 255 255
-30.7548 35.6392 -65.4659  255 255 255
-54.0415 32.9142 -49.8361  255 255 255
59.9584 15.2163 23.9621  255 255 255
-82.6984 29.6774 -30.2838  255 255 255
-83.6273 29.524 -30.4977  255 255 255
50.1316 19.1717 4.52182  255 255 255
50.1292 19.1709 4.52622  255 255 255
49.7991 19.2563 4.0194  255 255 255
60.567 14.5726 24.9903  255 255 255
-69.941 30.6404 -40.2633  255 255 255
-2.19226 35.4273 -72.9696  255 255 255
50.496 18.8343 4.20621  255 255 255
-64.4818 30.9379 -44.0173  255 255 255
53.19 17.4777 10.1023  255 255 255
53.2464 17.5026 10.0343  255 255 255
-41.885 33.121 -59.245  255 255 255
49.2923 19.013 2.30486  255 255 255
51.495 35.1206 -75.5799  255 255 255
-78.8783 29.0708 -34.634  255 255 255
60.2791 14.2379 23.4947  255 255 255
48.1682 26.4387 -36.2308  255 255 255
-73.1372 29.8858 -42.5688  255 255 255
51.0209 17.5077 5.38517  255 255 255
-39.8676 31.7015 -60.9977  255 255 255
48.6333 24.5578 -34.9426  255 255 255
52.9516 23.0675 -27.8544  255 255 255
53.005 23.1058 -28.0096  255 255 255
58.7657 13.2999 20.7242  255 255 255
-12.2609 30.5849 -66.13  255 255 255
-85.7374 26.0746 -31.9494  255 255 255
-0.888416 30.1185 -66.4155  255 255 255
58.166 13.2136 18.2462  255 255 255
-73.9551 27.4889 -45.7301  255 255 255
51.1768 15.5357 4.8649  255 255 255
48.3127 22.9376 -36.9319  255 255 255
-3.1577 27.6526 -63.3918  255 255 255
-64.9453 26.1727 -47.277  255 255 255
60.5356 11.1541 23.8169  255 255 255
62.754 10.3949 27.4343  255 255 255
53.6095 19.9387 -27.1567  255 255 255
-82.7038 24.1147 -35.4247  255 255 255
52.7266 20.1107 -28.689  255 255 255
52.8564 20.1617 -28.8571  255 255 255
63.0442 9.9772 27.8826  255 255 255
-65.6157 25.4155 -48.0156  255 255 255
-83.4253 23.9334 -37.6989  255 255 255
49.9362 14.1418 0.993676  255 255 255
58.3547 11.1285 17.9835  255 255 255
51.4785 19.7006 -31.381  255 255 255
-65.8189 24.6261 -47.8973  255 255 255
-65.4997 24.703 -49.1282  255 255 255
19.7609 25.0334 -62.5611  255 255 255
58.9974 10.7686 19.1068  255 255 255
-81.1239 22.5061 -38.7144  255 255 255
54.3076 11.6532 8.40766  255 255 255
53.8953 11.5711 7.95783  255 255 255
0.0682294 22.5504 -57.0846  255 255 255
51.4929 12.0805 4.10721  255 255 255
51.6492 12.137 3.75812  255 255 255
51.6885 12.1613 3.71276  255 255 255
-1.74035 22.3421 -57.5794  255 255 255
50.3818 12.4996 0.0460402  255 255 255
-37.9213 22.214 -54.3852  255 255 255
48.8178 12.6908 -2.90582  255 255 255
48.7888 12.6418 -2.66866  255 255 255
-70.3387 22.0701 -47.4944  255 255 255
58.443 9.4044 17.1339  255 255 255
-81.2515 20.8403 -38.253  255 255 255
51.951 11.063 3.24839  255 255 255
-79.0881 20.2776 -39.9459  255 255 255
58.415 8.90786 16.6042  255 255 255
19.339 20.4385 -57.0782  255 255 255
-40.9192 20.214 -52.2904  255 255 255
-78.5465 19.3723 -39.2563  255 255 255
-79.3675 19.8498 -41.8408  255 255 255
-69.5424 20.7294 -50.8373  255 255 255
-4.14038 19.4439 -54.4267  255 255 255
-16.5294 18.941 -52.7394  255 255 255
-16.5513 18.9397 -52.8177  255 255 255
-35.4718 18.2456 -50.236  255 255 255
63.6127 5.63336 26.7587  255 255 255
-12.11 15.45 -49.0662  255 255 255
-13.2458 15.0986 -48.5854  255 255 255
-5.297 14.561 -48.4628  255 255 255
53.2207 7.15944 3.70394  255 255 255
-17.6787 14.4472 -48.0606  255 255 255
53.4322 6.50283 3.71145  255 255 255
-14.6377 13.4368 -46.6601  255 255 255
-14.6139 13.4142 -46.6161  255 255 255
-15.2966 13.227 -46.2796  255 255 255
50.3941 6.42047 -3.18681  255 255 255
50.392 6.42469 -3.1864  255 255 255
52.1165 5.58438 0.263193  255 255 255
0.726826 3.18857 21.4462  255 255 255
50.9877 5.5415 -2.24429  255 255 255
64.1169 1.79766 24.9386  255 255 255
52.1893 4.38724 -0.355412  255 255 255
62.4292 1.65782 22.0688  255 255 255
-54.8501 9.72697 -39.9397  255 255 255
57.2193 2.49285 10.4626  255 255 255
-18.7834 8.70304 -40.7331  255 255 255
-18.7846 8.72211 -40.9232  255 255 255
57.4785 1.97112 11.2342  255 255 255
-24.1094 7.92424 -39.6437  255 255 255
-26.3176 7.79824 -39.1166  255 255 255
5.56178 0.663821 22.8601  255 255 255
42.3536 6.90225 -43.2967  255 255 255
46.7437 3.91013 -13.8519  255 255 255
62.3318 0.508967 20.1187  255 255 255
62.3204 0.508852 20.1361  255 255 255
-42.6805 7.25596 -37.6176  255 255 255
64.9956 -0.427973 25.5931  255 255 255
62.5537 0.0412311 20.4161  255 255 255
58.4004 0.785816 12.5654  255 255 255
-26.8906 6.63681 -38.3501  255 255 255
-26.8395 6.5518 -37.7726  255 255 255
57.3024 0.946365 8.90327  255 255 255
55.3443 1.13025 4.72879  255 255 255
53.9109 1.27524 1.41708  255 255 255
6.3004 -0.442215 23.0674  255 255 255
-35.2963 5.90052 -38.033  255 255 255
-27.4277 5.52953 -36.6973  255 255 255
-28.3589 5.15491 -35.8443  255 255 255
57.2687 0.00542551 8.16716  255 255 255
58.7099 -0.280213 11.2089  255 255 255
-27.5045 4.75098 -35.8573  255 255 255
-27.5446 4.75631 -35.7928  255 255 255
-40.4936 4.968 -35.4025  255 255 255
57.1431 -0.201292 7.38279  255 255 255
-48.2057 4.51199 -34.1574  255 255 255
63.2991 -1.68867 20.8281  255 255 255
57.7563 -0.712831 8.62706  255 255 255
62.1605 -1.58702 18.2281  255 255 255
55.0087 -0.292001 3.23273  255 255 255
59.2894 -1.17705 12.1936  255 255 255
-39.3976 3.59014 -33.7088  255 255 255
-11.5167 -1.89128 26.4852  255 255 255
-11.5222 -1.78476 25.8939  255 255 255
57.9121 -1.14034 8.46211  255 255 255
-27.6585 3.2821 -34.0258  255 255 255
-27.6603 3.29674 -34.0607  255 255 255
59.3649 -1.55814 11.7004  255 255 255
-10.5435 -2.10909 27.5274  255 255 255
60.1494 -1.71202 13.4128  255 255 255
-71.8985 4.03582 -33.4989  255 255 255
58.5478 -1.60432 10.3477  255 255 255
61.9066 -2.11607 15.9022  255 255 255
56.1826 -1.37926 4.92652  255 255 255
58.1678 -1.79644 8.79146  255 255 255
58.1678 -1.79644 8.79146  255 255 255
59.3039 -2.08742 11.3385  255 255 255
-39.5869 2.37953 -31.8652  255 255 255
-40.6112 2.31665 -32.0555  255 255 255
-12.8954 -2.80987 26.7032  255 255 255
60.4844 -2.7806 12.0024  255 255 255
60.0185 -2.77687 12.7456  255 255 255
58.1135 -2.5128 8.31008  255 255 255
58.1083 -2.52145 8.30751  255 255 255
64.7879 -3.64035 22.9489  255 255 255
60.9481 -3.10469 14.7603  255 255 255
-71.5703 2.20853 -30.6307  255 255 255
60.0596 -3.11343 12.3143  255 255 255
62.2483 -3.67071 17.7611  255 255 255
62.2483 -3.67071 17.7611  255 255 255
59.911 -3.29598 11.8624  255 255 255
59.911 -3.29598 11.8624  255 255 255
-47.0704 0.995579 -30.6229  255 255 255
57.0894 -2.8597 5.68612  255 255 255
-40.6688 0.802445 -29.9852  255 255 255
59.7054 -3.47695 11.3193  255 255 255
65.3469 -4.48425 23.8753  255 255 255
57.3956 -3.36315 6.41592  255 255 255
63.4583 -4.34566 19.3944  255 255 255
64.0243 -4.36396 20.3782  255 255 255
62.9359 -4.29338 18.1099  255 255 255
60.7564 -4.08714 13.4589  255 255 255
-14.9068 -4.09638 26.2525  255 255 255
53.4482 -3.09547 -2.56923  255 255 255
62.4412 -4.45979 17.0392  255 255 255
53.311 -3.53208 -2.92809  255 255 255
53.3312 -3.52508 -2.9801  255 255 255
61.3721 -4.63233 14.3004  255 255 255
61.3338 -4.67106 14.3543  255 255 255
62.0854 -4.84541 16.0673  255 255 255
-5.69578 -5.06566 31.3307  255 255 255
11.2744 -5.24667 27.9395  255 255 255
60.6465 -4.83401 12.4715  255 255 255
60.9375 -4.93251 13.4007  255 255 255
62.0908 -5.16903 15.4099  255 255 255
58.4383 -4.64872 7.535  255 255 255
65.6002 -5.81713 23.2161  255 255 255
61.7169 -5.4463 14.8432  255 255 255
-12.7029 -5.73653 29.1288  255 255 255
55.4919 -5.11419 -0.026257  255 255 255
60.594 -5.70745 11.7383  255 255 255
64.3777 -6.25943 19.8612  255 255 255
63.7185 -6.33597 20.9748  255 255 255
58.4387 -5.73575 8.09004  255 255 255
62.2622 -6.27664 15.0291  255 255 255
62.2622 -6.27664 15.0291  255 255 255
59.465 -6.09801 9.3175  255 255 255
-13.1658 -6.27509 29.2736  255 255 255
-17.2805 -6.19021 24.982  255 255 255
60.188 -6.70607 10.6589  255 255 255
60.1809 -6.70404 10.669  255 255 255
47.4971 -5.4907 -17.3518  255 255 255
47.6809 -5.50054 -17.6533  255 255 255
-44.4452 -3.88342 -24.9993  255 255 255
61.6255 -7.07624 12.9159  255 255 255
61.6255 -7.07624 12.9159  255 255 255
47.1572 -5.89203 -18.8229  255 255 255
54.0855 -6.59587 -3.92451  255 255 255
61.6174 -7.79533 12.7081  255 255 255
61.5967 -7.79677 12.7279  255 255 255
-15.1536 -7.41494 28.2373  255 255 255
-14.4783 -7.55221 28.7776  255 255 255
-12.864 -7.71002 30.3321  255 255 255
-66.7067 -5.02387 -22.8412  255 255 255
66.2279 -9.12014 22.7039  255 255 255
50.3793 -7.94949 -13.3484  255 255 255
61.378 -8.83397 12.5172  255 255 255
-0.59561 -8.79024 34.551  255 255 255
-66.3644 -6.11032 -21.4843  255 255 255
61.9765 -9.06933 12.4592  255 255 255
63.1926 -9.32444 15.7711  255 255 255
45.993 -8.26599 -23.8048  255 255 255
62.2142 -9.61278 12.9827  255 255 255
63.2538 -9.86962 15.5999  255 255 255
62.9501 -9.92111 14.7285  255 255 255
-27.2162 -8.83491 15.3071  255 255 255
-15.8117 -9.32654 28.6763  255 255 255
59.1699 -9.9264 5.7974  255 255 255
-69.2128 -7.51129 -20.2  255 255 255
51.0255 -9.68098 -13.3673  255 255 255
58.9471 -10.1368 5.12503  255 255 255
64.8953 -10.4201 18.5087  255 255 255
47.0729 -9.55369 -22.0513  255 255 255
-67.6723 -7.82968 -18.8882  255 255 255
-19.2959 -9.4847 24.0377  255 255 255
4.63176 -10.091 34.0481  255 255 255
63.0304 -10.7053 14.1449  255 255 255
63.4841 -10.889 16.0989  255 255 255
65.8882 -11.1166 20.8943  255 255 255
65.9175 -11.1126 20.8943  255 255 255
57.5611 -10.866 1.04876  255 255 255
61.6835 -10.9735 10.7726  255 255 255
63.1131 -11.1042 14.9468  255 255 255
-83.7723 -8.50302 -17.0015  255 255 255
-84.1216 -8.50683 -17.9354  255 255 255
45.7567 -10.6055 -24.1509  255 255 255
58.4215 -11.1964 3.00516  255 255 255
64.3399 -11.4511 17.3823  255 255 255
-29.4693 -10.2293 16.4571  255 255 255
59.7176 -11.4141 6.24604  255 255 255
52.6924 -11.3003 -10.1352  255 255 255
52.6924 -11.3003 -10.1352  255 255 255
-21.8794 -10.6236 21.8579  255 255 255
6.61484 -11.3023 33.7333  255 255 255
64.6332 -12.0187 17.1509  255 255 255
47.6688 -11.9489 -22.3659  255 255 255
-111.341 -9.48838 -14.6223  255 255 255
64.2841 -12.4577 16.247  255 255 255
-1.63633 -11.6387 35.6323  255 255 255
-1.63875 -11.6307 35.6358  255 255 255
65.5541 -12.6502 19.1938  255 255 255
64.978 -12.6011 17.7646  255 255 255
50.7199 -12.5899 -15.5391  255 255 255
64.5453 -12.8411 16.6829  255 255 255
52.3961 -12.9491 -11.4337  255 255 255
57.4756 -13.0735 -0.600099  255 255 255
6.20379 -12.5369 34.2048  255 255 255
60.2842 -13.6867 5.72908  255 255 255
-22.4955 -12.5428 24.0178  255 255 255
56.2121 -13.9931 -4.234  255 255 255
65.4485 -14.0278 18.2114  255 255 255
55.9717 -14.4421 -5.41449  255 255 255
57.2595 -14.4013 -1.7563  255 255 255
57.3265 -14.3936 -1.83978  255 255 255
66.4623 -14.6083 20.1452  255 255 255
49.7882 -14.98 -18.4107  255 255 255
49.7882 -14.98 -18.4107  255 255 255
57.4321 -14.791 -1.77777  255 255 255
-53.4716 -13.278 -13.6918  255 255 255
58.2104 -15.2531 -0.466597  255 255 255
58.2104 -15.2524 -0.459112  255 255 255
55.5995 -15.3818 -6.35353  255 255 255
-8.00976 -13.7847 35.2581  255 255 255
66.9907 -15.1663 20.7478  255 255 255
-11.5662 -13.8779 33.1452  255 255 255
66.7612 -15.2561 20.2942  255 255 255
53.2844 -15.8251 -12.0592  255 255 255
60.169 -15.8425 4.64298  255 255 255
66.6553 -15.5288 19.883  255 255 255
-75.5371 -13.9817 -12.6343  255 255 255
66.4399 -15.6533 18.9228  255 255 255
-76.2125 -14.1405 -13.0484  255 255 255
-8.18142 -14.2963 34.8359  255 255 255
-20.5921 -14.3648 26.2918  255 255 255
59.4746 -16.246 2.3446  255 255 255
59.5083 -16.2398 2.36083  255 255 255
66.7554 -15.977 20.6487  255 255 255
53.6865 -16.3896 -11.5411  255 255 255
50.8648 -16.8996 -17.602  255 255 255
-41.7912 -15.3492 -12.2205  255 255 255
6.64087 -15.1495 34.5296  255 255 255
-14.0259 -15.0159 31.7302  255 255 255
-55.4726 -15.6677 -10.8239  255 255 255
60.437 -17.3401 3.42438  255 255 255
51.6894 -18.1453 -16.3259  255 255 255
-53.582 -16.3492 -10.4013  255 255 255
11.2694 -16.0171 32.1294  255 255 255
-16.5385 -16.032 29.3676  255 255 255
58.7332 -18.5245 -1.43576  255 255 255
60.2315 -18.3962 2.41808  255 255 255
60.2315 -18.3962 2.41808  255 255 255
58.9642 -18.6424 -0.641952  255 255 255
0.513203 -16.3183 36.2225  255 255 255
-53.6609 -17.3196 -8.62555  255 255 255
-53.7768 -17.3228 -9.0953  255 255 255
57.8613 -18.8087 -3.82286  255 255 255
-21.6483 -16.7439 27.1212  255 255 255
-64.5327 -17.7183 -8.13601  255 255 255
-10.1987 -16.9047 34.1597  255 255 255
-24.063 -17.3176 25.2352  255 255 255
-49.1918 -18.9016 -7.57862  255 255 255
-23.6708 -17.7091 25.5421  255 255 255
-63.8227 -18.7222 -7.22825  255 255 255
11.3406 -18.0255 31.1663  255 255 255
59.9915 -20.9989 0.203122  255 255 255
61.4412 -20.9425 3.64094  255 255 255
1.48764 -18.2171 35.8856  255 255 255
-60.1445 -20.4516 -5.56099  255 255 255
60.9901 -22.4014 1.07851  255 255 255
67.2463 -21.6163 18.3229  255 255 255
-3.35883 -19.3267 35.865  255 255 255
-61.2954 -21.4031 -4.40275  255 255 255
7.09097 -19.8088 34.1716  255 255 255
-2.28494 -19.586 35.733  255 255 255
-18.4654 -19.6532 31.6862  255 255 255
7.51509 -20.0013 33.8724  255 255 255
60.4277 -23.5773 -0.926283  255 255 255
60.4301 -23.5715 -0.939215  255 255 255
-6.58739 -20.5012 34.9868  255 255 255
21.844 -21.7454 25.7785  255 255 255
-8.90582 -20.6976 34.184  255 255 255
-8.91034 -20.6952 34.2336  255 255 255
-14.5987 -20.8581 32.9974  255 255 255
-14.5987 -20.8581 32.9974  255 255 255
60.3659 -24.9229 -1.44785  255 255 255
45.1463 -25.5313 -7.29289  255 255 255
-14.4525 -21.2139 33.464  255 255 255
62.7625 -25.1589 3.22722  255 255 255
62.2796 -25.4163 2.96016  255 255 255
62.2951 -25.4144 2.92706  255 255 255
60.4353 -25.7989 -0.730353  255 255 255
47.4757 -26.3201 -6.25734  255 255 255
-19.4345 -22.056 30.4092  255 255 255
44.4896 -26.469 -6.57108  255 255 255
11.5403 -22.8925 32.9229  255 255 255
58.3229 -27.4458 -6.26745  255 255 255
-18.6045 -22.8027 31.1141  255 255 255
62.1979 -27.1987 2.05053  255 255 255
-46.1018 -25.8432 -0.0431157  255 255 255
-6.92695 -23.1688 34.7136  255 255 255
45.1103 -28.2248 -4.2061  255 255 255
45.1068 -28.2101 -4.23539  255 255 255
-20.7494 -23.8383 32.0826  255 255 255
45.5782 -28.9001 -3.67949  255 255 255
45.5782 -28.9001 -3.67949  255 255 255
64.1921 -28.4735 4.54689  255 255 255
64.4928 -28.4825 4.28456  255 255 255
-6.76851 -24.3243 36.3348  255 255 255
-22.1618 -25.046 31.9285  255 255 255
9.08825 -25.2491 34.3108  255 255 255
67.1977 -29.2181 11.774  255 255 255
-13.0866 -25.5891 34.1163  255 255 255
-13.0866 -25.5891 34.1163  255 255 255
-18.9298 -25.86 34.2182  255 255 255
-23.6382 -26.6319 29.1932  255 255 255
68.071 -30.7715 12.2031  255 255 255
69.2078 -30.526 16.0042  255 255 255
16.1148 -27.3369 32.8292  255 255 255
17.215 -27.39 33.0418  255 255 255
-11.6832 -26.7309 34.9627  255 255 255
-13.6596 -26.9212 35.3139  255 255 255
-10.0486 -27.1107 35.0894  255 255 255
54.8741 -33.4801 1.11634  255 255 255
9.94182 -28.1038 34.4334  255 255 255
67.7162 -32.7951 10.5463  255 255 255
67.1941 -32.6879 11.4468  255 255 255
-13.7476 -27.6093 35.7287  255 255 255
69.6428 -32.9196 14.5178  255 255 255
69.0416 -32.7143 16.3532  255 255 255
-9.24662 -28.4721 36.5193  255 255 255
-19.132 -29.534 31.5259  255 255 255
12.3621 -29.4279 35.476  255 255 255
4.10544 -29.2892 36.218  255 255 255
-15.6017 -29.2256 37.811  255 255 255
-5.56102 -29.7728 37.6574  255 255 255
-5.57526 -29.763 37.6938  255 255 255
53.1768 -36.8085 5.11757  255 255 255
-58.7305 -34.4926 9.60071  255 255 255
-44.9116 -34.6992 9.17364  255 255 255
8.05231 -30.6663 37.4634  255 255 255
-43.9152 -34.9919 9.9204  255 255 255
-9.56151 -31.2218 37.1954  255 255 255
6.65089 -31.3927 38.4325  255 255 255
6.65446 -31.4049 38.4066  255 255 255
-58.5126 -35.5474 11.0717  255 255 255
-43.4623 -35.665 10.6192  255 255 255
-45.1942 -35.9455 10.6153  255 255 255
-1.13966 -31.5692 38.6866  255 255 255
43.1323 -38.2244 7.43447  255 255 255
-11.0476 -32.5358 35.2998  255 255 255
-19.811 -34.2467 27.7127  255 255 255
0.319512 -33.5791 36.8374  255 255 255
15.0222 -36.0038 27.8602  255 255 255
-40.7561 -38.1536 13.718  255 255 255
-19.8757 -35.7791 26.8649  255 255 255
48.8996 -40.7145 9.39833  255 255 255
11.2503 -36.7859 29.7791  255 255 255
3.67589 -36.1957 34.3714  255 255 255
-35.9901 -39.71 16.6952  255 255 255
60.6321 -42.8991 12.4845  255 255 255
0.931257 -39.0543 32.5699  255 255 255
1.35339 -39.3244 32.1713  255 255 255
1.32964 -39.3067 32.3097  255 255 255
0.761616 -39.7753 31.9143  255 255 255
0.744971 -39.7268 32.1057  255 255 255
-15.7332 -40.4979 28.4438  255 255 255
4.68536 -40.4778 30.2951  255 255 255
4.83856 -41.6351 29.3909  255 255 255
-7.36047 -41.6694 29.474  255 255 255
53.3867 -49.1785 20.1803  255 255 255
-13.6926 -44.4413 31.0028  255 255 255
31.6599 -49.0227 20.2532  255 255 255
29.9776 -49.401 20.9064  255 255 255
29.8717 -49.2979 21.2009  255 255 255
30.4524 -49.4694 20.7937  255 255 255
43.6231 -50.2553 21.4358  255 255 255
-35.1293 -48.3641 24.659  255 255 255
-14.1511 -47.8828 27.9969  255 255 255
42.339 -51.1839 21.9068  255 255 255
26.7876 -50.6508 22.3943  255 255 255
57.9739 -51.5051 22.8652  255 255 255
-24.8499 -49.0761 26.6047  255 255 255
36.5456 -51.6476 22.8195  255 255 255
28.5482 -51.7168 23.7261  255 255 255
43.6333 -52.2605 23.9234  255 255 255
-5.32142 -49.8455 29.4888  255 255 255
60.7365 -53.3431 25.6641  255 255 255
25.7236 -52.7499 26.2019  255 255 255
53.4326 -53.6817 26.0958  255 255 255
35.1238 -56.3596 28.4814  255 255 255
25.3118 -56.1871 29.145  255 255 255
-27.2446 -54.6814 31.3104  255 255 255
20.6387 -56.7204 30.1365  255 255 255
-2.65982 -56.5777 31.6476  255 255 255
-38.1226 -56.3501 33.1723  255 255 255
-12.2827 -57.0882 33.4103  255 255 255
48.331 -59.1097 32.5031  255 255 255
-11.2529 -57.4492 33.2696  255 255 255
-18.249 -57.4263 34.0025  255 255 255
-10.7634 -57.9359 33.8881  255 255 255
-76.8686 -57.7322 35.9511  255 255 255
29.1061 -59.5192 33.2781  255 255 255
-13.8024 -58.1962 34.4037  255 255 255
35.0801 -59.9768 34.2386  255 255 255
-13.966 -58.658 34.9999  255 255 255
-4.97375 -59.7288 36.112  255 255 255
19.2003 -60.5393 35.4691  255 255 255
-35.7949 -59.364 36.9524  255 255 255
-8.55155 -59.8487 35.904  255 255 255
-8.52848 -59.7926 36.0254  255 255 255
53.1379 49.7699 -9.58202  255 255 255
-51.2237 58.5813 -28.8253  255 255 255
-41.6872 60.1377 -34.3556  255 255 255
49.938 79.2104 -88.5888  255 255 255
-65.7509 55.48 -20.4037  255 255 255
-65.7371 55.3554 -20.1825  255 255 255
1.0419 68.467 -60.6162  255 255 255
53.9189 48.4052 -8.78765  255 255 255
40.4418 76.4751 -85.0223  255 255 255
-79.0648 51.9509 -11.4153  255 255 255
-79.3388 52.3443 -12.5976  255 255 255
-60.7813 55.3887 -24.0721  255 255 255
-33.7304 60.1781 -40.8279  255 255 255
-10.3603 64.9344 -55.662  255 255 255
24.0126 72.0159 -76.3095  255 255 255
24.0126 72.0159 -76.3095  255 255 255
-69.6107 53.344 -19.0706  255 255 255
56.6381 78.1444 -94.1695  255 255 255
-54.826 55.5995 -28.3179  255 255 255
61.904 78.8801 -97.3957  255 255 255
52.506 47.4269 -12.3991  255 255 255
-64.7785 52.8301 -21.8789  255 255 255
-76.9955 50.6002 -14.804  255 255 255
29.1692 71.1059 -80.4078  255 255 255
49.0924 48.9428 -19.0117  255 255 255
20.335 69.2592 -74.8104  255 255 255
55.1916 44.764 -7.19391  255 255 255
-51.1574 55.0012 -32.2217  255 255 255
-51.1832 55.0074 -32.2963  255 255 255
20.2007 68.1046 -75.889  255 255 255
-65.9629 51.8899 -23.3162  255 255 255
-27.1924 58.7894 -47.5795  255 255 255
-27.1722 58.7894 -47.604  255 255 255
50.9531 35.203 17.1812  255 255 255
49.2559 36.2119 13.5965  255 255 255
26.9319 68.3665 -78.0551  255 255 255
51.4161 34.5378 17.7684  255 255 255
24.6566 68.1215 -79.4603  255 255 255
-52.9459 52.8849 -32.9078  255 255 255
-52.9337 52.7384 -32.4413  255 255 255
-65.1571 50.5162 -25.2791  255 255 255
-51.0699 52.697 -34.3126  255 255 255
-51.0456 52.6881 -34.3448  255 255 255
-66.0876 50.0087 -24.5275  255 255 255
-39.9328 54.513 -41.7548  255 255 255
-9.36409 59.1443 -60.4585  255 255 255
54.7474 30.2056 24.7183  255 255 255
-53.2157 51.181 -33.9219  255 255 255
66.2766 73.2297 -105.452  255 255 255
-12.7028 58.0529 -59.2103  255 255 255
51.5483 43.365 -17.0886  255 255 255
52.4842 31.985 17.5562  255 255 255
53.786 30.8446 20.715  255 255 255
3.70158 60.8339 -69.6534  255 255 255
66.892 72.1868 -107.071  255 255 255
-115.043 60.7115 -58.5679  255 255 255
-7.45564 57.8528 -63.5602  255 255 255
54.8766 29.9901 21.2363  255 255 255
-117.935 61.6879 -63.4437  255 255 255
50.5599 32.1315 13.2161  255 255 255
-10.2353 56.5361 -62.5261  255 255 255
-10.2842 56.3058 -61.5836  255 255 255
-20.88 54.533 -56.9754  255 255 255
4.99879 58.3248 -70.4208  255 255 255
57.3336 26.5784 28.8799  255 255 255
-51.8892 49.2083 -37.599  255 255 255
-16.8595 54.8828 -59.4162  255 255 255
-16.8183 54.8885 -59.437  255 255 255
18.2027 61.1807 -81.0538  255 255 255
48.7676 42.8585 -23.7166  255 255 255
48.8641 42.9945 -24.0089  255 255 255
52.3234 30.2975 16.6347  255 255 255
50.5622 41.8227 -21.2569  255 255 255
50.5622 41.8227 -21.2569  255 255 255
-26.376 52.6253 -53.4731  255 255 255
-20.3155 53.6104 -57.9035  255 255 255
57.1087 27.0513 25.4696  255 255 255
-78.587 43.9651 -20.2446  255 255 255
25.8874 61.3569 -86.3971  255 255 255
-57.5349 47.0835 -34.2116  255 255 255
-57.5349 47.0835 -34.2116  255 255 255
19.3697 60.1637 -82.5365  255 255 255
-11.2493 54.624 -63.7338  255 255 255
-25.8521 51.8722 -54.8098  255 255 255
-64.7527 45.4356 -29.6828  255 255 255
-37.8183 49.6932 -47.243  255 255 255
-27.1326 51.3303 -54.1285  255 255 255
-27.1274 51.3486 -54.1543  255 255 255
-27.1178 51.385 -54.3894  255 255 255
-76.2083 42.9838 -21.025  255 255 255
-25.1698 51.0526 -56.2146  255 255 255
-10.6596 53.3402 -65.1008  255 255 255
-42.8238 47.8978 -44.6755  255 255 255
-76.2076 42.8064 -23.3867  255 255 255
57.3802 25.7615 24.6442  255 255 255
48.4558 40.7287 -26.0104  255 255 255
-19.7325 49.3977 -54.9861  255 255 255
-10.729 52.1374 -66.4034  255 255 255
57.7444 24.936 25.0581  255 255 255
59.8091 23.5247 29.3295  255 255 255
60.3866 22.6252 32.3508  255 255 255
-122.778 59.1145 -77.1151  255 255 255
48.8464 39.1847 -26.2462  255 255 255
48.8812 39.2334 -26.3141  255 255 255
50.4971 38.2874 -23.1046  255 255 255
-12.7439 50.9208 -65.8255  255 255 255
-10.9023 51.1557 -66.7764  255 255 255
-53.9038 43.972 -40.3692  255 255 255
-40.1586 45.9313 -49.0825  255 255 255
-40.7168 45.2117 -49.4526  255 255 255
-43.414 44.6617 -47.4768  255 255 255
-53.8789 42.2503 -41.3658  255 255 255
-65.5045 40.3924 -34.0969  255 255 255
-43.5334 43.3505 -48.6121  255 255 255
-68.2794 39.5663 -31.7007  255 255 255
-46.2666 42.7507 -47.1667  255 255 255
-28.9736 45.4056 -58.4467  255 255 255
-63.2757 40.1174 -36.0509  255 255 255
-63.2757 40.1174 -36.0509  255 255 255
-44.9737 42.4487 -47.1854  255 255 255
-44.8905 42.7411 -47.5965  255 255 255
-58.9017 40.6403 -39.1688  255 255 255
52.0334 24.6943 12.273  255 255 255
-51.4696 40.5765 -43.2554  255 255 255
-45.948 40.8422 -48.9009  255 255 255
49.1431 25.246 5.85443  255 255 255
48.7312 25.2286 5.33793  255 255 255
-27.4415 42.759 -61.8675  255 255 255
-54.0763 38.7347 -44.6296  255 255 255
-53.9954 38.6779 -44.5472  255 255 255
-54.4792 38.09 -45.1097  255 255 255
-54.4839 38.0621 -45.0293  255 255 255
-10.1392 43.9129 -74.3875  255 255 255
-10.0742 43.9864 -74.6792  255 255 255
-80.5669 34.5188 -27.1964  255 255 255
-55.7473 37.6055 -44.3676  255 255 255
51.7795 30.6442 -24.5516  255 255 255
-74.3608 34.8335 -32.1883  255 255 255
-74.316 34.8247 -32.1072  255 255 255
52.7093 29.0741 -22.5998  255 255 255
-43.2939 37.3536 -54.3654  255 255 255
53.4433 28.413 -22.1197  255 255 255
52.9042 20.1611 11.4438  255 255 255
54.0029 27.5508 -21.1145  255 255 255
53.0684 27.9038 -23.2367  255 255 255
-71.5203 32.5347 -34.5221  255 255 255
49.1836 29.3164 -31.8862  255 255 255
60.9126 16.0998 26.7346  255 255 255
-124.149 43.6377 -75.9631  255 255 255
53.6341 26.875 -22.6349  255 255 255
53.6401 26.8852 -22.6684  255 255 255
52.6401 19.3773 10.3973  255 255 255
-83.1418 30.3974 -29.0463  255 255 255
-83.2256 30.4182 -29.2513  255 255 255
-66.9523 32.1946 -40.6814  255 255 255
-61.0084 32.7711 -44.526  255 255 255
58.3186 16.4911 21.1962  255 255 255
-82.3693 30.3489 -30.5011  255 255 255
60.4455 15.2114 24.9611  255 255 255
60.4099 15.1959 25.0265  255 255 255
61.7844 14.4783 27.8102  255 255 255
43.5088 35.0175 -74.769  255 255 255
-60.1107 30.6049 -46.7901  255 255 255
-38.36 32.3386 -62.8643  255 255 255
-82.4953 27.5172 -32.0442  255 255 255
-77.7449 28.0867 -36.4336  255 255 255
-74.5856 28.6479 -43.2081  255 255 255
-73.2721 28.5606 -43.0033  255 255 255
-114.594 34.091 -65.3959  255 255 255
50.2649 16.2559 3.18276  255 255 255
50.2697 16.2589 3.16861  255 255 255
53.2974 14.9001 9.72672  255 255 255
58.69 12.8094 19.9919  255 255 255
50.3948 15.6458 3.02753  255 255 255
59.2657 12.523 20.041  255 255 255
-8.74753 28.5061 -64.0438  255 255 255
62.5293 10.9622 26.9874  255 255 255
62.7448 10.8458 27.4572  255 255 255
-0.988798 26.9095 -62.8026  255 255 255
55.0433 13.0759 11.8748  255 255 255
-3.56395 26.7821 -62.7464  255 255 255
49.8166 14.7806 0.953857  255 255 255
-85.3105 23.419 -35.0203  255 255 255
-1.29153 25.1985 -60.9518  255 255 255
-48.2119 25.8515 -58.7523  255 255 255
48.899 14.2107 -1.30412  255 255 255
-1.8282 24.1118 -58.7683  255 255 255
-0.6119 24.4027 -59.7702  255 255 255
-0.64601 24.3905 -59.6617  255 255 255
58.5264 10.6168 18.1505  255 255 255
-41.9233 24.8857 -58.2183  255 255 255
-13.8339 23.6959 -58.1448  255 255 255
-13.8814 23.7482 -58.2895  255 255 255
0.213539 23.6421 -59.2915  255 255 255
-16.9593 23.6669 -57.7451  255 255 255
-109.18 25.6233 -54.6692  255 255 255
-81.6947 21.7306 -38.7618  255 255 255
30.4525 21.745 -58.7718  255 255 255
-38.7428 21.8122 -53.6662  255 255 255
-84.547 19.8711 -37.5988  255 255 255
-107.444 22.931 -52.0953  255 255 255
63.1467 7.23296 25.9  255 255 255
-83.6609 19.4354 -37.3936  255 255 255
53.0999 10.2628 4.72447  255 255 255
63.8095 6.54603 27.3651  255 255 255
-14.1135 19.3293 -53.0522  255 255 255
19.9028 18.9677 -55.1706  255 255 255
-85.3805 18.3786 -38.9059  255 255 255
62.8083 6.00587 24.9848  255 255 255
63.3318 5.82783 26.0625  255 255 255
-22.7649 17.9387 -52.5601  255 255 255
63.0109 5.85982 25.5085  255 255 255
63.0778 5.86436 25.4107  255 255 255
62.9387 5.42344 25.1169  255 255 255
63.5736 5.31616 25.8906  255 255 255
63.3409 5.10338 25.0189  255 255 255
63.3409 5.10338 25.0189  255 255 255
-58.7078 16.1194 -46.1486  255 255 255
47.4753 8.39241 -6.8969  255 255 255
51.5993 7.66585 -0.476812  255 255 255
57.4699 5.91103 12.3726  255 255 255
62.563 4.34426 23.5924  255 255 255
63.0644 4.04937 24.3946  255 255 255
-14.7204 12.5328 -45.515  255 255 255
51.0843 6.12837 -2.02264  255 255 255
51.3636 5.64199 -1.58074  255 255 255
58.0208 3.5377 11.9896  255 255 255
51.3634 4.61935 -2.10148  255 255 255
-19.9023 9.66766 -41.8073  255 255 255
58.247 2.89391 12.2304  255 255 255
58.2523 2.8904 12.2402  255 255 255
-4.2107 1.86721 22.3537  255 255 255
62.8225 1.074 21.7956  255 255 255
62.8123 1.06995 21.8138  255 255 255
-54.6279 8.85389 -38.3684  255 255 255
56.3934 2.4503 7.52627  255 255 255
56.3642 2.41723 7.55605  255 255 255
-43.9674 7.68619 -38.0714  255 255 255
57.963 1.28868 12.1742  255 255 255
-26.2856 7.1086 -38.4388  255 255 255
-84.2033 7.99916 -34.7199  255 255 255
-47.2822 6.98629 -36.7315  255 255 255
51.6016 2.66408 -3.99408  255 255 255
-44.4468 6.65743 -39.3067  255 255 255
-40.3847 5.66276 -34.8855  255 255 255
-46.5528 5.53882 -35.6307  255 255 255
63.4638 -1.03148 21.4573  255 255 255
53.6457 0.363686 0.153409  255 255 255
-118.247 6.27314 -30.8729  255 255 255
-14.3906 -1.35366 23.3245  255 255 255
56.2348 -0.657915 4.59502  255 255 255
-32.1176 3.32784 -34.2583  255 255 255
57.4238 -1.09606 7.62866  255 255 255
57.4448 -1.09387 7.59196  255 255 255
-69.6215 4.04943 -32.4392  255 255 255
-50.5201 3.35988 -32.2419  255 255 255
57.7624 -1.46786 7.97782  255 255 255
58.9183 -1.8466 10.6808  255 255 255
58.9318 -1.84386 10.6536  255 255 255
60.9283 -2.58813 16.3537  255 255 255
58.3715 -2.42583 9.00904  255 255 255
60.0277 -2.54901 12.7153  255 255 255
59.7092 -2.74882 11.813  255 255 255
-18.3639 -2.01891 12.4742  255 255 255
57.5707 -3.22176 7.01438  255 255 255
57.5707 -3.22176 7.01438  255 255 255
-19.3728 -2.84998 12.8888  255 255 255
63.6586 -4.46781 19.8792  255 255 255
63.66 -4.45875 19.8699  255 255 255
63.66 -4.45875 19.8699  255 255 255
58.3445 -3.96827 8.67017  255 255 255
57.8688 -4.01646 6.92429  255 255 255
60.7467 -4.48091 12.8699  255 255 255
60.7439 -4.48106 12.8786  255 255 255
-7.79028 -4.99871 31.2891  255 255 255
54.217 -3.9586 -2.64519  255 255 255
-19.3282 -3.88338 13.4143  255 255 255
51.1568 -3.76194 -8.4259  255 255 255
51.3783 -3.75491 -8.98812  255 255 255
60.3952 -5.01335 11.7587  255 255 255
61.599 -5.2192 14.4341  255 255 255
62.7411 -5.38914 17.1841  255 255 255
10.7293 -5.90933 28.7249  255 255 255
62.0556 -5.9903 14.4001  255 255 255
58.4346 -5.73055 6.39273  255 255 255
-46.229 -2.74328 -26.3618  255 255 255
60.3942 -6.01628 11.2092  255 255 255
60.403 -6.01541 11.1938  255 255 255
-46.1372 -3.41548 -25.9019  255 255 255
49.2825 -5.49166 -14.0321  255 255 255
59.9851 -6.72423 9.8917  255 255 255
61.8306 -6.96187 13.5478  255 255 255
49.8542 -6.10077 -13.4471  255 255 255
-43.2457 -4.31228 -24.6168  255 255 255
-4.61211 -7.39637 33.8138  255 255 255
56.9573 -7.13353 2.70065  255 255 255
60.4189 -7.39859 10.6928  255 255 255
48.7553 -6.49362 -16.7419  255 255 255
57.3017 -7.62697 3.17799  255 255 255
57.3139 -7.63337 3.17001  255 255 255
-8.63086 -8.42514 33.1853  255 255 255
-46.411 -6.97242 -21.3843  255 255 255
56.8193 -9.14076 1.21817  255 255 255
56.9306 -9.10597 0.976705  255 255 255
-68.9716 -6.78008 -20.3723  255 255 255
58.8562 -9.41543 5.0453  255 255 255
-1.98477 -9.45258 35.0706  255 255 255
58.2622 -9.91283 3.44566  255 255 255
0.272036 -9.83182 35.2125  255 255 255
64.0534 -10.3181 16.8895  255 255 255
-64.6329 -7.73205 -19.2233  255 255 255
57.4747 -10.1051 1.62356  255 255 255
59.3418 -10.6234 5.4531  255 255 255
64.186 -11.5696 16.7348  255 255 255
57.1147 -11.4313 -0.413869  255 255 255
64.8227 -11.8132 18.7281  255 255 255
60.3611 -11.8326 7.77818  255 255 255
56.7264 -11.9302 -1.55175  255 255 255
47.9851 -12.0932 -21.2306  255 255 255
61.1588 -12.5733 8.65439  255 255 255
61.1588 -12.5733 8.65439  255 255 255
-103.458 -9.97667 -13.6637  255 255 255
-47.3643 -10.9617 -16.658  255 255 255
-16.8139 -11.6785 28.2569  255 255 255
5.5082 -12.1296 34.4522  255 255 255
59.1674 -13.2032 3.48828  255 255 255
64.804 -13.2077 17.1148  255 255 255
61.3676 -13.3824 8.70092  255 255 255
42.0522 -13.4274 -18.9488  255 255 255
50.7176 -13.8715 -15.4077  255 255 255
53.8151 -13.9263 -9.41292  255 255 255
58.9379 -13.906 2.48807  255 255 255
58.9379 -13.906 2.48807  255 255 255
10.9922 -12.9472 32.109  255 255 255
61.4953 -14.0337 8.24837  255 255 255
-52.3829 -12.6024 -14.7713  255 255 255
60.0038 -14.1896 4.59181  255 255 255
-58.3948 -12.5819 -14.1236  255 255 255
-60.1233 -12.8914 -13.6726  255 255 255
-19.1571 -13.1081 25.6993  255 255 255
-50.3121 -13.2389 -13.7829  255 255 255
12.575 -13.6756 30.4999  255 255 255
59.5147 -14.7407 3.34979  255 255 255
59.5147 -14.7407 3.34979  255 255 255
65.7852 -14.5652 18.521  255 255 255
65.8261 -14.5678 18.457  255 255 255
56.3815 -14.8192 -4.29655  255 255 255
56.4009 -14.8192 -4.31166  255 255 255
61.6568 -14.7063 7.97683  255 255 255
61.6541 -14.6985 7.97388  255 255 255
61.6724 -14.6967 7.93865  255 255 255
-59.4262 -13.3082 -13.2477  255 255 255
47.02 -15.0541 -18.732  255 255 255
-60.3966 -13.5705 -13.4308  255 255 255
56.9183 -15.2099 -3.10859  255 255 255
56.7805 -15.2179 -2.84872  255 255 255
-64.7082 -13.5901 -13.18  255 255 255
66.0185 -15.1636 18.2795  255 255 255
-57.4805 -14.0422 -12.8516  255 255 255
52.1271 -16.1266 -13.9369  255 255 255
-49.9985 -15.1317 -11.9879  255 255 255
55.948 -16.6086 -5.67572  255 255 255
67.2248 -16.2521 20.4553  255 255 255
-50.4446 -15.5291 -11.9526  255 255 255
54.4569 -17.4586 -9.77852  255 255 255
54.2179 -17.4371 -9.28712  255 255 255
60.6777 -17.1957 4.24459  255 255 255
62.0208 -17.1612 7.2754  255 255 255
55.8524 -17.4533 -7.08089  255 255 255
-67.6105 -15.8405 -10.4097  255 255 255
59.4151 -17.6558 0.435497  255 255 255
60.8153 -18.3852 3.61945  255 255 255
60.8073 -18.3787 3.61741  255 255 255
60.8294 -18.3711 3.59731  255 255 255
58.3113 -18.5931 -2.13225  255 255 255
3.38581 -16.3823 35.3229  255 255 255
17.7406 -17.2455 26.0112  255 255 255
11.0897 -17.2165 31.4901  255 255 255
-52.792 -18.2307 -8.09909  255 255 255
-52.8116 -18.2379 -8.15732  255 255 255
-15.4159 -17.0327 30.6102  255 255 255
-59.6827 -18.2485 -7.61166  255 255 255
-26.8577 -17.4019 25.6726  255 255 255
-16.9706 -17.551 29.615  255 255 255
4.82941 -17.6561 35.2443  255 255 255
-58.5426 -18.8368 -6.94402  255 255 255
-52.4127 -18.8352 -7.30193  255 255 255
61.2898 -20.3871 3.66066  255 255 255
61.3655 -20.3812 3.50569  255 255 255
-60.335 -19.0912 -6.97078  255 255 255
11.689 -18.9792 31.0205  255 255 255
-48.9093 -20.5917 -5.80942  255 255 255
64.0188 -21.5377 10.3809  255 255 255
-48.2313 -20.6525 -5.6569  255 255 255
-26.4494 -19.0503 27.0594  255 255 255
-26.4224 -19.0388 27.2213  255 255 255
-2.03976 -18.944 36.1272  255 255 255
-2.03031 -18.9574 36.0365  255 255 255
60.5351 -22.2877 -1.31475  255 255 255
59.091 -22.7317 -3.14341  255 255 255
66.0721 -22.1378 13.805  255 255 255
-62.788 -22.4545 -3.28863  255 255 255
60.3065 -24.7298 -1.7317  255 255 255
-54.7369 -24.6159 -0.952507  255 255 255
12.5565 -22.7802 32.7178  255 255 255
44.6246 -27.1868 -5.00252  255 255 255
64.5808 -26.756 6.32682  255 255 255
-14.162 -23.2165 33.9753  255 255 255
-57.0374 -26.3321 -0.0535942  255 255 255
60.6537 -28.915 -3.67191  255 255 255
-54.4019 -26.5755 0.84392  255 255 255
65.9368 -29.0295 8.93112  255 255 255
65.909 -29.0262 8.98819  255 255 255
-1.49392 -24.8164 36.2261  255 255 255
4.27711 -25.2119 35.6318  255 255 255
0.142232 -25.1286 36.4966  255 255 255
-28.2474 -27.1967 17.8619  255 255 255
-7.28911 -25.3624 36.2867  255 255 255
10.7993 -26.0353 33.0813  255 255 255
67.9193 -29.714 12.1097  255 255 255
1.31864 -25.8445 36.3668  255 255 255
65.1813 -30.643 8.82706  255 255 255
69.4974 -29.7789 16.7051  255 255 255
62.8611 -32.4845 -0.856114  255 255 255
-13.311 -26.4944 34.7024  255 255 255
-55.5023 -30.3586 5.87828  255 255 255
-13.1549 -27.3122 35.5279  255 255 255
68.4129 -32.2085 12.2513  255 255 255
8.76433 -28.1991 34.6796  255 255 255
-57.8279 -31.6925 7.27517  255 255 255
-15.6505 -28.2938 36.6374  255 255 255
-23.7665 -29.9904 26.3104  255 255 255
-12.9415 -28.8717 37.1959  255 255 255
11.8299 -29.6076 35.5928  255 255 255
-15.6995 -28.8608 37.5558  255 255 255
-15.6977 -28.8661 37.5532  255 255 255
69.3389 -34.4473 12.8422  255 255 255
-56.3233 -33.38 8.77277  255 255 255
10.4483 -29.8975 36.1764  255 255 255
66.131 -36.2556 4.47975  255 255 255
69.8393 -35.855 12.9011  255 255 255
-11.3893 -31.0654 36.4828  255 255 255
0.899405 -31.2255 38.4896  255 255 255
5.78712 -31.5477 38.1551  255 255 255
-0.209752 -32.254 37.9289  255 255 255
10.0778 -35.9647 31.4401  255 255 255
-13.4447 -36.2286 30.9106  255 255 255
-8.23124 -37.4275 32.3751  255 255 255
12.6219 -39.5748 26.5858  255 255 255
15.1875 -40.688 25.6674  255 255 255
17.4577 -42.3069 25.4495  255 255 255
55.3499 -47.1576 18.0994  255 255 255
20.9762 -46.6213 21.6415  255 255 255
20.9719 -46.61 21.6307  255 255 255
-7.54365 -46.0898 32.3792  255 255 255
28.542 -50.7935 22.8384  255 255 255
26.9496 -51.4717 23.3278  255 255 255
54.9592 -52.6525 24.6964  255 255 255
-35.3305 -50.4247 26.8576  255 255 255
51.1825 -54.5496 27.4737  255 255 255
-32.8758 -52.9307 29.7715  255 255 255
49.7027 -56.0498 28.7784  255 255 255
-22.7334 -55.0262 31.5117  255 255 255
-22.7363 -55.0132 31.503  255 255 255
-28.1978 -55.264 32.05  255 255 255
21.9119 -57.0578 30.4277  255 255 255
-19.7271 -56.7716 33.2275  255 255 255
-16.9302 -57.1227 33.5369  255 255 255
-37.9494 -57.3201 34.1668  255 255 255
-0.572686 -58.108 33.1874  255 255 255
-11.639 -57.712 34.1846  255 255 255
-18.921 -57.8364 34.4741  255 255 255
0.510235 -58.7674 33.6868  255 255 255
-8.85044 -58.4444 34.3842  255 255 255
-6.49244 -58.562 34.318  255 255 255
-13.5398 -58.5825 34.4924  255 255 255
-3.51581 -58.9988 34.6882  255 255 255
51.1656 -60.6008 34.7127  255 255 255
29.0781 -60.6885 35.4587  255 255 255
52.2336 50.2387 -11.2026  255 255 255
-71.1091 54.8178 -16.7076  255 255 255
29.8031 74.9743 -77.4516  255 255 255
65.5853 82.4305 -97.2528  255 255 255
66.9045 82.5184 -97.3081  255 255 255
17.5105 71.1238 -70.361  255 255 255
28.6227 73.726 -77.6224  255 255 255
-123.433 74.2753 -66.806  255 255 255
-55.2026 56.3346 -27.0824  255 255 255
54.9204 46.9863 -7.41213  255 255 255
54.9066 46.9801 -7.38679  255 255 255
-79.8348 51.7401 -11.5438  255 255 255
-31.4223 60.7146 -41.9488  255 255 255
-31.4223 60.7146 -41.9488  255 255 255
50.8519 77.4213 -90.0923  255 255 255
-33.0218 60.4232 -42.2165  255 255 255
-33.0131 60.3108 -42.0509  255 255 255
-8.80731 63.4112 -57.4173  255 255 255
22.3039 69.5899 -75.8686  255 255 255
22.2855 69.5588 -75.7786  255 255 255
-62.3772 53.2468 -25.152  255 255 255
24.5804 69.5029 -78.0526  255 255 255
23.5782 68.9079 -77.769  255 255 255
23.5782 68.9079 -77.769  255 255 255
-10.8626 61.9043 -57.7015  255 255 255
28.7943 68.1093 -76.7764  255 255 255
26.9764 68.4998 -78.384  255 255 255
55.0562 43.8912 -8.53531  255 255 255
54.2837 44.2418 -10.0788  255 255 255
7.45845 64.8528 -68.9816  255 255 255
12.4262 66.2927 -73.1105  255 255 255
-81.2585 48.8277 -14.9004  255 255 255
-81.1516 48.6683 -14.4485  255 255 255
-82.3511 47.9291 -12.9166  255 255 255
64.6897 75.529 -103.034  255 255 255
55.2894 43.3612 -9.5893  255 255 255
51.064 34.1126 15.4386  255 255 255
51.064 34.1126 15.4386  255 255 255
-26.5259 56.3713 -49.8973  255 255 255
50.5415 45.003 -18.6708  255 255 255
24.285 65.132 -81.6951  255 255 255
49.636 33.9431 12.3299  255 255 255
50.3577 32.9457 13.9383  255 255 255
-10.2242 57.7046 -61.3082  255 255 255
-10.2203 57.7214 -61.3165  255 255 255
-83.0479 44.9819 -15.4667  255 255 255
-80.1326 45.2202 -17.9277  255 255 255
-11.1046 56.9029 -62.3066  255 255 255
-124.198 64.9827 -74.0136  255 255 255
-63.7919 46.4556 -29.6594  255 255 255
-104.635 53.1151 -46.4389  255 255 255
-77.5762 43.7573 -20.2595  255 255 255
-84.2063 42.8591 -16.9833  255 255 255
57.1423 26.6346 24.8617  255 255 255
50.2105 30.5769 11.7708  255 255 255
54.8881 27.796 20.1969  255 255 255
-11.5013 53.5383 -64.7728  255 255 255
50.2203 39.94 -22.7877  255 255 255
50.2203 39.94 -22.7877  255 255 255
56.6072 64.1861 -105.262  255 255 255
-45.2581 47.1636 -43.6953  255 255 255
57.349 25.1363 23.9763  255 255 255
-33.2054 48.329 -52.4896  255 255 255
49.7893 39.0791 -24.1578  255 255 255
-47.0876 45.6973 -44.0763  255 255 255
-42.6049 46.0852 -46.8266  255 255 255
-37.328 46.8706 -50.7372  255 255 255
-66.4099 42.0863 -31.8659  255 255 255
-77.4672 40.4572 -24.7178  255 255 255
-84.429 39.2145 -20.2631  255 255 255
-44.9179 44.1812 -46.9574  255 255 255
50.0667 26.3699 8.43851  255 255 255
-53.093 41.526 -42.8868  255 255 255
53.1434 24.3366 14.478  255 255 255
-61.0364 39.9571 -38.3386  255 255 255
-42.3379 41.9669 -50.5863  255 255 255
-9.80393 46.7551 -72.0037  255 255 255
0.403115 47.4674 -78.103  255 255 255
-55.4386 38.8243 -43.58  255 255 255
-129.701 50.3597 -81.8193  255 255 255
53.8722 21.3135 14.0509  255 255 255
-121.481 48.4785 -79.8555  255 255 255
-31.7169 40.0442 -60.4311  255 255 255
46.3953 33.1133 -35.6493  255 255 255
53.9808 29.2857 -20.9841  255 255 255
-11.6349 40.7611 -75.7447  255 255 255
-54.2282 33.945 -48.4258  255 255 255
-54.2766 33.9829 -48.6106  255 255 255
18.1663 38.6912 -78.0483  255 255 255
18.1675 38.5153 -77.5293  255 255 255
-124.033 41.8963 -73.2399  255 255 255
-115.425 41.3872 -72.3854  255 255 255
52.0253 26.8898 -25.8488  255 255 255
-57.4704 33.0604 -47.6622  255 255 255
59.176 15.5388 22.4357  255 255 255
-39.0476 34.1391 -60.7791  255 255 255
-57.4185 31.7766 -47.4006  255 255 255
55.4178 16.4964 15.2722  255 255 255
51.9131 24.6726 -26.5129  255 255 255
51.9473 24.6847 -26.6071  255 255 255
51.4426 17.8619 6.60352  255 255 255
52.6287 17.2263 9.07752  255 255 255
-31.1717 33.6141 -66.6512  255 255 255
18.4236 33.6274 -72.177  255 255 255
-4.54429 33.2733 -70.2844  255 255 255
51.5282 16.6751 6.0196  255 255 255
-37.5033 31.6303 -64.5765  255 255 255
-81.7068 26.8083 -33.1971  255 255 255
-81.7068 26.8083 -33.1971  255 255 255
-84.5194 26.0998 -32.8141  255 255 255
-69.7202 27.0472 -42.6033  255 255 255
52.6273 21.6135 -27.1067  255 255 255
-65.4819 27.095 -45.6816  255 255 255
-48.6211 28.4823 -59.7626  255 255 255
-13.897 27.8614 -62.965  255 255 255
-13.8946 27.9236 -63.2819  255 255 255
58.2613 12.3588 17.9393  255 255 255
-1.74786 27.6493 -64.3478  255 255 255
-80.3125 24.5476 -37.8349  255 255 255
-85.8994 22.6095 -35.0314  255 255 255
-82.6684 22.7139 -37.5268  255 255 255
-84.4242 22.4418 -38.1624  255 255 255
-2.58718 22.9553 -58.1151  255 255 255
48.8977 13.2897 -2.2539  255 255 255
21.232 21.5703 -58.4165  255 255 255
-110.411 23.6986 -53.3905  255 255 255
16.8982 20.7898 -57.4215  255 255 255
50.2484 11.4483 -0.304497  255 255 255
51.6559 10.9986 2.28684  255 255 255
51.6417 10.9954 2.30425  255 255 255
-113.659 23.0555 -52.0047  255 255 255
49.4769 10.784 -2.4903  255 255 255
-24.7893 18.3719 -51.1973  255 255 255
53.2661 9.06451 6.63884  255 255 255
-84.2001 18.1462 -38.2279  255 255 255
53.3346 8.93367 4.96176  255 255 255
54.0843 8.7532 6.4431  255 255 255
55.5519 8.16266 9.98885  255 255 255
51.2971 9.21044 0.15403  255 255 255
49.6654 8.9369 -3.44585  255 255 255
49.6753 8.92921 -3.51073  255 255 255
51.8253 8.23223 1.13401  255 255 255
-17.3859 15.1593 -48.751  255 255 255
47.5685 8.56346 -9.04128  255 255 255
-24.1883 13.3835 -42.7704  255 255 255
55.3308 5.98002 7.80093  255 255 255
55.7574 5.60811 8.78247  255 255 255
-58.566 14.0334 -45.1989  255 255 255
-58.4797 13.9679 -44.9345  255 255 255
51.4888 6.59378 -0.606265  255 255 255
50.0794 6.22162 -3.96607  255 255 255
-3.30931 2.69655 21.8367  255 255 255
-54.7523 10.6273 -41.5193  255 255 255
-54.7523 10.6273 -41.5193  255 255 255
51.0797 4.24996 -3.54189  255 255 255
-5.34049 1.69939 23.0539  255 255 255
57.8106 0.498165 9.61122  255 255 255
57.6187 0.369507 8.46891  255 255 255
57.4887 0.338723 8.73631  255 255 255
57.4887 0.338723 8.73631  255 255 255
7.55179 -1.03573 25.7792  255 255 255
54.2546 0.43433 1.73995  255 255 255
51.1323 0.669752 -5.70046  255 255 255
57.5933 -0.354353 7.23874  255 255 255
58.6219 -0.719168 10.6255  255 255 255
56.9089 -0.487112 6.90282  255 255 255
-8.56629 -1.85056 28.5922  255 255 255
-119.226 5.62893 -33.1305  255 255 255
-119.226 5.62893 -33.1305  255 255 255
58.1683 -1.17076 9.35187  255 255 255
59.028 -1.29711 11.3674  255 255 255
-40.5182 3.18545 -33.1852  255 255 255
57.1256 -1.26577 6.9499  255 255 255
-48.151 3.06877 -33.4396  255 255 255
54.6218 -1.50168 1.04056  255 255 255
-41.9171 2.06319 -31.6391  255 255 255
57.2792 -1.99389 6.42153  255 255 255
53.5417 -1.5854 -1.34014  255 255 255
53.5417 -1.5854 -1.34014  255 255 255
60.9944 -2.86885 15.646  255 255 255
57.6388 -2.53576 7.46303  255 255 255
60.1971 -3.15562 12.6895  255 255 255
60.5945 -3.25719 13.4537  255 255 255
-15.4286 -3.28006 24.7144  255 255 255
62.3444 -3.65537 18.0466  255 255 255
62.8814 -3.96015 18.5204  255 255 255
-48.3277 0.416478 -29.4004  255 255 255
-9.64975 -3.98453 29.7059  255 255 255
59.1832 -3.52267 10.0889  255 255 255
53.8461 -2.83499 -1.64653  255 255 255
60.103 -3.67054 11.9525  255 255 255
61.0868 -3.97399 14.1825  255 255 255
54.8184 -3.411 0.362423  255 255 255
54.8171 -3.41894 0.372261  255 255 255
55.9309 -3.62791 1.98297  255 255 255
59.7131 -4.20418 10.9354  255 255 255
58.8036 -4.15996 8.73097  255 255 255
60.3228 -4.44502 12.1903  255 255 255
-19.9668 -3.70929 13.6434  255 255 255
59.2751 -4.72235 9.36298  255 255 255
-8.95011 -5.51591 31.1827  255 255 255
59.9934 -5.44316 10.4732  255 255 255
62.2641 -6.05399 15.2764  255 255 255
62.2641 -6.05399 15.2764  255 255 255
59.8025 -6.02513 10.014  255 255 255
-47.5531 -2.9458 -25.9368  255 255 255
61.464 -6.42261 13.3678  255 255 255
-110.322 -2.62913 -22.0362  255 255 255
-17.3388 -6.44811 25.2583  255 255 255
61.3581 -7.3129 12.3036  255 255 255
53.4092 -6.91852 -5.0195  255 255 255
62.2759 -7.51456 14.3157  255 255 255
60.2357 -7.74462 9.63305  255 255 255
-46.336 -5.36043 -24.0423  255 255 255
5.02801 -8.16987 33.3472  255 255 255
61.8605 -8.16566 13.2143  255 255 255
64.8275 -8.94299 19.527  255 255 255
-10.8503 -8.38097 32.0556  255 255 255
59.0738 -8.66405 6.19594  255 255 255
61.7131 -9.01809 12.2728  255 255 255
62.6975 -9.20463 14.1657  255 255 255
57.6615 -9.11201 2.93989  255 255 255
4.20349 -9.39292 34.1816  255 255 255
-11.5785 -9.22882 31.6198  255 255 255
-0.284492 -9.50027 35.0777  255 255 255
-0.274022 -9.47304 35.0007  255 255 255
53.8961 -9.39292 -6.0422  255 255 255
63.5977 -10.2047 16.2179  255 255 255
5.35644 -10.0016 33.8176  255 255 255
56.9468 -10.2696 0.217865  255 255 255
66.0777 -10.732 21.4883  255 255 255
48.6717 -9.88818 -18.3555  255 255 255
48.5091 -9.94288 -17.9661  255 255 255
51.1823 -9.98491 -13.3676  255 255 255
58.5335 -10.5447 4.82516  255 255 255
47.6123 -10.4018 -21.4351  255 255 255
47.5172 -10.409 -21.1473  255 255 255
-21.884 -9.96725 21.0189  255 255 255
-8.20081 -10.5382 34.0302  255 255 255
59.4867 -11.4343 5.42773  255 255 255
-28.8732 -10.3716 17.2558  255 255 255
58.9778 -11.9703 4.11518  255 255 255
57.5994 -12.1563 0.560697  255 255 255
57.5943 -12.1519 0.56023  255 255 255
-22.5016 -11.1255 22.4949  255 255 255
-21.2854 -11.241 22.4398  255 255 255
-5.00991 -11.477 35.2786  255 255 255
6.12564 -11.8264 33.9766  255 255 255
6.11331 -11.8317 34.0088  255 255 255
-62.8758 -10.5986 -16.7092  255 255 255
59.9209 -13.0313 5.21044  255 255 255
-27.9863 -11.8202 19.0343  255 255 255
58.4545 -13.1567 1.70612  255 255 255
66.5154 -13.3309 20.6377  255 255 255
-18.4395 -12.1118 26.4933  255 255 255
64.1188 -13.4339 15.0715  255 255 255
64.1813 -13.4347 14.9086  255 255 255
-25.9617 -12.2145 18.9919  255 255 255
60.6576 -14.1101 6.28548  255 255 255
59.0157 -15.1655 2.10228  255 255 255
-21.7392 -13.6215 25.1457  255 255 255
-67.3383 -13.9518 -12.1495  255 255 255
61.0456 -15.6059 5.95729  255 255 255
-54.5071 -14.3174 -12.5733  255 255 255
-54.5079 -14.324 -12.5767  255 255 255
57.9885 -15.7664 -1.14867  255 255 255
56.7143 -16.2094 -4.68608  255 255 255
59.852 -16.0856 3.00929  255 255 255
-53.3869 -14.9351 -11.966  255 255 255
-54.1295 -15.1252 -11.7321  255 255 255
58.7717 -16.8127 -0.0614321  255 255 255
59.6176 -16.8262 1.70627  255 255 255
-18.9042 -15.3906 27.4787  255 255 255
-61.9382 -15.8476 -10.5423  255 255 255
60.2033 -17.6569 2.78285  255 255 255
60.2414 -17.65 2.69949  255 255 255
-56.4181 -16.5588 -9.79933  255 255 255
-60.0512 -16.633 -9.52393  255 255 255
58.9579 -18.2876 -0.489189  255 255 255
58.9469 -18.3041 -0.436161  255 255 255
-18.1436 -16.3266 27.9941  255 255 255
-14.6288 -16.3812 31.1773  255 255 255
67.5948 -18.2736 18.6001  255 255 255
-9.26366 -16.5894 34.4386  255 255 255
-62.5547 -17.7862 -8.57878  255 255 255
59.7289 -19.2226 0.366292  255 255 255
66.0239 -18.8084 16.1723  255 255 255
60.1166 -19.3098 1.39717  255 255 255
60.0657 -19.3293 1.44381  255 255 255
58.5474 -19.9622 -2.53286  255 255 255
0.129128 -17.4743 36.1315  255 255 255
59.8491 -20.63 0.221962  255 255 255
59.8197 -20.6441 0.253906  255 255 255
-64.209 -19.0823 -6.82628  255 255 255
-61.7685 -19.1831 -6.77466  255 255 255
2.5516 -18.3691 35.1765  255 255 255
1.60812 -18.4457 35.6624  255 255 255
58.9242 -21.4276 -2.71444  255 255 255
65.4738 -21.4665 12.3116  255 255 255
65.0716 -21.4171 12.9591  255 255 255
-56.3678 -20.5356 -5.48218  255 255 255
3.03487 -19.1419 35.4127  255 255 255
3.03884 -19.1274 35.4491  255 255 255
61.3599 -22.4204 1.88216  255 255 255
59.9739 -22.7499 -1.24158  255 255 255
67.5666 -21.6333 18.1322  255 255 255
66.2194 -21.9404 15.1639  255 255 255
-57.2332 -21.9012 -4.15078  255 255 255
-11.6351 -20.0527 32.9412  255 255 255
-11.198 -20.5347 33.117  255 255 255
-55.371 -23.004 -2.32164  255 255 255
3.74616 -21.0273 34.7071  255 255 255
-4.70043 -20.8962 35.2895  255 255 255
-17.6366 -21.4819 32.0391  255 255 255
-13.6986 -21.6528 34.1249  255 255 255
64.1798 -25.5787 5.13287  255 255 255
63.0668 -25.3854 6.9517  255 255 255
61.2577 -26.4175 -0.490195  255 255 255
67.4863 -25.3686 14.9109  255 255 255
7.82339 -22.9564 33.2024  255 255 255
6.91064 -23.2826 33.2103  255 255 255
4.92094 -23.3729 33.889  255 255 255
65.0038 -27.1779 6.85195  255 255 255
3.38578 -23.4491 34.5042  255 255 255
-20.4178 -23.6291 32.059  255 255 255
-2.85193 -24.8565 36.6215  255 255 255
11.4258 -26.166 32.6585  255 255 255
68.572 -29.6803 14.6132  255 255 255
64.9053 -31.1262 4.79057  255 255 255
-55.517 -29.8435 4.45714  255 255 255
-57.2466 -32.3184 7.79244  255 255 255
-53.1291 -33.6841 9.04111  255 255 255
-20.1543 -31.2968 28.7555  255 255 255
-6.08925 -30.2485 38.1336  255 255 255
-12.8235 -30.5866 36.2807  255 255 255
-0.921285 -30.5488 38.2935  255 255 255
-21.2924 -32.0987 27.1907  255 255 255
-1.86853 -30.7009 38.2756  255 255 255
-54.5015 -35.0421 11.3038  255 255 255
-4.1766 -31.2419 38.9594  255 255 255
-5.56248 -31.379 39.2539  255 255 255
-4.5176 -32.0344 39.9313  255 255 255
-9.54784 -33.2665 35.3906  255 255 255
-4.87404 -32.539 39.9611  255 255 255
-20.6539 -35.2571 25.9995  255 255 255
-9.26318 -34.0452 34.7569  255 255 255
-92.258 -39.3655 17.9313  255 255 255
50.0587 -42.7824 11.9366  255 255 255
62.7396 -44.668 14.7034  255 255 255
59.1142 -45.5542 15.3708  255 255 255
0.558028 -40.4251 31.7977  255 255 255
57.2087 -46.7641 17.6336  255 255 255
54.7508 -48.0186 18.004  255 255 255
12.4159 -45.2798 28.7589  255 255 255
49.3995 -49.2862 20.3094  255 255 255
-30.481 -50.4974 27.2726  255 255 255
-26.8013 -51.9237 28.3968  255 255 255
51.3018 -55.5543 27.7543  255 255 255
36.1674 -55.4631 27.3149  255 255 255
27.5236 -55.0544 28.8518  255 255 255
-1.82682 -55.7716 31.4017  255 255 255
-2.57799 -56.5373 31.4562  255 255 255
-20.332 -57.0268 33.2891  255 255 255
24.5537 -58.3207 32.4803  255 255 255
-11.5616 -57.2505 33.1322  255 255 255
-38.8449 -56.8994 34.868  255 255 255
46.0829 -59.0775 32.7639  255 255 255
26.1419 -58.864 32.3335  255 255 255
-8.36447 -57.9876 34.0527  255 255 255
-7.42618 -58.1757 33.8592  255 255 255
-12.4043 -58.0415 34.1753  255 255 255
-6.18401 -58.1721 34.2626  255 255 255
-2.72266 -58.8093 34.3144  255 255 255
33.1083 -60.0062 34.1242  255 255 255
-9.88033 -58.6432 34.7997  255 255 255
-9.23068 -59.2909 35.2738  255 255 255
-32.0282 62.6278 -40.4982  255 255 255
-1.1428 68.9849 -59.3873  255 255 255
-72.302 54.473 -16.0642  255 255 255
31.986 75.526 -79.4961  255 255 255
-73.5237 53.9781 -15.1935  255 255 255
-66.8462 55.1682 -19.6061  255 255 255
-66.8392 55.1362 -19.4711  255 255 255
-44.2017 59.4058 -33.7502  255 255 255
48.5838 52.4633 -19.773  255 255 255
-55.8305 56.8362 -26.2304  255 255 255
-55.8358 56.9662 -26.4897  255 255 255
-10.6406 65.6666 -54.4727  255 255 255
47.8588 76.7032 -88.5392  255 255 255
53.8649 47.3643 -9.7329  255 255 255
7.83329 68.2643 -65.8369  255 255 255
48.6924 50.6176 -19.3515  255 255 255
50.3227 49.3008 -16.0303  255 255 255
-72.7189 52.4863 -17.5674  255 255 255
18.6763 70.0668 -73.1997  255 255 255
38.317 73.5783 -83.6046  255 255 255
-7.5329 64.0521 -58.833  255 255 255
52.5764 46.4873 -12.5552  255 255 255
54.368 45.0289 -9.45435  255 255 255
-122.506 70.645 -66.5066  255 255 255
58.8809 75.4606 -98.0201  255 255 255
22.4246 67.9841 -77.7734  255 255 255
-118.306 67.1522 -61.7184  255 255 255
43.6562 71.0311 -88.1373  255 255 255
50.6234 34.7064 15.8964  255 255 255
22.2551 67.038 -78.4459  255 255 255
-2.55785 60.4751 -65.5768  255 255 255
-109.228 57.7333 -51.0182  255 255 255
-109.228 57.7333 -51.0182  255 255 255
-33.0809 52.6016 -47.9033  255 255 255
48.1439 43.0231 -24.8167  255 255 255
48.1882 43.0777 -24.941  255 255 255
49.6262 31.6138 10.8022  255 255 255
49.5347 40.7488 -23.811  255 255 255
55.084 37.4684 -14.3896  255 255 255
51.3537 38.6203 -21.4781  255 255 255
-84.1429 40.9416 -18.3655  255 255 255
52.4136 27.952 14.7913  255 255 255
-24.5178 49.2152 -57.6217  255 255 255
-104.881 49.6277 -49.6027  255 255 255
-80.2848 40.435 -22.2672  255 255 255
60.0708 22.8559 28.8993  255 255 255
60.6964 22.0116 29.8919  255 255 255
54.8784 24.3622 17.9463  255 255 255
52.8524 23.7862 13.1962  255 255 255
52.8028 23.7605 13.2824  255 255 255
54.4304 22.9425 16.2136  255 255 255
54.422 22.9482 16.2177  255 255 255
-49.7842 39.1193 -46.3388  255 255 255
54.0155 22.1737 15.1171  255 255 255
50.9826 23.3127 9.41856  255 255 255
50.253 23.6276 7.56358  255 255 255
50.253 23.6276 7.56358  255 255 255
52.5825 21.7538 11.108  255 255 255
58.7014 18.7054 23.0439  255 255 255
-78.0373 33.1916 -31.5624  255 255 255
58.2978 17.7563 21.6762  255 255 255
53.4554 19.3211 12.2042  255 255 255
-81.6423 31.1419 -30.4562  255 255 255
52.8837 25.8528 -24.6521  255 255 255
58.5293 15.9184 21.0778  255 255 255
61.4438 14.6799 27.1629  255 255 255
61.4438 14.6799 27.1629  255 255 255
51.5065 25.9022 -27.6952  255 255 255
53.0014 17.8578 10.303  255 255 255
53.1372 17.9111 10.1439  255 255 255
-6.38337 35.6906 -72.7126  255 255 255
60.2518 14.21 23.9987  255 255 255
49.7168 18.1099 2.48119  255 255 255
-6.03709 32.7315 -69.0757  255 255 255
46.955 25.6476 -38.3214  255 255 255
52.8057 15.9616 8.71315  255 255 255
56.7972 14.0306 16.1984  255 255 255
52.7087 14.8957 7.68896  255 255 255
52.8021 14.9257 7.61319  255 255 255
49.4217 15.7278 0.760617  255 255 255
53.1868 13.965 9.38349  255 255 255
50.6602 14.8669 1.18153  255 255 255
-64.3904 25.4213 -47.7738  255 255 255
55.5449 12.4326 12.3339  255 255 255
-32.1085 25.2268 -56.9867  255 255 255
-4.46064 21.8792 -57.7416  255 255 255
50.8766 11.8926 1.2556  255 255 255
52.9898 11.0465 5.71436  255 255 255
-70.743 21.5945 -50  255 255 255
-68.3732 21.201 -50.8026  255 255 255
-21.5796 16.7649 -49.8269  255 255 255
57.0307 6.77917 12.3208  255 255 255
-22.3819 14.802 -45.3777  255 255 255
52.6109 7.45097 2.06498  255 255 255
57.2357 5.53786 11.4823  255 255 255
60.0877 5.07387 15.8212  255 255 255
56.6525 4.27317 9.32582  255 255 255
-83.9956 12.3744 -41.2946  255 255 255
61.796 2.88999 18.1402  255 255 255
-4.26699 2.1647 22.3517  255 255 255
-49.3208 8.78594 -37.8179  255 255 255
-46.4068 8.52626 -38.1216  255 255 255
56.8249 0.606086 7.46365  255 255 255
61.8259 -2.14491 18.8283  255 255 255
56.6951 -1.31876 5.96  255 255 255
56.6951 -1.31876 5.96  255 255 255
60.6656 -2.37225 14.7142  255 255 255
62.9224 -3.22226 19.3187  255 255 255
58.5955 -2.63652 9.09877  255 255 255
59.3193 -2.66106 10.8869  255 255 255
61.7189 -4.73696 15.0764  255 255 255
65.6313 -5.578 23.2119  255 255 255
63.9065 -5.3524 19.7623  255 255 255
-71.5552 -1.25114 -25.8692  255 255 255
49.1471 -4.76067 -12.3488  255 255 255
60.5656 -6.46507 11.3507  255 255 255
64.4975 -6.80434 18.8735  255 255 255
64.4975 -6.80434 18.8735  255 255 255
58.5894 -6.85468 6.51186  255 255 255
61.6411 -7.42205 13.0716  255 255 255
61.6411 -7.42205 13.0716  255 255 255
63.3868 -7.95901 16.6823  255 255 255
65.7423 -8.95189 22.18  255 255 255
-64.7202 -6.61872 -21.3919  255 255 255
-58.759 -7.26087 -20.3339  255 255 255
49.9913 -9.37007 -15.5386  255 255 255
50.0553 -9.36293 -15.6481  255 255 255
-68.0574 -7.46391 -19.876  255 255 255
-67.8722 -7.475 -19.1942  255 255 255
-52.5924 -7.8743 -20.662  255 255 255
47.569 -9.41981 -20.891  255 255 255
-61.7126 -8.22236 -19.0118  255 255 255
-68.005 -8.42027 -18.7005  255 255 255
-16.721 -10.5635 28.1663  255 255 255
-114.088 -8.92111 -14.18  255 255 255
56.0101 -13.0589 -3.91656  255 255 255
-104.905 -12.1908 -11.3011  255 255 255
-13.4028 -14.1278 32.1688  255 255 255
-13.71 -14.9015 31.8031  255 255 255
-13.7046 -14.9019 31.8477  255 255 255
4.49948 -15.1888 35.1505  255 255 255
64.9847 -16.7367 15.0226  255 255 255
2.49528 -15.3848 35.5378  255 255 255
-50.0044 -16.3779 -10.8799  255 255 255
66.3241 -17.3888 18.044  255 255 255
66.3241 -17.3888 18.044  255 255 255
-51.4109 -16.8597 -9.65596  255 255 255
-24.618 -16.1192 24.1351  255 255 255
62.0103 -18.1443 7.09115  255 255 255
66.0862 -18.1472 17.0492  255 255 255
66.0862 -18.1472 17.0492  255 255 255
62.665 -18.6986 7.6372  255 255 255
60.5682 -19.1383 2.50802  255 255 255
-63.8621 -18.3487 -7.24686  255 255 255
15.3119 -18.5518 28.0622  255 255 255
-55.4001 -20.6529 -5.55363  255 255 255
-10.3336 -19.0472 33.5278  255 255 255
-57.0975 -21.2735 -5.18709  255 255 255
15.0499 -20.6758 29.8186  255 255 255
60.9344 -23.6969 -0.0667397  255 255 255
8.20697 -22.1714 33.3271  255 255 255
9.83303 -22.9395 32.6168  255 255 255
15.5947 -23.2692 30.0776  255 255 255
1.27747 -22.9471 34.7224  255 255 255
66.9843 -26.8236 12.806  255 255 255
-4.60311 -23.4997 35.12  255 255 255
5.31976 -24.076 35.0183  255 255 255
65.4585 -28.0684 8.17216  255 255 255
-14.0336 -24.8459 33.7027  255 255 255
-30.1192 -27.0138 15.9985  255 255 255
10.8821 -26.5315 32.789  255 255 255
65.3693 -31.8725 5.86083  255 255 255
-56.4594 -30.3598 5.4662  255 255 255
11.9718 -27.6667 33.6595  255 255 255
67.2332 -32.2247 12.5038  255 255 255
4.01962 -27.6925 36.0658  255 255 255
-3.9782 -30.5982 38.7147  255 255 255
-0.133428 -31.0644 38.6157  255 255 255
-0.112472 -31.0584 38.5499  255 255 255
-7.7484 -36.3817 33.2971  255 255 255
-11.5267 -36.9473 31.3005  255 255 255
-7.88937 -38.4654 31.7681  255 255 255
-3.61853 -38.461 33.1366  255 255 255
-2.4677 -39.2888 32.0804  255 255 255
44.1866 -47.1169 16.8848  255 255 255
57.8994 -47.7704 18.4145  255 255 255
59.1802 -47.9264 18.6137  255 255 255
-36.1106 -50.3936 26.7591  255 255 255
56.1498 -52.9345 25.5267  255 255 255
27.5872 -52.4212 24.5164  255 255 255
26.437 -53.3741 25.7578  255 255 255
25.2952 -53.8353 26.2343  255 255 255
52.073 -54.9931 27.371  255 255 255
-24.7439 -53.2892 29.7509  255 255 255
32.0627 -57.0477 29.4798  255 255 255
-77.366 -56.9948 35.3167  255 255 255
25.7977 -59.5476 33.3582  255 255 255
47.8995 -60.7835 34.1981  255 255 255
-71.5248 52.7895 -18.3234  255 255 255
-71.4969 52.7742 -18.1491  255 255 255
35.3615 73.0648 -83.3101  255 255 255
51.2043 48.0504 -14.4711  255 255 255
53.2063 46.4725 -11.2469  255 255 255
53.5095 74.9563 -94.5112  255 255 255
53.5142 31.4479 21.1424  255 255 255
47.188 68.9207 -96.7322  255 255 255
53.9003 29.8963 19.4711  255 255 255
-37.1274 50.7079 -43.9834  255 255 255
5.12182 58.7164 -73.4052  255 255 255
55.9667 27.7566 23.5306  255 255 255
55.5616 27.7319 21.9918  255 255 255
58.6871 25.8139 28.5406  255 255 255
-8.27019 54.1111 -62.5789  255 255 255
49.5026 30.2213 10.2714  255 255 255
56.7749 26.0856 23.4651  255 255 255
55.2106 26.8255 20.5113  255 255 255
55.2106 26.8255 20.5113  255 255 255
53.9341 25.9344 17.0495  255 255 255
55.4331 24.175 19.0302  255 255 255
51.6089 25.2392 11.6559  255 255 255
51.4763 24.6514 10.119  255 255 255
52.4026 31.629 -21.1421  255 255 255
54.3875 29.628 -19.4494  255 255 255
-96.9579 38.1622 -43.0978  255 255 255
-125.372 45.2284 -76.7665  255 255 255
59.7295 17.0189 24.6406  255 255 255
-125.458 43.362 -74.1964  255 255 255
-125.458 43.362 -74.1964  255 255 255
-84.0038 31.0925 -26.8055  255 255 255
55.4044 18.2776 15.3069  255 255 255
59.7332 15.8683 23.9255  255 255 255
61.2101 14.0814 26.2014  255 255 255
57.9029 14.3506 20.0456  255 255 255
54.1159 15.7147 11.1641  255 255 255
50.9913 16.0158 4.70924  255 255 255
-73.5314 27.2298 -43.5507  255 255 255
-40.9699 29.0381 -60.6853  255 255 255
-40.9699 29.0381 -60.6853  255 255 255
51.3877 14.2816 4.41866  255 255 255
52.1164 13.968 5.74619  255 255 255
48.045 15.5164 -2.37503  255 255 255
52.8173 12.6337 6.31733  255 255 255
56.9877 10.7553 14.0833  255 255 255
-81.9631 20.2327 -38.6569  255 255 255
-3.90316 20.0282 -54.5115  255 255 255
51.8969 4.04893 -0.934967  255 255 255
51.8723 4.0466 -0.885501  255 255 255
51.2502 4.25306 -3.80125  255 255 255
63.3258 1.20249 22.8466  255 255 255
57.2212 1.54111 8.31141  255 255 255
57.4469 1.35505 10.9157  255 255 255
-46.5843 6.82636 -35.8083  255 255 255
58.1818 0.664506 11.44  255 255 255
64.648 -2.87292 22.7935  255 255 255
55.8097 -2.07084 3.27774  255 255 255
63.8199 -3.37058 21.0404  255 255 255
57.4717 -3.814 5.39093  255 255 255
62.6547 -6.2196 16.7361  255 255 255
-12.6651 -6.6563 29.7451  255 255 255
-12.6658 -6.65718 29.7446  255 255 255
64.3656 -7.44616 19.829  255 255 255
65.2683 -8.39257 20.9505  255 255 255
-59.6494 -6.27008 -21.78  255 255 255
65.6985 -10.1863 20.4621  255 255 255
58.0921 -10.4592 2.02528  255 255 255
58.1134 -10.4113 1.9324  255 255 255
64.542 -10.7774 17.7613  255 255 255
56.0053 -11.069 -2.40227  255 255 255
-53.7231 -12.26 -17.086  255 255 255
-26.8962 -12.8399 19.9093  255 255 255
63.3532 -14.587 13.0476  255 255 255
-60.5134 -13.9267 -12.9554  255 255 255
-52.4451 -14.4113 -11.7634  255 255 255
-60.1569 -15.4199 -10.9089  255 255 255
4.49373 -15.1884 35.1613  255 255 255
66.7116 -16.8808 19.1009  255 255 255
60.97 -20.5402 1.40128  255 255 255
60.8765 -20.484 1.53199  255 255 255
60.0037 -21.8541 -0.297696  255 255 255
62.5376 -22.0724 5.85312  255 255 255
62.7581 -22.0554 5.6571  255 255 255
-61.5316 -20.9616 -5.01559  255 255 255
-55.5279 -22.0401 -4.05681  255 255 255
-57.4485 -22.9196 -2.89034  255 255 255
6.20447 -21.4867 33.8332  255 255 255
-16.5096 -21.7075 32.9787  255 255 255
-57.9227 -24.7285 -0.346516  255 255 255
-15.2645 -22.5066 33.7697  255 255 255
-59.6024 -25.1541 0.0586531  255 255 255
63.8828 -26.975 4.82586  255 255 255
63.2525 -27.63 2.639  255 255 255
2.3305 -23.7553 34.5367  255 255 255
67.7249 -27.3983 13.2115  255 255 255
-16.2085 -24.6913 32.432  255 255 255
-19.4382 -25.2564 33.9056  255 255 255
-58.7305 -29.6822 4.46669  255 255 255
-1.80444 -26.306 36.7151  255 255 255
-1.80444 -26.306 36.7151  255 255 255
39.8841 -31.8312 -0.211203  255 255 255
68.9454 -33.7942 13.7019  255 255 255
0.351092 -30.3536 37.6518  255 255 255
2.7996 -31.0745 37.7061  255 255 255
14.0614 -33.556 30.9055  255 255 255
-18.4189 -36.2575 27.6402  255 255 255
14.2091 -37.1346 27.3703  255 255 255
17.1331 -39.4304 24.5225  255 255 255
-13.943 -38.1116 29.1668  255 255 255
-15.3359 -41.5702 26.4904  255 255 255
53.9507 -47.1341 17.0482  255 255 255
56.7479 -47.462 18.4271  255 255 255
4.43987 -43.4935 29.1049  255 255 255
30.4589 -51.5972 23.0511  255 255 255
25.9323 -52.9076 25.3205  255 255 255
27.6922 -52.5934 26.2455  255 255 255
34.703 -53.5498 25.4723  255 255 255
35.7366 -53.7295 26.0298  255 255 255
60.3015 -54.7087 27.246  255 255 255
60.3015 -54.7087 27.246  255 255 255
52.7891 -54.9731 28.1236  255 255 255
-28.1269 -52.6182 29.8286  255 255 255
-24.3255 -53.6764 29.5476  255 255 255
-24.3453 -55.7628 32.2661  255 255 255
50.6927 -60.0466 30.9268  255 255 255
-11.2435 -58.4096 33.7501  255 255 255
-11.2435 -58.4096 33.7501  255 255 255
21.9717 -59.6327 33.3082  255 255 255
46.952 -60.9154 34.3147  255 255 255
55.4646 29.6212 24.3427  255 255 255
57.6461 25.9398 25.587  255 255 255
55.1386 34.9462 -14.9874  255 255 255
-77.6705 38.1803 -26.9177  255 255 255
50.4486 25.4202 9.26081  255 255 255
-84.1954 35.911 -22.8352  255 255 255
54.8113 30.7736 -18.5456  255 255 255
58.3337 19.9862 23.6724  255 255 255
-78.4717 35.103 -28.4501  255 255 255
51.7475 22.7616 10.4262  255 255 255
51.7095 22.7525 10.4496  255 255 255
-72.3074 32.0308 -35.2292  255 255 255
48.3367 16.7614 -0.389317  255 255 255
59.506 11.505 19.816  255 255 255
54.3171 12.9608 9.8867  255 255 255
53.4532 11.6027 7.24632  255 255 255
55.1626 9.38786 9.75653  255 255 255
-23.6895 16.5101 -49.0467  255 255 255
-86.1432 16.4207 -41.5656  255 255 255
53.3593 7.44371 4.29974  255 255 255
53.3457 7.43139 4.32772  255 255 255
47.0722 8.77686 -8.68987  255 255 255
60.1145 3.71579 15.7011  255 255 255
-35.6209 8.44352 -39.0414  255 255 255
60.1607 2.05082 12.8555  255 255 255
-45.3467 7.31912 -38.1  255 255 255
52.7771 2.05137 -0.691234  255 255 255
59.4767 0.789954 12.4267  255 255 255
62.6621 -1.94449 19.6186  255 255 255
59.8037 -4.80571 10.6725  255 255 255
-7.45017 -7.92194 33.6933  255 255 255
53.1733 -11.0737 -9.18304  255 255 255
-10.5391 -11.3085 33.2198  255 255 255
63.613 -12.2328 14.8463  255 255 255
-107.476 -9.83549 -13.8422  255 255 255
56.6505 -12.5768 -2.62138  255 255 255
-50.4383 -13.9222 -12.5846  255 255 255
-17.5407 -14.8488 28.1297  255 255 255
-17.5407 -14.8488 28.1297  255 255 255
-52.6653 -16.1026 -10.9419  255 255 255
11.6955 -20.4295 30.4705  255 255 255
-56.0228 -23.5355 -3.82532  255 255 255
-24.1486 -21.8654 30.3741  255 255 255
-57.475 -26.2246 0.248905  255 255 255
15.4182 -29.6097 34.9351  255 255 255
5.47348 -30.9471 38.0971  255 255 255
-2.82272 -31.0869 38.6424  255 255 255
-40.9029 -37.0446 12.4171  255 255 255
-12.3609 -33.3896 33.8869  255 255 255
-10.1714 -35.5983 32.9599  255 255 255
-10.1937 -35.5071 33.2991  255 255 255
16.1418 -39.8009 25.0649  255 255 255
-16.5121 -41.1778 27.8696  255 255 255
58.0975 -46.0931 16.8832  255 255 255
-15.1439 -42.915 28.133  255 255 255
63.2091 -51.5479 23.199  255 255 255
-25.3592 -53.7985 30.2741  255 255 255
-15.0495 -58.1201 35.5685  255 255 255
-15.0495 -58.1201 35.5685  255 255 255
-20.5128 -58.8482 35.5368  255 255 255
-31.1006 61.6799 -42.0804  255 255 255
-31.1006 61.6799 -42.0804  255 255 255
10.3432 68.3593 -69.4981  255 255 255
61.5712 78.1831 -97.7173  255 255 255
50.3133 35.4503 15.1708  255 255 255
5.99556 60.6028 -67.8496  255 255 255
1.12692 60.2107 -67.5649  255 255 255
55.2591 29.1139 22.3639  255 255 255
59.0415 20.6266 25.4052  255 255 255
51.368 30.3463 -24.5645  255 255 255
51.3574 25.613 -28.9087  255 255 255
61.4882 -6.13467 13.8233  255 255 255
55.0627 -6.66334 -1.56191  255 255 255
64.6767 -9.8738 18.9034  255 255 255
-14.5399 -9.7861 29.8  255 255 255
-17.325 -11.185 27.5268  255 255 255
-15.0458 -13.671 30.591  255 255 255
12.3306 -16.8823 31.0644  255 255 255
5.74455 -20.5126 33.4256  255 255 255
-15.5911 -31.0745 36.2091  255 255 255
10.8067 -35.9492 31.1868  255 255 255
46.4208 -41.0633 9.76352  255 255 255
-3.50976 -47.825 25.7464  255 255 255
44.9149 -52.4543 23.7942  255 255 255
-20.6983 -55.974 33.2379  255 255 255
43.6355 71.5812 -90.8983  255 255 255
11.6885 63.2787 -71.5243  255 255 255
56.6704 27.0134 23.571  255 255 255
54.7805 20.9798 15.7534  255 255 255
-45.5655 30.6629 -60.1626  255 255 255
55.3341 -4.3857 -0.557141  255 255 255
62.8095 -10.2495 14.6383  255 255 255
-9.54028 -14.5549 34.9563  255 255 255
-14.8907 -28.2628 36.3692  255 255 255
-4.84841 -31.1203 39.9759  255 255 255
-14.2224 -32.0587 36.0124  255 255 255
-6.22032 -32.3539 39.117  255 255 255
-7.98514 -36.4143 33.3328  255 255 255
-8.56734 -41.8294 29.0334  255 255 255
-5.50086 -43.7896 28.5797  255 255 255
-4.27122 -45.3419 28.9756  255 255 255
-31.2474 -52.7777 29.6483  255 255 255
-6.50751 58.2537 -63.0748  255 255 255
-6.25313 58.4236 -64.3136  255 255 255
58.9111 -3.57605 10.0444  255 255 255
61.9212 -4.32899 16.706  255 255 255
57.4945 -5.69352 4.33606  255 255 255
62.7215 -7.78214 16.427  255 255 255
62.7053 -7.77768 16.3924  255 255 255
6.16466 -15.8625 34.5009  255 255 255
-18.3036 -23.8392 33.2823  255 255 255
-9.25379 -28.0905 34.2201  255 255 255
14.6317 68.4938 -71.4099  255 255 255
-1.82097 63.2279 -63.4266  255 255 255
-1.93527 62.9823 -62.7061  255 255 255
3.36383 62.6445 -70.5552  255 255 255
3.36843 62.4409 -70.4207  255 255 255
36.8533 65.6006 -90.981  255 255 255
54.4043 29.7779 19.3925  255 255 255
60.2303 -9.04644 8.74724  255 255 255
6.4671 -18.6287 34.7032  255 255 255
-3.94375 -24.376 35.6707  255 255 255
-43.8012 45.5156 -45.2238  255 255 255
-43.6452 45.2548 -44.5142  255 255 255
61.6958 2.97212 15.2692  255 255 255
59.428 -6.8187 8.54158  255 255 255
-28.5875 59.4524 -45.8417  255 255 255
1.10835 70.8649 -58.8786  255 255 255
16.1371 76.7493 -65.7368  255 255 255
-65.4022 45.7022 -29.5731  255 255 255
-65.3467 45.6583 -29.4151  255 255 255
-59.5482 47.9201 -32.3699  255 255 255
15.797 76.3343 -65.6388  255 255 255
2.11216 70.9712 -59.5751  255 255 255
-51.9284 50.3972 -35.7119  255 255 255
-51.8349 50.2391 -35.3421  255 255 255
-51.8558 50.2635 -35.3645  255 255 255
13.6617 75.2294 -65.0204  255 255 255
14.7525 75.4037 -64.948  255 255 255
14.8129 75.5167 -65.3089  255 255 255
-28.6871 58.8231 -46.4398  255 255 255
-28.6885 58.7851 -46.1831  255 255 255
-28.6924 58.8065 -46.4226  255 255 255
14.3146 75.2901 -65.2515  255 255 255
14.3083 75.2752 -65.2012  255 255 255
-66.6644 44.7221 -29.4923  255 255 255
-65.6245 44.7025 -29.8504  255 255 255
28.1981 79.5289 -72.4025  255 255 255
-76.6397 40.5633 -26.6241  255 255 255
-58.0629 46.5261 -34.3932  255 255 255
-58.0629 46.5261 -34.3932  255 255 255
-66.4412 43.1015 -31.0047  255 255 255
-33.4524 55.213 -46.0357  255 255 255
-78.3188 38.7127 -25.9691  255 255 255
-78.2225 38.7416 -25.7485  255 255 255
-78.3254 38.7701 -26.0132  255 255 255
20.1405 75.3379 -70.0234  255 255 255
-66.3005 42.6873 -31.3278  255 255 255
25.5271 76.6566 -72.7979  255 255 255
-6.83541 63.9573 -59.1693  255 255 255
-39.6621 51.1871 -44.4175  255 255 255
26.7092 76.2299 -74.1107  255 255 255
19.9659 73.2936 -71.3498  255 255 255
-11.5459 61.3988 -58.0755  255 255 255
-68.7377 39.9113 -31.6676  255 255 255
-67.8733 40.1317 -31.7453  255 255 255
-80.7584 35.9543 -26.4794  255 255 255
-60.1541 42.7753 -35.3155  255 255 255
-6.92556 62.972 -60.6171  255 255 255
27.3636 75.8396 -75.132  255 255 255
-8.08155 62.09 -59.7471  255 255 255
-60.5474 42.603 -35.9026  255 255 255
-21.886 56.4209 -53.4465  255 255 255
-50.5264 45.8916 -41.3512  255 255 255
-35.9168 51.0105 -47.8536  255 255 255
-74.6965 37.0046 -30.3036  255 255 255
-23.4102 55.2005 -53.1143  255 255 255
-76.0372 36.3106 -30.3577  255 255 255
-18.3323 57.1162 -56.0453  255 255 255
-22.8123 55.3491 -53.9775  255 255 255
-76.1791 35.9887 -29.8048  255 255 255
-62.5493 40.1275 -34.5479  255 255 255
-20.2715 56.182 -55.2472  255 255 255
42.2151 79.5929 -82.6854  255 255 255
-81.8064 33.9799 -27.9367  255 255 255
-49.6343 45.1027 -42.486  255 255 255
-18.3092 56.5852 -56.3373  255 255 255
-71.8335 36.803 -31.6306  255 255 255
-46.1299 46.1424 -43.9231  255 255 255
-49.2929 44.8716 -42.7459  255 255 255
-6.04897 61.1351 -62.7778  255 255 255
-62.3198 40.102 -37.0789  255 255 255
-62.2533 40.0558 -36.9477  255 255 255
-23.8143 53.934 -54.3297  255 255 255
-53.7911 42.9167 -41.0224  255 255 255
-46.1332 45.5693 -44.3411  255 255 255
-25.6461 53.1284 -53.6592  255 255 255
-10.7377 58.6753 -60.6165  255 255 255
-18.8254 55.5435 -57.1636  255 255 255
-50.0279 43.9833 -42.9627  255 255 255
-5.75326 60.3853 -62.8475  255 255 255
-47.7105 44.6853 -44.1057  255 255 255
-46.818 44.9264 -44.5688  255 255 255
-77.3559 34.3733 -31.5212  255 255 255
20.9221 69.9331 -74.6855  255 255 255
52.6508 81.5922 -88.3619  255 255 255
-24.4891 52.6961 -54.8151  255 255 255
-71.0634 35.6877 -33.2389  255 255 255
-27.7378 51.5391 -53.8393  255 255 255
23.367 70.6914 -76.2783  255 255 255
-78.3852 33.5918 -31.4345  255 255 255
53.0396 81.6454 -89.5792  255 255 255
-72.8669 34.9376 -32.5232  255 255 255
-19.0682 54.6107 -57.8375  255 255 255
0.26228 61.5525 -65.935  255 255 255
-70.6737 35.889 -34.8048  255 255 255
-70.6737 35.889 -34.8048  255 255 255
-13.0751 56.4944 -60.7381  255 255 255
-37.2699 47.3489 -49.7628  255 255 255
20.4712 69.0355 -75.4374  255 255 255
-5.90496 59.0112 -64.2002  255 255 255
33.6487 73.7703 -81.6288  255 255 255
37.4817 74.9899 -82.6352  255 255 255
-53.6608 40.9317 -41.8281  255 255 255
-58.6022 39.44 -40.4953  255 255 255
39.1948 75.3667 -84.1322  255 255 255
39.2029 75.3826 -84.1736  255 255 255
15.5864 66.3407 -73.8128  255 255 255
29.3988 71.6862 -80.241  255 255 255
46.7369 77.7116 -86.5801  255 255 255
-11.7803 56.0392 -61.9101  255 255 255
-12.5719 55.7344 -61.893  255 255 255
-4.92355 58.3813 -64.8475  255 255 255
33.6972 73.2311 -82.7892  255 255 255
-41.8844 44.843 -48.7586  255 255 255
-48.4443 42.2561 -45.692  255 255 255
-42.6677 44.2121 -48.5944  255 255 255
-55.3488 39.5144 -42.7468  255 255 255
-55.9872 39.2616 -42.7562  255 255 255
18.3731 66.6478 -76.0374  255 255 255
56.9411 80.5812 -92.6349  255 255 255
12.0744 64.3193 -73.5215  255 255 255
-39.5823 44.9372 -50.3442  255 255 255
-51.0968 40.5117 -45.0156  255 255 255
-13.5875 54.3209 -62.3899  255 255 255
-45.6693 42.0726 -46.7597  255 255 255
-45.694 42.1169 -46.8138  255 255 255
-1.45861 58.6947 -67.4745  255 255 255
-1.451 58.7976 -67.7881  255 255 255
-66.5803 34.3945 -36.2116  255 255 255
56.3748 79.6724 -93.0911  255 255 255
-54.529 38.9399 -44.0354  255 255 255
-49.7333 39.9154 -45.7753  255 255 255
-16.1004 52.2456 -61.1821  255 255 255
-49.1697 39.9708 -45.9032  255 255 255
-54.9414 38.1875 -44.3836  255 255 255
-46.9692 40.7068 -46.9524  255 255 255
-46.4998 40.8054 -46.9487  255 255 255
-38.8382 43.9366 -53.7943  255 255 255
42.9533 73.6052 -88.2208  255 255 255
-46.7985 40.717 -49.6996  255 255 255
-46.0845 40.5719 -48.6865  255 255 255
-67.2861 32.8297 -38.873  255 255 255
-82.2943 27.4462 -33.5641  255 255 255
-82.2037 27.3739 -33.3346  255 255 255
-77.5186 29.0188 -35.6505  255 255 255
-19.5665 47.3267 -55.8455  255 255 255
-81.4957 27.2987 -34.0115  255 255 255
-49.1811 38.242 -48.5153  255 255 255
-42.5587 40.4718 -51.4907  255 255 255
-47.2233 38.703 -49.4487  255 255 255
-13.7681 50.5207 -65.2581  255 255 255
-39.7873 41.1435 -54.1203  255 255 255
-52.7205 36.2321 -47.9775  255 255 255
-41.1599 40.4361 -53.6212  255 255 255
-8.95113 51.2539 -68.5457  255 255 255
10.8738 58.5014 -77.2787  255 255 255
-52.6331 35.3394 -48.7035  255 255 255
60.2687 76.1217 -99.0966  255 255 255
9.16952 57.4248 -76.3849  255 255 255
10.5288 58.1884 -77.9044  255 255 255
-65.5642 30.7597 -43.2881  255 255 255
-65.5642 30.7597 -43.2881  255 255 255
-12.275 49.4157 -67.6405  255 255 255
-28.9915 43.1402 -60.583  255 255 255
18.4925 60.4693 -81.5804  255 255 255
-11.0736 49.5215 -68.4438  255 255 255
-52.8988 34.3509 -49.4413  255 255 255
25.0783 62.3966 -84.874  255 255 255
24.6002 62.1161 -84.61  255 255 255
18.4217 59.8151 -81.9863  255 255 255
-54.4982 33.3925 -49.3279  255 255 255
18.496 59.5638 -82.1379  255 255 255
-12.3672 48.0757 -68.8621  255 255 255
-82.6315 23.3981 -37.1911  255 255 255
9.01032 55.6309 -78.7552  255 255 255
-7.72059 49.4767 -71.1133  255 255 255
-28.8395 41.6399 -61.7291  255 255 255
-65.1761 28.8972 -45.4128  255 255 255
-40.6059 37.1762 -56.3543  255 255 255
-63.5248 29.6342 -47.3124  255 255 255
-52.929 32.8135 -50.6728  255 255 255
25.9131 61.1119 -86.4214  255 255 255
-59.6179 30.3409 -47.8747  255 255 255
-74.3784 26.6505 -46.5194  255 255 255
25.1416 60.6743 -86.4323  255 255 255
40.9821 66.3425 -93.2777  255 255 255
27.1046 61.312 -87.5694  255 255 255
27.1046 61.312 -87.5694  255 255 255
24.8905 60.4184 -87.1997  255 255 255
-13.5852 45.9925 -69.8626  255 255 255
45.7781 67.1639 -95.8759  255 255 255
45.8139 67.2299 -96.0535  255 255 255
-17.2962 44.094 -68.2452  255 255 255
24.8074 59.3472 -87.2721  255 255 255
24.799 59.3403 -87.2387  255 255 255
25.9322 59.7264 -87.7513  255 255 255
26.6775 59.9121 -87.8553  255 255 255
45.5334 66.5521 -96.2821  255 255 255
46.8992 67.0687 -96.9048  255 255 255
50.9985 68.3521 -98.9529  255 255 255
5.76075 52.0546 -79.2834  255 255 255
25.1098 59.1761 -88.3974  255 255 255
-34.3531 37.5366 -61.2375  255 255 255
55.4328 69.6091 -100.743  255 255 255
-65.8598 26.3419 -47.1261  255 255 255
-36.2894 36.5849 -61.0668  255 255 255
42.7441 64.5465 -95.771  255 255 255
4.96563 50.8145 -79.5488  255 255 255
4.98809 50.8188 -79.4534  255 255 255
28.2906 59.2199 -90.3977  255 255 255
24.6956 57.3533 -87.859  255 255 255
-28.4756 37.9956 -65.381  255 255 255
-39.472 33.5269 -60.4157  255 255 255
54.8108 67.2801 -102.81  255 255 255
-36.9847 34.3632 -62.0496  255 255 255
49.3592 64.8422 -100.804  255 255 255
49.2735 64.8423 -100.631  255 255 255
44.3032 62.7599 -97.8489  255 255 255
-54.7546 25.6944 -48.9898  255 255 255
-54.7546 25.6944 -48.9898  255 255 255
25.0785 55.6812 -90.7504  255 255 255
35.7867 59.4368 -95.4882  255 255 255
35.6701 59.2636 -94.9337  255 255 255
47.2748 63.3064 -100.417  255 255 255
9.19614 49.3051 -84.0298  255 255 255
-48.1092 29.2667 -60.0299  255 255 255
10.9128 49.3191 -84.7773  255 255 255
-47.391 29.086 -60.6744  255 255 255
30.0666 55.7794 -94.2692  255 255 255
25.7523 54.0081 -92.2329  255 255 255
22.3588 52.6918 -90.7187  255 255 255
42.1112 59.6351 -99.6005  255 255 255
-68.9026 20.2076 -50.9826  255 255 255
39.6453 58.4619 -102.839  255 255 255
48.029 41.7998 -28.6142  255 255 255
-93.121 7.22163 -34.9333  255 255 255
48.6554 39.1971 -27.3161  255 255 255
48.6554 39.1971 -27.3161  255 255 255
-90.2084 7.06265 -35.057  255 255 255
-70.4815 13.037 -43.1073  255 255 255
-66.8597 12.882 -42.9387  255 255 255
49.1688 36.7541 -28.2967  255 255 255
49.5801 36.6112 -27.1657  255 255 255
49.5801 36.6112 -27.1657  255 255 255
10.3795 35.2513 -72.8945  255 255 255
3.86204 32.9068 -69.8572  255 255 255
12.2798 33.9179 -71.5795  255 255 255
49.4261 33.6513 -28.632  255 255 255
4.78463 26.5223 -62.7046  255 255 255
15.9052 29.7656 -67.2223  255 255 255
7.69519 25.3531 -61.5273  255 255 255
2.53125 23.2622 -58.7749  255 255 255
2.54742 23.3004 -58.951  255 255 255
35.8121 33.9038 -73.1813  255 255 255
3.8784 23.0688 -59.6083  255 255 255
7.95711 23.6585 -59.7427  255 255 255
49.3802 30.391 -35.2343  255 255 255
-94.8884 -8.6991 -16.347  255 255 255
36.8716 32.0518 -71.4031  255 255 255
-88.0833 -7.85338 -18.0796  255 255 255
48.8196 28.7401 -32.753  255 255 255
3.03456 20.1073 -55.9612  255 255 255
51.3208 28.3677 -27.2016  255 255 255
-37.9467 6.87244 -40.3481  255 255 255
-78.6981 -6.49352 -20.228  255 255 255
4.19811 19.2598 -55.4338  255 255 255
14.7304 22.0407 -58.0529  255 255 255
51.3644 26.6639 -27.9678  255 255 255
-1.40301 15.7516 -49.8771  255 255 255
6.13765 17.9356 -51.9714  255 255 255
-3.20289 15.0541 -48.8764  255 255 255
16.9366 21.4129 -57.1892  255 255 255
18.6322 21.7981 -58.0303  255 255 255
47.4947 26.668 -38.1112  255 255 255
25.4874 23.2019 -60.2322  255 255 255
51.2664 25.5817 -28.8454  255 255 255
51.2955 25.5947 -28.8891  255 255 255
46.8114 25.7357 -39.1216  255 255 255
21.5704 20.844 -57.5257  255 255 255
1.22741 13.9327 -48.0662  255 255 255
24.565 21.5842 -58.6521  255 255 255
51.0421 24.5684 -30.2088  255 255 255
40.1528 25.0622 -63.1761  255 255 255
7.65006 14.4831 -49.2272  255 255 255
-62.3715 -7.18915 -21.8252  255 255 255
-21.1008 -0.010137 4.65898  255 255 255
-20.4836 0.0265244 4.60255  255 255 255
-46.219 -3.50702 -25.0316  255 255 255
49.9827 22.8518 -36.436  255 255 255
49.9827 22.8518 -36.436  255 255 255
-6.25179 0.676424 24.0895  255 255 255
-24.1475 -2.77921 8.04148  255 255 255
0.420326 2.10586 20.8067  255 255 255
0.420326 2.10586 20.8067  255 255 255
3.61117 2.89729 21.1356  255 255 255
-24.9409 -3.48649 8.99674  255 255 255
2.99396 2.50673 21.5603  255 255 255
2.99534 2.4894 21.4383  255 255 255
-9.1726 -1.56082 27.8149  255 255 255
-13.7246 -2.95355 26.1093  255 255 255
48.6575 20.5474 -38.7203  255 255 255
-40.0327 -5.08446 -24.1771  255 255 255
53.2499 20.2633 -28.3197  255 255 255
-67.6905 -13.3659 -13.74  255 255 255
37.0584 17.8657 -54.8823  255 255 255
-62.1393 -12.4493 -15.836  255 255 255
-20.3157 -4.6642 14.7593  255 255 255
49.2349 19.1016 -37.681  255 255 255
6.20585 1.59348 22.16  255 255 255
16.5297 10.6 -43.5618  255 255 255
29.489 14.5674 -50.2107  255 255 255
6.30979 1.12575 23.5805  255 255 255
47.5623 14.5353 -4.8204  255 255 255
0.579534 -1.37758 26.5346  255 255 255
-18.0552 -6.29713 24.1678  255 255 255
-8.69431 -4.41794 30.3943  255 255 255
47.8006 17.0591 -41.647  255 255 255
-22.1289 -7.19692 18.0693  255 255 255
8.55849 0.691979 22.3382  255 255 255
-0.293691 -2.34847 27.7408  255 255 255
51.2995 16.7751 -35.0642  255 255 255
9.38676 0.605242 21.3067  255 255 255
-28.2613 -9.91782 17.208  255 255 255
28.026 9.92438 -44.0611  255 255 255
-13.033 -7.17615 29.8762  255 255 255
31.1602 9.99846 -44.6373  255 255 255
6.85491 -1.52242 24.5858  255 255 255
-7.25693 -5.90575 31.9702  255 255 255
-7.32805 -6.14372 32.2253  255 255 255
33.656 9.54967 -45.0003  255 255 255
42.1345 12.0825 -49.0103  255 255 255
-9.43191 -7.23979 32.0031  255 255 255
-39.6794 -12.5875 -15.7204  255 255 255
-39.6331 -12.5962 -15.7419  255 255 255
-14.7997 -8.74112 29.2514  255 255 255
47.5669 10.8236 -9.9314  255 255 255
-13.043 -8.60104 30.9304  255 255 255
-13.0738 -8.59277 30.541  255 255 255
31.8513 7.95849 -42.7085  255 255 255
-17.6292 -9.8661 27.0043  255 255 255
47.6881 10.0372 -7.04353  255 255 255
-4.16919 -6.66779 33.2347  255 255 255
25.7329 5.45201 -39.3797  255 255 255
9.4509 -2.83724 26.4361  255 255 255
-6.834 -7.74738 33.2535  255 255 255
-5.19659 -7.30932 33.5159  255 255 255
29.7504 5.93823 -40.0826  255 255 255
10.8328 -2.67076 24.8312  255 255 255
10.8206 -2.65064 24.9925  255 255 255
26.582 4.88398 -40.2297  255 255 255
11.6965 -2.47536 24.0673  255 255 255
11.0383 -2.83736 24.836  255 255 255
11.0383 -2.83736 24.836  255 255 255
-4.78833 -7.74412 33.8139  255 255 255
49.8105 9.18774 -5.34018  255 255 255
-21.9732 -12.9886 24.7399  255 255 255
-10.277 -10.0937 32.9498  255 255 255
48.6477 7.81829 -6.22353  255 255 255
-0.920807 -7.66013 34.0972  255 255 255
52.1274 9.94787 -36.8669  255 255 255
49.3932 7.77676 -4.72514  255 255 255
51.1389 9.40248 -39.0605  255 255 255
51.2097 9.44863 -39.3152  255 255 255
-6.92219 -9.63292 34.2202  255 255 255
10.5392 -4.58186 27.5581  255 255 255
-6.9593 -9.84774 34.1926  255 255 255
49.8827 7.21635 -4.17006  255 255 255
-3.16954 -9.2159 34.7327  255 255 255
7.83936 -6.05018 30.287  255 255 255
49.4547 6.50381 -5.49218  255 255 255
2.82418 -7.84205 33.5064  255 255 255
3.88497 -7.56423 32.7877  255 255 255
14.3407 -4.33785 22.7844  255 255 255
-2.19133 -9.40807 34.976  255 255 255
-10.259 -11.6819 33.3868  255 255 255
-21.3259 -14.6924 26.7461  255 255 255
-21.3777 -14.7061 26.4575  255 255 255
-21.3597 -14.7068 26.5125  255 255 255
-21.3653 -14.7079 26.535  255 255 255
-21.0676 -14.7223 26.6013  255 255 255
-21.0676 -14.7223 26.6013  255 255 255
47.8905 5.60644 -9.65208  255 255 255
12.7959 -5.26078 26.0301  255 255 255
-20.3415 -14.5942 26.3426  255 255 255
-12.0959 -12.6389 33.1025  255 255 255
0.553284 -9.11502 34.4268  255 255 255
-4.53605 -10.7219 35.1145  255 255 255
-4.53621 -10.7257 35.1069  255 255 255
8.66336 -7.01924 30.87  255 255 255
0.320923 -9.60032 34.771  255 255 255
4.59125 -8.59206 33.2518  255 255 255
-5.59103 -11.4239 34.697  255 255 255
3.82849 -9.05916 33.8292  255 255 255
9.06672 -7.74613 30.4449  255 255 255
-3.07341 -11.309 35.3291  255 255 255
-6.13791 -12.2575 35.1833  255 255 255
9.02288 -8.03214 30.5836  255 255 255
9.26469 -8.00699 30.5155  255 255 255
50.3202 3.77965 -5.37975  255 255 255
50.7942 3.92483 -6.75644  255 255 255
35.5706 -0.184736 -33.6446  255 255 255
-50.1551 -24.8991 -0.878493  255 255 255
-26.0036 -18.5648 27.0345  255 255 255
48.8039 2.96228 -9.36266  255 255 255
48.3663 2.74028 -10.349  255 255 255
-7.64198 -13.485 34.9129  255 255 255
9.70624 -8.65027 30.7923  255 255 255
2.31019 -10.9125 34.9932  255 255 255
-2.53409 -12.4047 36.0583  255 255 255
49.1765 2.44772 -9.15528  255 255 255
34.4891 -1.91573 -32.0233  255 255 255
-1.69394 -12.3787 35.6461  255 255 255
10.7853 -8.95002 30.3437  255 255 255
-6.55424 -14.0235 35.2894  255 255 255
-4.46997 -13.4152 35.667  255 255 255
10.5576 -9.1788 30.21  255 255 255
46.2984 0.927909 -16.5834  255 255 255
9.74762 -9.489 31.0591  255 255 255
-14.2701 -16.4699 31.679  255 255 255
-8.09779 -14.6183 34.8271  255 255 255
33.7688 -2.92675 -30.7163  255 255 255
14.2352 -8.44379 26.9201  255 255 255
47.5929 0.945478 -14.2441  255 255 255
10.6985 -9.50851 30.4205  255 255 255
12.6736 -8.98015 28.707  255 255 255
-4.02251 -13.9262 35.8045  255 255 255
-8.34227 -15.1655 34.859  255 255 255
-5.92445 -14.4811 35.4993  255 255 255
-5.92386 -14.4821 35.5002  255 255 255
50.3032 1.30668 -8.24416  255 255 255
50.0861 1.23639 -7.57737  255 255 255
-7.01868 -14.957 35.2698  255 255 255
49.6848 0.874391 -8.6122  255 255 255
8.62894 -10.6003 32.1235  255 255 255
-1.32092 -13.5101 35.9677  255 255 255
-10.5547 -16.3089 33.947  255 255 255
47.4307 -0.281749 -15.0996  255 255 255
46.7431 -0.68296 -16.4031  255 255 255
46.731 -0.662906 -16.3687  255 255 255
-2.76828 -14.4315 36.1344  255 255 255
-2.77238 -14.4411 36.0348  255 255 255
-11.9529 -17.1881 33.1487  255 255 255
-4.21817 -14.9369 35.8924  255 255 255
-3.98272 -14.8679 36.2245  255 255 255
2.04003 -13.1431 35.3755  255 255 255
50.4777 -0.0160461 -7.27131  255 255 255
8.04264 -11.7313 32.7744  255 255 255
0.379672 -13.9224 35.8939  255 255 255
-13.0582 -18.3079 32.2474  255 255 255
6.09718 -12.7288 33.8327  255 255 255
49.1069 -1.48143 -11.5234  255 255 255
1.71186 -14.1659 35.8303  255 255 255
14.5666 -10.6519 27.7846  255 255 255
50.4716 -1.13356 -8.11845  255 255 255
2.35314 -14.0307 35.914  255 255 255
4.93902 -13.3498 34.8332  255 255 255
49.7504 -1.51925 -10.1212  255 255 255
-14.5698 -19.2479 31.3143  255 255 255
47.7166 -2.46489 -15.7109  255 255 255
8.15649 -12.7066 33.0924  255 255 255
8.15649 -12.7066 33.0924  255 255 255
-18.3577 -20.3991 31.6954  255 255 255
12.0211 -11.6763 30.4335  255 255 255
4.4655 -13.8234 34.8454  255 255 255
1.81591 -14.7698 36.055  255 255 255
1.56971 -14.8897 36.1359  255 255 255
-47.5293 -30.174 4.92802  255 255 255
7.82475 -13.1887 33.3069  255 255 255
-52.6765 -31.779 6.1637  255 255 255
2.36298 -14.8393 35.6551  255 255 255
5.80723 -13.8607 34.544  255 255 255
-5.86509 -17.3217 35.9469  255 255 255
-5.86929 -17.3371 35.694  255 255 255
-8.70222 -18.259 34.6975  255 255 255
10.3536 -12.9971 31.874  255 255 255
-3.17645 -16.9725 36.0894  255 255 255
4.99073 -14.6462 35.0707  255 255 255
11.6058 -13.0073 30.8991  255 255 255
11.6058 -13.0073 30.8991  255 255 255
19.4352 -11.2747 18.0735  255 255 255
13.9104 -12.5258 28.9224  255 255 255
51.686 -2.89348 -6.39115  255 255 255
-6.8955 -18.493 35.2552  255 255 255
13.0575 -13.0769 29.959  255 255 255
-5.65306 -18.7486 35.6349  255 255 255
6.39629 -15.3407 34.4427  255 255 255
49.0634 -5.12589 -14.3114  255 255 255
-8.54375 -20.1273 34.4708  255 255 255
-16.4723 -22.6025 32.4455  255 255 255
2.80761 -16.8548 35.8042  255 255 255
-1.61704 -18.2212 36.0957  255 255 255
0.0192028 -17.8514 36.0109  255 255 255
-2.31819 -18.7284 36.3763  255 255 255
-0.354708 -18.1824 36.0198  255 255 255
0.596136 -17.9473 36.0516  255 255 255
12.5816 -14.795 30.5401  255 255 255
0.416357 -18.1483 35.9943  255 255 255
48.9899 -6.73234 -14.927  255 255 255
48.9778 -6.74534 -14.9873  255 255 255
-43.3373 -32.968 7.81029  255 255 255
51.0092 -6.07114 -10.373  255 255 255
6.28111 -16.6492 34.6985  255 255 255
-3.66425 -19.5718 35.9232  255 255 255
12.2446 -15.1163 31.3838  255 255 255
6.64091 -16.6317 34.6758  255 255 255
-72.7568 -41.8616 19.8759  255 255 255
-12.1275 -22.6507 34.7775  255 255 255
-19.4288 -24.9836 33.1007  255 255 255
-2.02899 -19.8072 35.8494  255 255 255
50.3473 -7.43697 -12.8355  255 255 255
1.18904 -18.8911 35.9076  255 255 255
7.20277 -17.2619 34.2033  255 255 255
50.4479 -7.54228 -12.2786  255 255 255
14.5533 -15.5301 28.7622  255 255 255
-8.3836 -22.0192 33.9944  255 255 255
11.5146 -16.2916 31.6718  255 255 255
53.6375 -6.28504 -4.02273  255 255 255
50.6563 -7.7939 -12.1183  255 255 255
6.5562 -17.7519 34.542  255 255 255
-17.2561 -25.0706 33.3215  255 255 255
-70.8039 -42.3937 19.9128  255 255 255
-17.6361 -25.3449 33.6517  255 255 255
-3.66571 -21.0681 35.2839  255 255 255
-18.3346 -25.5753 33.9367  255 255 255
52.5839 -7.38271 -6.25873  255 255 255
50.2265 -8.63788 -12.4985  255 255 255
-2.47912 -20.8919 35.4703  255 255 255
53.3763 -7.44288 -5.75182  255 255 255
1.71569 -19.7828 35.57  255 255 255
-3.47665 -21.389 35.2898  255 255 255
9.28669 -17.8464 32.1172  255 255 255
3.84299 -19.28 35.244  255 255 255
0.589524 -20.3187 35.5725  255 255 255
-9.3671 -23.418 35.3832  255 255 255
-0.911666 -20.9519 35.4531  255 255 255
14.6105 -16.8899 29.0032  255 255 255
5.1645 -19.2705 35.0166  255 255 255
25.6034 -14.7398 17.0691  255 255 255
-2.54635 -21.8064 35.2867  255 255 255
25.6445 -14.9804 16.7303  255 255 255
6.69853 -19.3454 34.1853  255 255 255
15.081 -17.4229 28.2107  255 255 255
6.90101 -19.4183 34.1931  255 255 255
-15.1239 -26.3023 34.5746  255 255 255
-0.179005 -21.7641 35.221  255 255 255
52.72 -9.9125 -9.09306  255 255 255
48.9709 -11.7139 -16.0064  255 255 255
13.9726 -18.2089 29.6348  255 255 255
-6.24269 -23.8836 35.9697  255 255 255
26.6996 -15.625 17.9306  255 255 255
15.2737 -18.1875 28.1137  255 255 255
1.06141 -21.8966 35.0274  255 255 255
2.23082 -21.5573 34.9727  255 255 255
4.3518 -20.9229 34.6932  255 255 255
15.0918 -18.4558 27.8739  255 255 255
4.55065 -20.9743 34.8168  255 255 255
2.23019 -21.7586 34.856  255 255 255
1.28861 -22.0803 34.8987  255 255 255
7.69819 -20.2777 33.8498  255 255 255
4.1651 -21.3882 34.6209  255 255 255
26.4843 -16.2483 18.705  255 255 255
51.3599 -11.7995 -12.7773  255 255 255
49.7304 -12.75 -17.2474  255 255 255
16.4214 -18.7237 27.5004  255 255 255
49.4278 -12.9864 -15.5153  255 255 255
51.5691 -11.9301 -11.2364  255 255 255
-2.74057 -23.8052 35.3315  255 255 255
51.9013 -11.9299 -10.7805  255 255 255
-10.7126 -26.3648 34.8087  255 255 255
12.2402 -19.8149 30.8879  255 255 255
-57.4411 -42.6559 19.406  255 255 255
4.15798 -22.2858 34.2499  255 255 255
-2.46059 -24.5626 36.0014  255 255 255
14.4871 -20.1983 29.4057  255 255 255
-14.7076 -28.362 36.7371  255 255 255
-7.53172 -26.2526 35.86  255 255 255
-7.53266 -26.2437 35.8551  255 255 255
53.2347 -12.7604 -9.52296  255 255 255
10.8208 -21.2302 31.1709  255 255 255
21.9009 -18.8844 22.5018  255 255 255
-14.872 -28.684 36.7539  255 255 255
16.1165 -20.1394 29.4288  255 255 255
53.1342 -13.2267 -9.49664  255 255 255
-16.9795 -29.8845 33.5641  255 255 255
7.80675 -22.4582 33.1888  255 255 255
0.657002 -24.3691 35.781  255 255 255
5.7551 -23.1716 33.7926  255 255 255
-1.03551 -25.2921 36.7744  255 255 255
5.86836 -23.5195 34.2144  255 255 255
54.525 -13.5504 -6.51148  255 255 255
53.8729 -14.0455 -8.78068  255 255 255
-2.12559 -25.8872 36.991  255 255 255
2.89707 -24.5202 35.5207  255 255 255
11.4104 -22.4014 31.8569  255 255 255
-5.27892 -27.1065 36.479  255 255 255
6.80533 -23.7093 34.3684  255 255 255
52.2062 -15.318 -9.89061  255 255 255
3.0074 -24.7841 35.7598  255 255 255
13.3725 -22.1451 31.634  255 255 255
1.27206 -25.4201 36.6067  255 255 255
9.02338 -23.4812 33.9861  255 255 255
-11.7221 -29.5325 37.7261  255 255 255
-7.0039 -28.2939 36.0638  255 255 255
21.2223 -21.1178 25.4627  255 255 255
0.976207 -26.1176 36.5338  255 255 255
0.976207 -26.1176 36.5338  255 255 255
-1.47691 -27.0532 36.3716  255 255 255
53.1553 -16.5895 -11.4897  255 255 255
53.1553 -16.5895 -11.4897  255 255 255
52.4515 -17.6328 -14.6543  255 255 255
16.0955 -22.8607 29.7872  255 255 255
-42.0222 -42.8267 18.5723  255 255 255
-5.56177 -28.8603 36.7208  255 255 255
55.0601 -16.5721 -7.4365  255 255 255
56.1345 -15.9334 -4.91685  255 255 255
21.1456 -22.4416 26.4704  255 255 255
52.9655 -18.2072 -13.3887  255 255 255
56.1381 -16.1335 -5.45267  255 255 255
56.0434 -16.231 -4.42589  255 255 255
56.1155 -16.2099 -4.52837  255 255 255
0.914135 -27.552 35.8583  255 255 255
-0.996558 -28.2131 35.7056  255 255 255
-0.996558 -28.2131 35.7056  255 255 255
-13.886 -32.6521 33.8366  255 255 255
-6.9375 -29.8884 37.9557  255 255 255
-6.9375 -29.8884 37.9557  255 255 255
51.8081 -19.1792 -12.701  255 255 255
55.6636 -17.0086 -6.03082  255 255 255
-49.5853 -45.948 22.9931  255 255 255
57.012 -16.7461 -3.92913  255 255 255
57.0307 -16.7179 -3.94145  255 255 255
9.96938 -25.8701 33.6019  255 255 255
9.96938 -25.8701 33.6019  255 255 255
55.7459 -17.9886 -7.51668  255 255 255
-2.03069 -29.2821 36.5292  255 255 255
7.66913 -26.4974 34.8431  255 255 255
19.5944 -23.7533 28.4314  255 255 255
55.3113 -17.9928 -5.68892  255 255 255
56.9303 -17.2997 -3.79907  255 255 255
10.6665 -26.003 33.3674  255 255 255
53.8255 -19.9033 -13.4442  255 255 255
-2.8449 -29.7789 37.6322  255 255 255
-4.11715 -30.4222 38.3032  255 255 255
17.0268 -25.1322 30.2484  255 255 255
57.2237 -18.0672 -3.95985  255 255 255
57.1632 -18.075 -3.81666  255 255 255
56.3836 -18.7856 -6.58926  255 255 255
56.3836 -18.7856 -6.58926  255 255 255
-11.2355 -34.0998 33.8459  255 255 255
-4.26841 -31.1186 39.0762  255 255 255
-42.1316 -46.3487 22.8054  255 255 255
-4.57448 -31.4246 39.8654  255 255 255
8.05257 -28.2558 35.1122  255 255 255
-62.4047 -52.2471 31.4586  255 255 255
2.78092 -29.8296 36.9374  255 255 255
5.28213 -29.1943 36.3979  255 255 255
6.02537 -29.1726 35.8124  255 255 255
20.6513 -25.7149 29.7558  255 255 255
55.4227 -21.9057 -10.7097  255 255 255
55.4339 -21.9041 -10.7706  255 255 255
55.5051 -22.2415 -10.8584  255 255 255
-38.9707 -46.7942 22.2835  255 255 255
9.31397 -28.9681 35.3891  255 255 255
9.31397 -28.9681 35.3891  255 255 255
12.6586 -28.1418 33.9578  255 255 255
12.3575 -28.4067 34.6023  255 255 255
12.3575 -28.4067 34.6023  255 255 255
8.71242 -29.3527 35.927  255 255 255
-0.0735459 -31.7567 38.512  255 255 255
12.5083 -28.6272 34.5623  255 255 255
10.4971 -29.1119 35.7948  255 255 255
-1.50879 -32.5655 37.9572  255 255 255
9.9766 -29.4811 35.9824  255 255 255
16.3568 -27.9956 33.4467  255 255 255
56.6522 -23.2408 -8.50708  255 255 255
-71.2308 -56.7435 36.7768  255 255 255
-31.4267 -45.6769 22.6737  255 255 255
-20.0849 -41.3265 27.687  255 255 255
20.5006 -28.4401 27.1879  255 255 255
-37.1443 -47.9862 24.3545  255 255 255
-23.1898 -43.2932 24.49  255 255 255
2.98312 -32.2969 38.3819  255 255 255
55.7638 -24.5079 -6.50213  255 255 255
57.8715 -23.8356 -6.3239  255 255 255
-37.0746 -48.8571 25.4066  255 255 255
20.6749 -29.888 25.8675  255 255 255
11.0118 -31.1586 35.235  255 255 255
57.967 -25.1827 -5.96967  255 255 255
57.9726 -25.168 -6.01671  255 255 255
3.90933 -33.8521 36.3523  255 255 255
13.5669 -31.5207 33.2193  255 255 255
-38.1103 -50.0291 26.6343  255 255 255
-40.8247 -51.0214 27.6632  255 255 255
13.6884 -31.7628 32.9757  255 255 255
58.8203 -26.2296 -5.93682  255 255 255
57.4812 -26.2253 -2.32177  255 255 255
-39.7165 -51.5967 28.6927  255 255 255
7.53571 -34.5832 34.0524  255 255 255
59.2013 -26.8982 -5.14949  255 255 255
59.2996 -26.8384 -4.70552  255 255 255
12.1626 -34.1868 31.6321  255 255 255
10.05 -34.953 32.4062  255 255 255
5.05598 -36.5309 33.8125  255 255 255
2.69228 -37.7344 32.9026  255 255 255
-1.50184 -39.366 31.9918  255 255 255
13.2146 -34.9948 30.1292  255 255 255
9.56787 -36.57 31.2733  255 255 255
9.55831 -36.5493 31.4422  255 255 255
9.39584 -36.7517 31.2174  255 255 255
-4.28144 -42.0642 29.8841  255 255 255
52.1562 -30.8918 -0.121883  255 255 255
49.5919 -31.368 1.72404  255 255 255
-49.4228 -56.7454 35.4091  255 255 255
47.1356 -32.2311 2.05872  255 255 255
8.91418 -39.5046 29.1509  255 255 255
51.8015 -32.8136 4.46979  255 255 255
13.3925 -40.3407 26.0299  255 255 255
-67.6316 -64.7286 45.5773  255 255 255
6.07113 -42.6659 29.7845  255 255 255
-23.138 -53.9304 30.2612  255 255 255
29.4426 -41.1148 15.8002  255 255 255
50.2463 -37.2428 9.09534  255 255 255
49.9272 -37.3218 9.48291  255 255 255
49.9272 -37.3218 9.48291  255 255 255
48.4495 -38.6348 9.59937  255 255 255
-19.5905 -55.6012 32.0864  255 255 255
3.23841 -49.4629 28.905  255 255 255
-6.4324 -53.1727 31.6419  255 255 255
26.6493 -46.0202 20.4173  255 255 255
-31.702 -61.3951 37.359  255 255 255
35.638 -44.388 17.1843  255 255 255
-54.7011 -67.286 47.6506  255 255 255
-30.4597 -61.1023 38.6767  255 255 255
-30.4597 -61.1023 38.6767  255 255 255
-5.91932 -54.4462 31.6376  255 255 255
48.3496 -41.5698 14.7116  255 255 255
44.9645 -42.7704 14.6672  255 255 255
-4.7998 -54.4192 31.5364  255 255 255
33.8859 -46.4725 17.2548  255 255 255
-19.2618 -59.1417 36.3707  255 255 255
-60.1191 -70.1129 50.9531  255 255 255
44.0927 -43.9337 16.105  255 255 255
8.18406 -52.2981 29.2256  255 255 255
0.713203 -56.2412 31.7115  255 255 255
-5.28996 -57.8318 33.5411  255 255 255
-23.5824 -62.5137 39.9633  255 255 255
3.0702 -57.2782 32.6143  255 255 255
0.853528 -58.3717 32.9909  255 255 255
49.9254 -47.1816 17.7034  255 255 255
46.9831 -48.2541 19.0372  255 255 255
41.9818 -48.7067 22.7682  255 255 255
7.68956 -57.6597 32.655  255 255 255
-2.77451 -60.8661 36.606  255 255 255
13.303 75.5451 -64.5008  255 255 255
-1.07922 69.8164 -57.9309  255 255 255
-57.635 48.3122 -33.2418  255 255 255
12.7328 74.7148 -64.7141  255 255 255
19.8133 77.2454 -68.1154  255 255 255
19.8153 77.2405 -68.1378  255 255 255
45.7316 86.6291 -79.6369  255 255 255
43.2741 85.3634 -78.4373  255 255 255
18.7335 75.9981 -68.0951  255 255 255
45.1465 85.7263 -79.4157  255 255 255
16.1315 74.8724 -67.3123  255 255 255
16.0763 74.726 -66.9265  255 255 255
42.0259 84.6002 -78.5268  255 255 255
-78.8302 39.4013 -24.9531  255 255 255
-65.6829 44.0092 -30.7693  255 255 255
-7.25839 65.5758 -57.1113  255 255 255
-7.25766 65.5471 -57.0708  255 255 255
11.8911 72.7082 -65.3243  255 255 255
11.8911 72.7082 -65.3243  255 255 255
-66.8442 43.2329 -30.9721  255 255 255
28.793 78.9017 -73.4178  255 255 255
47.4201 85.746 -81.5601  255 255 255
-7.58566 63.6534 -58.6883  255 255 255
-50.086 47.4836 -39.905  255 255 255
-1.22488 64.6718 -61.4815  255 255 255
-83.6598 34.7526 -25.4252  255 255 255
-10.5917 60.6448 -58.7413  255 255 255
-78.4965 35.8819 -28.4594  255 255 255
-78.5492 35.9105 -28.6167  255 255 255
42.1897 80.1724 -82.0029  255 255 255
10.8862 68.4518 -68.7149  255 255 255
55.5376 84.4994 -88.0295  255 255 255
-23.4293 55.0606 -53.8566  255 255 255
-63.1884 39.9695 -36.433  255 255 255
55.5742 83.6531 -88.9512  255 255 255
-14.5697 57.1902 -58.7913  255 255 255
36.3878 76.0868 -81.7108  255 255 255
23.0071 70.998 -75.9093  255 255 255
-34.7295 49.1634 -50.2979  255 255 255
34.9736 75.0822 -81.0572  255 255 255
57.7774 83.3751 -91.1507  255 255 255
-53.9751 41.6781 -42.123  255 255 255
54.6023 81.3637 -90.1001  255 255 255
-54.2763 41.1076 -42.6108  255 255 255
-5.22917 58.9313 -64.2543  255 255 255
-25.956 50.3766 -56.2908  255 255 255
-46.7969 42.4413 -46.8137  255 255 255
-46.5196 42.2249 -47.4238  255 255 255
-16.4992 52.5669 -61.3231  255 255 255
-45.6557 40.6976 -48.9612  255 255 255
-79.2973 28.6736 -34.5151  255 255 255
-53.1455 37.2529 -46.3576  255 255 255
-78.7101 28.2822 -34.2302  255 255 255
11.9841 59.8359 -76.959  255 255 255
-63.9721 31.4782 -43.654  255 255 255
-64.0153 31.5147 -43.8539  255 255 255
22.8712 62.7105 -83.3877  255 255 255
-65.8786 30.377 -43.6871  255 255 255
45.8115 70.3416 -93.5826  255 255 255
-69.1905 28.9803 -42.6566  255 255 255
-52.7538 33.9254 -49.9706  255 255 255
45.1019 69.2178 -93.2118  255 255 255
45.1019 69.2178 -93.2118  255 255 255
-60.6694 30.2814 -46.2708  255 255 255
-29.6411 41.3324 -61.3827  255 255 255
-29.6555 41.3306 -61.3624  255 255 255
-52.039 33.3014 -50.7467  255 255 255
-12.4238 47.4077 -69.3312  255 255 255
2.11306 52.5491 -76.3088  255 255 255
16.7873 58.3585 -85.5807  255 255 255
22.9258 59.9486 -85.7319  255 255 255
-51.6236 32.8126 -52.3731  255 255 255
-36.8762 37.649 -59.2844  255 255 255
-27.6119 40.9176 -63.355  255 255 255
-83.8132 21.4746 -37.6325  255 255 255
-27.2176 40.6391 -63.4894  255 255 255
-18.6957 43.8613 -67.5489  255 255 255
-85.3577 20.9038 -37.1677  255 255 255
-15.0623 44.9983 -69.4111  255 255 255
16.4148 57.0987 -85.3258  255 255 255
-27.2471 40.0135 -64.186  255 255 255
-64.3059 27.0069 -48.1237  255 255 255
-28.4746 39.3208 -64.371  255 255 255
-28.4011 39.2298 -64.0532  255 255 255
-40.2516 35.1772 -59.7634  255 255 255
26.1063 58.7821 -89.1976  255 255 255
26.0869 58.7634 -89.1085  255 255 255
7.30048 51.679 -80.5847  255 255 255
27.1601 58.6904 -89.7002  255 255 255
27.1383 58.7066 -89.6799  255 255 255
47.8361 65.5168 -99.0151  255 255 255
22.8273 56.3127 -88.3506  255 255 255
29.5359 58.2293 -89.9024  255 255 255
31.0932 58.026 -91.9655  255 255 255
33.9645 59.1179 -93.7497  255 255 255
7.39022 49.6417 -82.7588  255 255 255
8.00672 49.5517 -83.2742  255 255 255
10.5318 50.1344 -84.3281  255 255 255
12.1593 50.3317 -85.5089  255 255 255
28.7321 56.3338 -92.8878  255 255 255
30.7562 56.6594 -94.1274  255 255 255
28.6877 55.9817 -93.5894  255 255 255
12.1523 49.8183 -85.9144  255 255 255
31.9057 56.6774 -93.7115  255 255 255
29.541 55.9667 -94.005  255 255 255
-26.1204 34.9239 -69.1565  255 255 255
-69.0163 19.6948 -50.4798  255 255 255
-31.7191 28.804 -63.004  255 255 255
-31.7191 28.804 -63.004  255 255 255
-67.4011 16.6851 -46.7416  255 255 255
-94.3974 7.77572 -35.5157  255 255 255
1.90043 38.5306 -75.8467  255 255 255
-71.5359 13.6474 -43.7295  255 255 255
6.34474 38.9207 -76.6445  255 255 255
6.34701 38.9335 -76.7002  255 255 255
9.81053 35.9814 -73.3844  255 255 255
13.0883 35.5423 -73.3657  255 255 255
13.0883 35.5423 -73.3657  255 255 255
11.3251 34.9165 -72.5473  255 255 255
3.97163 32.255 -69.1925  255 255 255
3.47252 31.8386 -68.2215  255 255 255
13.9796 35.2274 -73.3927  255 255 255
4.64993 31.8595 -68.6529  255 255 255
7.01407 32.239 -69.3754  255 255 255
-53.0671 12.2404 -43.2138  255 255 255
1.47938 30.1063 -66.6139  255 255 255
7.07726 31.5123 -68.4396  255 255 255
-38.4013 16.109 -47.7008  255 255 255
48.5004 33.9258 -30.695  255 255 255
-66.9214 5.11239 -33.946  255 255 255
12.505 30.5825 -67.6299  255 255 255
-66.6706 4.62759 -33.5953  255 255 255
2.88747 26.4726 -62.0519  255 255 255
9.31666 28.5868 -65.849  255 255 255
-84.7049 -1.61959 -25.6318  255 255 255
13.4491 29.6045 -66.652  255 255 255
4.00586 26.2194 -62.0496  255 255 255
3.9654 25.6582 -61.6758  255 255 255
6.67122 26.4207 -62.656  255 255 255
5.47991 25.8149 -61.8245  255 255 255
2.33106 23.7528 -59.4064  255 255 255
4.53098 23.2091 -59.4866  255 255 255
3.89333 21.8275 -57.3075  255 255 255
-98.9811 -10.6716 -13.5172  255 255 255
-1.8883 18.9491 -53.4198  255 255 255
6.69846 19.1265 -54.4566  255 255 255
26.1841 25.5513 -63.2299  255 255 255
4.2799 18.2396 -53.0573  255 255 255
6.35251 18.6941 -54.3687  255 255 255
6.06775 17.1745 -50.2654  255 255 255
-38.665 3.06468 -34.2706  255 255 255
26.2028 21.4595 -58.3496  255 255 255
30.3399 22.3132 -59.3879  255 255 255
23.1235 19.0135 -55.4128  255 255 255
52.8864 23.3031 -27.1502  255 255 255
-64.367 -8.617 -19.8653  255 255 255
-5.73824 0.994111 23.9267  255 255 255
-25.2285 -2.85223 8.15551  255 255 255
-6.01544 0.443856 23.7238  255 255 255
22.6824 15.3012 -50.9906  255 255 255
-41.5815 -6.29668 -22.1612  255 255 255
-25.0561 -5.16453 11.0414  255 255 255
-39.9067 -5.87758 -23.1926  255 255 255
-14.46 -4.22435 27.0269  255 255 255
-26.5584 -7.00709 13.0775  255 255 255
4.68446 0.734593 20.471  255 255 255
-49.7371 -10.674 -17.2293  255 255 255
19.954 9.37708 -43.0952  255 255 255
9.10781 0.724842 21.3085  255 255 255
20.1176 8.78298 -42.5793  255 255 255
31.0161 9.65836 -44.7351  255 255 255
47.3128 11.7453 -9.31348  255 255 255
47.5665 11.3343 -6.29915  255 255 255
9.66537 -1.65369 25.1942  255 255 255
-43.0126 -13.9465 -13.9287  255 255 255
-11.7552 -8.22833 31.2494  255 255 255
-11.7552 -8.22833 31.2494  255 255 255
31.459 7.66507 -44.1085  255 255 255
-17.8547 -10.1304 26.6304  255 255 255
28.91 6.25948 -40.3446  255 255 255
-41.6566 -14.7959 -12.8475  255 255 255
47.7484 9.35786 -7.86865  255 255 255
27.4698 5.3456 -40.0198  255 255 255
-20.6419 -11.2148 22.479  255 255 255
30.1034 5.31492 -39.9723  255 255 255
-41.0571 -15.856 -11.2861  255 255 255
-28.1211 -13.8377 21.3843  255 255 255
38.1308 7.04553 -42.76  255 255 255
7.92621 -4.61776 29.475  255 255 255
48.7078 8.10338 -6.06473  255 255 255
38.8469 6.46665 -42.0668  255 255 255
38.4931 6.04713 -41.6836  255 255 255
-2.88603 -8.51737 34.296  255 255 255
-2.88603 -8.51737 34.296  255 255 255
-22.2966 -13.577 25.2416  255 255 255
-2.03161 -8.29194 34.4685  255 255 255
49.55 7.53507 -4.43615  255 255 255
46.5642 6.78174 -11.9749  255 255 255
-24.4283 -14.5725 22.5139  255 255 255
41.5365 4.93823 -40.8535  255 255 255
7.89679 -6.91162 31.1512  255 255 255
-6.12408 -11.1733 35.0688  255 255 255
-17.8948 -14.4097 27.637  255 255 255
-14.4811 -13.9044 31.0428  255 255 255
2.60479 -9.147 34.2939  255 255 255
7.40304 -7.91483 32.1395  255 255 255
-2.49744 -10.969 35.3669  255 255 255
-8.505 -13.09 34.5269  255 255 255
47.804 2.41091 -11.8052  255 255 255
8.24688 -9.29471 32.0326  255 255 255
-17.0973 -16.6091 28.8593  255 255 255
-55.0762 -27.8469 2.33609  255 255 255
-48.683 -26.4149 0.553764  255 255 255
-25.2209 -19.5595 27.9276  255 255 255
-8.95776 -15.229 34.6216  255 255 255
47.4851 0.567647 -13.251  255 255 255
-4.60404 -14.2602 35.5648  255 255 255
-4.60404 -14.2602 35.5648  255 255 255
16.5331 -8.29409 23.3572  255 255 255
0.253522 -13.6886 35.8763  255 255 255
15.0881 -9.90926 26.591  255 255 255
-74.681 -36.3731 12.8553  255 255 255
-2.47752 -15.9246 36.3621  255 255 255
2.96779 -14.5943 35.6284  255 255 255
-24.0777 -23.1561 32.1129  255 255 255
50.7959 -3.36215 -9.20672  255 255 255
4.12717 -15.5368 35.5945  255 255 255
49.1869 -5.86311 -13.6874  255 255 255
-12.3056 -21.8021 33.9307  255 255 255
2.50711 -17.3768 35.8912  255 255 255
-16.803 -23.5879 32.5905  255 255 255
12.3152 -15.0651 30.829  255 255 255
53.5513 -5.12082 -3.83701  255 255 255
-9.60087 -21.7714 33.7217  255 255 255
-9.12434 -21.6938 34.1876  255 255 255
18.9092 -14.4281 22.4341  255 255 255
3.21499 -18.5143 35.6018  255 255 255
4.19464 -18.3463 35.109  255 255 255
-10.4844 -22.8686 34.9074  255 255 255
1.13907 -19.3438 35.6478  255 255 255
1.72445 -19.2708 35.6172  255 255 255
14.6283 -15.9929 28.8844  255 255 255
16.6917 -16.048 26.0318  255 255 255
-6.16337 -22.4203 34.6312  255 255 255
-17.4368 -25.8966 34.2495  255 255 255
-16.3879 -26.0703 34.3683  255 255 255
-8.94994 -24.3219 35.986  255 255 255
-38.378 -35.8096 12.595  255 255 255
13.9019 -18.749 29.5576  255 255 255
16.9608 -18.1743 26.7467  255 255 255
-8.88416 -25.162 35.9235  255 255 255
18.9388 -17.7581 26.1938  255 255 255
52.5666 -10.9761 -8.9532  255 255 255
1.82132 -22.2469 34.8021  255 255 255
52.2672 -11.6475 -10.975  255 255 255
-8.78281 -25.7589 35.6888  255 255 255
8.31662 -20.9218 33.3277  255 255 255
5.29907 -22.1263 34.177  255 255 255
7.01324 -21.8388 33.6146  255 255 255
7.01206 -21.8381 33.6186  255 255 255
7.37347 -21.8867 33.3239  255 255 255
51.2735 -14.2595 -12.561  255 255 255
-78.3734 -50.4116 30.0447  255 255 255
-2.41761 -25.758 37.0696  255 255 255
-65.5393 -47.928 26.2964  255 255 255
3.2294 -25.3067 36.3041  255 255 255
11.1072 -23.2648 33.1434  255 255 255
6.77117 -24.6711 35.3815  255 255 255
9.88581 -24.0676 34.177  255 255 255
7.77645 -24.9063 35.3152  255 255 255
17.963 -22.8391 28.0415  255 255 255
-56.3689 -47.2345 24.5694  255 255 255
-5.17116 -29.1375 36.8798  255 255 255
-5.16196 -29.0979 37.161  255 255 255
-0.804956 -28.3409 35.7049  255 255 255
-8.33073 -30.4973 38.3922  255 255 255
-12.7411 -33.1697 33.7705  255 255 255
-75.3651 -53.9202 33.8019  255 255 255
-75.3796 -54.79 34.2793  255 255 255
-43.8707 -46.384 22.4005  255 255 255
16.0815 -25.9395 31.3207  255 255 255
-1.29649 -30.4229 37.7764  255 255 255
54.8821 -21.1766 -11.6192  255 255 255
2.25522 -29.6208 36.913  255 255 255
55.4449 -20.33 -6.70762  255 255 255
-62.8785 -52.1675 30.9539  255 255 255
-48.1634 -48.3019 24.9707  255 255 255
-39.9775 -46.1757 21.9483  255 255 255
-39.9775 -46.1757 21.9483  255 255 255
-73.4937 -55.5992 35.4955  255 255 255
-38.687 -46.3954 22.4319  255 255 255
-14.6698 -37.3789 29.6104  255 255 255
56.5429 -21.8293 -8.52504  255 255 255
-14.7591 -37.6854 29.314  255 255 255
55.6468 -22.677 -11.0881  255 255 255
20.3798 -26.971 28.9902  255 255 255
19.7036 -27.0453 30.1245  255 255 255
-0.860163 -32.2943 38.0733  255 255 255
-14.4302 -38.5782 28.3506  255 255 255
-0.12076 -32.2507 38.4159  255 255 255
-37.8217 -47.6391 22.586  255 255 255
19.5857 -28.3623 28.9443  255 255 255
16.6244 -28.5026 34.1191  255 255 255
12.1291 -29.7579 35.741  255 255 255
5.94456 -31.236 38.3262  255 255 255
-69.4568 -57.0727 37.2264  255 255 255
20.0063 -29.6201 27.1155  255 255 255
12.9525 -30.4928 34.546  255 255 255
12.9525 -30.4928 34.546  255 255 255
-0.297738 -34.5501 36.1995  255 255 255
20.8257 -30.3879 24.9424  255 255 255
42.4067 -29.6975 -2.2727  255 255 255
-51.7237 -54.1355 30.8778  255 255 255
-39.6351 -50.7269 27.4681  255 255 255
50.7766 -28.7008 -3.0942  255 255 255
9.86423 -34.731 32.5722  255 255 255
-37.1106 -51.8913 29.2109  255 255 255
22.3659 -34.6194 19.1735  255 255 255
-68.4547 -61.2898 41.608  255 255 255
0.582778 -39.34 32.3315  255 255 255
49.5298 -31.0132 0.667821  255 255 255
-29.0374 -52.1332 26.7297  255 255 255
-70.2644 -63.1793 43.8036  255 255 255
9.26924 -38.838 29.8831  255 255 255
33.9944 -36.3394 9.0296  255 255 255
3.01094 -41.9745 29.1303  255 255 255
8.06376 -40.8824 27.5346  255 255 255
7.95464 -41.0612 28.3409  255 255 255
-44.9375 -58.2394 36.7548  255 255 255
32.7687 -38.8396 10.8326  255 255 255
-67.7509 -64.9664 45.7638  255 255 255
-63.7749 -64.6365 45.2103  255 255 255
-27.6395 -54.9391 32.0957  255 255 255
-27.5603 -56.0862 32.8846  255 255 255
-63.9714 -65.9731 46.6283  255 255 255
-40.9151 -59.9057 38.1872  255 255 255
-65.4041 -67.0553 48.103  255 255 255
-26.2628 -56.699 33.545  255 255 255
-65.1978 -67.257 48.373  255 255 255
56.2451 -38.6821 7.29989  255 255 255
48.0389 -41.4511 10.8829  255 255 255
-34.1887 -61.8752 39.7296  255 255 255
31.7693 -46.7468 18.2269  255 255 255
5.13795 -57.1532 31.6341  255 255 255
51.2589 -46.5941 22.2971  255 255 255
-1.46572 -60.7537 36.2459  255 255 255
14.3027 75.7778 -65.0123  255 255 255
-3.8711 68.4747 -56.442  255 255 255
17.2785 76.6461 -66.5002  255 255 255
19.1692 77.3359 -67.3617  255 255 255
16.9193 75.9754 -66.6669  255 255 255
16.8943 75.9601 -66.5916  255 255 255
18.6256 76.5574 -67.5889  255 255 255
14.4817 74.7909 -65.7666  255 255 255
14.5588 74.8217 -66.0388  255 255 255
51.3261 88.268 -82.2775  255 255 255
12.7922 73.8947 -65.5545  255 255 255
11.5015 73.1746 -65.2831  255 255 255
13.3709 73.5874 -65.8486  255 255 255
42.5338 84.4183 -78.5395  255 255 255
14.727 74.0202 -66.5207  255 255 255
17.609 75.1545 -68.0665  255 255 255
16.5909 74.6885 -67.6431  255 255 255
25.6975 78.0527 -72.2054  255 255 255
18.1814 74.7767 -68.7723  255 255 255
18.1356 74.7405 -68.6724  255 255 255
21.0235 74.9812 -70.5669  255 255 255
26.1687 76.2471 -73.8944  255 255 255
26.1509 76.169 -73.7951  255 255 255
24.5868 74.5528 -73.2331  255 255 255
-70.9501 38.4462 -29.6317  255 255 255
53.1577 84.8661 -86.0881  255 255 255
-66.508 39.8033 -33.1709  255 255 255
-63.5169 40.7653 -35.6683  255 255 255
-35.3488 50.7668 -48.1311  255 255 255
-21.8744 55.6309 -54.1125  255 255 255
-69.5703 38.1668 -33.1615  255 255 255
24.352 71.7385 -74.8703  255 255 255
-49.0071 44.2029 -44.0638  255 255 255
-40.1168 47.3296 -48.1615  255 255 255
53.8242 81.4801 -89.0266  255 255 255
53.1228 80.8894 -89.2183  255 255 255
-62.4185 38.0201 -38.7511  255 255 255
-49.4217 42.6501 -44.7353  255 255 255
55.323 80.8722 -91.2895  255 255 255
43.6328 76.3926 -86.6529  255 255 255
-70.0491 33.8515 -34.8263  255 255 255
-63.0562 35.754 -36.7452  255 255 255
2.70997 60.5615 -69.7105  255 255 255
-16.9597 52.9767 -61.0915  255 255 255
-52.2764 39.2475 -43.4364  255 255 255
-73.5245 31.0275 -33.0483  255 255 255
-46.2361 39.2776 -49.5812  255 255 255
-54.8633 35.0066 -47.5112  255 255 255
-60.9909 31.9696 -44.8699  255 255 255
46.3813 69.5875 -94.1718  255 255 255
1.80424 53.3443 -75.1296  255 255 255
-52.5724 33.4878 -50.7345  255 255 255
63.0473 75.3748 -105.049  255 255 255
-27.1804 41.8526 -62.8618  255 255 255
-29.1378 40.8326 -61.3732  255 255 255
-29.2025 40.9595 -62.3134  255 255 255
-12.2426 46.788 -69.5106  255 255 255
-11.5864 46.7823 -70.6155  255 255 255
47.8051 68.1739 -96.6424  255 255 255
-18.1346 44.1757 -67.8406  255 255 255
-28.0407 39.6976 -63.9643  255 255 255
4.50834 51.2291 -79.2511  255 255 255
-11.3384 45.3344 -71.8798  255 255 255
8.08108 52.1503 -80.2595  255 255 255
-29.4727 38.4201 -63.9916  255 255 255
52.63 67.8076 -100.272  255 255 255
22.7971 56.9356 -88.4356  255 255 255
-143.298 4.36916 -28.2481  255 255 255
47.2838 64.5249 -98.6516  255 255 255
50.9962 65.8937 -100.508  255 255 255
30.1202 58.3014 -91.8198  255 255 255
-28.5658 37.0634 -65.6659  255 255 255
29.5421 57.603 -92.46  255 255 255
6.45768 49.0373 -82.3426  255 255 255
27.5059 56.4537 -91.6712  255 255 255
30.1511 57.2267 -92.8751  255 255 255
34.8668 58.6964 -95.3312  255 255 255
6.41637 48.2726 -83.2255  255 255 255
11.0213 49.7112 -85.3074  255 255 255
6.0702 47.3529 -83.81  255 255 255
6.04588 47.2923 -83.5721  255 255 255
12.0317 49.215 -86.6763  255 255 255
6.41971 40.9564 -79.0129  255 255 255
-62.7985 15.6557 -46.5863  255 255 255
-71.8941 12.2362 -41.8289  255 255 255
-71.9157 11.6081 -41.0697  255 255 255
48.0573 38.2484 -29.4698  255 255 255
39.0435 47.3001 -88.5745  255 255 255
13.4197 36.5248 -74.7919  255 255 255
7.077 33.7875 -70.9534  255 255 255
19.4182 37.9923 -76.6297  255 255 255
7.14196 32.922 -70.0169  255 255 255
-85.578 1.38473 -29.3887  255 255 255
2.20784 26.3257 -62.251  255 255 255
-89.8858 -4.00494 -22.3163  255 255 255
-89.9655 -4.0254 -22.3122  255 255 255
-72.4664 0.758422 -29.1387  255 255 255
2.30755 24.3984 -59.9793  255 255 255
2.30469 24.3852 -59.8986  255 255 255
3.17301 24.4059 -60.4221  255 255 255
1.05949 22.7313 -57.9581  255 255 255
2.37558 22.5394 -57.9731  255 255 255
5.6709 23.2689 -58.8667  255 255 255
-6.169 18.7353 -54.1348  255 255 255
-2.45356 18.7529 -53.2574  255 255 255
-85.4049 -6.94856 -19.4377  255 255 255
50.1559 28.8361 -29.8384  255 255 255
-5.80281 17.0878 -51.833  255 255 255
-101.021 -13.8003 -9.59962  255 255 255
-65.5209 -2.92008 -27.1486  255 255 255
-1.24301 16.474 -50.9007  255 255 255
-1.27714 16.4726 -50.9491  255 255 255
-0.403772 16.2475 -50.8038  255 255 255
-21.1256 9.08554 -40.9462  255 255 255
5.86066 17.0079 -51.9906  255 255 255
-29.5921 5.35088 -36.3769  255 255 255
-86.2491 -11.8724 -13.2503  255 255 255
23.1451 19.717 -56.7355  255 255 255
8.30782 14.7407 -50.7471  255 255 255
-46.2704 -4.07428 -24.6951  255 255 255
-5.72657 0.637572 23.4687  255 255 255
-5.72165 0.65216 23.4129  255 255 255
49.4781 20.2041 -36.4345  255 255 255
-40.964 -6.17301 -22.7128  255 255 255
-40.964 -6.17301 -22.7128  255 255 255
-9.07808 -2.70795 28.3965  255 255 255
-46.0095 -8.82321 -19.2094  255 255 255
-25.9038 -6.42639 12.3495  255 255 255
-25.9148 -6.41746 12.3018  255 255 255
-8.93067 -3.47241 29.3474  255 255 255
-8.18215 -3.94822 30.1327  255 255 255
34.176 12.8451 -49.3842  255 255 255
-17.7047 -8.21789 25.7497  255 255 255
-17.7047 -8.21789 25.7497  255 255 255
-12.9055 -7.70437 30.215  255 255 255
-57.9721 -18.4275 -7.77246  255 255 255
33.3796 8.38217 -43.9743  255 255 255
37.7173 8.63701 -43.0312  255 255 255
-11.5133 -9.22029 32.07  255 255 255
49.2749 8.21607 -4.48137  255 255 255
-7.5354 -9.61523 33.7974  255 255 255
-77.1141 -27.5741 3.76166  255 255 255
-19.1599 -13.1149 25.6082  255 255 255
28.8535 2.1949 -35.1657  255 255 255
0.143238 -8.31333 34.1371  255 255 255
-9.90597 -11.6584 33.6377  255 255 255
10.1992 -5.99148 28.5417  255 255 255
10.2106 -6.00052 28.3901  255 255 255
-27.1462 -16.546 24.473  255 255 255
-21.5292 -14.9668 26.6966  255 255 255
-24.9025 -17.0508 25.3431  255 255 255
-15.0904 -14.7727 30.7999  255 255 255
-52.2133 -24.8567 -1.28954  255 255 255
50.1751 1.69415 -6.84071  255 255 255
13.7397 -9.44535 28.1322  255 255 255
-47.7881 -28.1164 2.75244  255 255 255
6.41454 -11.9673 34.4205  255 255 255
-48.0032 -28.7171 3.46473  255 255 255
50.661 -0.769936 -7.55672  255 255 255
13.6238 -10.7542 28.7591  255 255 255
-3.97922 -16.1098 36.0118  255 255 255
-8.6628 -17.649 34.7453  255 255 255
51.7152 -1.87588 -5.907  255 255 255
-22.5496 -22.6566 30.8964  255 255 255
4.72008 -14.8837 35.2636  255 255 255
4.71494 -14.8909 35.4146  255 255 255
-7.51669 -18.6031 35.1694  255 255 255
12.7195 -12.9667 30.2411  255 255 255
-7.04003 -19.6863 35.0344  255 255 255
-16.1421 -23.2003 32.4946  255 255 255
-5.84404 -20.052 35.3005  255 255 255
6.03518 -17.1007 34.7313  255 255 255
6.04735 -17.1133 34.7425  255 255 255
-2.79127 -20.2776 35.7312  255 255 255
4.7921 -18.4055 35.0904  255 255 255
3.1883 -19.7293 35.3659  255 255 255
3.1883 -19.7293 35.3659  255 255 255
19.8866 -16.8603 24.8128  255 255 255
0.642844 -22.1619 35.0175  255 255 255
-69.3865 -45.1752 23.6033  255 255 255
-7.27123 -24.5894 37.1531  255 255 255
52.3549 -11.7461 -9.76888  255 255 255
52.3498 -11.7686 -9.73017  255 255 255
-14.3621 -27.5232 35.7922  255 255 255
15.8501 -19.3238 28.3345  255 255 255
26.2762 -17.1438 19.9072  255 255 255
-19.6137 -30.7674 29.8549  255 255 255
-3.21804 -25.2816 36.9214  255 255 255
-57.7853 -44.4621 21.7993  255 255 255
-0.745825 -25.0091 36.5032  255 255 255
53.3335 -15.1711 -11.0756  255 255 255
-21.0997 -33.644 26.3559  255 255 255
-77.9021 -52.9395 33.1153  255 255 255
21.7537 -22.4445 26.1222  255 255 255
-6.80522 -29.7691 37.7519  255 255 255
-43.8276 -44.1049 19.9999  255 255 255
-40.8578 -45.0695 21.2207  255 255 255
-74.6481 -54.8482 34.6409  255 255 255
15.7657 -26.0536 31.3532  255 255 255
-74.6629 -55.6854 35.7076  255 255 255
-53.8318 -49.9117 27.7841  255 255 255
-14.6662 -36.7841 29.7946  255 255 255
-24.3822 -41.3241 24.6583  255 255 255
56.2744 -21.658 -8.63619  255 255 255
-72.9921 -56.0008 36.0536  255 255 255
21.5359 -26.5076 27.597  255 255 255
55.3148 -22.5623 -7.79361  255 255 255
-71.7708 -56.2522 36.1689  255 255 255
14.1189 -28.3601 34.3586  255 255 255
-38.0094 -47.4772 23.9873  255 255 255
-52.7171 -51.5473 29.1658  255 255 255
56.5711 -23.4402 -9.37983  255 255 255
12.318 -29.431 35.5281  255 255 255
10.877 -29.8451 36.0194  255 255 255
8.07595 -30.7117 37.37  255 255 255
57.3393 -25.0098 -8.87497  255 255 255
57.9721 -25.861 -7.93605  255 255 255
-72.258 -61.6761 42.7454  255 255 255
-71.8066 -61.8277 42.7671  255 255 255
0.27634 -38.9397 32.1281  255 255 255
24.0897 -34.4384 18.3881  255 255 255
10.476 -36.7711 30.4219  255 255 255
-72.7889 -62.9075 43.9569  255 255 255
-33.1227 -52.3997 29.3753  255 255 255
-67.2557 -62.0648 42.5509  255 255 255
-29.135 -51.7581 28.2991  255 255 255
7.27972 -38.9766 30.5493  255 255 255
52.8172 -32.2283 -0.224426  255 255 255
7.62871 -41.1672 28.2926  255 255 255
8.06633 -41.4242 28.2002  255 255 255
-8.08893 -45.9584 32.2457  255 255 255
-27.0956 -53.4778 30.5063  255 255 255
-24.9381 -53.8795 30.5194  255 255 255
-26.4864 -54.3842 31.0898  255 255 255
33.3492 -39.6024 11.0598  255 255 255
-64.6274 -64.804 45.5536  255 255 255
-21.6312 -54.6858 31.0777  255 255 255
-35.1742 -60.9393 38.6779  255 255 255
57.5533 -39.8853 8.03313  255 255 255
58.2491 -41.3117 10.4504  255 255 255
-32.9591 -64.0392 42.4961  255 255 255
44.4316 -46.1328 17.075  255 255 255
50.1586 -45.1706 15.4761  255 255 255
58.3531 -43.7 13.5361  255 255 255
53.983 -45.0571 15.4662  255 255 255
-10.9794 -60.8858 37.7178  255 255 255
27.6764 80.9727 -70.3154  255 255 255
21.3007 77.9429 -68.2287  255 255 255
13.9715 75.111 -65.188  255 255 255
13.9752 75.1185 -65.2172  255 255 255
13.3514 74.5325 -65.2077  255 255 255
50.4423 88.3539 -81.6204  255 255 255
16.1199 75.4311 -66.5319  255 255 255
-112.16 49.1456 -63.9118  255 255 255
19.3788 76.5003 -68.4804  255 255 255
-7.89406 65.4517 -56.6605  255 255 255
-168.845 38.7845 -65.7707  255 255 255
-3.5559 65.0662 -60.187  255 255 255
18.7458 73.5312 -70.3989  255 255 255
26.9011 75.989 -74.2962  255 255 255
26.9 75.9897 -74.2899  255 255 255
-22.4289 55.8315 -53.3745  255 255 255
42.4575 78.8731 -83.4777  255 255 255
20.3902 70.3433 -74.3545  255 255 255
53.8235 82.08 -88.4229  255 255 255
-50.902 43.6351 -43.9003  255 255 255
37.7407 75.3673 -82.7334  255 255 255
25.5873 70.9778 -78.5572  255 255 255
41.6196 76.5962 -84.8512  255 255 255
-46.2098 42.7333 -46.9232  255 255 255
-68.482 34.5651 -36.5104  255 255 255
-48.2071 40.9245 -46.1506  255 255 255
34.9788 71.6998 -84.896  255 255 255
-13.6172 50.8543 -65.075  255 255 255
-9.97803 51.812 -66.9143  255 255 255
33.8622 66.6446 -87.3591  255 255 255
-115.325 -0.966274 26.2343  255 255 255
-10.8448 47.7371 -70.4933  255 255 255
6.82062 53.5986 -78.5332  255 255 255
30.2963 62.0058 -88.2105  255 255 255
21.0278 58.288 -84.6228  255 255 255
6.71337 52.5857 -79.3512  255 255 255
-39.8326 34.9708 -59.3109  255 255 255
45.3747 65.1187 -96.9597  255 255 255
-141.348 6.01089 -30.4494  255 255 255
30.1545 59.5513 -90.587  255 255 255
7.83516 51.4004 -81.1947  255 255 255
39.2107 64.0201 -99.5478  255 255 255
32.5651 59.9918 -92.3355  255 255 255
32.6156 60.0549 -92.5875  255 255 255
-29.1436 37.3503 -65.0412  255 255 255
2.06846 48.3697 -79.8408  255 255 255
-36.9782 33.9229 -63.1506  255 255 255
20.6624 54.0584 -89.2796  255 255 255
-137.047 3.03403 -27.0332  255 255 255
31.4097 57.3781 -93.7491  255 255 255
47.6048 62.7732 -101.174  255 255 255
47.6429 62.8168 -101.191  255 255 255
53.1301 63.9981 -104.312  255 255 255
-134.966 2.09819 -26.5342  255 255 255
30.8353 55.8496 -94.0013  255 255 255
-96.1879 12.506 -40.8601  255 255 255
3.39018 42.7346 -79.8133  255 255 255
-100.156 7.81001 -35.2123  255 255 255
-131.517 -2.2485 -21.5649  255 255 255
-32.103 24.299 -57.6997  255 255 255
-67.514 12.5741 -43.0206  255 255 255
13.6367 37.2631 -75.1654  255 255 255
13.6434 37.226 -75.1725  255 255 255
15.9729 38.253 -76.4692  255 255 255
5.12514 33.779 -70.8531  255 255 255
10.3261 32.1806 -69.7597  255 255 255
-38.3564 15.2418 -46.9382  255 255 255
-67.788 4.24698 -33.6276  255 255 255
-72.3545 2.17418 -30.2229  255 255 255
-80.5862 -0.712547 -27.2254  255 255 255
-65.2317 3.50298 -32.7516  255 255 255
-95.257 -6.04346 -20.148  255 255 255
1.45634 23.3889 -58.1026  255 255 255
-64.1721 -0.115655 -27.8997  255 255 255
-64.989 -0.480823 -27.899  255 255 255
-0.265982 19.5809 -54.4991  255 255 255
2.37969 19.5989 -54.6931  255 255 255
1.74865 18.8746 -53.7738  255 255 255
7.23492 20.6751 -55.9869  255 255 255
-25.9342 9.53442 -41.378  255 255 255
4.67247 18.9114 -54.1179  255 255 255
4.69536 18.9092 -53.9895  255 255 255
7.285 20.1338 -57.6243  255 255 255
0.0340875 16.9807 -51.1265  255 255 255
26.0065 22.4478 -58.8356  255 255 255
20.9382 20.2261 -56.3489  255 255 255
48.7623 24.6803 -35.3511  255 255 255
20.2758 18.1478 -54.4567  255 255 255
-36.8509 -0.364228 -29.5226  255 255 255
19.4062 17.459 -55.5672  255 255 255
-81.472 -14.797 -10.8054  255 255 255
-43.094 -5.62183 -22.8381  255 255 255
-10.5882 -5.16722 30.0402  255 255 255
27.2707 9.21994 -43.7993  255 255 255
9.96378 -0.640095 23.3193  255 255 255
27.1475 5.71271 -38.5521  255 255 255
48.1248 9.76788 -6.72822  255 255 255
-10.6428 -11.6213 33.2772  255 255 255
14.3137 -6.19764 24.9251  255 255 255
14.3177 -6.18559 24.8936  255 255 255
9.53653 -7.75256 30.7399  255 255 255
-22.6906 -17.1961 25.7751  255 255 255
8.31336 -9.79354 32.3452  255 255 255
2.94448 -11.5333 35.0688  255 255 255
13.8034 -8.85959 27.882  255 255 255
14.3244 -8.87274 27.2753  255 255 255
-48.3563 -27.787 2.18777  255 255 255
-46.5203 -27.6411 2.12423  255 255 255
-9.8089 -18.198 34.1088  255 255 255
50.6661 -2.3714 -8.63862  255 255 255
3.64867 -14.7773 35.5365  255 255 255
-2.29068 -16.6987 36.1003  255 255 255
-4.69964 -18.4646 35.8161  255 255 255
51.5283 -4.5106 -8.4107  255 255 255
-87.4853 -44.5893 24.6201  255 255 255
-4.09033 -19.7702 35.7626  255 255 255
0.533163 -18.3436 36.0753  255 255 255
-6.97378 -20.8271 34.8913  255 255 255
-4.24957 -20.4449 35.4592  255 255 255
15.0803 -15.2503 28.2091  255 255 255
7.41342 -17.5182 34.2418  255 255 255
16.2051 -16.1042 26.417  255 255 255
16.2051 -16.1042 26.417  255 255 255
-5.2709 -22.7509 34.6692  255 255 255
-1.98396 -21.7429 35.2544  255 255 255
17.8662 -17.2766 25.5743  255 255 255
-41.7085 -37.3649 12.5693  255 255 255
-9.76192 -25.4892 35.4837  255 255 255
-23.4614 -30.7998 25.7782  255 255 255
21.1156 -18.0748 22.3276  255 255 255
-1.02353 -24.1928 35.5329  255 255 255
13.8773 -20.4768 29.7686  255 255 255
-10.2692 -28.8641 36.7889  255 255 255
-62.6525 -47.8234 27.1486  255 255 255
15.7131 -22.5761 30.1296  255 255 255
-79.144 -53.1531 33.2963  255 255 255
54.7811 -16.3116 -4.37661  255 255 255
-61.4069 -49.027 27.4719  255 255 255
53.9487 -19.1823 -12.0837  255 255 255
16.3094 -25.5505 31.1963  255 255 255
-40.4537 -45.3071 21.7176  255 255 255
55.0624 -21.8983 -11.801  255 255 255
56.4198 -22.3043 -8.78614  255 255 255
-51.9224 -51.1381 27.1506  255 255 255
13.2494 -28.3936 34.6229  255 255 255
57.6686 -21.9129 -5.69729  255 255 255
57.41 -23.0513 -7.05831  255 255 255
-36.8205 -47.6863 24.0813  255 255 255
11.8151 -29.6282 35.4928  255 255 255
-51.3171 -51.7624 29.4183  255 255 255
-37.5898 -48.5517 24.9756  255 255 255
-52.5739 -53.1184 30.7101  255 255 255
11.5883 -31.9139 34.1315  255 255 255
11.5883 -31.9139 34.1315  255 255 255
12.1879 -33.2972 32.0614  255 255 255
-50.6568 -54.6669 31.3532  255 255 255
-50.6568 -54.6669 31.3532  255 255 255
-42.4397 -52.3115 29.4432  255 255 255
50.8427 -28.9484 -4.0196  255 255 255
50.6803 -29.9447 -2.25472  255 255 255
-1.49769 -39.0732 32.2184  255 255 255
-1.32741 -39.7625 31.3689  255 255 255
13.4611 -37.131 28.2443  255 255 255
-69.1067 -63.4139 44.1418  255 255 255
42.9461 -38.4474 8.30657  255 255 255
-29.4055 -56.3322 33.2497  255 255 255
50.8637 -37.4894 6.21835  255 255 255
4.03222 -46.4582 31.628  255 255 255
53.363 -37.6788 6.81805  255 255 255
-61.719 -68.5953 49.327  255 255 255
56.2732 -39.806 7.71168  255 255 255
-54.455 -68.7502 49.459  255 255 255
5.4129 -57.0228 31.3597  255 255 255
44.9082 86.3223 -79.1537  255 255 255
30.6056 80.9801 -73.2464  255 255 255
30.5613 80.9122 -73.0843  255 255 255
19.9108 75.8297 -69.1469  255 255 255
27.5831 78.7058 -72.5868  255 255 255
27.6241 78.7642 -72.7686  255 255 255
29.9495 79.4489 -73.4626  255 255 255
-65.5033 43.1922 -30.8125  255 255 255
12.5444 72.5036 -66.1867  255 255 255
12.5702 72.5226 -66.323  255 255 255
13.9306 72.8247 -67.103  255 255 255
16.167 73.5918 -68.2013  255 255 255
19.1856 74.7244 -69.6683  255 255 255
26.3929 77.1495 -73.2104  255 255 255
24.9881 75.6114 -73.0576  255 255 255
54.2999 86.0121 -86.007  255 255 255
54.1505 85.8555 -85.7031  255 255 255
40.7986 79.0246 -82.0215  255 255 255
40.7869 77.8003 -82.9249  255 255 255
55.4954 82.1123 -90.5218  255 255 255
-119.176 6.02365 25.8228  255 255 255
-69.1424 34.9448 -35.545  255 255 255
-77.0331 30.9422 -32.9315  255 255 255
-27.5995 47.5339 -55.8653  255 255 255
37.8915 71.0136 -92.8551  255 255 255
-74.3197 25.8411 -44.1879  255 255 255
-27.8462 40.5739 -63.4248  255 255 255
26.4982 59.9514 -88.1368  255 255 255
26.4982 59.9514 -88.1368  255 255 255
29.1093 59.964 -90.0877  255 255 255
6.62165 50.8662 -80.9513  255 255 255
-141.06 5.10628 -30.4818  255 255 255
10.274 51.8598 -83.6805  255 255 255
10.2522 51.8261 -83.4033  255 255 255
27.0426 57.2082 -90.806  255 255 255
28.5744 57.7168 -91.9537  255 255 255
28.5291 57.663 -91.7511  255 255 255
-138.532 3.91191 -28.1035  255 255 255
6.37441 49.2256 -82.0945  255 255 255
-141.585 1.31876 -25.1306  255 255 255
5.21828 47.77 -82.4329  255 255 255
5.19864 47.766 -82.3775  255 255 255
24.9944 54.1177 -91.7047  255 255 255
-20.3085 26.8488 -61.3184  255 255 255
-94.6131 3.19233 -30.4458  255 255 255
16.8231 36.5925 -75.2825  255 255 255
15.0248 35.6268 -73.3022  255 255 255
14.9825 35.5972 -73.2495  255 255 255
-91.4045 -3.16527 -23.6104  255 255 255
-68.1168 3.52765 -32.4412  255 255 255
-98.959 -8.98707 -15.8812  255 255 255
-98.959 -8.98707 -15.8812  255 255 255
3.17203 22.9595 -58.7138  255 255 255
0.750984 22.1127 -58.7093  255 255 255
-92.7404 -8.07617 -17.0383  255 255 255
-1.55606 18.1448 -52.7809  255 255 255
0.223352 18.7935 -54.052  255 255 255
48.4172 27.3503 -35.0614  255 255 255
0.648849 16.3721 -51.7778  255 255 255
0.638714 16.2766 -50.8385  255 255 255
4.33919 17.1209 -52.1157  255 255 255
0.0642489 15.444 -50.5387  255 255 255
45.422 25.4256 -43.8338  255 255 255
24.5753 20.4188 -55.4907  255 255 255
21.1605 18.1672 -54.3852  255 255 255
-46.2492 -5.39764 -23.276  255 255 255
-8.5107 -1.76202 28.0445  255 255 255
24.5155 14.6843 -49.5259  255 255 255
-79.4675 -17.3873 -7.99963  255 255 255
-47.3149 -10.2276 -17.8594  255 255 255
-15.9068 -6.31316 26.7915  255 255 255
28.151 5.47933 -40.2933  255 255 255
-4.62214 -8.29229 34.1518  255 255 255
-4.6243 -8.28221 33.9965  255 255 255
11.2198 -4.89447 27.5736  255 255 255
-1.54504 -9.05192 34.8395  255 255 255
1.77249 -8.81798 34.3423  255 255 255
-49.6619 -24.3776 -1.4503  255 255 255
6.11125 -9.85836 33.341  255 255 255
-48.4672 -26.1654 0.163955  255 255 255
-46.1535 -28.529 2.83942  255 255 255
9.18684 -12.8434 32.5446  255 255 255
-50.0913 -31.0766 6.1564  255 255 255
-47.9337 -30.8123 5.11866  255 255 255
-60.3184 -37.0788 13.286  255 255 255
-87.2859 -45.6348 24.7861  255 255 255
-55.0854 -37.9267 13.699  255 255 255
-10.5919 -22.9514 35.149  255 255 255
-70.8024 -42.4472 20.6987  255 255 255
52.7635 -8.92781 -8.52683  255 255 255
-3.02136 -22.1088 35.2378  255 255 255
6.03075 -19.5529 34.5213  255 255 255
26.6278 -15.2812 17.3029  255 255 255
-70.4829 -44.5442 22.4914  255 255 255
6.82134 -20.1267 34.1036  255 255 255
-10.9647 -26.2217 34.7467  255 255 255
23.0808 -17.2925 20.9463  255 255 255
-2.84617 -24.8388 36.5325  255 255 255
3.43201 -23.428 34.3179  255 255 255
13.8031 -21.1299 30.4699  255 255 255
-67.2841 -48.094 26.9859  255 255 255
-58.9437 -49.0798 26.8463  255 255 255
10.2379 -26.3458 33.2231  255 255 255
2.68642 -28.7838 35.7169  255 255 255
-7.30019 -31.6284 38.0299  255 255 255
-0.928998 -30.5419 38.1774  255 255 255
56.2335 -23.5697 -10.145  255 255 255
-74.7637 -57.773 38.1298  255 255 255
57.166 -23.2778 -7.99526  255 255 255
57.0143 -23.281 -7.8044  255 255 255
-52.6801 -52.2369 28.6927  255 255 255
-36.0707 -47.6649 23.8775  255 255 255
56.7488 -24.2422 -9.44389  255 255 255
-35.5113 -48.0749 23.3763  255 255 255
-44.1356 -50.6205 27.7398  255 255 255
-34.2012 -48.1229 24.4017  255 255 255
58.4232 -26.625 -7.00207  255 255 255
12.3109 -33.7192 31.7992  255 255 255
22.222 -33.7726 20.0699  255 255 255
-68.3481 -60.3434 40.5366  255 255 255
-71.8268 -61.2696 42.44  255 255 255
-69.8478 -60.7773 41.1938  255 255 255
-65.7138 -60.2366 40.4046  255 255 255
21.5905 -35.0796 19.6965  255 255 255
8.32623 -39.9955 28.723  255 255 255
-66.3682 -64.4187 45.0495  255 255 255
-42.0946 -58.1868 36.8878  255 255 255
-29.6022 -54.9077 31.5086  255 255 255
-65.8948 -67.2146 48.155  255 255 255
-26.0317 -57.1037 33.7943  255 255 255
-35.1374 -61.1005 38.9564  255 255 255
52.7403 -40.5012 9.85167  255 255 255
-30.5413 -60.7353 38.2205  255 255 255
33.8676 -46.3478 16.5638  255 255 255
-4.37665 -58.2104 33.6661  255 255 255
-10.8646 65.5055 -46.7771  255 255 255
43.1106 85.8887 -77.8179  255 255 255
51.5405 88.3204 -81.8509  255 255 255
20.7208 77.382 -69.6958  255 255 255
12.4766 73.3894 -65.7165  255 255 255
12.4856 73.3995 -65.7871  255 255 255
12.4401 73.3376 -65.5909  255 255 255
22.9395 75.9985 -70.9145  255 255 255
20.725 75.4786 -71.0394  255 255 255
22.7648 73.7959 -72.7781  255 255 255
22.6593 73.6665 -72.3407  255 255 255
-70.9437 37.5673 -33.5205  255 255 255
22.1971 70.7095 -73.8316  255 255 255
-9.24704 56.3038 -63.6802  255 255 255
-118.26 4.96216 25.4964  255 255 255
-54.519 36.9031 -45.6733  255 255 255
29.1 63.3854 -87.0978  255 255 255
4.16547 46.34 -82.8224  255 255 255
6.02383 46.9393 -83.413  255 255 255
40.3837 58.8883 -98.9762  255 255 255
-132.916 -2.24769 -21.8926  255 255 255
-133.702 -2.77549 -20.4512  255 255 255
-32.3481 28.743 -62.5273  255 255 255
10.549 35.8005 -73.4702  255 255 255
15.0371 37.1474 -75.026  255 255 255
6.19604 32.6944 -69.8789  255 255 255
-53.4267 12.7513 -44.2866  255 255 255
15.2056 34.3374 -72.2067  255 255 255
17.071 34.8579 -72.4334  255 255 255
17.1988 34.9358 -72.7445  255 255 255
-52.3592 11.2289 -41.2999  255 255 255
-66.4226 4.23965 -33.4497  255 255 255
3.44587 26.3464 -62.2112  255 255 255
4.79225 24.8749 -60.5327  255 255 255
-85.8822 -10.5285 -14.4575  255 255 255
21.1614 18.8893 -52.1717  255 255 255
-52.2599 -5.18809 -22.1534  255 255 255
-19.992 -2.34186 12.1255  255 255 255
-24.8237 -3.70693 9.00804  255 255 255
27.4111 12.1619 -47.2506  255 255 255
-9.60112 -8.48645 32.6128  255 255 255
-7.15575 -7.85952 33.349  255 255 255
-10.2815 -10.4308 33.0803  255 255 255
7.07279 -6.14325 31.2705  255 255 255
-8.75721 -12.439 34.4352  255 255 255
-8.79093 -12.4667 34.2507  255 255 255
3.20133 -9.65611 34.303  255 255 255
-54.7818 -28.1041 -0.790939  255 255 255
-3.39493 -14.42 35.987  255 255 255
11.4658 -10.9959 30.8665  255 255 255
-7.4109 -18.361 35.1383  255 255 255
2.61189 -15.4505 35.8464  255 255 255
-6.70881 -21.3856 34.3781  255 255 255
7.16162 -17.6228 34.1714  255 255 255
-73.3906 -42.9964 21.2366  255 255 255
-70.2184 -43.5941 21.4617  255 255 255
-60.8464 -42.4754 19.8419  255 255 255
-66.5701 -44.1543 22.5283  255 255 255
1.2726 -22.9257 34.6387  255 255 255
1.45971 -23.7002 34.9315  255 255 255
14.9783 -20.6788 30.1304  255 255 255
14.4129 -21.8641 31.3612  255 255 255
-66.5463 -48.5217 26.3152  255 255 255
-66.0788 -49.9351 29.7986  255 255 255
14.7116 -23.998 31.1455  255 255 255
-43.2057 -45.2073 21.4126  255 255 255
-43.1533 -45.1589 21.6389  255 255 255
-41.2041 -44.6162 20.9001  255 255 255
-62.1611 -50.7303 30.0201  255 255 255
-55.0644 -48.9038 27.2643  255 255 255
-43.3036 -45.9113 22.3661  255 255 255
2.22048 -29.2825 36.4537  255 255 255
-55.3659 -49.6986 28.2598  255 255 255
-0.116666 -31.0479 38.7002  255 255 255
-70.8917 -56.2793 36.0133  255 255 255
-51.1049 -51.9596 29.6121  255 255 255
-52.4792 -52.6306 31.1867  255 255 255
-52.4307 -52.6319 31.3585  255 255 255
-35.9069 -48.6558 23.452  255 255 255
-35.5144 -48.1353 24.9227  255 255 255
-34.784 -48.5931 24.6704  255 255 255
2.37887 -34.4584 36.2792  255 255 255
-35.5304 -49.7287 25.7877  255 255 255
49.8956 -28.6949 -3.94118  255 255 255
-44.4045 -52.8192 29.0728  255 255 255
-43.8577 -53.3259 28.9371  255 255 255
-15.1297 -44.991 29.5053  255 255 255
52.3142 -31.5878 -0.348169  255 255 255
18.2042 -37.26 23.4815  255 255 255
45.2289 -44.1026 13.2874  255 255 255
25.5101 77.9241 -71.5093  255 255 255
35.7256 73.4643 -84.3826  255 255 255
-42.3634 41.6308 -49.5622  255 255 255
28.4542 60.9618 -88.6303  255 255 255
44.9646 65.032 -97.0971  255 255 255
-102.929 -10.9966 -12.9107  255 255 255
4.68857 1.84016 20.7079  255 255 255
-9.88891 -3.71954 28.9077  255 255 255
36.7367 12.5341 -49.8333  255 255 255
48.6281 9.64136 -5.64247  255 255 255
-8.36863 -9.29831 33.4903  255 255 255
-10.5669 -18.06 34.1544  255 255 255
51.4685 -2.13869 -6.24424  255 255 255
4.50633 -15.1956 35.1582  255 255 255
-75.2922 -41.6196 20.793  255 255 255
-10.0718 -21.8484 33.9309  255 255 255
-10.0841 -21.8241 34.0672  255 255 255
-69.123 -44.0655 20.5624  255 255 255
-38.5564 -36.4056 13.0869  255 255 255
-15.4704 -27.6934 36.1499  255 255 255
-70.3328 -46.7368 25.8676  255 255 255
15.7265 -21.0426 29.8894  255 255 255
3.58725 -25.0656 36.0328  255 255 255
-69.7795 -49.463 28.7849  255 255 255
-42.0541 -45.2386 21.3285  255 255 255
0.327962 -30.3065 37.7543  255 255 255
-50.5869 -50.5779 27.7425  255 255 255
-45.2945 -49.3473 23.9433  255 255 255
-44.7876 -50.0038 26.7992  255 255 255
-37.7346 -49.3072 25.4909  255 255 255
-37.6121 -49.2756 25.8655  255 255 255
1.42255 -34.3668 36.1486  255 255 255
51.8702 -29.4594 -3.60101  255 255 255
-31.5107 -50.1449 26.0429  255 255 255
0.8114 -38.2508 32.7473  255 255 255
38.3824 -35.1651 4.55919  255 255 255
-43.8809 -61.907 41.4044  255 255 255
52.4853 -38.7961 6.77483  255 255 255
52.1909 -41.1144 10.7926  255 255 255
43.0631 -49.3013 21.9069  255 255 255
41.264 64.6011 -94.799  255 255 255
-73.2332 6.50908 -36.5452  255 255 255
26.2268 19.6621 -57.1608  255 255 255
-11.0765 -16.4033 33.6829  255 255 255
2.45402 -13.5222 35.3354  255 255 255
-0.859847 -18.3866 36.4684  255 255 255
-0.853166 -18.4093 36.0863  255 255 255
-69.8023 -42.9959 19.9977  255 255 255
-67.5181 -47.5178 25.6678  255 255 255
-22.6533 -34.0474 23.94  255 255 255
-60.983 -47.4151 26.3187  255 255 255
4.03525 -25.9561 36.1598  255 255 255
-76.2791 -53.7224 33.2674  255 255 255
-2.83351 -31.057 39.1352  255 255 255
-55.9813 -50.7249 28.4352  255 255 255
-22.1165 -40.0127 24.7983  255 255 255
5.40951 -30.9896 38.2529  255 255 255
16.7867 -35.0274 27.2118  255 255 255
14.8336 -40.522 25.2347  255 255 255
52.5199 -40.0344 9.52675  255 255 255
16.5357 67.58 -72.9406  255 255 255
-19.3399 48.3105 -68.3546  255 255 255
8.25163 50.8832 -81.7487  255 255 255
8.24434 50.8835 -81.6807  255 255 255
41.2737 61.4614 -97.2526  255 255 255
-7.96561 -17.1207 35.1035  255 255 255
-71.0907 -48.4624 24.6529  255 255 255
6.81621 -28.3219 35.4171  255 255 255
14.393 -29.3967 33.9008  255 255 255
-69.4425 -60.5778 40.8273  255 255 255
-69.2385 -62.265 43.5897  255 255 255
-44.7113 -60.6186 39.5371  255 255 255
-44.7113 -60.6186 39.5371  255 255 255
53.9007 -38.992 6.21727  255 255 255
7.62613 60.0102 -71.7422  255 255 255
-70.1864 -57.2036 37.4315  255 255 255
-67.528 -63.034 43.3904  255 255 255
-7.48215 -44.9271 28.9852  255 255 255
34.6335 72.68 -84.5761  255 255 255
-59.0657 32.792 -44.873  255 255 255
40.3206 73.6693 -85.5822  255 255 255
-0.354007 -23.961 35.1539  255 255 255
4.84587 -26.8261 34.3104  255 255 255
14.1859 55.771 -83.6259  255 255 255
12.4797 -24.7265 32.2995  255 255 255
-46.1646 51.4863 -39.865  255 255 255
-46.9595 35.7496 -51.7597  255 255 255
-21.3244 92.8726 -32.4882  255 255 255
23.7621 100.899 -48.7974  255 255 255
23.612 100.857 -49.526  255 255 255
49.3019 106.854 -61.043  255 255 255
31.5085 101.253 -53.5789  255 255 255
-2.74907 90.8485 -37.4381  255 255 255
-8.06024 89.9717 -35.6701  255 255 255
31.0558 100.967 -54.6814  255 255 255
51.7922 106.519 -64.3832  255 255 255
30.9156 100.455 -56.0182  255 255 255
-3.94894 89.2716 -37.9228  255 255 255
31.5943 98.8814 -56.5848  255 255 255
8.35712 91.2455 -45.7375  255 255 255
-15.5169 84.115 -33.8496  255 255 255
28.5146 96.9825 -56.3232  255 255 255
28.5146 96.9825 -56.3232  255 255 255
-21.9165 82.2891 -30.6587  255 255 255
11.7971 92.486 -48.456  255 255 255
10.1255 91.6177 -47.2216  255 255 255
8.30664 91.0565 -46.3859  255 255 255
8.23984 90.9772 -46.2618  255 255 255
51.4349 56.7771 -6.68713  255 255 255
-21.0848 82.2426 -31.1636  255 255 255
64.0887 106.681 -73.5648  255 255 255
-12.9927 84.4687 -35.4986  255 255 255
-11.1275 84.8778 -36.3776  255 255 255
-11.8923 84.5322 -36.1528  255 255 255
49.4486 59.3116 -10.7809  255 255 255
1.88528 88.3777 -43.4615  255 255 255
-41.8985 72.8993 -16.8534  255 255 255
-29.0346 79.4496 -27.4746  255 255 255
-5.55785 86.2644 -39.784  255 255 255
-15.0045 83.2174 -34.5777  255 255 255
18.0068 93.0188 -51.9111  255 255 255
20.0166 93.6323 -53.0495  255 255 255
55.5399 51.3982 -1.12347  255 255 255
9.1611 90.3265 -47.263  255 255 255
0.141831 87.4761 -42.7992  255 255 255
-0.696683 87.155 -42.3616  255 255 255
51.6164 56.6453 -8.42068  255 255 255
51.8185 56.0754 -7.70647  255 255 255
-48.0915 73.6732 -17.6201  255 255 255
53.9987 52.5371 -3.27807  255 255 255
-42.1337 73.7901 -18.9272  255 255 255
14.2673 91.3957 -50.3782  255 255 255
48.7286 59.7198 -12.8086  255 255 255
17.701 92.5653 -52.6074  255 255 255
18.0617 92.1736 -52.1181  255 255 255
19.1808 92.8309 -53.3303  255 255 255
-10.4315 84.053 -37.8542  255 255 255
15.9957 91.773 -51.715  255 255 255
49.9777 57.6586 -10.6306  255 255 255
53.291 53.9785 -5.89697  255 255 255
11.5346 90.3511 -49.3927  255 255 255
49.8177 56.7809 -9.60694  255 255 255
-16.9216 82.1158 -34.6908  255 255 255
-14.5239 82.726 -36.0116  255 255 255
-50.3746 72.4637 -16.7786  255 255 255
50.5997 57.0297 -10.3042  255 255 255
-15.2423 82.3621 -35.6971  255 255 255
-1.69967 86.1925 -42.6033  255 255 255
-0.858661 86.5923 -43.3236  255 255 255
41.5848 98.7678 -65.0419  255 255 255
16.8398 91.4654 -52.4868  255 255 255
16.8398 91.4654 -52.4868  255 255 255
-42.8472 74.4504 -21.2224  255 255 255
19.783 92.336 -54.2395  255 255 255
57.866 47.7935 0.976898  255 255 255
-36.6093 76.2546 -24.7449  255 255 255
-0.0546622 86.3137 -43.653  255 255 255
1.46934 86.8385 -44.575  255 255 255
19.2822 92.0342 -54.3523  255 255 255
19.2591 91.9809 -54.2606  255 255 255
51.9664 31.4123 23.4849  255 255 255
-10.0339 83.3867 -38.9033  255 255 255
72.6993 106.486 -80.5236  255 255 255
51.5927 100.543 -70.4065  255 255 255
50.1236 56.5574 -11.0426  255 255 255
54.6256 30.3931 23.634  255 255 255
51.2788 99.7902 -70.3884  255 255 255
48.4659 58.4685 -14.5293  255 255 255
55.6609 28.4509 25.9004  255 255 255
2.23417 86.0263 -45.8642  255 255 255
2.19605 85.9899 -45.7933  255 255 255
2.26673 86.0895 -45.9672  255 255 255
49.4374 36.7305 14.8561  255 255 255
-3.05588 84.5198 -43.2801  255 255 255
14.9466 89.7175 -52.8167  255 255 255
-1.55829 84.8248 -44.0693  255 255 255
-3.7219 84.1987 -43.1512  255 255 255
21.4017 91.11 -56.3851  255 255 255
51.676 33.3703 18.5757  255 255 255
51.7412 33.436 18.5504  255 255 255
52.2775 32.8761 19.1149  255 255 255
53.6789 29.8846 23.2175  255 255 255
50.9769 34.4106 16.931  255 255 255
-15.0608 80.5417 -37.5163  255 255 255
17.6512 89.6561 -54.941  255 255 255
48.8375 56.6809 -13.9522  255 255 255
55.2073 30.9567 20.4286  255 255 255
49.6365 55.5459 -13.3716  255 255 255
-3.82206 83.0789 -43.6919  255 255 255
48.9885 55.7935 -14.0833  255 255 255
57.7431 27.5804 24.4149  255 255 255
17.1803 88.0827 -54.2149  255 255 255
50.3886 34.4948 15.2638  255 255 255
52.9665 31.6177 19.1134  255 255 255
46.6964 96.6618 -70.4177  255 255 255
30.5821 92.4442 -62.5128  255 255 255
29.9398 92.0062 -62.2883  255 255 255
-13.3832 79.9657 -39.2574  255 255 255
-16.415 78.9048 -37.5968  255 255 255
-3.20959 82.6792 -45.0408  255 255 255
10.61 86.0769 -52.4138  255 255 255
-11.8115 79.7058 -40.7004  255 255 255
49.4654 35.0301 12.6262  255 255 255
-25.1655 75.9944 -33.4747  255 255 255
52.4934 50.6983 -9.83882  255 255 255
64.7384 99.6016 -80.6823  255 255 255
52.7728 49.9491 -9.45045  255 255 255
54.0173 48.8868 -8.00616  255 255 255
62.3383 98.9377 -79.4849  255 255 255
52.3 50.2129 -9.81758  255 255 255
46.454 94.9084 -71.6551  255 255 255
46.465 94.8885 -71.6498  255 255 255
56.0246 28.3267 20.6914  255 255 255
64.42 99.0731 -80.8381  255 255 255
18.8555 86.7457 -57.3926  255 255 255
18.8142 86.6933 -57.2662  255 255 255
59.2047 97.8624 -78.8469  255 255 255
59.2047 97.8624 -78.8469  255 255 255
55.2536 46.4643 -5.72178  255 255 255
-55.6708 65.9536 -15.7009  255 255 255
63.609 98.2045 -80.9286  255 255 255
-14.3255 77.8101 -40.3532  255 255 255
50.3436 33.0786 13.1001  255 255 255
64.4623 98.4124 -81.6378  255 255 255
47.3859 93.7337 -73.257  255 255 255
49.5073 32.8821 12.8284  255 255 255
-11.8639 78.0467 -42.2249  255 255 255
55.3734 45.5923 -6.48732  255 255 255
54.6353 46.4209 -7.71784  255 255 255
-10.4983 78.0761 -43.2426  255 255 255
-10.4983 78.0761 -43.2426  255 255 255
57.0548 95.3357 -78.7161  255 255 255
-51.1807 67.4198 -20.8131  255 255 255
40.9779 91.2717 -71.0081  255 255 255
54.348 45.834 -8.04413  255 255 255
57.9931 95.3432 -79.9639  255 255 255
-4.46731 79.0652 -46.9358  255 255 255
41.9252 90.9952 -71.8874  255 255 255
59.7175 95.3607 -80.7639  255 255 255
59.7542 95.4434 -80.8748  255 255 255
-57.5044 65.4252 -17.7647  255 255 255
49.9982 31.4202 12.4215  255 255 255
-9.88991 77.2589 -44.3787  255 255 255
35.1598 88.8715 -68.9322  255 255 255
79.5477 100.108 -92.2725  255 255 255
57.8275 41.1454 -3.48062  255 255 255
49.8064 31.2713 12.04  255 255 255
-49.7622 67.0891 -22.8511  255 255 255
51.1863 48.6778 -14.1524  255 255 255
-29.5673 71.8341 -33.9727  255 255 255
36.2148 88.412 -69.8188  255 255 255
37.7824 88.6872 -70.512  255 255 255
53.0238 46.6329 -11.9439  255 255 255
57.3128 41.3671 -4.71612  255 255 255
-18.4304 74.4827 -40.4915  255 255 255
36.9449 88.3902 -70.2665  255 255 255
-5.66189 77.6718 -47.7502  255 255 255
51.1917 28.9854 13.7569  255 255 255
88.9543 101.019 -97.7511  255 255 255
-33.9147 70.1239 -32.0077  255 255 255
49.7566 30.3599 11.7025  255 255 255
9.17148 80.982 -56.2799  255 255 255
54.5632 43.7688 -9.29739  255 255 255
56.2907 23.06 21.3764  255 255 255
-5.2079 76.8192 -48.1664  255 255 255
50.41 48.3129 -15.8025  255 255 255
58.0913 20.9247 23.8811  255 255 255
42.58 88.2658 -74.1949  255 255 255
6.59822 79.6484 -55.4967  255 255 255
-30.5578 70.3776 -34.7438  255 255 255
-18.8165 73.0655 -41.0924  255 255 255
-18.8387 73.0332 -41.0266  255 255 255
-5.97438 76.2824 -48.432  255 255 255
-5.97438 76.2824 -48.432  255 255 255
-5.99032 76.2756 -48.3881  255 255 255
-7.29348 75.3372 -46.9528  255 255 255
-55.7984 63.7713 -20.2398  255 255 255
-55.7984 63.7713 -20.2398  255 255 255
-20.1213 72.6787 -40.6299  255 255 255
95.5465 101.287 -102.887  255 255 255
-19.758 72.4432 -40.6668  255 255 255
-19.758 72.4432 -40.6668  255 255 255
54.5005 24.2583 17.8965  255 255 255
58.4643 19.6076 24.2741  255 255 255
-35.0822 68.6443 -32.6647  255 255 255
-35.0875 68.5703 -32.5221  255 255 255
-16.0203 73.133 -43.2424  255 255 255
-4.98564 75.9907 -49.5505  255 255 255
54.7316 90.7649 -81.9395  255 255 255
-22.0199 71.6819 -39.9293  255 255 255
31.0681 84.8603 -69.4097  255 255 255
54.9736 90.3267 -81.6243  255 255 255
-56.5089 63.1905 -20.6126  255 255 255
66.955 93.1719 -88.4297  255 255 255
26.9006 83.6537 -67.6765  255 255 255
30.38 84.3652 -69.3812  255 255 255
30.3864 84.4084 -69.4626  255 255 255
58.1201 19.8847 22.8873  255 255 255
-19.2998 72.2384 -42.0802  255 255 255
29.4787 83.9711 -68.9604  255 255 255
-19.2467 71.7581 -42.0491  255 255 255
-19.2633 71.7342 -41.981  255 255 255
29.852 83.6032 -69.1169  255 255 255
52.6866 43.9051 -13.3876  255 255 255
51.6877 44.7524 -14.9695  255 255 255
-38.7203 66.8962 -31.1653  255 255 255
-17.8517 72.0651 -43.224  255 255 255
-10.788 73.487 -47.3009  255 255 255
33.364 84.2068 -71.8252  255 255 255
33.364 84.2068 -71.8252  255 255 255
30.2466 83.7343 -70.6712  255 255 255
49.3826 28.5574 9.27937  255 255 255
-23.8111 70.0364 -40.0584  255 255 255
41.791 85.2488 -76.4131  255 255 255
29.7226 82.5048 -70.367  255 255 255
48.7959 47.3299 -21.0092  255 255 255
56.1515 38.0187 -7.88645  255 255 255
-42.3233 65.0228 -30.0442  255 255 255
53.1572 23.3105 15.2998  255 255 255
51.9697 42.4724 -14.7499  255 255 255
-46.2174 63.8475 -28.0094  255 255 255
28.7437 81.4373 -70.3546  255 255 255
-19.7225 69.847 -43.2328  255 255 255
57.0077 37.105 -7.91571  255 255 255
49.2928 27.266 8.47872  255 255 255
54.8445 21.3922 16.7132  255 255 255
55.3205 20.8377 17.447  255 255 255
55.3205 20.8377 17.447  255 255 255
-48.2162 62.9496 -27.052  255 255 255
-48.2162 62.9496 -27.052  255 255 255
-48.0107 61.2957 -24.6452  255 255 255
-21.6951 68.9231 -42.6729  255 255 255
21.5616 79.0282 -67.047  255 255 255
52.9795 22.733 13.9491  255 255 255
51.6671 24.1739 11.5501  255 255 255
58.7076 16.5444 22.1764  255 255 255
11.5225 76.1502 -62.0146  255 255 255
-5.72915 72.1995 -52.5216  255 255 255
44.0066 83.4903 -80.0992  255 255 255
-56.1116 60.4407 -23.3412  255 255 255
-57.3736 59.973 -22.4988  255 255 255
-47.9428 61.9746 -27.9078  255 255 255
54.1474 20.9517 15.188  255 255 255
-50.5617 61.7441 -27.0644  255 255 255
-49.1022 59.9425 -24.698  255 255 255
-49.1022 59.9425 -24.698  255 255 255
48.5605 45.6593 -23.0721  255 255 255
-4.42553 72.0322 -53.6063  255 255 255
42.1765 82.5759 -79.4914  255 255 255
42.1765 82.5759 -79.4914  255 255 255
67.3344 88.0959 -93.049  255 255 255
-4.55247 71.531 -53.7663  255 255 255
53.1071 21.6487 12.8757  255 255 255
-27.0517 66.1706 -40.8726  255 255 255
-29.4281 65.6989 -39.7453  255 255 255
-45.0816 62.1151 -30.5817  255 255 255
-43.5794 62.3846 -31.3264  255 255 255
-16.2144 68.4833 -47.3064  255 255 255
-64.773 57.4618 -19.0861  255 255 255
52.257 22.2504 11.3014  255 255 255
-19.4066 67.5937 -45.6804  255 255 255
29.2508 78.6597 -73.6443  255 255 255
-17.7113 67.7761 -46.4971  255 255 255
49.8833 42.4014 -21.006  255 255 255
-59.0842 58.424 -22.7288  255 255 255
-69.9015 56.0798 -16.8324  255 255 255
-51.435 60.1015 -27.6222  255 255 255
67.8592 86.3484 -94.978  255 255 255
74.9845 87.942 -99.1111  255 255 255
-56.728 58.5545 -24.0711  255 255 255
-15.5386 67.8183 -48.6168  255 255 255
-3.02929 70.6187 -55.9155  255 255 255
-0.364707 71.6649 -58.145  255 255 255
51.4869 22.3475 9.76055  255 255 255
67.2277 85.9427 -94.9548  255 255 255
-23.8076 65.643 -43.5058  255 255 255
68.395 85.9985 -95.6663  255 255 255
52.4214 20.5892 11.9929  255 255 255
-4.02797 70.0104 -55.483  255 255 255
-26.1073 64.9141 -42.3832  255 255 255
-24.7097 65.2837 -43.5169  255 255 255
-25.7678 65.1727 -42.9954  255 255 255
-68.8412 55.8101 -17.8713  255 255 255
-65.9193 52.6588 -13.7617  255 255 255
16.8246 74.1995 -67.8408  255 255 255
63.3159 83.9437 -93.1506  255 255 255
41.4442 79.307 -81.8902  255 255 255
-10.3077 68.1357 -52.5462  255 255 255
-0.893625 70.0652 -57.8436  255 255 255
66.6061 84.4977 -95.2985  255 255 255
58.591 14.1998 20.0077  255 255 255
-14.0054 67.0898 -50.2237  255 255 255
-2.16949 69.7306 -57.2292  255 255 255
-2.26095 69.5754 -56.9195  255 255 255
80.1231 87.7097 -103.477  255 255 255
-15.8847 66.6439 -49.1981  255 255 255
-17.3461 66.0578 -48.0871  255 255 255
67.3854 84.5119 -96.1543  255 255 255
-4.23087 68.7844 -55.8003  255 255 255
-4.11261 69.0056 -56.1753  255 255 255
51.5646 20.8692 9.80654  255 255 255
-25.8551 64.2423 -43.6403  255 255 255
17.4984 74.018 -69.2384  255 255 255
57.5934 81.6768 -90.99  255 255 255
50.2758 39.8638 -21.9781  255 255 255
-17.0846 65.6984 -49.0601  255 255 255
-0.139709 69.2248 -59.2044  255 255 255
-17.3464 65.4769 -49.3309  255 255 255
-4.04351 67.939 -56.916  255 255 255
-43.4491 59.4907 -33.7115  255 255 255
61.1614 81.8855 -94.4529  255 255 255
55.6761 15.8864 15.1397  255 255 255
48.3873 41.3302 -25.8999  255 255 255
-16.8301 64.8551 -49.9463  255 255 255
79.5528 85.1697 -104.91  255 255 255
55.6814 32.5448 -13.2779  255 255 255
56.2748 32.0592 -12.6985  255 255 255
50.7178 38.5124 -22.4493  255 255 255
58.7569 11.6998 20.5378  255 255 255
59.1044 11.9286 20.1918  255 255 255
-17.5114 64.4382 -49.5905  255 255 255
-17.5114 64.4382 -49.5905  255 255 255
-3.9453 67.3451 -57.734  255 255 255
32.3579 74.9859 -79.0381  255 255 255
57.0661 11.0351 21.5206  255 255 255
58.8597 11.9089 19.8263  255 255 255
29.197 74.2766 -77.2768  255 255 255
59.5806 11.3233 20.3734  255 255 255
28.2214 74.2756 -77.3197  255 255 255
17.9256 71.5782 -70.859  255 255 255
50.8396 20.0006 6.63933  255 255 255
60.5348 9.56768 22.3955  255 255 255
40.4907 75.9797 -84.3666  255 255 255
51.7807 78.315 -91.0766  255 255 255
69.3352 81.6924 -100.55  255 255 255
-48.876 56.8609 -31.3108  255 255 255
49.4406 21.1232 4.33065  255 255 255
41.1009 75.593 -85.3118  255 255 255
-57.8279 52.8203 -22.9604  255 255 255
52.6031 17.6467 8.83634  255 255 255
-15.5051 63.5264 -52.2378  255 255 255
36.6655 73.8319 -82.8267  255 255 255
51.1144 18.4954 6.80645  255 255 255
51.0921 18.4794 6.80748  255 255 255
48.6418 38.2674 -26.5804  255 255 255
-62.272 53.8008 -24.8325  255 255 255
10.8424 68.3827 -68.6351  255 255 255
50.5327 36.4163 -24.0954  255 255 255
50.3417 19.6784 4.37359  255 255 255
25.4605 71.2695 -77.3697  255 255 255
53.4799 16.001 9.79643  255 255 255
-50.1659 55.7952 -31.9933  255 255 255
24.3559 71.8865 -78.6041  255 255 255
58.2634 10.8908 17.1115  255 255 255
-49.5856 55.843 -32.7261  255 255 255
50.9433 17.9993 5.98215  255 255 255
-27.4423 60.0024 -46.1504  255 255 255
56.6157 28.9 -14.0731  255 255 255
-36.6354 57.9738 -40.3897  255 255 255
-10.3295 63.1317 -56.5815  255 255 255
50.856 34.7865 -23.5674  255 255 255
50.4536 18.0405 5.15868  255 255 255
56.7969 28.5572 -14.4102  255 255 255
21.572 68.9775 -75.1271  255 255 255
35.2919 72.1174 -83.8981  255 255 255
48.0429 20.5926 1.05987  255 255 255
52.9524 15.2982 8.88129  255 255 255
-7.36126 63.0369 -58.6162  255 255 255
55.6323 28.8542 -15.6214  255 255 255
47.624 20.1238 1.17478  255 255 255
56.7505 28.149 -14.8073  255 255 255
55.2667 29.1617 -16.6202  255 255 255
19.5708 68.3885 -75.5387  255 255 255
19.5578 68.4084 -75.5566  255 255 255
51.2112 14.1783 10.276  255 255 255
52.8547 15.0162 8.45803  255 255 255
60.1941 75.965 -98.8252  255 255 255
-35.7467 57.0804 -41.9429  255 255 255
53.65 14.0931 9.37558  255 255 255
49.4361 34.79 -26.1915  255 255 255
47.4855 20.084 -0.0566885  255 255 255
56.0042 27.9105 -15.8226  255 255 255
55.2459 12.2918 11.6342  255 255 255
-26.9248 58.6973 -48.0551  255 255 255
51.5601 31.9932 -22.1578  255 255 255
38.588 70.9746 -86.574  255 255 255
-50.8142 53.8966 -33.5338  255 255 255
56.2497 10.8869 13.3293  255 255 255
-32.1683 57.4206 -45.223  255 255 255
13.7335 66.018 -72.5355  255 255 255
56.7862 10.3845 13.8559  255 255 255
47.6127 19.5632 -0.367542  255 255 255
-6.66684 62.0699 -60.7321  255 255 255
64.3005 75.337 -101.987  255 255 255
55.3463 27.3924 -16.4449  255 255 255
48.0117 35.9372 -30.0752  255 255 255
21.9179 67.5067 -78.5245  255 255 255
53.5803 13.2287 8.6028  255 255 255
-16.3211 59.9226 -55.2892  255 255 255
54.7418 27.6578 -17.4386  255 255 255
-50.8322 53.4331 -34.4919  255 255 255
-50.8071 53.379 -34.3621  255 255 255
55.1008 27.1439 -16.9567  255 255 255
47.1418 71.2984 -93.245  255 255 255
53.3803 12.8649 8.40054  255 255 255
53.3821 12.8774 8.37178  255 255 255
-51.6346 52.8353 -33.8395  255 255 255
-50.0486 53.0969 -34.7854  255 255 255
16.1503 65.5727 -75.5213  255 255 255
-17.389 58.9772 -54.767  255 255 255
-17.371 58.9757 -54.7944  255 255 255
-25.8172 57.5907 -50.2453  255 255 255
47.9991 34.9531 -30.5208  255 255 255
51.296 31.3179 -24.8687  255 255 255
51.359 31.3494 -24.935  255 255 255
52.3561 30.1468 -23.3622  255 255 255
55.042 27.0522 -18.4299  255 255 255
55.2745 26.694 -18.0121  255 255 255
-50.4876 52.6093 -34.9799  255 255 255
-9.42002 59.9499 -59.6885  255 255 255
47.7158 18.1405 -0.938239  255 255 255
47.8393 18.1927 -1.11225  255 255 255
52.4094 13.5309 6.06071  255 255 255
-7.4936 60.326 -61.2989  255 255 255
52.197 30.0341 -23.6473  255 255 255
8.12462 60.909 -66.7318  255 255 255
53.0723 12.6334 7.32219  255 255 255
-27.8682 56.6932 -49.2692  255 255 255
-50.0656 52.3644 -35.163  255 255 255
7.61901 60.7805 -66.7107  255 255 255
53.2191 28.8868 -22.5056  255 255 255
53.2191 28.8868 -22.5056  255 255 255
50.3074 15.2671 2.42893  255 255 255
56.3285 9.09051 12.1276  255 255 255
-40.4251 53.9652 -41.6018  255 255 255
-40.4251 53.9652 -41.6018  255 255 255
-41.6994 53.6805 -40.8163  255 255 255
42.0801 68.8644 -91.8122  255 255 255
53.1324 28.5286 -22.8316  255 255 255
-50.7961 51.8446 -35.366  255 255 255
-7.09402 59.5617 -62.423  255 255 255
52.929 12.0786 6.5371  255 255 255
-15.1315 57.7581 -57.4286  255 255 255
51.1992 30.3917 -26.8257  255 255 255
51.6726 12.9284 4.80621  255 255 255
-52.5856 51.1158 -34.5424  255 255 255
-2.78615 60.2468 -65.7492  255 255 255
-52.0127 51.227 -35.118  255 255 255
-5.91285 59.4927 -63.6171  255 255 255
8.03854 58.882 -66.6017  255 255 255
51.6698 29.2584 -25.6313  255 255 255
-11.5254 58.1546 -60.1849  255 255 255
-11.5155 58.1816 -60.2332  255 255 255
-11.5079 58.2088 -60.2848  255 255 255
-36.2202 53.6894 -44.927  255 255 255
56.9795 7.60155 12.2755  255 255 255
55.6766 24.7916 -19.0077  255 255 255
55.5585 24.7384 -18.8265  255 255 255
-2.50443 -18.8553 75.6795  255 255 255
49.2097 15.2903 -0.0116791  255 255 255
49.0999 15.2448 0.130164  255 255 255
53.7954 10.4983 7.61256  255 255 255
53.7948 10.4951 7.62155  255 255 255
-37.2788 53.2759 -44.3969  255 255 255
55.834 8.33449 10.6068  255 255 255
51.7368 12.4145 4.07482  255 255 255
51.7368 12.4145 4.07482  255 255 255
-65.5696 48.4813 -27.4777  255 255 255
45.5003 67.5697 -94.9271  255 255 255
53.3398 26.3797 -22.8092  255 255 255
42.7888 66.8635 -93.8458  255 255 255
49.3615 30.1602 -28.8585  255 255 255
54.833 8.9052 8.98797  255 255 255
55.673 8.04453 10.3894  255 255 255
45.2931 67.3803 -95.844  255 255 255
-41.4872 51.9251 -42.6161  255 255 255
-41.4531 51.9622 -42.7216  255 255 255
-5.2287 58.3122 -65.4763  255 255 255
46.0596 66.6345 -96.1239  255 255 255
46.0484 66.6149 -96.0623  255 255 255
52.6274 10.6198 4.83113  255 255 255
-61.2289 48.1527 -30.4628  255 255 255
-25.7368 54.164 -52.7755  255 255 255
-22.7051 54.7255 -54.9766  255 255 255
51.3408 11.5609 2.87507  255 255 255
53.9574 9.07875 6.67342  255 255 255
-16.7156 55.2618 -58.6033  255 255 255
48.8921 29.8443 -31.3105  255 255 255
-11.2993 56.087 -62.4833  255 255 255
-25.035 53.5062 -53.7369  255 255 255
-25.0226 53.5035 -53.7745  255 255 255
-23.5455 53.7875 -54.8688  255 255 255
23.2018 61.7963 -83.938  255 255 255
-30.4679 52.6542 -50.6472  255 255 255
-19.0562 54.6797 -57.9799  255 255 255
49.7968 12.5241 -0.259818  255 255 255
-20.1415 54.2619 -57.2756  255 255 255
-14.5833 55.1438 -60.5622  255 255 255
25.1375 61.9921 -85.4356  255 255 255
22.673 61.3925 -83.7905  255 255 255
50.4298 11.9202 0.438074  255 255 255
28.5248 62.0704 -87.2705  255 255 255
20.5191 60.9259 -82.957  255 255 255
-39.7215 50.7481 -45.1961  255 255 255
14.1515 59.5213 -78.4597  255 255 255
-57.001 47.6684 -34.0482  255 255 255
-51.6385 48.6077 -37.6639  255 255 255
-18.0864 54.2769 -59.1728  255 255 255
21.6265 60.867 -83.8928  255 255 255
-16.6324 54.032 -59.8216  255 255 255
-50.0939 48.3928 -38.6508  255 255 255
-23.7525 52.8204 -55.5086  255 255 255
66.0534 -4.56594 25.7113  255 255 255
-55.5923 47.5423 -35.5574  255 255 255
-20.9894 52.8937 -57.7482  255 255 255
4.81809 57.2967 -74.2989  255 255 255
64.0635 -2.79854 21.7742  255 255 255
-27.7273 51.5771 -53.9174  255 255 255
-39.4055 49.2669 -45.7263  255 255 255
-58.0524 46.5777 -34.5659  255 255 255
43.3753 62.6765 -97.6909  255 255 255
59.9201 -2.8837 22.6174  255 255 255
-8.16548 54.5643 -66.7395  255 255 255
48.8315 11.8917 -3.13561  255 255 255
-31.069 50.6291 -52.2398  255 255 255
6.93163 56.5525 -76.2684  255 255 255
46.8566 62.8758 -101.001  255 255 255
-26.6143 51.1441 -55.0835  255 255 255
-25.9307 51.0703 -55.3439  255 255 255
-27.82 50.742 -54.289  255 255 255
52.9564 7.34648 3.49329  255 255 255
-31.5457 50.0192 -51.7978  255 255 255
-39.7754 48.5998 -46.6422  255 255 255
-39.7754 48.5998 -46.6422  255 255 255
52.3189 7.96371 2.03801  255 255 255
49.6442 10.2121 -1.94056  255 255 255
-62.7397 45.0973 -32.5414  255 255 255
-52.5084 46.433 -38.7149  255 255 255
-42.0282 48.0919 -45.7253  255 255 255
-31.5668 49.5347 -52.4265  255 255 255
47.4928 12.3206 -6.20877  255 255 255
-25.0623 50.4834 -56.8447  255 255 255
48.0519 11.5301 -4.95983  255 255 255
-41.852 47.8835 -46.2094  255 255 255
-4.68231 53.1595 -69.0928  255 255 255
26.2291 58.349 -89.4929  255 255 255
-26.0986 50.0209 -56.5981  255 255 255
-27.8527 49.6705 -55.4109  255 255 255
-33.3599 48.7134 -51.7807  255 255 255
52.78 6.41414 2.73485  255 255 255
-20.3248 48.0279 -55.4507  255 255 255
22.3985 57.2377 -87.678  255 255 255
61.2696 -2.17149 15.9586  255 255 255
-47.9204 46.0516 -42.8294  255 255 255
-46.4892 46.218 -43.688  255 255 255
-46.5726 45.8771 -42.964  255 255 255
-19.1482 47.6363 -56.3111  255 255 255
-19.1482 47.6363 -56.3111  255 255 255
25.0078 57.074 -89.5735  255 255 255
50.9834 7.59456 -0.652924  255 255 255
51.5585 6.99951 0.0222812  255 255 255
58.6538 0.0980413 11.3639  255 255 255
-38.4393 47.077 -49.395  255 255 255
60.2244 -1.58405 13.9378  255 255 255
-53.8074 44.491 -38.9708  255 255 255
51.7612 6.50498 0.110247  255 255 255
61.3665 -3.67591 17.2937  255 255 255
63.3785 -3.81641 16.9496  255 255 255
-12.107 50.5383 -66.2524  255 255 255
49.3088 24.0743 -34.6874  255 255 255
49.3088 24.0743 -34.6874  255 255 255
-45.8804 45.5738 -44.9466  255 255 255
49.9495 23.5277 -34.1717  255 255 255
59.0351 -0.775845 11.796  255 255 255
-38.3082 46.571 -50.1763  255 255 255
50.7131 6.82803 -1.59513  255 255 255
60.9983 -2.82426 14.4168  255 255 255
37.2875 57.334 -99.0612  255 255 255
62.0577 -4.23038 16.4951  255 255 255
63.9931 -6.19404 19.6255  255 255 255
63.9931 -6.19404 19.6255  255 255 255
62.0288 -4.19559 16.0628  255 255 255
63.1348 -4.92343 17.0707  255 255 255
-48.5385 44.577 -43.9654  255 255 255
-33.6589 46.7343 -53.66  255 255 255
-29.8414 47.2821 -56.1554  255 255 255
-29.8453 47.2536 -56.112  255 255 255
30.1972 55.9078 -94.6206  255 255 255
51.9939 5.29776 -0.208765  255 255 255
-43.9562 44.9309 -46.6217  255 255 255
-50.6765 43.974 -42.8245  255 255 255
61.3061 -3.67909 14.3034  255 255 255
57.9074 -0.742139 9.18722  255 255 255
-50.3652 43.8833 -43.1532  255 255 255
-60.3006 42.2643 -36.4956  255 255 255
-32.627 46.2922 -55.1881  255 255 255
52.0107 4.74611 -0.786815  255 255 255
52.6433 3.87461 0.389154  255 255 255
-46.3942 43.8023 -45.8144  255 255 255
49.6969 6.66242 -4.60567  255 255 255
49.6969 6.66242 -4.60567  255 255 255
-60.4158 41.7269 -37.024  255 255 255
-54.3773 42.4751 -40.8727  255 255 255
-48.0962 43.4144 -45.4054  255 255 255
57.799 -1.39844 8.39393  255 255 255
24.3662 53.58 -92.8239  255 255 255
-67.3449 40.3934 -32.3856  255 255 255
61.2355 -4.76833 13.6017  255 255 255
50.9736 4.74317 -2.82068  255 255 255
53.8528 16.5292 -28.4555  255 255 255
51.8641 3.8178 -1.34752  255 255 255
51.8641 3.8178 -1.34752  255 255 255
-58.605 41.4669 -38.7011  255 255 255
59.4558 -3.4455 10.7491  255 255 255
59.6147 -3.78131 10.9716  255 255 255
58.1353 -2.30495 8.47196  255 255 255
-60.6726 40.8967 -37.4946  255 255 255
-60.6594 40.8615 -37.4632  255 255 255
57.1707 -1.87452 7.41209  255 255 255
52.9854 2.55653 -0.535526  255 255 255
63.9164 -8.17658 17.9568  255 255 255
64.2038 -8.14387 17.7215  255 255 255
53.7562 15.8648 -29.0055  255 255 255
53.7663 15.8773 -29.0233  255 255 255
54.4317 0.729805 2.23889  255 255 255
-68.9467 39.5683 -32.7642  255 255 255
-65.9355 40.0293 -34.6165  255 255 255
-55.2781 41.3126 -41.4142  255 255 255
60.8029 -5.23816 12.3844  255 255 255
55.7792 -7.5783 19.1914  255 255 255
-64.5207 39.9972 -35.2042  255 255 255
-37.6094 43.7333 -53.8643  255 255 255
-37.6247 43.7703 -53.9582  255 255 255
59.0516 -3.84169 9.4571  255 255 255
-48.0675 41.7229 -46.1646  255 255 255
64.7775 -9.59361 19.4299  255 255 255
64.7775 -9.59361 19.4299  255 255 255
-59.1406 40.4033 -39.3309  255 255 255
-53.5447 40.9523 -42.7007  255 255 255
-31.0859 43.9617 -58.0276  255 255 255
64.7501 -9.80509 19.2863  255 255 255
11.516 49.4648 -86.3648  255 255 255
4.54094 48.5499 -81.8189  255 255 255
-30.7751 43.8382 -58.544  255 255 255
60.4203 -5.55529 11.2757  255 255 255
-11.945 46.17 -71.2892  255 255 255
61.4027 -6.58969 12.8414  255 255 255
61.5189 -6.57097 12.7094  255 255 255
-52.9511 40.6048 -43.6056  255 255 255
-69.1658 38.5022 -33.0264  255 255 255
-8.34931 -2.43853 28.7797  255 255 255
5.47965 -6.57609 32.1292  255 255 255
62.0078 -7.37207 13.124  255 255 255
-19.2267 44.0197 -65.5776  255 255 255
-66.9605 38.5205 -34.726  255 255 255
62.7532 -7.98041 14.0627  255 255 255
67.226 -12.8913 22.8139  255 255 255
67.226 -12.8913 22.8139  255 255 255
-50.4223 40.1173 -44.9323  255 255 255
-47.9689 40.3354 -46.4201  255 255 255
-53.2744 39.9949 -43.9704  255 255 255
-62.4664 38.8038 -38.0299  255 255 255
-9.57819 45.7427 -73.6101  255 255 255
-17.6163 42.854 -64.878  255 255 255
-18.7296 42.9993 -65.1234  255 255 255
-63.6988 38.3376 -37.1683  255 255 255
-63.7288 38.4715 -37.3324  255 255 255
-29.2378 42.8514 -60.6763  255 255 255
-65.0486 37.9661 -36.2844  255 255 255
-54.075 39.1133 -43.8291  255 255 255
52.8212 0.0945782 -2.19093  255 255 255
52.8212 0.0945782 -2.19093  255 255 255
-66.2066 37.909 -36.3534  255 255 255
-59.3471 38.5576 -40.7778  255 255 255
-61.6324 38.2193 -39.4418  255 255 255
-67.6172 37.3764 -35.5128  255 255 255
-39.9799 40.5606 -53.6831  255 255 255
-39.9799 40.5606 -53.6831  255 255 255
64.1411 -11.2429 17.3081  255 255 255
-57.7519 38.3146 -42.1465  255 255 255
-43.4078 40.0127 -51.6476  255 255 255
57.0151 -4.33856 4.56791  255 255 255
57.0635 -4.33559 4.51298  255 255 255
-54.4883 38.186 -43.1213  255 255 255
-51.0764 38.7484 -46.1291  255 255 255
1.10641 -8.20896 34.2018  255 255 255
-54.8875 38.5267 -44.1889  255 255 255
3.236 -8.64297 34.0045  255 255 255
54.6028 -2.43158 0.454859  255 255 255
-56.5359 38.0573 -43.0187  255 255 255
-40.8739 39.9089 -53.6766  255 255 255
-55.3652 38.2434 -44.0765  255 255 255
66.1154 -13.3154 19.6766  255 255 255
-68.3 36.7052 -35.3094  255 255 255
-9.44779 43.6853 -74.9409  255 255 255
-9.37703 43.7563 -75.1899  255 255 255
-6.9211 -6.37117 32.6076  255 255 255
-6.88213 -6.34244 32.5173  255 255 255
-7.87859 -5.92492 31.8988  255 255 255
61.6389 -8.85299 11.299  255 255 255
61.626 -8.87556 11.3235  255 255 255
-47.5026 39.1012 -49.7591  255 255 255
-0.699484 -8.21808 33.9333  255 255 255
-3.44712 -7.84935 34.0819  255 255 255
-1.43794 -8.28451 34.3016  255 255 255
-12.1179 -3.33006 27.535  255 255 255
-28.4008 41.0274 -62.7247  255 255 255
-28.4008 41.0274 -62.7247  255 255 255
-3.12796 -7.92706 33.8166  255 255 255
-3.37546 -8.08818 34.2748  255 255 255
-3.8982 -8.0795 34.14  255 255 255
-28.119 40.7838 -62.977  255 255 255
54.4292 -2.9884 -0.417462  255 255 255
-7.95877 -6.74141 32.4028  255 255 255
-7.9545 -6.74068 32.4008  255 255 255
-29.7179 40.4113 -62.2112  255 255 255
54.2481 -3.04773 -0.731825  255 255 255
61.2483 -9.5234 10.76  255 255 255
53.6148 -2.56091 -1.73644  255 255 255
-11.2903 -5.03674 29.4541  255 255 255
-56.3194 37.0238 -44.4173  255 255 255
-40.8646 38.7361 -54.7896  255 255 255
-14.9594 -1.92561 23.9417  255 255 255
-41.489 38.6242 -54.3527  255 255 255
-4.93584 -8.47845 34.215  255 255 255
-60.809 36.3795 -41.7191  255 255 255
-2.45182 -9.2884 34.8915  255 255 255
57.8467 -6.73608 4.74811  255 255 255
-54.4735 36.8293 -45.6655  255 255 255
-3.5941 -9.13574 34.6869  255 255 255
-57.2265 36.4916 -43.9756  255 255 255
-57.2247 36.7512 -44.4861  255 255 255
-3.18916 -9.45168 34.8956  255 255 255
-26.8465 39.8803 -65.1578  255 255 255
-11.5241 -5.69002 29.7955  255 255 255
50.9348 -0.779759 -6.85628  255 255 255
51.8531 -1.71119 -5.28029  255 255 255
62.0635 -10.9118 11.3693  255 255 255
62.0635 -10.9118 11.3693  255 255 255
4.83922 -10.7632 34.3348  255 255 255
-14.3838 -3.47083 25.8154  255 255 255
53.2237 -3.06961 -3.13617  255 255 255
51.3503 -1.43596 -6.40448  255 255 255
57.0979 -6.75298 3.21741  255 255 255
57.0961 -6.75419 3.21919  255 255 255
64.0586 -11.0975 10.217  255 255 255
-54.2854 36.2486 -46.2769  255 255 255
-6.18485 -8.94931 34.1599  255 255 255
54.4251 -4.35249 -1.32212  255 255 255
57.3202 -7.02653 3.43807  255 255 255
57.339 -7.03458 3.45556  255 255 255
-61.311 35.5033 -41.91  255 255 255
-61.8204 35.3829 -41.5529  255 255 255
12.9514 34.9897 -73.2777  255 255 255
49.2202 0.2566 -10.1081  255 255 255
57.9059 -7.64817 4.24371  255 255 255
-12.4573 -5.99333 29.4076  255 255 255
-12.2692 -6.18001 29.7922  255 255 255
-15.0828 -3.82021 25.5106  255 255 255
-11.9397 -6.83295 30.3172  255 255 255
-2.843 -10.8335 35.3407  255 255 255
53.5044 -4.28245 -3.51536  255 255 255
63.0614 -12.899 12.0475  255 255 255
-14.6329 -4.98616 26.9915  255 255 255
-34.3587 37.5555 -61.2467  255 255 255
-28.9533 38.0048 -64.8535  255 255 255
61.7382 -11.9258 9.77306  255 255 255
-5.04932 -10.6038 35.0406  255 255 255
-5.5705 -10.4267 34.7471  255 255 255
-34.918 37.0233 -61.2065  255 255 255
-3.8556 -11.0462 35.303  255 255 255
5.89254 -12.448 34.2744  255 255 255
57.469 -8.49785 2.85749  255 255 255
56.7002 -7.53181 0.852028  255 255 255
56.7002 -7.53181 0.852028  255 255 255
-61.4024 34.0804 -42.7255  255 255 255
-58.4563 34.2934 -44.6037  255 255 255
60.2891 -11.062 7.22456  255 255 255
60.2891 -11.062 7.22456  255 255 255
50.7542 -2.56076 -8.62513  255 255 255
-7.49842 -10.1303 34.2413  255 255 255
-7.48413 -10.1355 34.2176  255 255 255
48.7528 -0.941104 -11.7068  255 255 255
50.1625 -2.13782 -9.54037  255 255 255
-8.71686 -9.74684 33.5722  255 255 255
4.03738 -12.9181 35.2041  255 255 255
48.6706 -0.926158 -12.163  255 255 255
57.5612 -10.2948 5.54905  255 255 255
59.4651 -10.7272 5.67949  255 255 255
57.2773 -8.98479 2.03637  255 255 255
-53.1573 34.2367 -49.1321  255 255 255
-40.8283 35.5368 -57.8184  255 255 255
60.1434 -11.8322 7.06445  255 255 255
-33.4322 36.2397 -63.1842  255 255 255
-33.4883 36.2584 -63.1751  255 255 255
-2.35857 -12.2939 35.7601  255 255 255
-47.6521 35.1897 -54.4506  255 255 255
57.8893 -9.86728 3.11088  255 255 255
59.4472 -11.435 6.06369  255 255 255
59.192 -11.202 5.02936  255 255 255
60.9752 -12.662 7.65129  255 255 255
-65.312 32.6342 -41.1027  255 255 255
-15.1415 -6.72335 27.7949  255 255 255
-63.2132 32.8679 -42.7081  255 255 255
59.131 -11.2008 4.63917  255 255 255
-60.53 32.8136 -44.1289  255 255 255
51.2667 -4.2818 -8.74344  255 255 255
51.2667 -4.2818 -8.74344  255 255 255
-57.5411 32.8938 -46.5225  255 255 255
52.6114 -5.52048 -6.49474  255 255 255
-5.88141 -12.0487 35.1527  255 255 255
9.41563 -14.0608 32.9121  255 255 255
-2.02698 -13.2286 35.9969  255 255 255
51.5918 -4.90179 -8.42679  255 255 255
-56.7927 32.9929 -48.0746  255 255 255
-56.7896 32.8132 -47.718  255 255 255
49.6349 -3.36371 -11.5779  255 255 255
-6.14399 -12.2445 35.1732  255 255 255
-61.754 32.2512 -44.1595  255 255 255
-35.3474 34.6603 -63.0111  255 255 255
4.47395 26.9825 -63.4689  255 255 255
4.49361 27.0135 -63.5422  255 255 255
-6.4193 -12.3587 35.2162  255 255 255
56.5781 -9.66493 -0.294116  255 255 255
-52.2357 32.6321 -50.4512  255 255 255
-52.2357 32.6321 -50.4512  255 255 255
-32.6369 34.7461 -65.1744  255 255 255
2.16869 27.1044 -63.5316  255 255 255
-0.299352 -14.1077 35.9661  255 255 255
-0.299352 -14.1077 35.9661  255 255 255
64.3475 -13.833 4.92271  255 255 255
-13.2037 -9.78881 30.9526  255 255 255
-16.316 -7.69425 27.1805  255 255 255
-56.8414 31.7761 -48.7028  255 255 255
-56.8414 31.7761 -48.7028  255 255 255
50.6072 -5.24326 -10.874  255 255 255
-56.2065 31.7864 -49.179  255 255 255
-10.2345 -11.708 33.5788  255 255 255
50.544 -5.39784 -11.3076  255 255 255
57.9732 -12.0026 1.289  255 255 255
53.1765 -7.70498 -7.05667  255 255 255
-11.4133 -11.3407 32.7219  255 255 255
59.7538 -13.825 4.21472  255 255 255
-11.1551 -11.6969 32.9486  255 255 255
-11.1532 -11.6977 32.9517  255 255 255
-8.57827 -12.8305 34.4426  255 255 255
-54.9415 31.2752 -50.6453  255 255 255
-18.4227 -6.08788 22.5911  255 255 255
-13.7975 -10.4242 30.8153  255 255 255
-13.7982 -10.4245 30.8169  255 255 255
-3.44253 -14.5682 35.9573  255 255 255
59.2115 -13.5058 2.79153  255 255 255
-9.61195 -12.628 33.9684  255 255 255
-15.102 -9.09136 27.992  255 255 255
-15.102 -9.09136 27.992  255 255 255
-15.7023 -9.41017 28.8011  255 255 255
-3.30712 -14.8003 36.0433  255 255 255
59.4956 -14.0793 3.36449  255 255 255
59.4956 -14.0793 3.36449  255 255 255
-11.1762 -12.2619 33.1901  255 255 255
6.74663 -16.3945 34.5954  255 255 255
-7.53859 -13.7228 34.9555  255 255 255
-7.53859 -13.7228 34.9555  255 255 255
-6.99536 -13.9745 35.1807  255 255 255
-4.21537 -14.9442 35.8919  255 255 255
-5.92321 -14.4815 35.4981  255 255 255
52.6978 -8.49098 -8.37559  255 255 255
-14.8444 -10.5674 29.9129  255 255 255
-11.393 -12.5865 33.0631  255 255 255
-11.3978 -12.5803 33.076  255 255 255
-11.3931 -12.5862 33.0503  255 255 255
51.827 -8.04722 -10.0456  255 255 255
-2.21102 -15.828 36.1765  255 255 255
59.5783 -14.9581 3.04603  255 255 255
59.4244 -14.8632 2.64102  255 255 255
61.6846 -16.8272 6.07469  255 255 255
62.6931 -16.5823 5.02184  255 255 255
6.69234 -17.1839 34.6362  255 255 255
6.69234 -17.1839 34.6362  255 255 255
7.20195 -17.2753 34.3575  255 255 255
52.5755 -9.11046 -9.16412  255 255 255
60.4582 -16.2985 4.5863  255 255 255
66.5113 -21.922 15.5842  255 255 255
-11.2888 -13.1781 33.0419  255 255 255
52.7857 -9.55409 -8.84355  255 255 255
-30.7291 28.7838 -62.9748  255 255 255
-19.0771 -0.0824505 3.89191  255 255 255
7.45441 -17.52 34.2107  255 255 255
60.8995 -16.7374 4.89775  255 255 255
-4.96591 -15.6845 35.8181  255 255 255
-9.12063 -14.3533 34.4557  255 255 255
62.6636 -17.9532 6.91345  255 255 255
-61.1047 28.86 -47.9283  255 255 255
56.5418 -13.1461 -2.48142  255 255 255
-20.0164 -4.55593 14.6773  255 255 255
-11.7787 -13.4645 32.9736  255 255 255
-9.53507 -14.5016 34.3035  255 255 255
-42.7724 29.9151 -61.3875  255 255 255
-15.0674 -11.8353 30.2031  255 255 255
-9.98052 -14.4808 34.1157  255 255 255
7.21483 -18.0659 34.2362  255 255 255
-3.76084 -16.546 36.0467  255 255 255
-22.3027 -0.961804 5.58866  255 255 255
-21.282 -4.96095 15.2859  255 255 255
-10.2649 -14.502 33.9612  255 255 255
63.8295 -20.2151 9.51734  255 255 255
-10.4683 -14.4734 33.8227  255 255 255
-11.5764 -14.0151 33.1032  255 255 255
61.4336 -18.0106 4.70384  255 255 255
61.4336 -18.0106 4.70384  255 255 255
64.0592 -20.2626 8.98682  255 255 255
-7.35142 -15.9519 35.2287  255 255 255
2.13748 -18.0695 35.6938  255 255 255
58.5347 -15.8115 -0.448428  255 255 255
-11.0476 -14.6392 33.5711  255 255 255
60.0644 -17.146 2.02067  255 255 255
1.13628 -18.3244 35.9759  255 255 255
1.13628 -18.3244 35.9759  255 255 255
-6.74517 -16.5655 35.4167  255 255 255
55.0022 -13.036 -6.99954  255 255 255
-10.8074 -15.0828 33.7073  255 255 255
-4.28732 -17.3356 35.883  255 255 255
-21.0294 -6.74416 17.286  255 255 255
-3.79477 -17.4763 35.9791  255 255 255
-9.08429 -15.9335 34.6392  255 255 255
5.40312 -19.1224 34.8949  255 255 255
56.0367 -14.5057 -4.62659  255 255 255
-2.57724 -17.937 36.092  255 255 255
-43.869 27.4197 -60.599  255 255 255
-5.86054 -17.3368 35.6781  255 255 255
61.0298 -19.0264 3.40978  255 255 255
-4.39817 -17.7473 35.9125  255 255 255
57.1163 -15.7141 -3.27586  255 255 255
-22.1698 -7.16556 17.7693  255 255 255
-8.94247 -16.4147 34.6854  255 255 255
58.4831 -17.0298 -0.943247  255 255 255
61.3979 -19.4098 3.35067  255 255 255
59.3958 -18.0389 0.549237  255 255 255
64.373 -22.0626 8.34782  255 255 255
3.37875 -19.4507 35.3437  255 255 255
-2.09044 -18.6272 36.0186  255 255 255
60.3865 -18.9416 1.83909  255 255 255
56.3678 -15.648 -4.58374  255 255 255
55.7099 -15.1347 -5.81652  255 255 255
-25.7001 -3.93707 9.66577  255 255 255
-21.3994 -8.19133 18.6032  255 255 255
60.1562 -18.984 1.60835  255 255 255
-10.5554 -16.3003 33.9312  255 255 255
-3.10991 -18.668 35.9702  255 255 255
-1.97423 -19.0009 35.9661  255 255 255
2.78364 -19.8929 35.5031  255 255 255
7.60482 -20.3081 33.8102  255 255 255
-21.8572 -8.78742 19.4517  255 255 255
61.6002 -20.593 3.56903  255 255 255
-24.5196 -5.2554 11.0981  255 255 255
-60.381 24.9868 -50.6904  255 255 255
-21.8545 -9.02482 19.3571  255 255 255
55.9078 -16.0963 -5.95844  255 255 255
-7.12157 -17.9118 34.5799  255 255 255
-52.9875 25.3515 -56.4205  255 255 255
23.9806 -20.679 24.0918  255 255 255
1.04543 -20.1766 35.5149  255 255 255
-31.8525 18.4689 -51.1755  255 255 255
-24.4652 -6.46929 12.4077  255 255 255
57.9944 -18.424 -3.17117  255 255 255
-19.6246 -11.8844 24.2526  255 255 255
56.983 -17.5817 -4.82382  255 255 255
57.0594 -17.5732 -4.90999  255 255 255
-15.5855 -14.9733 30.3036  255 255 255
-15.6029 -14.9613 30.3055  255 255 255
-2.39445 -19.886 35.7975  255 255 255
58.1123 -19.0279 -2.98952  255 255 255
-17.2532 -14.4016 28.5227  255 255 255
-14.5394 -15.8709 30.9142  255 255 255
-7.73646 -18.8175 34.9901  255 255 255
21.5493 -22.0775 26.259  255 255 255
-3.61792 -20.0778 35.6911  255 255 255
59.0366 -20.2484 -2.0201  255 255 255
59.0586 -20.2436 -2.08085  255 255 255
56.333 -18.1673 -6.56449  255 255 255
55.822 -18.014 -7.61827  255 255 255
56.349 -18.4863 -6.45244  255 255 255
58.0301 -19.8195 -3.99328  255 255 255
57.9591 -19.8093 -3.90866  255 255 255
64.311 -25.0297 6.70583  255 255 255
-17.6527 -14.6466 27.3485  255 255 255
8.21488 -22.2718 32.8556  255 255 255
-27.9605 -8.01598 14.8437  255 255 255
-15.2222 -16.5177 30.7557  255 255 255
-15.201 -16.5225 30.7262  255 255 255
5.84067 -22.2296 33.7789  255 255 255
-7.99933 -19.5736 34.7332  255 255 255
-6.71421 -20.0867 35.0489  255 255 255
-22.1569 -12.944 24.3651  255 255 255
-14.9001 -16.8931 30.989  255 255 255
55.9226 -18.5212 -8.26408  255 255 255
60.8438 -22.6367 0.30623  255 255 255
-4.91226 -20.646 35.3213  255 255 255
-1.42315 -21.4111 35.3508  255 255 255
-13.5542 -17.8182 32.0075  255 255 255
4.84818 -22.5981 34.0994  255 255 255
-13.7231 -17.8062 31.906  255 255 255
56.2859 -19.7824 -7.54053  255 255 255
-11.1151 -19.1856 33.4088  255 255 255
-26.8621 -9.94531 16.3879  255 255 255
-15.4373 -17.4608 30.4752  255 255 255
-15.4373 -17.4608 30.4752  255 255 255
-9.11874 -20.2226 34.169  255 255 255
-23.3247 -13.4679 23.5698  255 255 255
62.5359 -25.5217 3.05559  255 255 255
0.550289 -22.6713 34.5098  255 255 255
-7.89696 -20.8746 34.5192  255 255 255
-1.79312 -22.4123 35.0284  255 255 255
-1.35791 -22.2518 34.3061  255 255 255
56.9969 -21.3201 -7.03627  255 255 255
-12.4269 -19.4571 32.5678  255 255 255
-1.69105 -22.7374 34.8867  255 255 255
-16.8671 -17.975 29.9346  255 255 255
-9.97048 -20.8657 33.6328  255 255 255
-12.669 -19.9043 32.2972  255 255 255
-12.1906 -20.0924 32.5574  255 255 255
-4.76282 -22.8102 34.7329  255 255 255
-6.45322 -22.3855 34.5144  255 255 255
-6.27679 -22.4679 34.5683  255 255 255
55.3913 -21.1345 -11.4455  255 255 255
-17.0728 -18.9186 31.0548  255 255 255
55.0987 -21.1786 -11.5475  255 255 255
63.8042 -28.9234 5.41681  255 255 255
64.4481 -28.6499 3.71775  255 255 255
56.0545 -22.4343 -9.34236  255 255 255
-27.9262 -13.4505 20.5942  255 255 255
58.9391 -24.4516 -6.14985  255 255 255
-15.7051 -20.4886 32.5742  255 255 255
-21.3627 -17.5255 26.9251  255 255 255
63.5402 -28.8467 1.56212  255 255 255
-20.3986 -18.3456 28.458  255 255 255
-20.5699 -18.6515 28.562  255 255 255
-20.4577 -18.5987 28.3161  255 255 255
-18.3321 -20.1449 31.6838  255 255 255
-9.37343 -23.4333 35.4087  255 255 255
75.3103 -31.5309 -1.08208  255 255 255
-18.15 -20.4054 31.7781  255 255 255
-18.3349 -20.384 31.6283  255 255 255
-21.3103 -18.2352 27.1762  255 255 255
-28.9843 -12.8804 15.2471  255 255 255
-12.0766 -23.3632 35.4568  255 255 255
11.9123 -28.8478 34.9382  255 255 255
-16.8856 -21.3922 32.4797  255 255 255
9.01203 -28.6715 35.1884  255 255 255
-13.4673 -23.2656 34.5868  255 255 255
-13.4687 -23.2624 34.5968  255 255 255
-13.4804 -23.4844 34.5522  255 255 255
10.0608 -29.8389 36.5993  255 255 255
14.7371 -30.1783 33.7071  255 255 255
61.2487 -29.6093 -3.46141  255 255 255
62.3722 -30.7707 -1.24215  255 255 255
-12.6352 -24.1879 34.9867  255 255 255
-12.6127 -24.1888 34.9397  255 255 255
-12.639 -24.1916 34.9869  255 255 255
-12.2359 -24.2491 35.0321  255 255 255
-25.7487 -18.6219 26.7565  255 255 255
-39.824 2.95758 -34.023  255 255 255
-25.0846 -18.9476 26.7033  255 255 255
-13.3606 -24.0821 34.4293  255 255 255
-27.4488 -18.2512 25.4526  255 255 255
-34.0835 0.181964 -30.5171  255 255 255
-10.9152 -25.1484 35.1886  255 255 255
-0.650196 -27.8142 35.9194  255 255 255
-9.0268 -25.7531 35.5045  255 255 255
-40.778 1.83171 -32.234  255 255 255
-18.2455 -22.3149 31.0312  255 255 255
-18.2455 -22.3149 31.0312  255 255 255
-8.19694 -26.2414 35.61  255 255 255
-8.19901 -26.2489 35.6296  255 255 255
7.14082 -30.382 37.0298  255 255 255
-16.3037 -23.5138 32.2967  255 255 255
-14.4333 -24.3748 33.4512  255 255 255
-7.52546 -26.6613 35.6488  255 255 255
-4.63219 -27.5268 36.098  255 255 255
-27.877 -18.8681 24.1824  255 255 255
-27.877 -18.8681 24.1824  255 255 255
-23.6516 -21.5835 29.9043  255 255 255
-10.7296 -26.1197 34.8623  255 255 255
-8.65028 -26.7266 35.2096  255 255 255
-16.1891 -24.3658 32.4635  255 255 255
65.9876 -35.6831 2.54005  255 255 255
-40.5804 -0.978903 -28.7259  255 255 255
-9.48791 -26.867 34.9604  255 255 255
-29.7894 -4.54695 -25.5142  255 255 255
-28.0296 -6.11814 -23.7942  255 255 255
-25.1926 -21.9235 28.6643  255 255 255
67.7006 -38.0222 4.31698  255 255 255
-23.8847 -23.3358 31.8403  255 255 255
-25.1069 -22.1907 28.7159  255 255 255
-8.98876 -28.2253 36.1974  255 255 255
-17.9678 -25.5046 33.8869  255 255 255
0.279983 -31.7344 38.5252  255 255 255
-6.32089 -30.0029 37.9472  255 255 255
-26.6559 -21.5129 25.2115  255 255 255
-48.1869 -2.30511 -26.5303  255 255 255
-0.738787 -31.6889 38.4687  255 255 255
0.990537 -32.0777 38.0917  255 255 255
14.9237 -33.4716 30.2678  255 255 255
62.6956 -38.8558 6.02705  255 255 255
-42.5016 -5.43024 -23.4643  255 255 255
-21.3776 -25.84 31.9154  255 255 255
-24.8224 -24.0094 27.5244  255 255 255
0.600579 -33.2571 37.0379  255 255 255
-44.3358 -6.92346 -21.5696  255 255 255
-49.6196 -5.79424 -22.2814  255 255 255
-18.706 -27.797 33.1865  255 255 255
-23.2978 -25.8361 29.7454  255 255 255
-11.0352 -30.7332 36.8681  255 255 255
-23.5977 -25.9791 29.9895  255 255 255
-10.3293 -31.1168 36.9467  255 255 255
-10.8647 -31.0584 36.9189  255 255 255
-23.5704 -26.3673 29.4546  255 255 255
-19.515 -27.9789 31.8325  255 255 255
-0.863396 -33.9975 36.5946  255 255 255
-27.1748 -23.7029 22.2306  255 255 255
-0.618586 -34.1826 36.3401  255 255 255
-37.0116 -11.9548 -16.5671  255 255 255
-15.7548 -30.5819 35.5722  255 255 255
-5.37952 -34.0162 38.2792  255 255 255
-39.3433 -12.2158 -15.8611  255 255 255
10.2834 -36.4127 30.5986  255 255 255
-22.7852 -27.604 28.6651  255 255 255
-22.7852 -27.604 28.6651  255 255 255
-11.4646 -32.2277 35.4287  255 255 255
5.30723 -36.3784 33.8308  255 255 255
-21.673 -28.3515 29.5446  255 255 255
-10.3944 -33.0007 35.0279  255 255 255
-48.3128 -11.7356 -15.7979  255 255 255
5.40092 -37.1817 33.9215  255 255 255
-15.8663 -31.8359 34.6138  255 255 255
-11.2349 -33.0968 34.5722  255 255 255
-49.2303 -12.0966 -15.5948  255 255 255
11.3479 -37.917 29.1794  255 255 255
-48.9257 -12.3616 -15.0419  255 255 255
-26.3445 -26.6276 22.4936  255 255 255
-6.51641 -34.8272 35.3861  255 255 255
40.9286 -41.3824 8.74133  255 255 255
-14.3135 -32.449 33.6387  255 255 255
-15.9347 -31.952 32.8701  255 255 255
-54.2699 -11.9217 -15.1828  255 255 255
14.7583 -38.9228 25.266  255 255 255
-41.2924 -16.1797 -11.312  255 255 255
-46.8802 -14.3939 -13.2902  255 255 255
9.35904 -38.7181 29.8266  255 255 255
-10.1143 -34.5957 33.5356  255 255 255
5.28652 -38.5935 32.572  255 255 255
46.2289 -46.0736 15.5876  255 255 255
-6.15228 -36.094 34.6784  255 255 255
-11.9979 -34.4615 33.1787  255 255 255
-23.4559 -30.0094 26.2988  255 255 255
-23.4138 -30.2468 26.1739  255 255 255
-23.1742 -30.4119 26.471  255 255 255
-23.8608 -30.5891 26.0055  255 255 255
-23.8283 -30.5717 25.3688  255 255 255
-53.5403 -15.8625 -10.6594  255 255 255
-20.758 -32.148 28.0366  255 255 255
-25.0813 -30.6335 25.7389  255 255 255
-8.10332 -37.0292 32.9173  255 255 255
-26.3924 -29.5979 20.5296  255 255 255
5.34366 -40.7103 30.2408  255 255 255
-21.977 -32.3951 26.4064  255 255 255
-22.021 -32.5699 25.7645  255 255 255
-1.96274 -39.4478 31.7368  255 255 255
-19.1562 -34.2336 28.3701  255 255 255
-16.9289 -35.2205 29.1964  255 255 255
-6.18931 -38.912 32.5811  255 255 255
-6.03266 -38.8949 32.3124  255 255 255
-12.361 -37.0286 31.0407  255 255 255
4.72382 -41.6246 29.2931  255 255 255
4.99573 -41.7674 29.2901  255 255 255
3.65164 -41.4754 29.4522  255 255 255
-12.1572 -37.3195 30.6388  255 255 255
-6.24895 -39.4694 31.5868  255 255 255
-6.36903 -39.7648 32.8637  255 255 255
-23.6755 -33.943 22.769  255 255 255
-24.0205 -33.9248 22.9612  255 255 255
-18.1099 -36.5871 26.8972  255 255 255
-12.1736 -38.9816 29.285  255 255 255
14.5243 -47.1897 25.1317  255 255 255
-43.4069 -27.6431 1.94615  255 255 255
-6.39982 -43.2557 30.4905  255 255 255
-16.0985 -40.6215 28.1508  255 255 255
-17.0977 -40.9795 27.1148  255 255 255
-5.69497 -44.8258 29.1076  255 255 255
-6.85503 -46.0642 32.1484  255 255 255
-6.71777 -47.4921 31.6718  255 255 255
-27.9279 -39.9275 21.8463  255 255 255
-27.9238 -39.9271 21.8455  255 255 255
-1.24907 -49.0705 29.4195  255 255 255
-46.7174 -34.2063 9.13111  255 255 255
-27.4811 -40.9771 21.7195  255 255 255
-42.9724 -35.7306 10.7736  255 255 255
-45.9957 -35.0844 9.85308  255 255 255
-5.39132 -50.2425 29.4879  255 255 255
-18.2902 -46.3337 27.2498  255 255 255
-17.1281 -47.5394 27.1027  255 255 255
-9.14746 -51.075 29.5451  255 255 255
6.79221 -56.5367 30.8937  255 255 255
0.755803 -54.6971 31.0086  255 255 255
-23.9252 -47.5793 26.57  255 255 255
-6.61467 -58.2944 34.2732  255 255 255
-42.1363 -46.3812 22.8616  255 255 255
-11.5294 -57.1029 33.0731  255 255 255
-2.48031 -61.1598 36.13  255 255 255
-2.04331 -61.4522 37.3271  255 255 255
-48.0411 85.9122 -18.9544  255 255 255
3.95775 94.4712 -39.2604  255 255 255
-7.48206 90.8119 -33.8218  255 255 255
14.9962 97.9726 -45.5791  255 255 255
19.5797 99.0855 -47.436  255 255 255
3.85929 94.1752 -39.7294  255 255 255
11.9787 96.4387 -44.0943  255 255 255
38.1315 103.602 -56.2761  255 255 255
46.3117 105.923 -59.9357  255 255 255
-7.84822 89.9982 -34.4633  255 255 255
38.8464 103.68 -56.9503  255 255 255
42.6088 105.127 -59.1964  255 255 255
25.2038 99.4023 -51.0187  255 255 255
36.9931 102.768 -57.7296  255 255 255
50.2012 106.25 -63.5797  255 255 255
50.0377 106.059 -63.2591  255 255 255
30.1209 100.501 -54.5448  255 255 255
10.0288 94.2681 -44.6702  255 255 255
11.9997 95.0152 -45.8752  255 255 255
30.3074 100.076 -54.7456  255 255 255
11.8632 94.4976 -45.947  255 255 255
9.21069 93.2944 -44.6945  255 255 255
8.00585 92.3939 -44.5977  255 255 255
52.465 105.492 -66.3666  255 255 255
52.4514 105.478 -66.3498  255 255 255
10.3541 92.6305 -45.5536  255 255 255
8.98658 92.187 -45.7502  255 255 255
50.1086 103.608 -66.2907  255 255 255
13.2282 92.6331 -48.3786  255 255 255
55.1926 104.755 -69.0091  255 255 255
-26.0246 78.729 -25.1565  255 255 255
-20.9796 82.7016 -31.0563  255 255 255
8.88375 91.324 -46.3456  255 255 255
49.1543 60.4643 -10.7499  255 255 255
48.9251 60.7484 -11.2969  255 255 255
50.1375 58.6632 -8.72723  255 255 255
5.6091 90.2143 -45.0082  255 255 255
16.7313 93.3593 -50.7262  255 255 255
4.53186 89.8015 -44.611  255 255 255
49.227 59.7067 -10.7267  255 255 255
49.6947 58.7683 -9.59216  255 255 255
48.5978 60.9184 -12.5731  255 255 255
15.8375 92.447 -50.2591  255 255 255
-6.26099 86.2949 -39.4077  255 255 255
52.337 55.2975 -5.82586  255 255 255
0.409551 87.8297 -42.6097  255 255 255
50.1537 58.1551 -9.44978  255 255 255
18.995 93.398 -52.4913  255 255 255
49.1236 59.2493 -11.2136  255 255 255
-20.7227 81.547 -31.7823  255 255 255
-27.1216 79.7749 -28.6979  255 255 255
2.36012 88.319 -44.0382  255 255 255
16.8148 92.5024 -51.6289  255 255 255
-1.94601 86.6529 -41.6313  255 255 255
-1.37442 86.7126 -41.8336  255 255 255
52.0652 55.6194 -7.31439  255 255 255
53.0523 30.8358 25.7012  255 255 255
-44.6885 74.3293 -19.6067  255 255 255
-43.1697 74.8038 -20.5697  255 255 255
-36.6995 76.7249 -24.0597  255 255 255
-14.1343 83.0398 -35.9641  255 255 255
-47.0636 73.4955 -18.5288  255 255 255
10.4347 89.9467 -48.9867  255 255 255
-11.4143 83.6298 -37.6351  255 255 255
1.42014 87.1701 -44.2048  255 255 255
-38.7656 75.5949 -22.94  255 255 255
11.1306 90.0224 -49.553  255 255 255
-32.5229 77.3857 -26.3591  255 255 255
-26.6562 79.1579 -29.7345  255 255 255
48.8558 59.9375 -14.4122  255 255 255
51.4175 55.8351 -9.1471  255 255 255
-1.28248 86.1499 -43.2203  255 255 255
-27.611 78.7476 -29.3824  255 255 255
20.4259 92.3356 -54.7625  255 255 255
48.4287 99.6929 -68.3907  255 255 255
49.8562 56.8689 -11.1612  255 255 255
49.8562 56.8689 -11.1612  255 255 255
49.0979 37.1892 15.5308  255 255 255
51.9547 32.0018 22.4093  255 255 255
-10.8702 83.0371 -38.6112  255 255 255
14.3823 90.2492 -51.8405  255 255 255
13.3923 89.875 -51.4712  255 255 255
-0.412098 85.579 -44.2031  255 255 255
13.926 89.7419 -51.7049  255 255 255
-44.3945 73.3403 -21.1307  255 255 255
53.2669 33.8457 18.8214  255 255 255
7.79296 87.5867 -48.6987  255 255 255
48.8981 57.7254 -13.7339  255 255 255
56.4226 28.0565 26.1839  255 255 255
-67.9694 66.5392 -8.4525  255 255 255
0.747184 85.7718 -45.4094  255 255 255
0.600475 85.5207 -44.9688  255 255 255
0.747184 85.7718 -45.4094  255 255 255
13.9152 89.4227 -52.166  255 255 255
-68.2467 66.4379 -8.61125  255 255 255
-46.929 72.2437 -20.0675  255 255 255
54.6683 29.9562 22.868  255 255 255
55.6416 100.178 -73.5903  255 255 255
-57.8742 68.8808 -14.2623  255 255 255
56.8625 29.2138 23.4464  255 255 255
-45.0302 72.1656 -21.3461  255 255 255
20.902 89.7744 -55.9695  255 255 255
-1.04044 84.2202 -45.3036  255 255 255
58.5555 24.2325 29.255  255 255 255
51.385 98.0089 -72.5473  255 255 255
45.7726 96.3865 -70.0295  255 255 255
25.2779 90.76 -59.7318  255 255 255
63.2206 21.6475 31.6266  255 255 255
-2.79427 82.7213 -45.1636  255 255 255
48.7553 55.3155 -15.6522  255 255 255
48.7028 55.4128 -15.6093  255 255 255
41.3575 94.5504 -69.2562  255 255 255
-9.7845 80.403 -42.0349  255 255 255
83.9527 105.305 -90.5053  255 255 255
-16.3749 78.3538 -38.5172  255 255 255
-15.3982 78.4386 -38.9573  255 255 255
-15.3982 78.4386 -38.9573  255 255 255
-61.827 66.0256 -13.4986  255 255 255
48.7526 55.1007 -16.3268  255 255 255
-13.7796 78.5016 -40.5356  255 255 255
-13.7877 78.5098 -40.5432  255 255 255
6.02564 83.8421 -51.412  255 255 255
-12.106 78.8931 -41.6147  255 255 255
62.0473 98.6168 -80.518  255 255 255
59.8393 97.6005 -78.9165  255 255 255
12.5501 85.1513 -54.6661  255 255 255
14.6543 85.7476 -55.8487  255 255 255
-15.3834 77.63 -39.8825  255 255 255
-15.3702 77.6995 -40.0532  255 255 255
-15.3433 77.7385 -40.0634  255 255 255
-57.0152 66.5713 -16.9351  255 255 255
-51.113 67.6754 -19.4137  255 255 255
-51.0337 68.3867 -20.4552  255 255 255
-11.5113 78.3707 -42.0895  255 255 255
12.9978 84.7519 -55.4743  255 255 255
39.7306 91.6845 -69.3371  255 255 255
54.8361 23.4312 25.9141  255 255 255
41.7741 92.1555 -70.5858  255 255 255
-49.2846 68.3266 -21.4757  255 255 255
38.6079 91.4885 -69.2347  255 255 255
3.15206 81.5073 -49.806  255 255 255
52.5251 29.4875 17.2281  255 255 255
11.9482 84.1636 -55.1519  255 255 255
55.3129 95.7446 -78.1305  255 255 255
53.7407 47.313 -9.00363  255 255 255
-54.3332 66.5751 -18.5027  255 255 255
-66.0047 63.6692 -12.3032  255 255 255
4.45079 82.0155 -51.4068  255 255 255
-60.7796 64.9171 -15.577  255 255 255
-50.8161 67.1039 -20.7066  255 255 255
-66.0981 63.2027 -12.4614  255 255 255
41.3653 91.0106 -71.358  255 255 255
0.0482298 79.9416 -48.9475  255 255 255
40.5907 90.6019 -71.2757  255 255 255
47.6756 92.2061 -75.1008  255 255 255
49.7705 31.701 11.4399  255 255 255
70.4165 97.6142 -87.7086  255 255 255
70.4165 97.6142 -87.7086  255 255 255
-14.6475 75.4304 -42.2771  255 255 255
-17.544 74.5957 -40.9144  255 255 255
-19.6067 73.8056 -39.4534  255 255 255
29.8411 86.5658 -66.6871  255 255 255
-59.1028 64.2213 -18.1048  255 255 255
-5.21377 77.4533 -48.0885  255 255 255
30.2204 86.261 -67.2625  255 255 255
6.76837 80.4004 -54.8105  255 255 255
39.6067 88.7188 -72.4559  255 255 255
-10.396 75.8842 -45.4291  255 255 255
15.442 82.0455 -59.257  255 255 255
57.3909 40.4196 -4.89455  255 255 255
13.3043 81.6296 -58.8006  255 255 255
21.9057 83.6761 -63.4297  255 255 255
-48.5607 66.0097 -24.202  255 255 255
38.0146 87.453 -72.185  255 255 255
-50.6543 65.3443 -23.1658  255 255 255
57.3577 39.9597 -5.37348  255 255 255
-50.0153 65.3479 -23.7349  255 255 255
-21.3181 72.297 -39.893  255 255 255
52.4473 26.5467 15.2501  255 255 255
52.5078 26.572 15.1678  255 255 255
58.0119 20.4715 23.6475  255 255 255
-10.3809 74.9724 -46.0199  255 255 255
25.5245 84.0386 -66.2888  255 255 255
55.7645 90.7175 -81.9994  255 255 255
-24.5342 71.0802 -38.5316  255 255 255
27.8984 83.8388 -67.8841  255 255 255
27.8913 83.8363 -67.8752  255 255 255
55.4633 40.2899 -7.46291  255 255 255
-25.3502 70.6043 -38.2418  255 255 255
-25.3662 70.5767 -38.154  255 255 255
55.9863 90.4522 -83.0492  255 255 255
27.2936 83.4265 -67.97  255 255 255
27.3119 83.4425 -67.9932  255 255 255
-62.5474 61.646 -17.715  255 255 255
12.5603 79.5255 -59.6277  255 255 255
-10.9283 73.7404 -46.9337  255 255 255
-10.9124 73.7471 -46.9943  255 255 255
42.4803 86.3846 -75.774  255 255 255
0.97727 76.2644 -53.1831  255 255 255
-13.7991 72.7607 -45.4821  255 255 255
7.11586 77.6051 -57.4788  255 255 255
-37.3951 66.9354 -32.4987  255 255 255
-49.6887 60.8716 -20.9074  255 255 255
29.3753 82.8296 -70.3482  255 255 255
-20.4466 70.6302 -42.3622  255 255 255
-41.9738 65.4119 -30.187  255 255 255
30.8637 83.0569 -71.8477  255 255 255
51.7872 24.8638 13.2713  255 255 255
52.4164 43.1012 -15.2112  255 255 255
-36.4609 66.1527 -32.9334  255 255 255
53.2058 23.6154 14.691  255 255 255
-44.0921 64.6541 -29.3881  255 255 255
56.4265 37.6598 -8.19029  255 255 255
-9.63093 72.403 -48.9444  255 255 255
-43.3808 64.6878 -30.0836  255 255 255
12.3919 77.5726 -61.4669  255 255 255
-44.259 64.2414 -29.4266  255 255 255
-46.1704 63.5989 -28.5931  255 255 255
-67.3224 58.2476 -15.8359  255 255 255
-45.8052 63.499 -28.6767  255 255 255
16.0676 77.5165 -63.4422  255 255 255
-49.7097 62.5512 -26.7206  255 255 255
-48.5658 62.0042 -26.1502  255 255 255
14.0033 76.9486 -62.5908  255 255 255
14.6197 77.1098 -62.8516  255 255 255
56.452 86.9202 -86.0589  255 255 255
-50.7652 62.0513 -26.0214  255 255 255
-50.7652 62.0513 -26.0214  255 255 255
-43.5079 63.7162 -30.2517  255 255 255
-43.5216 63.6792 -30.1857  255 255 255
14.4019 76.7751 -63.1742  255 255 255
-42.9576 63.77 -31.0876  255 255 255
-46.1891 62.7609 -28.9254  255 255 255
-16.3769 69.416 -45.7325  255 255 255
-67.6229 58.0411 -16.7997  255 255 255
-4.47587 72.3453 -53.0709  255 255 255
57.4422 86.602 -87.5433  255 255 255
-65.8917 58.2178 -17.7206  255 255 255
-64.423 58.4912 -18.451  255 255 255
16.0334 77.0595 -65.2789  255 255 255
-66.813 57.7892 -17.4818  255 255 255
58.7746 15.9948 21.6056  255 255 255
-17.408 68.498 -45.9224  255 255 255
52.8948 84.5793 -85.4399  255 255 255
-42.8339 62.973 -31.736  255 255 255
-42.827 62.969 -31.6258  255 255 255
-42.8256 62.8 -31.4451  255 255 255
-56.0461 59.7845 -23.5985  255 255 255
-69.787 56.9123 -16.1981  255 255 255
-69.787 56.9123 -16.1981  255 255 255
-42.0603 62.9375 -32.0928  255 255 255
-42.0433 62.9569 -32.0418  255 255 255
17.2687 76.5958 -66.4172  255 255 255
19.7541 77.1149 -67.8642  255 255 255
-56.4371 59.7715 -23.9846  255 255 255
-56.4162 59.8003 -23.9727  255 255 255
-36.1913 64.2378 -35.5948  255 255 255
-28.6409 65.6447 -40.2986  255 255 255
-28.636 65.7205 -40.3282  255 255 255
-28.6409 65.6447 -40.2986  255 255 255
-46.8024 61.518 -29.6626  255 255 255
-46.7917 61.5068 -29.6488  255 255 255
-66.0891 57.0392 -18.358  255 255 255
-4.0921 70.8039 -54.6322  255 255 255
47.9452 26.3852 5.08051  255 255 255
-67.1201 56.7174 -18.1783  255 255 255
-47.5532 60.8802 -29.4173  255 255 255
13.3508 74.6858 -65.0008  255 255 255
-68.2489 56.3477 -17.3789  255 255 255
-26.9682 65.6292 -41.9067  255 255 255
16.8621 75.2308 -66.896  255 255 255
16.8621 75.2308 -66.896  255 255 255
-21.8528 66.3186 -44.436  255 255 255
18.7018 75.3123 -67.947  255 255 255
18.7907 75.4386 -68.2262  255 255 255
-57.4548 58.6395 -24.1162  255 255 255
-57.4468 58.6978 -24.2114  255 255 255
-51.0206 59.8423 -27.6339  255 255 255
-51.0209 59.8938 -27.7414  255 255 255
-24.3345 65.6782 -43.5517  255 255 255
13.9973 74.2525 -65.8469  255 255 255
55.8519 34.2275 -10.5485  255 255 255
58.0898 14.4051 20.9122  255 255 255
-4.84093 69.7143 -55.0443  255 255 255
-4.77307 69.8421 -55.3234  255 255 255
-48.1579 60.3907 -30.1447  255 255 255
-67.0791 56.0397 -19.0357  255 255 255
-67.6532 55.7946 -18.7101  255 255 255
61.4279 83.4071 -92.3459  255 255 255
65.3709 84.3651 -94.9251  255 255 255
65.3392 84.378 -94.8766  255 255 255
1.98651 70.5651 -59.8923  255 255 255
30.7544 77.2414 -76.6184  255 255 255
56.6085 15.7306 17.3164  255 255 255
57.8875 14.5189 18.9758  255 255 255
-54.6927 57.929 -26.372  255 255 255
53.861 13.9391 20.0977  255 255 255
45.2256 79.3127 -84.8268  255 255 255
-35.7457 61.737 -38.2367  255 255 255
60.6581 82.5014 -94.3557  255 255 255
-55.5369 56.8029 -27.644  255 255 255
-6.2427 66.9772 -56.9832  255 255 255
6.75732 69.5017 -64.551  255 255 255
58.2788 79.9582 -93.7505  255 255 255
-59.4105 55.6217 -25.3373  255 255 255
-6.24459 66.3924 -56.8691  255 255 255
-49.1425 57.4417 -31.8725  255 255 255
56.801 30.578 -12.6565  255 255 255
12.244 69.7102 -68.1624  255 255 255
56.35 31.0604 -13.9091  255 255 255
52.3523 17.9153 9.08452  255 255 255
-50.1186 56.8314 -31.5806  255 255 255
-50.1175 56.8373 -31.5874  255 255 255
12.7557 70.7437 -70.8149  255 255 255
-41.3088 58.2666 -36.603  255 255 255
65.7092 80.075 -99.1427  255 255 255
32.8445 73.4966 -80.7294  255 255 255
52.2874 17.0741 8.89353  255 255 255
59.5279 78.0121 -96.0327  255 255 255
-50.3743 56.3199 -32.4709  255 255 255
-25.8325 60.9011 -47.1675  255 255 255
-66.2503 51.9665 -21.5189  255 255 255
74.8754 80.4873 -105.306  255 255 255
40.1193 73.3279 -86.2996  255 255 255
50.7937 17.9645 5.40394  255 255 255
55.4838 29.6279 -15.8525  255 255 255
-28.5742 59.4991 -45.8604  255 255 255
32.2255 71.6843 -82.3422  255 255 255
55.6026 29.223 -15.2776  255 255 255
50.8332 34.764 -24.3962  255 255 255
-50.6132 54.9434 -32.9087  255 255 255
-65.1558 51.856 -23.5896  255 255 255
33.8098 71.7126 -84.0211  255 255 255
50.9249 33.6575 -23.262  255 255 255
-65.4731 48.921 -19.0075  255 255 255
50.8392 33.9731 -23.9669  255 255 255
-26.065 59.14 -47.8189  255 255 255
-50.9209 53.8853 -32.7259  255 255 255
72.556 77.9766 -106.196  255 255 255
47.8767 19.6188 0.39513  255 255 255
17.667 67.0142 -74.9203  255 255 255
14.9247 66.2358 -73.7515  255 255 255
56.1894 10.7398 12.9196  255 255 255
52.7679 30.4314 -21.1179  255 255 255
49.6359 17.2946 2.70828  255 255 255
55.7649 27.2371 -16.5871  255 255 255
-37.0607 55.9551 -42.4165  255 255 255
49.1591 34.3892 -28.4428  255 255 255
50.8737 32.0343 -24.9814  255 255 255
50.8736 32.0426 -24.9888  255 255 255
-57.6321 51.7723 -30.0897  255 255 255
-57.6476 51.7144 -29.9063  255 255 255
5.71314 63.3052 -68.9981  255 255 255
54.1554 28.3701 -20.1313  255 255 255
-51.9581 52.3309 -33.5935  255 255 255
53.8768 28.5373 -20.6775  255 255 255
53.3599 12.8141 7.61047  255 255 255
52.5509 29.8067 -22.7457  255 255 255
16.8531 65.022 -76.0356  255 255 255
53.735 28.4138 -21.2391  255 255 255
-56.8588 51.3628 -31.2798  255 255 255
-38.2776 54.7574 -42.7526  255 255 255
54.311 27.5371 -20.2117  255 255 255
42.8984 69.1406 -91.4391  255 255 255
24.8287 64.8497 -79.4452  255 255 255
51.3382 14.5017 3.51257  255 255 255
56.4085 5.35994 17.497  255 255 255
-37.5467 53.7677 -43.8906  255 255 255
62.8327 1.56908 22.0764  255 255 255
-5.27392 58.8693 -64.1159  255 255 255
-65.1099 48.3201 -27.4941  255 255 255
-55.406 50.017 -33.5339  255 255 255
46.4063 67.7621 -95.9749  255 255 255
-39.9366 52.3985 -43.3958  255 255 255
51.1978 10.5389 6.35835  255 255 255
52.7327 26.7776 -24.2188  255 255 255
30.6782 64.0852 -86.8075  255 255 255
-33.5192 52.9279 -47.8942  255 255 255
55.1877 23.7573 -20.6226  255 255 255
22.8176 62.6844 -83.2317  255 255 255
57.1903 5.59522 12.2984  255 255 255
-50.9182 49.5546 -37.3763  255 255 255
-11.7984 55.933 -62.1555  255 255 255
12.405 60.4794 -78.3346  255 255 255
51.2433 11.2669 1.70098  255 255 255
-15.5115 54.8102 -60.5165  255 255 255
-23.3214 53.0744 -55.2111  255 255 255
48.0181 29.6396 -33.7154  255 255 255
19.6129 60.2926 -82.9096  255 255 255
-60.1303 46.8664 -32.6201  255 255 255
-9.72622 55.0245 -64.6075  255 255 255
25.375 60.2503 -86.6137  255 255 255
-65.5702 42.9468 -24.7437  255 255 255
-24.8031 51.8738 -55.6018  255 255 255
50.9984 9.85661 0.324013  255 255 255
50.84 9.81204 0.529575  255 255 255
25.4847 59.9246 -87.5942  255 255 255
-64.1531 44.9983 -30.2836  255 255 255
-47.9963 47.1033 -40.567  255 255 255
-65.7231 44.7886 -30.0936  255 255 255
-29.0393 50.5981 -53.7297  255 255 255
66.1429 -5.67118 24.7749  255 255 255
53.7621 6.4815 4.62956  255 255 255
54.7723 21.0169 -24.1287  255 255 255
5.46943 55.403 -75.9286  255 255 255
50.92 24.1839 -30.2983  255 255 255
-8.97795 52.5544 -66.9714  255 255 255
57.6128 -0.099644 13.7441  255 255 255
58.0887 0.96449 11.3449  255 255 255
63.1452 -3.92204 19.2508  255 255 255
-59.5556 44.6498 -35.5123  255 255 255
58.6879 0.245 12.0663  255 255 255
55.9728 3.0757 7.1377  255 255 255
-5.53636 52.4954 -70.1975  255 255 255
22.7824 56.8848 -88.2904  255 255 255
58.4443 -1.98722 16.139  255 255 255
49.6302 9.19953 -3.80082  255 255 255
57.5296 1.1366 9.50644  255 255 255
52.0891 6.53498 0.367648  255 255 255
-55.092 44.3935 -38.3887  255 255 255
49.3158 23.5576 -33.8381  255 255 255
58.9588 -0.877895 11.4465  255 255 255
-26.1155 47.5065 -56.5553  255 255 255
56.7623 1.23175 7.6916  255 255 255
-30.9801 47.5593 -55.0029  255 255 255
-30.9801 47.5593 -55.0029  255 255 255
48.0648 9.75287 -6.66825  255 255 255
54.321 3.60321 3.69131  255 255 255
59.2049 -1.19179 11.5853  255 255 255
66.8493 -8.80698 24.6978  255 255 255
-59.3287 42.9782 -36.4892  255 255 255
62.1939 -4.49733 16.2416  255 255 255
-12.8339 49.2252 -67.4397  255 255 255
62.3505 -4.71311 15.8177  255 255 255
-63.2343 41.7265 -33.94  255 255 255
-11.1449 49.1993 -68.7167  255 255 255
6.77206 51.7433 -80.4994  255 255 255
57.6299 -0.764867 8.70768  255 255 255
-59.2538 42.1335 -37.5658  255 255 255
58.0486 -1.29824 9.00093  255 255 255
58.2481 -1.61623 9.33338  255 255 255
61.2651 -4.47711 13.741  255 255 255
-67.9271 40.1793 -31.9919  255 255 255
-51.6886 42.094 -41.9559  255 255 255
-51.5852 42.7719 -43.3739  255 255 255
63.2677 -7.01601 17.1123  255 255 255
-66.2142 39.8713 -32.5519  255 255 255
66.7893 -10.6812 23.1904  255 255 255
66.7893 -10.6812 23.1904  255 255 255
58.0016 -2.09795 8.25573  255 255 255
7.29922 -1.98287 25.192  255 255 255
60.0156 -4.26176 11.6331  255 255 255
66.568 -10.6294 22.7417  255 255 255
-0.561011 -1.82316 27.1205  255 255 255
61.1588 -5.31553 13.2658  255 255 255
60.8626 -5.058 12.793  255 255 255
-68.0527 39.7003 -32.8198  255 255 255
-0.305953 -1.83666 27.1191  255 255 255
7.24617 -2.34192 25.4344  255 255 255
53.5695 15.8014 -29.3899  255 255 255
-42.0796 42.6174 -49.8854  255 255 255
60.0874 -4.93645 11.2249  255 255 255
-41.7222 42.639 -50.7234  255 255 255
58.8634 -3.93995 9.17041  255 255 255
-44.3176 41.6279 -48.237  255 255 255
-64.1992 39.4535 -36.193  255 255 255
-18.1984 44.4091 -65.0803  255 255 255
1.38811 47.8231 -79.6744  255 255 255
-53.5465 40.2162 -43.7465  255 255 255
-13.9049 45.315 -70.7528  255 255 255
5.92364 -6.7865 31.9835  255 255 255
52.9697 0.3875 -0.806851  255 255 255
-18.4788 43.38 -65.8362  255 255 255
-53.0445 39.7348 -44.1274  255 255 255
-60.0092 39.0781 -40.1826  255 255 255
-53.6341 39.4718 -43.8394  255 255 255
-41.8579 41.2948 -52.3718  255 255 255
67.1862 -13.471 22.5444  255 255 255
-55.9815 39.3506 -43.0081  255 255 255
-26.8043 42.5122 -61.5102  255 255 255
3.85921 -7.76601 33.6821  255 255 255
-18.0315 42.206 -64.5506  255 255 255
-57.4297 38.6614 -42.0569  255 255 255
-42.1545 40.5426 -52.3455  255 255 255
60.1329 -7.03316 9.82207  255 255 255
-11.7607 -2.18404 26.7584  255 255 255
3.75678 -8.44752 33.7727  255 255 255
-1.32338 -7.55236 33.9175  255 255 255
-1.09727 -7.87898 34.1279  255 255 255
-5.02558 -6.76415 33.1545  255 255 255
55.5391 -3.20081 1.47948  255 255 255
-0.590839 -8.43583 34.5236  255 255 255
-2.01555 -8.27496 34.4418  255 255 255
61.1222 -8.90124 10.843  255 255 255
-59.5884 37.1633 -41.5472  255 255 255
-41.3518 39.3402 -54.053  255 255 255
-28.4561 40.6218 -63.2543  255 255 255
-59.8709 36.7733 -41.3594  255 255 255
-12.5875 -3.92959 27.7036  255 255 255
48.505 2.27778 -10.8696  255 255 255
-14.7568 -1.37515 22.7465  255 255 255
-36.0729 39.5438 -58.5253  255 255 255
61.4597 -10.0313 11.2107  255 255 255
68.4386 -14.6158 18.2866  255 255 255
68.4386 -14.6158 18.2866  255 255 255
-5.12995 -8.52376 34.1229  255 255 255
15.9811 35.7121 -73.661  255 255 255
-8.38221 -7.51039 32.6358  255 255 255
-13.4924 41.3829 -74.4409  255 255 255
-14.5318 -3.83883 26.8794  255 255 255
-8.76546 41.5521 -77.2161  255 255 255
-8.67056 41.6994 -77.6436  255 255 255
-6.54698 41.7296 -79.1038  255 255 255
-4.58964 -9.49957 34.7363  255 255 255
-7.90349 -8.54504 33.3352  255 255 255
68.7749 -16.1643 18.1134  255 255 255
-8.05791 -8.86452 33.5087  255 255 255
58.6976 -12.0151 12.3316  255 255 255
61.1948 -11.3682 9.83771  255 255 255
-54.8052 35.5401 -47.0097  255 255 255
47.798 0.930347 -13.0956  255 255 255
-36.3924 37.3875 -59.578  255 255 255
63.148 -13.1277 12.2606  255 255 255
63.1448 -13.1314 12.2698  255 255 255
-11.2768 -7.92321 31.3988  255 255 255
-8.02296 -9.63419 33.8343  255 255 255
55.4356 -6.67563 -0.614722  255 255 255
48.509 -0.432595 -12.3257  255 255 255
5.37257 32.5929 -69.6992  255 255 255
53.3904 -4.97913 -4.22712  255 255 255
7.8381 31.4825 -68.9294  255 255 255
-15.6428 -4.96082 25.758  255 255 255
-60.881 33.8467 -43.7716  255 255 255
54.229 -5.98267 -3.20864  255 255 255
-56.5849 34.1893 -46.9676  255 255 255
-43.4873 35.1719 -55.9632  255 255 255
-40.9444 35.2895 -58.2655  255 255 255
-52.3245 33.8299 -50.2353  255 255 255
60.7694 -12.6722 7.16984  255 255 255
59.7124 -11.8983 5.39166  255 255 255
-15.303 -7.00642 27.8176  255 255 255
-16.0137 -6.1829 26.2251  255 255 255
-28.3027 35.9108 -67.4578  255 255 255
-7.73985 -11.354 34.5411  255 255 255
-53.9989 33.3385 -49.4074  255 255 255
58.786 -11.2161 3.66224  255 255 255
52.7504 -5.87137 -6.36636  255 255 255
59.7249 -12.2783 5.54546  255 255 255
-14.6541 -8.1848 29.175  255 255 255
50.9128 -4.5623 -9.67365  255 255 255
-33.3943 34.4001 -64.9857  255 255 255
-36.2169 33.8952 -62.7811  255 255 255
-15.0042 -8.60089 28.6972  255 255 255
60.0884 -13.7987 5.09566  255 255 255
67.1539 -18.1617 12.192  255 255 255
-5.56543 -13.6226 35.545  255 255 255
57.1145 -11.4567 0.187967  255 255 255
-9.81906 -12.1641 33.9097  255 255 255
3.95877 -16.0218 35.7128  255 255 255
67.9545 -19.8927 13.6898  255 255 255
4.22702 -16.1565 35.4186  255 255 255
59.7039 -14.4207 3.92369  255 255 255
50.7019 -6.86343 -11.5517  255 255 255
-19.039 -3.59645 13.8923  255 255 255
-2.46492 -15.9396 36.1881  255 255 255
-56.81 26.3402 -45.5514  255 255 255
-22.2465 -0.471686 5.12382  255 255 255
56.4814 -13.1817 -3.43599  255 255 255
55.3476 -13.4498 -2.16457  255 255 255
-16.7044 -10.8044 28.2285  255 255 255
57.5734 -14.4634 -1.5703  255 255 255
-19.8815 -5.53388 15.82  255 255 255
58.4467 -15.5427 0.0305553  255 255 255
-6.71427 -16.0524 35.3931  255 255 255
-6.71427 -16.0524 35.3931  255 255 255
-44.3553 28.9117 -61.1857  255 255 255
58.7227 -16.1609 0.331744  255 255 255
58.7048 -16.1344 0.328517  255 255 255
-12.2144 -14.2245 32.8412  255 255 255
-20.3462 -6.35585 16.7791  255 255 255
6.90092 -18.8424 34.3309  255 255 255
-0.487196 -18.2127 36.1794  255 255 255
-19.6316 -9.25801 22.9972  255 255 255
-9.29292 -16.0222 34.5613  255 255 255
56.1129 -14.8453 -4.96966  255 255 255
62.9962 -19.339 2.72296  255 255 255
8.38576 -19.6795 33.3618  255 255 255
8.38576 -19.6795 33.3618  255 255 255
-23.6389 -3.9161 9.0254  255 255 255
53.5385 -13.7094 -9.38405  255 255 255
-19.577 -10.9421 23.7643  255 255 255
-4.5842 -18.5957 35.8238  255 255 255
-4.5842 -18.5957 35.8238  255 255 255
3.39172 -20.0266 34.8739  255 255 255
-19.4927 -11.345 24.2935  255 255 255
-9.75997 -17.1334 34.3148  255 255 255
-21.9267 -10.1789 21.236  255 255 255
-4.6501 -19.2723 35.7583  255 255 255
24.1052 -22.1054 25.889  255 255 255
3.78205 -21.2607 34.7479  255 255 255
3.84396 -21.2292 34.6552  255 255 255
-18.3425 -13.7908 26.9473  255 255 255
-18.344 -13.7904 26.9768  255 255 255
1.51395 -21.1647 35.1881  255 255 255
60.4566 -21.4598 0.423379  255 255 255
60.7148 -21.9186 1.26081  255 255 255
-9.02655 -18.8353 34.4579  255 255 255
59.9612 -21.2904 -0.91039  255 255 255
-18.0055 -14.1808 26.4204  255 255 255
-18.0055 -14.1808 26.4204  255 255 255
-7.74061 -19.5602 34.8477  255 255 255
-3.40061 -20.816 35.3402  255 255 255
6.27812 -22.4785 33.6837  255 255 255
3.60521 -22.5227 34.6228  255 255 255
-65.3004 21.5514 -50.723  255 255 255
-20.2151 -15.0358 26.8861  255 255 255
-28.2686 -9.67913 16.1789  255 255 255
-28.2875 -9.70332 16.2551  255 255 255
59.2993 -22.4581 -3.17549  255 255 255
7.33599 -24.2802 34.7789  255 255 255
10.5961 -24.9376 33.6055  255 255 255
62.3098 -28.0272 5.3684  255 255 255
-26.2067 -12.9374 19.9719  255 255 255
-22.4956 -16.0381 26.1213  255 255 255
61.9836 -26.8933 0.875704  255 255 255
-1.09555 -24.2661 35.837  255 255 255
0.296817 -24.8139 36.2122  255 255 255
-22.452 -16.305 25.9696  255 255 255
-17.5953 -19.1625 31.2624  255 255 255
66.2996 -30.799 8.18737  255 255 255
62.6169 -27.4435 0.122139  255 255 255
58.4907 -24.4738 -6.72784  255 255 255
57.231 -24.5795 -5.2522  255 255 255
-28.2071 -13.943 21.4986  255 255 255
63.6826 -28.8702 2.43265  255 255 255
-28.5662 -14.3665 21.722  255 255 255
-27.7022 2.75411 -33.9814  255 255 255
-16.9681 -21.0499 32.368  255 255 255
66.6277 -29.8177 -1.67599  255 255 255
-15.8381 -22.1259 33.0495  255 255 255
-7.75353 -25.0926 36.2032  255 255 255
-16.1011 -22.2581 32.8583  255 255 255
63.1929 -31.0168 0.676094  255 255 255
14.2783 -29.9569 34.1169  255 255 255
-24.1265 -18.5929 26.4392  255 255 255
-28.2503 -17.1995 24.8516  255 255 255
-18.0554 -21.5696 31.4731  255 255 255
-18.2568 -21.5449 31.3445  255 255 255
-13.4726 -23.719 34.4994  255 255 255
63.2026 -31.1785 -0.720189  255 255 255
-18.9002 -21.4553 30.7932  255 255 255
7.96239 -29.7217 36.3759  255 255 255
62.7493 -31.4195 -0.674024  255 255 255
-18.6414 -21.8155 30.8855  255 255 255
-18.6464 -21.818 30.899  255 255 255
13.8353 -30.5862 34.2611  255 255 255
-15.837 -23.2066 32.7704  255 255 255
-6.59676 -26.5533 35.9789  255 255 255
-3.62329 -27.6134 36.4736  255 255 255
5.5025 -30.0946 36.7288  255 255 255
12.4414 -31.0604 34.3591  255 255 255
-26.6861 -19.4643 26.7097  255 255 255
-22.0978 -21.3851 29.5551  255 255 255
-14.618 -24.4121 33.3041  255 255 255
-13.4455 -24.9012 34.1434  255 255 255
71.1871 -34.5325 -2.09047  255 255 255
13.0409 -31.2389 33.7794  255 255 255
65.0266 -34.696 2.53296  255 255 255
65.0266 -34.696 2.53296  255 255 255
-28.1617 -18.629 23.871  255 255 255
-60.023 5.36104 -34.9762  255 255 255
-34.1845 -1.82899 -30.178  255 255 255
2.80525 -30.3802 37.5387  255 255 255
14.5913 -31.7208 32.0144  255 255 255
14.5913 -31.7208 32.0144  255 255 255
68.7432 -34.7756 -2.56117  255 255 255
67.6735 -37.5776 6.45081  255 255 255
-20.5231 -23.5497 31.8886  255 255 255
-25.4691 -21.6064 28.1744  255 255 255
-23.4935 -23.3024 31.571  255 255 255
-25.9262 -21.4671 27.0418  255 255 255
-26.6306 -21.0704 26.3304  255 255 255
-21.271 -24.3601 32.714  255 255 255
-31.7262 -5.5566 -25.4307  255 255 255
67.6653 -38.8391 5.84819  255 255 255
1.68892 -31.7933 38.3427  255 255 255
5.20382 -32.4882 37.335  255 255 255
-1.93247 -31.5203 38.9299  255 255 255
-26.0771 -22.0607 25.6809  255 255 255
-23.1217 -25.1171 30.5814  255 255 255
-23.1447 -25.1306 30.6573  255 255 255
-15.6529 -28.7169 37.1605  255 255 255
-14.626 -29.4714 38.6309  255 255 255
-0.420319 -32.8277 37.5515  255 255 255
-48.4104 -5.25812 -23.2743  255 255 255
-2.33454 -32.5907 37.9939  255 255 255
61.3585 -41.3892 8.88473  255 255 255
-12.5199 -30.0827 36.7408  255 255 255
-10.7487 -30.794 36.9736  255 255 255
-37.3219 -11.345 -17.1283  255 255 255
-39.3943 -10.8911 -17.3147  255 255 255
4.27466 -35.1956 34.8535  255 255 255
-12.8407 -31.0139 35.7223  255 255 255
-3.09649 -33.9386 36.7681  255 255 255
5.69815 -35.9658 34.2516  255 255 255
-5.04359 -34.2674 38.1598  255 255 255
-19.3575 -29.0543 31.4598  255 255 255
-42.3839 -12.1639 -15.9405  255 255 255
12.1813 -37.2576 28.8503  255 255 255
-40.7951 -13.5628 -14.2371  255 255 255
-18.9098 -29.9181 31.2303  255 255 255
12.4308 -37.6043 28.5239  255 255 255
-25.1835 -26.9938 25.0417  255 255 255
11.2415 -37.6493 29.1463  255 255 255
-46.3941 -12.5402 -16.7148  255 255 255
-67.7103 -7.06229 -19.5479  255 255 255
-49.6958 -12.5437 -14.7868  255 255 255
-40.9347 -15.6212 -11.5945  255 255 255
-23.6466 -28.8222 27.293  255 255 255
-18.5864 -31.2902 30.5724  255 255 255
-16.0675 -32.8039 33.9059  255 255 255
-5.60969 -35.9222 34.8908  255 255 255
9.34095 -38.9521 29.3431  255 255 255
-5.6549 -36.0542 34.3772  255 255 255
5.36441 -38.95 32.5163  255 255 255
-23.2776 -29.6402 25.2663  255 255 255
-22.2864 -30.4527 27.3138  255 255 255
-7.60697 -35.9371 33.9796  255 255 255
5.24071 -39.1081 32.2284  255 255 255
9.23724 -39.6112 28.7452  255 255 255
14.8315 -40.2768 24.7162  255 255 255
14.022 -40.2933 25.2875  255 255 255
-50.3585 -16.0121 -10.6351  255 255 255
-44.1822 -18.0571 -8.8065  255 255 255
-44.1012 -17.9886 -9.2377  255 255 255
1.7666 -38.922 32.0938  255 255 255
-44.2903 -18.5662 -7.96254  255 255 255
-4.03433 -37.809 33.7475  255 255 255
-13.2427 -35.7542 31.5775  255 255 255
-9.53467 -37.2924 32.0219  255 255 255
-5.93691 -38.6494 32.4232  255 255 255
-19.6737 -34.1294 28.0064  255 255 255
-7.12065 -38.5936 32.2713  255 255 255
-7.00099 -38.5757 32.0343  255 255 255
-5.95513 -39.1157 32.3458  255 255 255
-53.0567 -19.4139 -6.26792  255 255 255
-53.0446 -19.3907 -6.44809  255 255 255
-19.8036 -34.4611 27.6885  255 255 255
-19.5206 -34.592 27.7516  255 255 255
-19.1928 -34.7871 28.0502  255 255 255
-19.3127 -34.8302 28.3688  255 255 255
-1.5018 -40.5008 31.6673  255 255 255
-19.9682 -34.617 27.5984  255 255 255
-12.1767 -37.5971 30.9697  255 255 255
-22.7543 -33.5653 24.4088  255 255 255
-1.57502 -40.9964 30.1958  255 255 255
-14.6809 -37.4009 29.5178  255 255 255
-21.3781 -35.0384 25.2614  255 255 255
-21.2712 -35.0236 25.0067  255 255 255
-10.5788 -39.1957 30.4394  255 255 255
-60.2092 -20.1922 -4.61407  255 255 255
-23.0584 -34.8175 22.9561  255 255 255
-22.0955 -35.4585 23.6301  255 255 255
-22.9058 -35.773 23.0541  255 255 255
-35.3115 -31.2985 9.06855  255 255 255
-6.05144 -43.279 30.5972  255 255 255
-16.1134 -40.2494 28.4906  255 255 255
-44.2416 -28.8813 3.33883  255 255 255
-33.2656 -33.5903 12.9207  255 255 255
-43.4728 -31.5433 6.10524  255 255 255
-26.9264 -39.0111 23.3935  255 255 255
-26.2097 -39.5335 23.7483  255 255 255
-45.7109 -32.2564 7.27276  255 255 255
-7.05265 -47.6405 31.3664  255 255 255
-25.8926 -41.78 22.6731  255 255 255
-27.4704 -41.2807 21.2758  255 255 255
-12.1136 -46.8838 29.47  255 255 255
-48.2508 -34.5232 10.0112  255 255 255
-18.135 -45.0827 28.2691  255 255 255
-19.0564 -44.9676 27.8666  255 255 255
-19.0634 -45.6122 27.1939  255 255 255
-28.1924 -42.3333 21.2949  255 255 255
-55.467 -34.7856 10.5837  255 255 255
12.0979 -57.6621 31.3222  255 255 255
14.6184 -61.8284 36.281  255 255 255
13.2579 -61.5138 36.0715  255 255 255
15.3786 -62.6855 37.3933  255 255 255
1.9343 -57.9315 32.6813  255 255 255
8.26483 -60.4008 33.3195  255 255 255
-13.5587 -53.2528 30.6746  255 255 255
0.837318 -58.7595 30.8506  255 255 255
-1.69889 -59.3212 32.7891  255 255 255
-17.4402 -54.0545 29.9634  255 255 255
-0.783733 -60.7847 34.8108  255 255 255
-15.611 -55.6881 31.8812  255 255 255
-12.9214 -57.0107 33.1946  255 255 255
-13.1409 -56.9296 32.9978  255 255 255
12.3186 97.4898 -42.0799  255 255 255
10.909 96.2684 -43.5351  255 255 255
3.09577 93.0496 -39.7591  255 255 255
3.14534 93.1102 -39.8316  255 255 255
9.22087 94.7535 -43.2541  255 255 255
12.2022 95.7756 -44.9529  255 255 255
10.059 94.9468 -43.9788  255 255 255
25.5969 99.1798 -52.0678  255 255 255
38.4548 103.211 -58.6278  255 255 255
41.1867 104.003 -59.9472  255 255 255
26.5471 99.2988 -52.8155  255 255 255
24.7524 98.4811 -51.8834  255 255 255
39.9789 103.209 -59.6628  255 255 255
64.0731 109.931 -70.5231  255 255 255
7.51622 93.2339 -43.785  255 255 255
51.6447 106.208 -65.0687  255 255 255
51.5335 106.138 -64.976  255 255 255
40.3961 102.809 -60.1588  255 255 255
40.3828 102.843 -60.2  255 255 255
8.54395 92.9514 -44.3682  255 255 255
9.13599 92.8506 -45.0341  255 255 255
8.5808 92.1677 -45.41  255 255 255
30.2885 98.8461 -56.5577  255 255 255
10.3778 92.1648 -46.014  255 255 255
63.8141 107.871 -72.3241  255 255 255
52.5089 104.324 -67.1525  255 255 255
49.5141 62.0171 -12.1206  255 255 255
49.7246 59.234 -8.53086  255 255 255
56.3123 105.374 -69.6852  255 255 255
52.9156 56.5422 -5.87092  255 255 255
-27.1992 79.7656 -26.4792  255 255 255
36.9272 99.4836 -60.519  255 255 255
50.6961 57.1393 -6.972  255 255 255
18.5874 93.8829 -51.5732  255 255 255
-11.5462 85.0757 -36.1956  255 255 255
1.38078 88.4072 -42.7254  255 255 255
47.6336 38.3909 17.6205  255 255 255
-13.4348 84.2535 -35.4306  255 255 255
19.4949 93.8237 -52.4978  255 255 255
48.8801 59.8879 -11.5454  255 255 255
-1.0717 87.3602 -41.9275  255 255 255
8.41998 90.0708 -46.7512  255 255 255
-2.44094 86.7593 -41.021  255 255 255
22.797 94.6029 -54.5807  255 255 255
15.9654 92.2232 -51.2021  255 255 255
-31.3753 78.4795 -26.6304  255 255 255
53.9467 32.6471 23.384  255 255 255
-64.9759 67.8972 -8.03269  255 255 255
50.2459 101.178 -68.8853  255 255 255
-34.2756 76.8507 -25.4451  255 255 255
-10.6009 83.5653 -38.1805  255 255 255
-10.5843 83.5997 -38.2371  255 255 255
-36.0505 76.2965 -24.7006  255 255 255
51.5055 36.2871 17.1491  255 255 255
-4.10452 85.16 -41.7936  255 255 255
53.1402 34.3677 19.2864  255 255 255
16.9378 91.2997 -53.1832  255 255 255
51.2934 35.4919 17.7403  255 255 255
57.9796 47.4049 0.417619  255 255 255
-14.2843 81.7157 -36.3981  255 255 255
-8.79875 83.2879 -39.87  255 255 255
51.8754 33.5335 19.6006  255 255 255
-36.9276 75.5464 -25.1486  255 255 255
54.6821 29.7214 24.451  255 255 255
-4.58592 84.3471 -42.3532  255 255 255
-15.4579 81.2692 -36.6831  255 255 255
67.3085 103.908 -78.8118  255 255 255
51.8028 33.4548 18.9967  255 255 255
55.0304 29.7134 23.6479  255 255 255
2.77697 86.005 -46.5221  255 255 255
58.492 100.968 -74.7552  255 255 255
55.3407 28.024 25.6884  255 255 255
-58.9567 68.7206 -13.6829  255 255 255
55.0515 29.1898 23.6885  255 255 255
59.5423 27.1869 26.069  255 255 255
59.5423 27.1869 26.069  255 255 255
51.5392 98.6216 -71.5318  255 255 255
9.97462 87.5588 -51.0742  255 255 255
49.4938 56.1106 -13.4281  255 255 255
-2.01239 84.0488 -44.5794  255 255 255
55.3316 28.937 23.2659  255 255 255
60.7749 26.7022 25.867  255 255 255
20.9653 89.4137 -56.3034  255 255 255
68.2321 23.4956 28.9995  255 255 255
50.1443 97.4097 -71.9051  255 255 255
62.647 24.2345 27.6943  255 255 255
-12.8471 79.7891 -39.8838  255 255 255
-63.5368 66.0366 -12.3626  255 255 255
-63.5466 66.1111 -12.4542  255 255 255
-15.1619 79.0302 -38.7816  255 255 255
-15.1287 79.0968 -39.0358  255 255 255
65.3031 100.05 -80.1952  255 255 255
62.0282 98.8817 -78.579  255 255 255
-11.2595 79.466 -41.1138  255 255 255
66.5173 100.075 -81.5761  255 255 255
96.8118 108.114 -97.4609  255 255 255
46.7902 94.3948 -72.2608  255 255 255
41.8156 92.7884 -69.7603  255 255 255
49.5071 33.0912 13.4531  255 255 255
55.6042 45.9159 -5.71242  255 255 255
55.9515 26.0255 22.7515  255 255 255
55.9515 26.0255 22.7515  255 255 255
-59.3692 65.832 -15.8161  255 255 255
43.4533 92.2922 -71.0118  255 255 255
35.58 90.4381 -67.7246  255 255 255
12.875 83.9456 -56.0804  255 255 255
55.9804 95.237 -79.3591  255 255 255
41.4606 90.6079 -72.1091  255 255 255
-34.467 70.9895 -30.8442  255 255 255
22.1276 85.7114 -62.1965  255 255 255
-24.8506 72.8741 -36.6623  255 255 255
-4.69463 77.7204 -48.0573  255 255 255
21.932 84.7354 -62.888  255 255 255
55.0079 92.5483 -80.0084  255 255 255
55.1104 92.6178 -80.1139  255 255 255
57.4191 92.9944 -81.3079  255 255 255
67.0025 95.8901 -86.9064  255 255 255
-59.0795 63.7554 -18.4234  255 255 255
32.9191 86.0831 -69.905  255 255 255
32.8629 86.0088 -69.7727  255 255 255
8.28833 79.8278 -56.5123  255 255 255
8.26729 79.8146 -56.4596  255 255 255
-40.4615 67.6403 -29.2831  255 255 255
33.8357 86.1424 -70.465  255 255 255
85.7691 98.0669 -96.9775  255 255 255
49.6251 29.512 10.6616  255 255 255
32.2082 85.4197 -69.8672  255 255 255
57.7703 39.1686 -5.01127  255 255 255
12.5893 80.5395 -59.0672  255 255 255
49.9218 47.8771 -17.3034  255 255 255
-6.45699 75.7348 -48.9432  255 255 255
-62.1377 61.5803 -17.3798  255 255 255
-49.9296 64.4782 -24.4563  255 255 255
-41.4725 66.4969 -29.4376  255 255 255
42.1054 86.9305 -76.2862  255 255 255
33.5989 84.7792 -71.4555  255 255 255
-59.6214 62.0363 -19.0906  255 255 255
-42.2637 66.2485 -29.2276  255 255 255
44.2468 87.0247 -77.1917  255 255 255
21.5717 81.521 -65.0991  255 255 255
27.9685 83.1348 -68.721  255 255 255
-21.0134 70.8859 -41.267  255 255 255
52.1892 43.7004 -14.3106  255 255 255
55.71 88.8296 -83.3464  255 255 255
95.6544 98.3068 -104.342  255 255 255
-48.0411 63.9898 -26.6395  255 255 255
50.9208 46.0353 -18.9945  255 255 255
53.9441 41.2203 -12.3963  255 255 255
29.4513 82.528 -71.0329  255 255 255
25.4503 81.3074 -68.6448  255 255 255
54.3287 88.5785 -84.7488  255 255 255
56.8876 37.7317 -7.89187  255 255 255
67.9705 90.7359 -90.9283  255 255 255
-46.4268 63.9428 -28.0468  255 255 255
46.527 85.6566 -79.9293  255 255 255
-48.4866 62.9756 -26.9842  255 255 255
-48.7048 61.3831 -24.5014  255 255 255
-8.2307 72.2258 -50.2083  255 255 255
-16.9576 69.8551 -45.784  255 255 255
-61.1828 59.585 -20.1933  255 255 255
-44.6097 63.447 -29.9176  255 255 255
-44.6009 63.4585 -29.9296  255 255 255
72.3855 90.3848 -95.1471  255 255 255
55.9235 86.3988 -86.2362  255 255 255
12.9041 76.4294 -62.7457  255 255 255
-35.7477 65.4022 -35.3729  255 255 255
17.0127 77.4226 -65.4781  255 255 255
-67.1086 57.7766 -16.8507  255 255 255
14.3 76.5342 -63.8816  255 255 255
-29.3111 66.4746 -39.2075  255 255 255
44.5412 83.1151 -80.5856  255 255 255
44.5055 83.0327 -80.451  255 255 255
-50.0373 61.442 -27.3599  255 255 255
57.2173 85.605 -87.9655  255 255 255
-65.799 54.0691 -12.8477  255 255 255
58.5634 16.1882 20.6184  255 255 255
54.4202 85.0634 -87.8544  255 255 255
53.7631 84.3976 -86.5755  255 255 255
54.9379 19.0551 15.9557  255 255 255
-24.8598 65.9187 -42.3631  255 255 255
78.5975 89.2376 -100.511  255 255 255
50.8279 23.4642 8.93493  255 255 255
-24.0581 65.9923 -43.3246  255 255 255
-50.0664 60.4393 -28.4705  255 255 255
72.8187 87.3843 -97.8798  255 255 255
-11.4315 68.6808 -51.0344  255 255 255
-11.4537 68.6576 -50.9512  255 255 255
56.0599 34.9015 -11.4634  255 255 255
-47.6838 60.5847 -29.7735  255 255 255
-47.6876 60.5894 -29.7772  255 255 255
48.2213 25.6474 4.86868  255 255 255
48.2213 25.6474 4.86868  255 255 255
23.91 76.126 -70.8826  255 255 255
1.63655 71.3428 -58.7894  255 255 255
0.547883 71.074 -58.4332  255 255 255
-1.58614 70.3763 -57.3417  255 255 255
-57.0568 58.2325 -24.9371  255 255 255
-2.71765 69.8756 -56.5149  255 255 255
-2.66919 69.9473 -56.7039  255 255 255
-3.91159 69.5978 -56.0233  255 255 255
-3.89191 69.6393 -56.1377  255 255 255
-40.9239 60.958 -33.7267  255 255 255
-64.8628 56.2031 -20.5855  255 255 255
-2.39382 69.0782 -57.3567  255 255 255
52.0013 80.8133 -88.1994  255 255 255
49.0388 79.807 -86.5701  255 255 255
31.1982 75.242 -77.7517  255 255 255
31.2314 75.3079 -77.8441  255 255 255
62.1646 81.6423 -95.2728  255 255 255
71.8016 83.3408 -100.872  255 255 255
71.8016 83.3408 -100.872  255 255 255
72.7804 83.1707 -101.269  255 255 255
26.8736 73.8567 -76.3125  255 255 255
71.2004 83.05 -101.468  255 255 255
-32.0421 60.9955 -41.7901  255 255 255
-62.8041 54.5218 -23.5476  255 255 255
55.6369 14.6964 14.1711  255 255 255
50.9336 18.8642 6.79881  255 255 255
63.2292 79.2242 -97.8813  255 255 255
58.5304 77.886 -96.3502  255 255 255
54.2278 76.2325 -93.5743  255 255 255
50.6761 75.3449 -92.3896  255 255 255
56.1968 28.736 -14.9887  255 255 255
57.8633 9.27362 16.9414  255 255 255
14.1831 66.7366 -72.4746  255 255 255
70.7352 77.432 -105.552  255 255 255
54.8665 12.4866 11.3619  255 255 255
50.6409 32.4351 -24.6518  255 255 255
-26.6872 57.8839 -49.0019  255 255 255
53.6219 28.9498 -20.6436  255 255 255
47.6866 18.5627 -1.51636  255 255 255
53.2527 29.2573 -22.2764  255 255 255
-4.64702 60.7738 -62.884  255 255 255
-9.20708 59.4357 -61.3496  255 255 255
9.0897 60.094 -67.8865  255 255 255
-51.1595 51.6599 -35.3105  255 255 255
-6.58425 59.3618 -62.7251  255 255 255
54.3294 26.7198 -20.9686  255 255 255
9.59129 58.4384 -67.5785  255 255 255
-4.03454 59.426 -65.5858  255 255 255
8.37839 59.3949 -69.9751  255 255 255
53.8079 25.3833 -22.8473  255 255 255
57.4426 5.90077 12.421  255 255 255
48.8404 14.1708 -1.17292  255 255 255
48.9355 13.9755 -1.8676  255 255 255
-25.1127 53.0794 -54.0242  255 255 255
49.7388 27.6917 -30.8938  255 255 255
54.9128 6.86187 7.14194  255 255 255
54.9735 6.88984 7.00541  255 255 255
55.4215 5.90749 8.15821  255 255 255
-35.3633 50.4317 -48.8545  255 255 255
-62.5122 46.0479 -31.7611  255 255 255
52.3331 64.2823 -103.965  255 255 255
48.363 12.5303 -3.86734  255 255 255
8.93313 56.9999 -77.0803  255 255 255
58.5358 1.99254 12.0423  255 255 255
62.5085 -2.54003 19.2122  255 255 255
-52.9167 46.2204 -38.8675  255 255 255
58.0568 0.86728 12.0743  255 255 255
3.2385 54.2325 -75.1645  255 255 255
57.7744 1.32854 10.2784  255 255 255
58.5228 -0.582257 13.3307  255 255 255
-65.4125 43.3875 -31.8146  255 255 255
51.7436 21.9529 -30.331  255 255 255
-44.8368 46.4919 -45.9447  255 255 255
-44.8269 46.5096 -45.9444  255 255 255
57.7281 0.787182 9.65838  255 255 255
47.3808 10.1159 -7.87689  255 255 255
-55.5584 43.5776 -39.0342  255 255 255
19.9216 54.4146 -87.4299  255 255 255
60.562 -2.90619 13.3213  255 255 255
-16.2054 48.4012 -65.7483  255 255 255
66.6698 -9.7629 23.5694  255 255 255
60.4551 -4.91066 15.1723  255 255 255
58.1591 -1.81242 8.81047  255 255 255
-0.744918 -0.842775 25.4742  255 255 255
51.4822 3.41732 -1.92488  255 255 255
-18.3184 46.445 -66.1829  255 255 255
62.3418 -6.67681 15.1694  255 255 255
-61.2421 40.5156 -37.7283  255 255 255
52.2266 2.14305 -0.305452  255 255 255
-10.7594 46.9341 -71.1336  255 255 255
-53.6112 40.7048 -43.8249  255 255 255
-26.631 43.8236 -61.6762  255 255 255
6.48084 -6.604 31.7113  255 255 255
-61.0621 39.1865 -38.7747  255 255 255
-57.9189 39.5237 -40.7454  255 255 255
-57.908 39.4699 -40.7007  255 255 255
54.1874 -0.313436 0.662045  255 255 255
54.2517 -0.300716 0.56763  255 255 255
6.90951 -6.98065 31.7854  255 255 255
-16.5329 43.1941 -65.8424  255 255 255
58.8319 -5.15615 8.25808  255 255 255
-68.0728 38.0517 -34.4405  255 255 255
64.5638 -11.0771 18.0743  255 255 255
4.34217 -8.10819 33.7877  255 255 255
-51.0736 38.2973 -44.8231  255 255 255
1.6039 45.4585 -81.9925  255 255 255
-12.9621 -1.00237 24.1057  255 255 255
-59.4798 37.7115 -41.2739  255 255 255
56.1809 -4.12369 2.94406  255 255 255
-9.6604 43.3753 -75.5227  255 255 255
-5.87315 -7.21856 33.3391  255 255 255
-67.4727 35.9142 -35.3688  255 255 255
-14.0809 -1.23974 23.0615  255 255 255
-12.5982 42.5639 -73.9097  255 255 255
15.0307 37.2548 -75.2463  255 255 255
-58.4392 36.8171 -43.3022  255 255 255
53.4393 -3.09933 -2.55857  255 255 255
-2.85075 -9.61762 35.0112  255 255 255
47.5848 2.18993 -12.4612  255 255 255
54.6003 -5.21887 1.25771  255 255 255
-12.4416 -5.38992 29.0959  255 255 255
61.7444 -10.9552 10.6997  255 255 255
6.61393 -11.2948 33.7682  255 255 255
-9.15948 -8.06425 32.566  255 255 255
-16.4513 39.7554 -72.9331  255 255 255
-13.1808 -6.28439 29.2906  255 255 255
-11.8179 -7.4374 30.7054  255 255 255
4.08047 33.4708 -70.4793  255 255 255
-13.0941 38.2465 -74.9096  255 255 255
58.0053 -9.6995 4.11385  255 255 255
58.0053 -9.6995 4.11385  255 255 255
-0.149553 -12.589 35.8648  255 255 255
-18.8286 37.5562 -72.6818  255 255 255
-54.8149 33.905 -49.3145  255 255 255
12.0894 -13.4207 30.9831  255 255 255
-17.1731 -5.47705 24.5622  255 255 255
-59.4728 32.4596 -45.6706  255 255 255
-54.033 32.9561 -49.9514  255 255 255
-54.033 32.9561 -49.9514  255 255 255
-51.5826 32.6944 -51.7167  255 255 255
-25.9058 35.2571 -70.0938  255 255 255
-56.8779 32.1201 -48.0663  255 255 255
-26.8072 34.8639 -69.2955  255 255 255
-1.83108 27.2408 -62.9456  255 255 255
6.48171 -15.0069 34.2367  255 255 255
-5.51519 -13.219 35.4155  255 255 255
59.0207 -12.5949 3.43771  255 255 255
63.3892 -17.1004 10.1335  255 255 255
-0.278395 25.576 -63.7491  255 255 255
60.5817 -14.8297 5.34347  255 255 255
-10.5487 -12.2003 33.3749  255 255 255
-2.16778 -15.0982 36.1557  255 255 255
58.8898 -13.575 2.48995  255 255 255
-31.5282 32.6947 -67.1716  255 255 255
65.1343 -17.7156 8.42951  255 255 255
-12.2105 -12.3348 32.4755  255 255 255
-18.7297 -7.57312 22.6825  255 255 255
60.3429 -16.0869 3.66792  255 255 255
-10.2148 -14.0381 33.8446  255 255 255
10.7129 -17.3576 31.2962  255 255 255
60.2997 -16.885 3.50684  255 255 255
62.7782 -18.886 7.23813  255 255 255
62.7916 -18.8906 7.24035  255 255 255
-39.1431 29.1987 -62.979  255 255 255
63.7745 -20.6508 7.90721  255 255 255
-15.1747 -12.8913 29.7247  255 255 255
56.8753 -15.4345 -3.97638  255 255 255
-17.4146 -12.0702 27.9698  255 255 255
-0.297212 -18.6363 35.8853  255 255 255
-21.1325 -7.76142 18.3015  255 255 255
-8.4833 -17.0419 34.8066  255 255 255
-26.6758 -4.00141 9.02909  255 255 255
63.1207 -21.9383 5.70458  255 255 255
-22.8554 -9.08446 20.0348  255 255 255
-22.6792 -9.3558 20.0351  255 255 255
2.8233 -20.3827 35.1152  255 255 255
63.3997 -22.6584 5.49874  255 255 255
-14.1775 -15.6466 31.5422  255 255 255
-22.451 -10.3113 21.0995  255 255 255
-13.5608 -16.2632 32.1611  255 255 255
1.23874 -20.7594 35.5951  255 255 255
4.91474 -21.7774 34.27  255 255 255
-21.1278 -12.3051 23.4408  255 255 255
63.4295 -24.3421 5.3918  255 255 255
62.5469 -23.7446 3.07473  255 255 255
62.5812 -23.7348 2.98868  255 255 255
3.09617 -22.0503 34.6585  255 255 255
8.11274 -23.1925 33.7405  255 255 255
68.7973 -26.8191 4.72545  255 255 255
-29.2031 -10.1266 16.4876  255 255 255
-23.5462 -13.8475 23.589  255 255 255
65.3601 -28.3177 7.38211  255 255 255
-25.9137 6.87995 -39.267  255 255 255
-18.915 -17.7199 29.591  255 255 255
55.572 -21.0717 -10.6298  255 255 255
-4.82548 -22.7221 34.6949  255 255 255
68.7692 -28.9079 1.48093  255 255 255
-16.171 -20.1486 32.1409  255 255 255
-21.7736 -17.6049 26.9683  255 255 255
65.5015 -30.7183 5.03703  255 255 255
72.6172 -30.4468 -2.4611  255 255 255
-27.8874 -16.036 23.6949  255 255 255
-47.9904 7.55367 -37.7509  255 255 255
59.0495 -26.9973 -7.05813  255 255 255
9.96899 -28.997 35.3549  255 255 255
10.4079 -29.187 35.5544  255 255 255
-27.182 -16.879 24.1728  255 255 255
-27.8753 -17.1699 25.0545  255 255 255
-27.6214 -17.4494 25.3872  255 255 255
10.8436 -29.8268 36.0985  255 255 255
-27.831 -17.6418 25.2466  255 255 255
-18.4291 -21.6913 31.141  255 255 255
11.2212 -30.0815 35.4302  255 255 255
65.4556 -34.1658 3.31825  255 255 255
66.1266 -35.6254 4.32975  255 255 255
67.5382 -37.0898 6.66265  255 255 255
-35.2006 -3.11009 -26.366  255 255 255
-35.2251 -3.08217 -26.4729  255 255 255
-21.8726 -23.2568 31.5894  255 255 255
-25.3486 -21.6156 28.7293  255 255 255
-25.3137 -21.881 28.2284  255 255 255
-4.80013 -29.9825 37.9323  255 255 255
10.0789 -32.7012 34.4945  255 255 255
11.2509 -32.735 33.4116  255 255 255
11.2509 -32.735 33.4116  255 255 255
-24.0743 -23.6737 32.0408  255 255 255
-5.89774 -30.8504 38.894  255 255 255
-19.4715 -26.177 33.8557  255 255 255
-3.99908 -31.5584 39.4019  255 255 255
12.6205 -33.6099 31.4776  255 255 255
-18.2656 -26.8757 34.4503  255 255 255
-12.1864 -29.7451 37.2092  255 255 255
-43.6871 -6.42726 -22.4312  255 255 255
-26.6969 -23.1763 23.9131  255 255 255
-12.8472 -30.1941 36.4662  255 255 255
-1.44465 -33.3833 37.178  255 255 255
-1.45115 -33.3866 37.2032  255 255 255
-5.20975 -32.8895 38.6305  255 255 255
-2.28649 -33.9825 37.8711  255 255 255
-38.0601 -11.5478 -16.27  255 255 255
-1.7291 -34.3152 36.4953  255 255 255
-56.8391 -7.68735 -19.6777  255 255 255
-20.9097 -28.4094 30.4164  255 255 255
-5.57778 -34.3242 37.8352  255 255 255
-10.73 -32.4405 35.5686  255 255 255
-18.4123 -29.6737 32.2422  255 255 255
10.4025 -36.8424 30.0846  255 255 255
-18.5722 -29.7139 31.8365  255 255 255
-5.43621 -34.4474 36.7758  255 255 255
-6.2633 -34.1892 35.8777  255 255 255
-19.5477 -29.6783 30.8738  255 255 255
9.76503 -37.2502 30.3141  255 255 255
-10.2276 -33.1859 35.0633  255 255 255
-20.057 -29.6369 30.2022  255 255 255
-47.656 -12.1917 -16.3432  255 255 255
45.9987 -43.4509 12.3961  255 255 255
-41.798 -15.3562 -12.2133  255 255 255
-46.7798 -13.9892 -13.4107  255 255 255
-46.7798 -13.9892 -13.4107  255 255 255
15.3073 -38.9582 25.6219  255 255 255
15.1461 -38.82 25.2878  255 255 255
-5.69855 -35.765 35.8926  255 255 255
9.13305 -38.4933 30.0241  255 255 255
-9.9942 -34.5518 33.8673  255 255 255
-43.4895 -16.6098 -10.4761  255 255 255
5.47141 -39.0023 32.8291  255 255 255
-13.195 -34.1381 32.5451  255 255 255
-1.55821 -37.8797 32.5978  255 255 255
-41.7643 -19.0441 -7.8049  255 255 255
-20.2791 -32.071 28.0602  255 255 255
-46.0371 -18.2392 -8.71958  255 255 255
-9.42484 -36.5891 32.4833  255 255 255
0.594738 -39.3978 32.2657  255 255 255
-26.6598 -29.6315 20.5037  255 255 255
-9.446 -36.8633 32.3258  255 255 255
-26.6103 -30.0152 20.3668  255 255 255
-9.04534 -37.3433 32.011  255 255 255
-25.8701 -30.5844 21.0233  255 255 255
-44.2773 -20.8742 -5.71043  255 255 255
-44.28 -20.8806 -5.74318  255 255 255
-45.5269 -20.6426 -6.16179  255 255 255
-5.66801 -38.7395 32.5061  255 255 255
-44.6313 -21.0575 -5.46951  255 255 255
-1.05319 -39.8128 31.0878  255 255 255
-50.0989 -19.8493 -7.15171  255 255 255
-6.27012 -38.9469 32.155  255 255 255
-48.8346 -20.4555 -6.69691  255 255 255
-21.2381 -34.3335 25.6451  255 255 255
-21.4718 -34.4009 26.335  255 255 255
-19.2537 -35.3872 27.6292  255 255 255
-60.7564 -18.6204 -7.18555  255 255 255
-7.70905 -39.6301 30.892  255 255 255
22.2977 -46.5216 20.626  255 255 255
-46.736 -23.6788 -2.41701  255 255 255
-22.4753 -34.7373 23.7687  255 255 255
-22.9667 -34.6188 23.2328  255 255 255
-21.3727 -35.4838 24.7631  255 255 255
-21.3727 -35.4838 24.7631  255 255 255
-54.4491 -22.4842 -3.17468  255 255 255
-43.129 -26.7603 0.282999  255 255 255
-53.3629 -24.3827 -0.942635  255 255 255
-52.1536 -24.8114 -0.728482  255 255 255
19.7701 -49.5557 25.3507  255 255 255
5.42785 -46.5358 31.608  255 255 255
-25.1847 -36.3123 21.7286  255 255 255
-5.48024 -43.8297 30.4173  255 255 255
-43.1478 -29.5917 3.22551  255 255 255
-8.35768 -43.2068 28.0031  255 255 255
-47.6166 -28.7321 3.29432  255 255 255
-43.1608 -30.2404 4.59054  255 255 255
-5.98313 -45.7505 31.6935  255 255 255
-28.1686 -38.36 23.3361  255 255 255
-6.45341 -46.003 32.0137  255 255 255
-48.0706 -31.1421 6.75668  255 255 255
-27.0714 -39.1606 23.0573  255 255 255
-28.2334 -40.1367 21.7036  255 255 255
12.2878 -53.9416 27.911  255 255 255
-51.9611 -34.2705 9.60192  255 255 255
-45.3547 -36.6916 12.3295  255 255 255
-52.6816 -34.5508 9.78053  255 255 255
-53.3272 -35.3862 11.0593  255 255 255
11.2897 -59.1286 31.5744  255 255 255
9.10689 -61.6935 36.8277  255 255 255
9.67068 -61.9804 37.0641  255 255 255
11.0391 -63.6182 34.693  255 255 255
9.94415 -63.4177 36.5306  255 255 255
-33.009 -49.1799 25.7866  255 255 255
-9.45057 -57.6824 33.6183  255 255 255
-9.19774 -58.2971 34.2677  255 255 255
-7.65798 -59.8863 36.0614  255 255 255
-7.88343 90.725 -34.3355  255 255 255
2.85197 93.7347 -39.358  255 255 255
33.9148 103.11 -54.238  255 255 255
4.60139 94.1676 -40.4143  255 255 255
39.7928 103.985 -57.1014  255 255 255
43.0291 104.877 -58.2709  255 255 255
30.6465 101.014 -52.7923  255 255 255
7.29338 94.0206 -42.6193  255 255 255
23.7583 97.8502 -52.0114  255 255 255
-8.55514 86.6276 -36.4785  255 255 255
-8.53079 86.6745 -36.5547  255 255 255
40.13 100.586 -61.7331  255 255 255
41.3104 100.97 -62.2846  255 255 255
41.4047 101.034 -62.3625  255 255 255
46.7169 102.81 -65.3213  255 255 255
46.3663 102.415 -64.7167  255 255 255
24.5769 96.1435 -54.319  255 255 255
29.4349 97.3767 -56.6808  255 255 255
29.3839 97.3056 -56.6833  255 255 255
-10.0806 85.771 -36.8248  255 255 255
-7.05417 86.3256 -37.8244  255 255 255
34.2726 98.7616 -59.0164  255 255 255
-35.4706 75.5787 -20.2403  255 255 255
54.9552 103.898 -69.4858  255 255 255
9.3624 91.0145 -47.2408  255 255 255
48.7455 60.1907 -12.5953  255 255 255
-56.8964 68.0903 -8.81505  255 255 255
-53.8092 67.828 -9.04906  255 255 255
11.2674 90.6299 -48.6386  255 255 255
9.29725 89.9261 -48.0134  255 255 255
17.2519 92.4978 -52.5436  255 255 255
49.4747 36.559 18.0227  255 255 255
-3.13646 85.9912 -41.9605  255 255 255
-4.66193 85.3556 -40.9269  255 255 255
50.9863 100.845 -70.2041  255 255 255
6.4979 88.1047 -47.5718  255 255 255
-33.3591 76.875 -26.6223  255 255 255
2.09089 86.6325 -45.1736  255 255 255
56.5147 28.7207 26.3265  255 255 255
55.6059 28.1782 27.2079  255 255 255
56.3877 27.7173 27.8489  255 255 255
0.744706 86.2552 -44.5959  255 255 255
24.2714 92.7748 -56.8131  255 255 255
-65.2665 67.9656 -9.94105  255 255 255
-63.1413 68.3198 -10.8302  255 255 255
56.4362 26.6442 28.8818  255 255 255
54.163 29.0488 25.6042  255 255 255
-11.562 82.2922 -38.2285  255 255 255
-11.4498 82.5528 -38.7138  255 255 255
-39.8796 74.4753 -23.6198  255 255 255
12.6375 89.1149 -51.3271  255 255 255
63.3499 24.749 30.1793  255 255 255
54.2052 30.1604 23.5398  255 255 255
11.3916 88.7597 -51.012  255 255 255
53.187 32.0597 20.5293  255 255 255
56.1859 27.8984 25.8232  255 255 255
56.7031 28.1845 25.3608  255 255 255
-56.9294 68.9457 -14.7816  255 255 255
-38.239 74.2193 -25.0258  255 255 255
23.5652 92.0137 -58.7903  255 255 255
23.5652 92.0137 -58.7903  255 255 255
8.76515 86.9842 -50.3138  255 255 255
52.0935 33.0778 17.9551  255 255 255
-57.4317 68.7195 -15.0714  255 255 255
-48.4928 71.0009 -20.0494  255 255 255
-14.6388 80.0843 -38.3113  255 255 255
-11.2998 80.8719 -40.0717  255 255 255
26.1882 91.0479 -59.9939  255 255 255
11.9935 86.7191 -52.4613  255 255 255
11.9459 86.6073 -52.3238  255 255 255
20.8595 89.1321 -57.5167  255 255 255
-64.1787 65.7295 -11.6574  255 255 255
23.0386 89.3438 -59.2945  255 255 255
25.816 89.872 -60.5332  255 255 255
22.0658 88.659 -59.2212  255 255 255
58.553 98.0234 -77.4871  255 255 255
54.9631 47.6716 -6.14714  255 255 255
-14.8259 78.2177 -39.2984  255 255 255
-14.6996 78.4347 -39.6468  255 255 255
-4.83388 80.9895 -44.5859  255 255 255
55.9138 46.2516 -4.78582  255 255 255
3.80879 83.3438 -49.5829  255 255 255
29.2806 89.8966 -63.5307  255 255 255
39.5432 92.5717 -69.5027  255 255 255
-50.7081 67.8732 -20.8224  255 255 255
43.7752 92.0875 -72.3557  255 255 255
56.8677 95.0493 -79.2269  255 255 255
-9.32979 77.9398 -44.2807  255 255 255
80.5646 100.571 -92.2331  255 255 255
80.6302 100.586 -92.3778  255 255 255
38.4085 89.5748 -70.6782  255 255 255
-30.5051 71.7932 -33.448  255 255 255
-15.5895 74.6941 -41.9805  255 255 255
-15.585 74.6788 -41.9643  255 255 255
41.9217 89.3908 -73.0068  255 255 255
56.5267 23.4042 21.7295  255 255 255
56.6084 23.4315 21.632  255 255 255
40.6553 89.1339 -72.6732  255 255 255
40.8115 89.4008 -72.9738  255 255 255
36.2596 87.8928 -70.5129  255 255 255
66.3564 95.2833 -85.9455  255 255 255
-23.2808 72.5942 -38.2184  255 255 255
80.8101 98.354 -94.2843  255 255 255
-10.9352 75.3763 -45.7672  255 255 255
-9.56 75.7766 -46.4391  255 255 255
41.4198 88.3461 -73.7872  255 255 255
63.1389 93.3964 -84.7596  255 255 255
90.9387 100.543 -99.748  255 255 255
55.8751 41.4188 -7.20878  255 255 255
42.1573 87.8398 -74.576  255 255 255
50.1907 90.0654 -79.1082  255 255 255
29.4201 84.9857 -67.8948  255 255 255
-8.08179 74.6894 -46.8705  255 255 255
-52.2764 63.726 -21.6918  255 255 255
-48.6716 64.8876 -24.8356  255 255 255
45.2841 88.3087 -77.2393  255 255 255
24.4549 82.286 -66.2654  255 255 255
9.82866 78.4943 -58.8551  255 255 255
-9.75251 73.5754 -47.8542  255 255 255
51.3829 88.1238 -81.5328  255 255 255
-48.5218 63.5515 -25.2017  255 255 255
-45.5013 65.0073 -27.9158  255 255 255
-36.353 67.0283 -33.167  255 255 255
-12.363 72.5889 -46.5568  255 255 255
51.4767 44.1262 -16.4019  255 255 255
55.4891 39.3599 -9.70557  255 255 255
-61.1476 60.6447 -19.2122  255 255 255
-61.1034 60.5603 -19.0361  255 255 255
-26.9254 68.5352 -39.162  255 255 255
23.5846 80.7716 -68.1479  255 255 255
-44.9294 63.2314 -27.78  255 255 255
-44.0436 64.0978 -29.8298  255 255 255
28.9867 81.0388 -71.3012  255 255 255
28.9096 80.9297 -71.1484  255 255 255
-10.9198 71.3622 -48.9744  255 255 255
-48.2588 62.4155 -27.2697  255 255 255
-22.2927 68.8048 -42.7255  255 255 255
-12.5416 70.9362 -48.3187  255 255 255
15.0904 76.9019 -63.729  255 255 255
19.4283 78.0636 -66.166  255 255 255
-13.5786 70.4402 -48.2049  255 255 255
-13.6861 70.2214 -47.8498  255 255 255
-44.4165 63.2437 -30.5846  255 255 255
1.02807 72.861 -56.1509  255 255 255
18.1009 77.1156 -66.3121  255 255 255
18.1009 77.1156 -66.3121  255 255 255
-18.3257 68.0602 -45.4846  255 255 255
-72.6905 56.315 -14.6833  255 255 255
-72.6154 56.091 -14.3885  255 255 255
54.5677 84.2654 -86.0928  255 255 255
54.7758 84.548 -86.5686  255 255 255
-20.2521 67.72 -45.0556  255 255 255
7.97071 74.2809 -61.2629  255 255 255
8.00556 74.3406 -61.3651  255 255 255
75.1033 88.9704 -98.5077  255 255 255
-72.8005 55.7286 -14.8592  255 255 255
-44.0889 62.0476 -31.683  255 255 255
55.912 17.9106 17.5372  255 255 255
-45.1383 61.5763 -30.7921  255 255 255
71.6934 87.9799 -97.4534  255 255 255
42.5185 80.9923 -81.1802  255 255 255
19.8983 75.757 -69.0349  255 255 255
22.0617 76.3046 -70.5777  255 255 255
22.2061 76.5717 -70.993  255 255 255
-70.5708 55.6199 -16.8902  255 255 255
-15.5299 67.1486 -48.7658  255 255 255
-6.17857 69.5647 -54.5468  255 255 255
47.9197 81.4978 -85.4419  255 255 255
47.9418 81.5832 -85.5872  255 255 255
47.9476 81.5476 -85.5415  255 255 255
56.5705 83.0983 -89.7078  255 255 255
-68.4613 55.9571 -18.7062  255 255 255
-4.96682 69.4097 -55.8501  255 255 255
59.5349 13.5321 21.0471  255 255 255
22.7865 74.8574 -71.8674  255 255 255
-10.2245 67.4462 -52.8364  255 255 255
66.2789 84.2624 -96.4509  255 255 255
80.1538 86.9378 -104.056  255 255 255
63.3504 83.184 -94.8525  255 255 255
77.5402 86.1458 -103.001  255 255 255
-25.8301 63.8694 -44.2471  255 255 255
-4.98977 68.3637 -56.3996  255 255 255
-6.03173 68.1258 -56.4359  255 255 255
71.2792 84.3959 -100.106  255 255 255
71.1618 84.3686 -100.085  255 255 255
52.4717 79.9432 -89.6841  255 255 255
48.32 78.4941 -87.1967  255 255 255
40.8675 77.0949 -83.9732  255 255 255
55.7324 15.2656 14.9194  255 255 255
55.7324 15.2656 14.9194  255 255 255
-68.1656 53.6814 -20.1134  255 255 255
55.5703 31.6315 -14.0491  255 255 255
-2.09762 65.6525 -61.1584  255 255 255
-3.05169 64.4495 -60.1382  255 255 255
33.6432 72.3552 -82.7584  255 255 255
50.6893 35.0929 -23.5957  255 255 255
-26.3107 59.9438 -47.5157  255 255 255
23.8568 69.8996 -77.7996  255 255 255
-27.9586 59.4322 -46.66  255 255 255
21.0711 68.7211 -75.6326  255 255 255
30.7924 70.076 -81.8246  255 255 255
28.1473 67.7164 -78.0433  255 255 255
-73.827 44.58 -11.7606  255 255 255
-15.9659 60.1114 -55.2463  255 255 255
-17.4009 59.5644 -54.4554  255 255 255
-33.7506 55.6016 -45.0958  255 255 255
54.6761 27.4719 -19.5148  255 255 255
53.3339 28.3542 -21.9965  255 255 255
-28.827 55.9285 -48.765  255 255 255
50.37 14.7825 2.45547  255 255 255
51.1226 29.9356 -25.7083  255 255 255
-54.4653 50.766 -33.2795  255 255 255
55.9532 24.7062 -18.0573  255 255 255
48.0304 16.5649 -2.14069  255 255 255
22.173 62.6807 -79.025  255 255 255
5.96074 60.4351 -71.1171  255 255 255
24.6858 63.9195 -83.0106  255 255 255
19.3181 63.2878 -81.024  255 255 255
-65.8612 47.4857 -26.6532  255 255 255
-65.8588 47.607 -26.9106  255 255 255
-65.8533 47.6594 -27.0116  255 255 255
55.6653 23.7538 -19.1273  255 255 255
-52.0481 49.9348 -36.2898  255 255 255
-52.0353 49.9152 -36.2263  255 255 255
19.1166 62.074 -80.09  255 255 255
-33.0085 53.3654 -48.8086  255 255 255
-33.0085 53.3654 -48.8086  255 255 255
6.32923 58.3713 -70.6263  255 255 255
32.2328 64.3853 -88.9526  255 255 255
49.8278 66.5751 -99.556  255 255 255
62.6711 -0.0703558 20.927  255 255 255
47.7584 31.2444 -33.9173  255 255 255
-26.3213 53.3402 -53.1018  255 255 255
31.8093 62.8365 -89.2555  255 255 255
31.8306 62.8584 -89.3032  255 255 255
-23.8988 53.319 -54.7068  255 255 255
-23.8602 53.4426 -55.0312  255 255 255
-23.8633 53.3972 -54.8081  255 255 255
-10.5219 55.1294 -62.8617  255 255 255
50.2652 27.777 -30.4058  255 255 255
25.8347 61.3147 -86.2389  255 255 255
16.2523 59.3995 -80.9862  255 255 255
48.4634 13.0504 -3.36339  255 255 255
48.5908 13.1094 -3.53037  255 255 255
30.3855 60.9932 -89.8851  255 255 255
62.8175 -2.50046 20.2971  255 255 255
6.9111 56.1777 -75.4225  255 255 255
-52.2296 46.8638 -39.2009  255 255 255
48.4421 11.4284 -4.58599  255 255 255
33.7049 59.4999 -93.793  255 255 255
6.72716 55.1328 -76.3432  255 255 255
4.60375 54.6318 -75.9645  255 255 255
-5.18317 53.1832 -70.0355  255 255 255
25.3906 57.7619 -89.4436  255 255 255
51.2172 23.1364 -30.6282  255 255 255
51.0847 23.1208 -30.509  255 255 255
51.7435 22.426 -29.8298  255 255 255
28.4778 57.6142 -91.5977  255 255 255
53.5366 19.8591 -27.0033  255 255 255
-11.7826 50.2663 -67.2437  255 255 255
3.64125 52.7178 -77.5747  255 255 255
-10.8893 50.1881 -67.5179  255 255 255
-10.8656 50.1866 -67.5363  255 255 255
57.733 -0.346817 8.77899  255 255 255
-33.4828 46.2753 -54.1076  255 255 255
-12.0759 49.3828 -68.1284  255 255 255
58.9305 -1.83847 10.6519  255 255 255
53.2471 17.6891 -29.0347  255 255 255
63.4391 -7.92346 18.8063  255 255 255
-50.5441 41.0611 -41.4483  255 255 255
54.01 15.9537 -28.2427  255 255 255
-46.2496 42.8211 -47.1518  255 255 255
-31.8777 44.003 -57.1361  255 255 255
-31.8777 44.003 -57.1361  255 255 255
60.6446 -5.6828 11.6819  255 255 255
-55.8203 40.697 -42.0925  255 255 255
-8.61928 -1.86245 28.2158  255 255 255
-8.58996 -1.83533 28.1018  255 255 255
-58.7937 39.5283 -40.2114  255 255 255
-58.8036 39.5033 -40.1797  255 255 255
-62.137 38.9761 -38.145  255 255 255
-57.3598 39.4102 -41.5584  255 255 255
-12.0264 45.2378 -71.8688  255 255 255
59.8384 -6.01751 9.9776  255 255 255
5.16957 -8.15258 33.092  255 255 255
-62.4709 37.8924 -38.7257  255 255 255
-45.31 39.5982 -50.2156  255 255 255
59.0934 -6.03665 7.58077  255 255 255
59.0721 -6.0086 7.62926  255 255 255
-15.9958 42.6749 -69.4833  255 255 255
-12.0081 -2.77557 26.8459  255 255 255
61.001 -8.28205 10.4511  255 255 255
-49.8557 38.7562 -47.8048  255 255 255
-9.28759 42.9483 -75.8877  255 255 255
-9.48798 -6.5107 31.4076  255 255 255
2.73409 39.3287 -76.625  255 255 255
61.2438 -10.6529 10.6355  255 255 255
15.316 34.3968 -72.4893  255 255 255
-12.8106 -5.12376 28.3686  255 255 255
59.1172 -9.33515 5.82387  255 255 255
-15.8767 -3.90002 24.7896  255 255 255
63.1723 -14.123 11.5617  255 255 255
-30.9655 36.6556 -64.9383  255 255 255
-16.8114 -5.08985 24.6034  255 255 255
-26.4444 36.348 -68.0188  255 255 255
11.081 -13.5358 31.6613  255 255 255
51.541 -4.50722 -8.4231  255 255 255
11.8902 -14.3442 31.4338  255 255 255
-41.3462 32.3709 -60.5207  255 255 255
-7.30492 -13.4562 35.0837  255 255 255
-7.30492 -13.4562 35.0837  255 255 255
-18.0642 -1.61855 10.8389  255 255 255
-18.8104 -6.32697 22.2129  255 255 255
-35.8088 29.8071 -63.3189  255 255 255
55.4492 -13.3418 -4.87672  255 255 255
-3.0577 -18.1528 36.0379  255 255 255
66.9244 -24.71 13.7153  255 255 255
66.2924 -24.7302 11.6135  255 255 255
65.7188 -23.207 4.73583  255 255 255
-14.0085 -16.7671 31.8382  255 255 255
10.2009 -22.3024 31.1199  255 255 255
24.322 -24.5111 28.2649  255 255 255
9.36184 -23.3273 33.3039  255 255 255
61.9372 -23.9677 1.94593  255 255 255
-10.3338 -19.3242 33.7012  255 255 255
-27.1671 -10.4187 16.9664  255 255 255
57.4292 -21.357 -6.54616  255 255 255
58.6214 -24.4005 -6.13621  255 255 255
64.3625 -29.8918 2.4781  255 255 255
-28.4426 -16.2281 23.8996  255 255 255
59.0773 -27.3781 -6.43903  255 255 255
10.6961 -29.8289 36.0829  255 255 255
-24.2772 -19.114 27.0502  255 255 255
68.6516 -31.5745 -4.13281  255 255 255
68.6516 -31.5745 -4.13281  255 255 255
-4.84875 -27.0456 36.7991  255 255 255
-5.50826 -26.8184 36.1948  255 255 255
-5.51128 -26.8174 36.2243  255 255 255
66.9455 -30.8562 -7.43268  255 255 255
-26.7546 -19.1585 26.7982  255 255 255
65.2195 -34.3441 1.99569  255 255 255
-25.2159 -21.223 29.2632  255 255 255
13.2166 -32.4028 32.3292  255 255 255
-29.2424 -19.5457 22.7888  255 255 255
-22.6203 -24.2593 32.9407  255 255 255
-33.0913 -6.7463 -22.4519  255 255 255
-29.1974 -20.3573 21.8964  255 255 255
-4.25579 -31.2729 39.1596  255 255 255
-4.24649 -31.2986 39.1676  255 255 255
60.3496 -39.1097 6.63309  255 255 255
-13.4452 -29.0471 37.1825  255 255 255
-23.9602 -24.9525 31.3179  255 255 255
-14.2712 -28.8843 37.1227  255 255 255
-5.24985 -31.9338 39.8633  255 255 255
-47.1832 -5.70712 -22.6396  255 255 255
-12.4439 -29.8936 37.0168  255 255 255
-35.0616 -10.4025 -18.5201  255 255 255
-6.23184 -32.3017 37.8852  255 255 255
-40.3255 -10.1347 -18.3629  255 255 255
5.74435 -35.1389 34.9179  255 255 255
5.95299 -35.1428 34.6153  255 255 255
-38.8028 -10.9387 -17.3854  255 255 255
-19.8424 -28.321 31.5927  255 255 255
-12.1815 -31.6705 35.4808  255 255 255
-38.2861 -13.2776 -14.6477  255 255 255
-22.9425 -27.6072 28.7615  255 255 255
-22.9362 -27.6098 28.7329  255 255 255
-39.3635 -13.079 -14.9119  255 255 255
-11.0319 -32.536 35.2699  255 255 255
-5.44605 -34.6329 37.4053  255 255 255
-40.4783 -14.081 -13.9362  255 255 255
4.8836 -36.9384 33.7001  255 255 255
-25.6676 -26.659 24.0229  255 255 255
-10.6147 -32.9775 34.9619  255 255 255
-9.24145 -33.4327 34.6187  255 255 255
-64.8753 -8.37172 -18.3971  255 255 255
-15.7407 -32.1253 33.1034  255 255 255
8.87801 -38.8573 30.7098  255 255 255
-44.2848 -17.0047 -9.89264  255 255 255
-4.91418 -37.0454 35.5002  255 255 255
4.9995 -38.9016 31.4764  255 255 255
-27.4117 -27.8489 20.6901  255 255 255
-44.0487 -17.4714 -9.70942  255 255 255
-37.6495 -20.1378 -4.92251  255 255 255
-41.6359 -18.4583 -8.53578  255 255 255
-15.9053 -34.0746 33.1053  255 255 255
-19.2377 -32.1812 28.6189  255 255 255
-19.8359 -32.1892 28.5321  255 255 255
17.4663 -42.1911 26.229  255 255 255
-14.1392 -35.4601 31.3242  255 255 255
-5.91708 -38.0129 32.9668  255 255 255
-52.653 -17.6299 -8.73012  255 255 255
-19.5701 -33.2908 27.5204  255 255 255
-24.4419 -31.8121 25.3976  255 255 255
-25.6474 -30.8711 21.6046  255 255 255
-49.7111 -19.2068 -7.7464  255 255 255
-20.3417 -33.5883 26.6492  255 255 255
2.65408 -40.73 29.9756  255 255 255
-1.79996 -39.8551 31.3439  255 255 255
-11.8593 -37.2255 31.1057  255 255 255
-0.332671 -40.8206 30.7955  255 255 255
-49.6795 -20.9765 -5.40524  255 255 255
0.213907 -41.1548 30.23  255 255 255
-19.2362 -35.9131 27.2842  255 255 255
-22.0243 -35.2353 23.8326  255 255 255
-49.182 -23.8599 -2.04878  255 255 255
-47.7789 -24.3604 -1.55614  255 255 255
-52.1833 -23.3006 -2.15539  255 255 255
-6.56799 -41.5766 29.9176  255 255 255
-16.6574 -39.6222 28.5729  255 255 255
-5.07752 -43.4352 30.728  255 255 255
-42.9044 -28.6447 2.36635  255 255 255
-45.0848 -28.0878 2.45487  255 255 255
-62.9304 -23.3973 -1.5319  255 255 255
-44.4529 -30.1972 4.48778  255 255 255
-43.1318 -31.2959 5.89502  255 255 255
10.2885 -51.7914 28.603  255 255 255
-27.8299 -40.9974 21.273  255 255 255
11.7716 -56.6764 30.7937  255 255 255
-53.389 -36.4852 12.0425  255 255 255
10.2385 -59.7975 31.9359  255 255 255
3.03971 -57.6837 30.3304  255 255 255
-1.23447 -56.9446 31.5679  255 255 255
-0.99414 -57.5797 32.3722  255 255 255
6.45484 -62.6549 38.0753  255 255 255
-2.9974 -59.7816 33.7494  255 255 255
-8.34553 -58.0161 34.0498  255 255 255
-9.955 -57.6321 33.1375  255 255 255
2.25791 -61.915 34.9489  255 255 255
-11.1698 -57.9551 35.4039  255 255 255
-7.95446 -59.1529 34.9974  255 255 255
1.05881 93.0332 -38.371  255 255 255
-2.73242 91.8446 -36.6249  255 255 255
24.9446 99.3204 -49.9216  255 255 255
51.5946 107.78 -63.1509  255 255 255
23.86 99.0138 -50.2144  255 255 255
10.4814 93.3039 -45.9387  255 255 255
50.2175 104.964 -65.0353  255 255 255
6.51684 91.2758 -43.2559  255 255 255
6.81514 91.8862 -44.0828  255 255 255
47.7342 103.934 -64.3312  255 255 255
47.7241 103.897 -64.2696  255 255 255
39.7005 101.381 -60.6399  255 255 255
-7.83075 86.5317 -37.2395  255 255 255
17.3986 93.8885 -50.5962  255 255 255
-13.0657 84.6489 -34.9974  255 255 255
49.1482 59.938 -10.3146  255 255 255
30.7941 97.6055 -57.6249  255 255 255
12.2461 92.0222 -48.3745  255 255 255
-13.9799 84.2397 -34.9348  255 255 255
10.5641 91.4858 -47.6608  255 255 255
57.1804 32.0061 25.4145  255 255 255
-4.49962 86.6563 -40.4924  255 255 255
51.1459 56.7533 -7.93881  255 255 255
-17.8435 82.2412 -33.9942  255 255 255
49.2627 58.847 -12.0023  255 255 255
51.7743 55.9759 -8.44251  255 255 255
-57.0456 70.3223 -12.8309  255 255 255
-53.3452 71.7936 -15.5357  255 255 255
15.2029 91.0623 -51.665  255 255 255
14.8668 90.5179 -50.9019  255 255 255
53.6744 52.8818 -5.33828  255 255 255
-9.09491 83.8785 -38.9494  255 255 255
-28.4058 78.3863 -29.0104  255 255 255
50.8071 34.6875 19.1116  255 255 255
56.5421 26.1449 29.5735  255 255 255
-27.5175 77.9096 -29.7536  255 255 255
-7.10036 83.6091 -40.6019  255 255 255
18.7922 91.2007 -54.5861  255 255 255
55.869 28.2791 26.1647  255 255 255
26.5567 93.2642 -58.6681  255 255 255
-8.13764 82.6123 -40.8229  255 255 255
1.33439 85.1931 -45.7859  255 255 255
14.7442 88.9102 -53.0762  255 255 255
19.8973 90.3735 -56.0071  255 255 255
-9.08272 82.1411 -41.0292  255 255 255
-24.493 78.056 -32.9175  255 255 255
-12.0692 81.3075 -39.5465  255 255 255
11.6255 87.7031 -51.7962  255 255 255
56.432 26.9115 24.5328  255 255 255
-9.25052 81.0159 -41.7208  255 255 255
-7.25068 81.626 -42.7043  255 255 255
-61.3099 66.5283 -13.617  255 255 255
10.0624 85.4404 -52.6382  255 255 255
10.0591 85.4808 -52.7382  255 255 255
-67.822 64.6046 -10.5896  255 255 255
-56.6518 67.4577 -16.8592  255 255 255
-56.6317 67.4078 -16.7749  255 255 255
-9.33812 80.0791 -42.7884  255 255 255
-12.4093 78.9696 -40.9353  255 255 255
49.4228 95.1729 -73.2902  255 255 255
69.682 100.441 -83.8349  255 255 255
12.0167 85.4793 -54.7474  255 255 255
26.2598 88.9604 -61.6976  255 255 255
84.5617 103.944 -91.5002  255 255 255
-28.4286 74.1359 -32.4241  255 255 255
-28.4038 74.2689 -32.623  255 255 255
-5.37224 80.2711 -45.1574  255 255 255
63.4576 98.2624 -81.41  255 255 255
63.6122 98.3865 -81.6774  255 255 255
30.2203 88.8602 -63.6476  255 255 255
30.2203 88.8602 -63.6476  255 255 255
-60.3097 65.4906 -15.8298  255 255 255
40.8303 91.5063 -70.8693  255 255 255
40.7557 91.4242 -70.7982  255 255 255
36.4804 90.1251 -68.5559  255 255 255
37.9917 90.5259 -69.2784  255 255 255
38.047 90.607 -69.4941  255 255 255
58.4881 95.592 -79.664  255 255 255
-6.4501 77.7662 -46.4533  255 255 255
-6.35592 77.9535 -46.7631  255 255 255
30.3677 87.1923 -66.9438  255 255 255
-59.7274 63.9518 -17.5579  255 255 255
-18.131 73.6623 -40.7744  255 255 255
-23.6994 72.0374 -38.6418  255 255 255
56.3052 91.7698 -81.8079  255 255 255
7.21618 79.6413 -56.2696  255 255 255
-50.4518 64.8314 -23.8878  255 255 255
-50.4449 64.8463 -23.942  255 255 255
28.4911 84.2869 -68.1784  255 255 255
42.8142 87.1768 -74.6212  255 255 255
54.106 90.7853 -82.3848  255 255 255
53.8838 90.5525 -81.8446  255 255 255
-20.357 71.9092 -41.0542  255 255 255
51.3812 44.0421 -12.8814  255 255 255
7.77765 78.5069 -56.9102  255 255 255
7.79537 78.5007 -56.9802  255 255 255
25.708 82.8979 -67.1037  255 255 255
-56.2399 62.6657 -21.2861  255 255 255
-56.2399 62.6657 -21.2861  255 255 255
-56.2119 62.7922 -21.4295  255 255 255
28.3487 83.065 -69.4232  255 255 255
-22.2763 70.3708 -40.8392  255 255 255
57.1419 37.8821 -6.90262  255 255 255
-24.462 69.8524 -40.4651  255 255 255
-23.6392 69.8154 -40.7223  255 255 255
-67.5504 58.9027 -14.9441  255 255 255
-9.9612 72.5985 -48.9031  255 255 255
21.0673 79.5678 -66.4051  255 255 255
-42.8099 64.517 -30.6431  255 255 255
25.5841 80.103 -69.1924  255 255 255
-45.6091 63.4055 -28.862  255 255 255
-45.604 63.4242 -28.9565  255 255 255
-18.8356 69.7924 -44.6825  255 255 255
54.5743 21.4421 16.0574  255 255 255
-30.4535 66.7462 -37.8288  255 255 255
-21.3416 68.5296 -43.1444  255 255 255
-40.5242 64.181 -32.2133  255 255 255
-50.3801 61.832 -26.6071  255 255 255
50.1614 84.5972 -84.0362  255 255 255
56.5861 35.4269 -8.34625  255 255 255
-66.6525 57.3635 -17.2172  255 255 255
51.931 22.615 11.3305  255 255 255
50.0305 83.4831 -84.6596  255 255 255
-6.10254 70.5457 -53.444  255 255 255
23.2596 77.2283 -70.2183  255 255 255
57.8717 16.0199 20.0579  255 255 255
49.2141 43.3119 -22.3375  255 255 255
-10.3665 68.9659 -51.2401  255 255 255
-9.4004 68.8337 -51.6355  255 255 255
-9.36861 68.8947 -51.7483  255 255 255
-51.6604 59.4233 -27.8057  255 255 255
-51.6761 59.5981 -28.196  255 255 255
-51.6792 59.4633 -27.9314  255 255 255
-50.5201 59.7769 -28.4724  255 255 255
-58.4065 58.0128 -24.0966  255 255 255
77.5729 87.7615 -102.06  255 255 255
-26.4081 64.5923 -43.0707  255 255 255
73.4617 87.3274 -101.563  255 255 255
47.7124 43.1169 -26.422  255 255 255
-53.4644 57.8983 -28.0798  255 255 255
73.5646 84.7556 -100.995  255 255 255
29.885 75.0034 -77.6048  255 255 255
50.7982 19.1482 9.36463  255 255 255
22.813 72.7392 -74.2932  255 255 255
52.0105 18.4285 8.88975  255 255 255
-53.2214 56.1557 -29.1631  255 255 255
67.7005 80.4694 -100.004  255 255 255
52.1867 18.1634 7.70142  255 255 255
-32.2608 59.6523 -42.1167  255 255 255
-32.2608 59.6523 -42.1167  255 255 255
35.4641 72.732 -83.1302  255 255 255
49.6322 35.8312 -26.0919  255 255 255
49.707 35.8593 -26.1757  255 255 255
56.3522 27.7613 -13.7543  255 255 255
56.3606 27.7517 -13.766  255 255 255
-29.4304 58.926 -45.6943  255 255 255
52.0949 15.8571 6.91947  255 255 255
-39.7642 56.2245 -39.7174  255 255 255
22.0322 67.3637 -76.8296  255 255 255
13.8153 67.731 -75.6703  255 255 255
-8.73839 61.4383 -59.4567  255 255 255
-29.4413 56.7267 -46.3229  255 255 255
55.5639 10.8856 11.968  255 255 255
-54.1222 52.3923 -32.1172  255 255 255
-15.1945 59.4066 -56.5875  255 255 255
9.30778 61.8535 -69.1174  255 255 255
57.3914 7.93068 14.3485  255 255 255
7.42473 62.9699 -71.1825  255 255 255
55.6851 25.3106 -16.9994  255 255 255
-51.9471 51.7225 -34.7594  255 255 255
-51.9509 51.7494 -34.801  255 255 255
-51.9129 51.693 -34.6335  255 255 255
-51.9415 51.784 -34.8825  255 255 255
-38.4319 54.2069 -43.1183  255 255 255
27.0038 65.317 -81.2899  255 255 255
-57.0992 50.518 -31.2622  255 255 255
47.9956 17.3004 -1.39557  255 255 255
38.4826 68.0952 -90.1944  255 255 255
-34.5587 54.6024 -45.7488  255 255 255
51.7472 29.2515 -24.7268  255 255 255
-8.92242 58.7924 -62.332  255 255 255
54.1628 26.178 -21.5804  255 255 255
55.0796 24.7865 -19.8686  255 255 255
-29.087 54.7219 -50.4553  255 255 255
-31.8433 53.6795 -48.3735  255 255 255
54.7362 9.03896 7.76828  255 255 255
48.2751 15.399 -2.30582  255 255 255
54.5813 24.4964 -21.5652  255 255 255
54.5443 24.475 -21.508  255 255 255
52.2582 10.9021 4.10755  255 255 255
-65.4185 47.1152 -28.3626  255 255 255
-53.1643 48.6077 -36.4869  255 255 255
47.8556 29.9134 -34.1845  255 255 255
56.0936 5.71083 8.3827  255 255 255
52.6402 23.9579 -26.1735  255 255 255
-37.8406 49.6375 -47.0539  255 255 255
51.3788 24.8393 -28.9401  255 255 255
51.3788 24.8393 -28.9401  255 255 255
-28.2169 51.7034 -55.6761  255 255 255
50.113 25.7098 -31.4796  255 255 255
52.3592 23.1329 -26.9261  255 255 255
-53.2759 46.6159 -38.2622  255 255 255
-25.1878 51.0234 -56.2943  255 255 255
52.8585 22.0767 -25.7073  255 255 255
-9.15687 53.0807 -66.4688  255 255 255
-1.91989 54.1999 -71.3624  255 255 255
54.4691 20.6108 -24.6215  255 255 255
-33.9951 48.9689 -51.1796  255 255 255
21.6875 57.7063 -86.2722  255 255 255
54.7632 62.149 -105.817  255 255 255
-64.4359 43.9929 -32.3276  255 255 255
53.9254 20.1521 -25.7444  255 255 255
54.4615 19.7467 -25.1026  255 255 255
54.3886 19.7253 -24.9719  255 255 255
-33.2202 48.3114 -52.4495  255 255 255
-28.7096 48.6538 -55.4968  255 255 255
-40.8364 46.8502 -48.1776  255 255 255
51.4488 6.57956 -0.554239  255 255 255
-21.6259 48.1544 -59.1178  255 255 255
54.6837 18.3255 -25.4806  255 255 255
55.9789 1.66622 6.73748  255 255 255
5.24163 52.4541 -78.0654  255 255 255
-24.0781 47.1316 -57.5295  255 255 255
52.655 4.61946 0.881649  255 255 255
-41.4891 45.3681 -48.466  255 255 255
58.32 -4.96872 17.8402  255 255 255
58.32 -4.96872 17.8402  255 255 255
60.6221 -3.24378 13.4068  255 255 255
3.81013 0.933091 22.7716  255 255 255
-13.6099 47.3819 -68.4746  255 255 255
-13.5872 47.3834 -68.4585  255 255 255
-51.5558 41.7938 -43.375  255 255 255
-15.0345 47.0363 -67.9201  255 255 255
-39.2317 43.0399 -52.0747  255 255 255
-64.8405 39.7181 -35.6516  255 255 255
-54.698 40.9296 -42.1932  255 255 255
66.6548 -11.4405 22.2576  255 255 255
-59.4185 40.0621 -39.1892  255 255 255
56.5779 -2.15653 4.85479  255 255 255
-5.88425 -4.78407 31.5523  255 255 255
-11.3048 -1.89819 26.7093  255 255 255
54.6565 -1.52333 1.02868  255 255 255
-68.1478 37.4959 -34.7926  255 255 255
-25.9849 42.574 -62.9557  255 255 255
-63.5584 37.6052 -37.9622  255 255 255
-41.4842 40.2618 -53.0748  255 255 255
-7.26805 -5.43844 31.6795  255 255 255
2.64136 -8.20004 33.8139  255 255 255
-57.4516 38.1056 -42.3296  255 255 255
-9.55545 -4.97769 30.5094  255 255 255
53.5807 -2.18765 -2.19328  255 255 255
-57.2468 36.9897 -43.42  255 255 255
50.5553 0.0763609 -6.6104  255 255 255
-10.6273 41.8029 -75.5684  255 255 255
-15.7056 -1.68872 21.7118  255 255 255
-13.7044 40.5075 -74.3135  255 255 255
57.0129 -7.12692 2.6379  255 255 255
-13.5548 -5.5275 28.5169  255 255 255
-5.61352 -9.76135 34.4355  255 255 255
0.893535 -11.4977 35.5755  255 255 255
66.4656 -15.9925 17.7472  255 255 255
1.449 -11.9849 35.5102  255 255 255
-3.80516 -11.7225 36.079  255 255 255
-39.4097 35.9439 -58.5324  255 255 255
-14.9673 -6.12548 27.6348  255 255 255
-14.9535 -6.12242 27.5647  255 255 255
50.6249 -2.96184 -9.1998  255 255 255
61.7389 -14.8143 13.6411  255 255 255
-40.2771 35.7848 -58.4573  255 255 255
59.5583 -11.417 5.35114  255 255 255
7.43506 27.8487 -64.7836  255 255 255
51.1399 -4.61054 -9.39191  255 255 255
-34.5097 34.7135 -64.2915  255 255 255
-3.86004 -13.5457 35.8109  255 255 255
-9.84101 -11.5289 33.5914  255 255 255
-14.8128 -9.73365 29.6662  255 255 255
52.3643 -7.68252 -7.8487  255 255 255
-36.6659 32.7878 -63.8317  255 255 255
50.6646 -6.29205 -11.197  255 255 255
-18.5889 -6.81009 23.1826  255 255 255
-9.49264 -13.1625 34.1646  255 255 255
56.6239 -11.9706 -1.40582  255 255 255
-11.2513 -12.9151 32.9992  255 255 255
-18.3831 -8.39545 24.8772  255 255 255
11.6612 -17.0018 30.7587  255 255 255
69.7934 -20.7421 10.1805  255 255 255
69.7934 -20.7421 10.1805  255 255 255
-1.52876 -16.6493 36.2284  255 255 255
-1.4928 -16.6068 36.1431  255 255 255
-40.4756 30.5548 -63.1485  255 255 255
27.5668 -17.0014 20.2051  255 255 255
-18.754 -9.69254 25.1313  255 255 255
-18.4679 -9.44841 24.4082  255 255 255
59.835 -18.3697 1.75876  255 255 255
59.9224 -18.4145 1.67382  255 255 255
-25.4641 -4.48568 9.33091  255 255 255
58.7824 -19.7841 -0.510171  255 255 255
58.7824 -19.7841 -0.510171  255 255 255
72.186 -25.9341 5.88615  255 255 255
63.6557 -24.6042 4.48696  255 255 255
59.5368 -21.876 -2.48621  255 255 255
62.1575 -24.8814 3.16762  255 255 255
56.9223 -20.6359 -7.15728  255 255 255
-26.0647 -10.6839 17.1749  255 255 255
64.7215 -25.7452 1.73548  255 255 255
-23.4184 -13.653 23.3785  255 255 255
-8.5081 -20.9634 34.261  255 255 255
56.2364 -21.5688 -9.87749  255 255 255
11.3197 -26.5249 33.311  255 255 255
66.4318 -28.2621 -3.13933  255 255 255
56.8213 -24.2581 -9.56032  255 255 255
-28.5502 -15.3972 22.0261  255 255 255
-27.7221 -17.901 25.4908  255 255 255
68.885 -31.205 -7.0101  255 255 255
-16.1379 -23.2022 32.5298  255 255 255
-5.11774 -26.9611 36.3867  255 255 255
-4.52962 -27.3348 36.2698  255 255 255
-26.446 -19.5791 27.3227  255 255 255
64.2194 -33.3728 1.00392  255 255 255
7.29924 -31.2667 38.2535  255 255 255
65.4367 -34.986 2.71997  255 255 255
66.1014 -35.5981 3.38414  255 255 255
-12.2935 -25.772 34.5024  255 255 255
67.6776 -37.4542 5.13875  255 255 255
5.97166 -32.4832 39.6688  255 255 255
-24.2751 -22.8106 31.1187  255 255 255
-25.0498 -22.3267 29.1035  255 255 255
-24.2358 -23.3348 31.6725  255 255 255
-21.8187 -24.3402 32.376  255 255 255
-20.3544 -25.4464 33.7993  255 255 255
-40.558 -4.70823 -24.3482  255 255 255
-19.3225 -25.9607 34.0984  255 255 255
-22.0975 -25.0479 31.782  255 255 255
-16.5971 -27.6335 35.8584  255 255 255
64.5752 -40.6015 7.34011  255 255 255
-28.3976 -21.1458 21.6045  255 255 255
-12.8466 -29.3275 37.5501  255 255 255
-0.129843 -32.6738 37.7069  255 255 255
12.2616 -34.1196 31.0488  255 255 255
13.0501 -34.4567 30.5953  255 255 255
-22.9451 -25.8581 30.2904  255 255 255
-8.30478 -31.508 37.5747  255 255 255
60.1573 -41.9202 9.52994  255 255 255
5.20969 -34.7721 35.2677  255 255 255
-18.9102 -28.085 32.9659  255 255 255
-37.5864 -12.9491 -15.2497  255 255 255
-49.3331 -10.8652 -16.8491  255 255 255
-24.6178 -27.5566 28.8515  255 255 255
-19.8244 -29.4105 30.6079  255 255 255
-14.4173 -32.6925 33.6249  255 255 255
-8.91107 -34.5792 34.4981  255 255 255
-0.588279 -37.0372 33.7642  255 255 255
10.9952 -39.2153 28.1788  255 255 255
-40.3764 -17.5889 -9.76607  255 255 255
-58.8344 -12.2875 -14.5283  255 255 255
-20.1644 -31.7696 28.6765  255 255 255
-27.6405 -27.9173 18.794  255 255 255
-25.9261 -29.2181 22.4972  255 255 255
-27.1942 -28.9405 21.0222  255 255 255
-6.11614 -37.2031 33.6758  255 255 255
-2.31876 -38.1758 32.9901  255 255 255
-9.22252 -36.2647 33.0337  255 255 255
-13.5284 -35.5246 31.5579  255 255 255
-45.1267 -19.7308 -7.32327  255 255 255
4.90163 -41.6666 29.3188  255 255 255
-23.1693 -33.1868 24.2335  255 255 255
-61.9837 -17.2951 -8.55561  255 255 255
-21.1566 -34.9133 25.7831  255 255 255
-10.5779 -38.9104 30.7284  255 255 255
-19.864 -35.7462 26.7806  255 255 255
-49.6446 -24.3551 -1.3642  255 255 255
-48.8798 -24.842 -1.31791  255 255 255
-6.3087 -42.2516 30.1315  255 255 255
-6.34501 -42.2483 30.2045  255 255 255
-6.57927 -43.0918 30.6422  255 255 255
-54.336 -26.7832 2.07175  255 255 255
-44.6605 -32.0987 6.08798  255 255 255
-10.415 -48.1955 29.09  255 255 255
-18.6449 -47.1474 26.8807  255 255 255
1.00234 -57.4353 32.5233  255 255 255
-38.1467 -48.4001 24.6378  255 255 255
4.52509 -63.9818 39.7052  255 255 255
-5.05363 91.8759 -34.157  255 255 255
-8.52291 91.4835 -35.7004  255 255 255
-5.82253 87.1242 -37.0921  255 255 255
11.0411 92.2566 -46.8668  255 255 255
54.3716 104.833 -68.0552  255 255 255
43.1998 101.523 -63.0968  255 255 255
43.1998 101.523 -63.0968  255 255 255
47.2943 38.3003 18.322  255 255 255
3.75222 89.3806 -44.2672  255 255 255
6.71197 90.0142 -45.6386  255 255 255
6.70229 90.0094 -45.6078  255 255 255
-6.80461 85.675 -39.0916  255 255 255
-13.6996 83.6013 -35.8701  255 255 255
52.2274 55.1424 -6.36352  255 255 255
53.9672 101.859 -69.0084  255 255 255
54.4012 51.73 -4.1859  255 255 255
-57.4553 70.0017 -13.6546  255 255 255
-38.8224 74.9955 -23.4316  255 255 255
57.1682 101.766 -73.0901  255 255 255
52.6589 30.8009 23.5552  255 255 255
-63.1917 67.9746 -10.7745  255 255 255
-51.1217 71.1933 -17.277  255 255 255
-48.7602 71.8314 -18.6489  255 255 255
-48.7243 71.938 -18.8765  255 255 255
54.3352 50.8577 -5.16613  255 255 255
-47.8319 72.0574 -19.6154  255 255 255
-35.7007 75.1571 -26.1622  255 255 255
-4.41614 83.6007 -43.0729  255 255 255
0.0669818 84.8504 -45.3383  255 255 255
54.2537 50.3837 -6.46968  255 255 255
-47.2868 71.2871 -20.2873  255 255 255
-51.3028 69.9526 -18.5456  255 255 255
-2.36337 83.0985 -44.8322  255 255 255
2.77568 84.4433 -47.4854  255 255 255
-56.5381 68.2964 -16.1003  255 255 255
-3.57654 82.4586 -44.8138  255 255 255
-60.0713 66.9525 -14.1331  255 255 255
3.11864 83.7877 -48.5733  255 255 255
3.14625 83.8387 -48.7456  255 255 255
-51.9322 68.9595 -18.8484  255 255 255
-55.769 67.7382 -17.0748  255 255 255
-59.8092 66.4085 -15.2817  255 255 255
-59.8092 66.4085 -15.2817  255 255 255
51.8178 95.99 -75.0613  255 255 255
51.0964 28.3542 19.4243  255 255 255
-48.951 68.3684 -21.8502  255 255 255
-50.06 67.9245 -22.17  255 255 255
-32.3156 72.23 -31.561  255 255 255
-59.7578 64.4443 -16.7615  255 255 255
39.9678 89.9834 -71.5514  255 255 255
39.9219 89.872 -71.3858  255 255 255
6.56155 81.0743 -53.6724  255 255 255
6.78713 81.4847 -54.4439  255 255 255
56.9733 41.4256 -5.7106  255 255 255
28.1615 85.294 -66.7175  255 255 255
49.7377 31.8145 8.40904  255 255 255
49.7377 31.8145 8.40904  255 255 255
55.0864 21.4312 22.6513  255 255 255
-60.4595 62.4334 -18.0003  255 255 255
-18.7748 72.4571 -41.7475  255 255 255
-18.7714 72.4588 -41.7541  255 255 255
36.5907 87.5515 -74.2067  255 255 255
-11.9238 73.8166 -45.9468  255 255 255
-11.9238 73.8166 -45.9468  255 255 255
-20.0527 71.0294 -42.0707  255 255 255
-20.0531 71.0306 -42.0698  255 255 255
-20.0573 71.0009 -42.0068  255 255 255
52.5779 25.2617 13.6574  255 255 255
51.5631 24.6839 14.7022  255 255 255
-37.2055 66.3055 -32.9607  255 255 255
-49.2763 63.7365 -26.8093  255 255 255
-67.1347 58.6087 -15.3922  255 255 255
-30.1024 67.7769 -37.4636  255 255 255
-29.5061 67.0871 -38.4897  255 255 255
48.9173 27.2903 7.25993  255 255 255
52.917 22.0992 13.3881  255 255 255
52.917 22.0992 13.3881  255 255 255
-46.1678 60.849 -27.3004  255 255 255
-49.3502 61.1657 -28.0716  255 255 255
18.9595 77.6597 -70.2735  255 255 255
17.4412 75.5986 -66.714  255 255 255
17.4755 75.6599 -66.8515  255 255 255
53.1932 20.9708 12.5101  255 255 255
-56.3195 59.3039 -25.0125  255 255 255
63.6773 85.662 -93.2195  255 255 255
74.3731 87.4839 -98.9986  255 255 255
-67.3895 56.2539 -18.6767  255 255 255
-69.56 55.4444 -17.4978  255 255 255
-69.56 55.4444 -17.4978  255 255 255
-23.9341 65.8883 -45.3718  255 255 255
55.1498 34.663 -12.3211  255 255 255
-57.1782 57.6472 -25.3641  255 255 255
-60.1054 56.6029 -24.2667  255 255 255
-54.6418 57.5565 -27.3899  255 255 255
-63.8737 55.5721 -22.1099  255 255 255
-10.6515 66.4107 -53.7071  255 255 255
-61.6066 55.3003 -24.0868  255 255 255
30.2608 73.4213 -78.9013  255 255 255
-61.6739 54.3689 -24.5381  255 255 255
56.2228 13.6619 14.9955  255 255 255
50.6327 36.7297 -23.4221  255 255 255
50.4823 36.5572 -23.208  255 255 255
-8.50663 64.3424 -56.8724  255 255 255
67.4143 80.492 -102.56  255 255 255
74.7213 80.6216 -105.917  255 255 255
71.5968 79.7092 -104.908  255 255 255
51.1458 33.6837 -22.8089  255 255 255
48.3202 19.7328 0.51154  255 255 255
53.5113 14.0512 8.80638  255 255 255
49.9559 34.1939 -26.5425  255 255 255
51.399 31.7152 -22.6975  255 255 255
-4.31785 60.232 -64.1692  255 255 255
-6.93583 59.1739 -62.9601  255 255 255
64.8859 -1.07154 25.1458  255 255 255
13.0726 60.9115 -74.5034  255 255 255
11.7718 60.5037 -74.0053  255 255 255
13.7153 60.5294 -76.8381  255 255 255
50.8231 11.8583 1.30414  255 255 255
53.3312 8.77059 4.89867  255 255 255
55.2258 19.0819 -19.0263  255 255 255
-64.9523 43.0309 -27.6908  255 255 255
-20.3127 50.7749 -58.4161  255 255 255
36.3927 60.4889 -95.7505  255 255 255
-62.3735 44.4937 -32.9322  255 255 255
31.7169 58.9333 -92.8968  255 255 255
52.846 21.8667 -27.5886  255 255 255
53.9748 5.08575 4.46551  255 255 255
65.8193 -7.07664 23.4276  255 255 255
65.8193 -7.07664 23.4276  255 255 255
51.0989 21.9134 -31.2023  255 255 255
48.5931 9.62368 -5.59435  255 255 255
55.9765 1.78947 6.20708  255 255 255
53.7668 18.4035 -27.3557  255 255 255
-25.6882 46.7471 -57.0497  255 255 255
49.5486 7.27614 -4.36924  255 255 255
59.2409 -2.62108 10.9163  255 255 255
-61.8968 40.6489 -36.7035  255 255 255
-61.9024 40.6767 -36.7282  255 255 255
50.1436 4.34425 -5.22628  255 255 255
-13.1892 45.5833 -70.6654  255 255 255
-64.2692 38.8081 -36.5556  255 255 255
49.5306 4.02523 -7.12669  255 255 255
49.6163 4.04407 -7.22897  255 255 255
-55.0548 39.6765 -43.0422  255 255 255
57.3613 -4.12099 5.18762  255 255 255
-59.2256 37.6192 -41.5527  255 255 255
14.351 43.1157 -84.5338  255 255 255
20.1391 38.994 -78.2088  255 255 255
-18.6522 40.7759 -66.8045  255 255 255
54.8341 -3.41143 0.342234  255 255 255
62.2509 -10.3994 12.0099  255 255 255
12.4118 38.2522 -76.6464  255 255 255
63.0337 -11.451 13.0873  255 255 255
62.2963 -11.6119 11.2656  255 255 255
57.9929 -8.32015 4.05107  255 255 255
56.7954 -7.92665 1.66887  255 255 255
-17.57 38.6779 -73.5263  255 255 255
59.7573 -10.7204 6.48159  255 255 255
59.7536 -10.7159 6.48349  255 255 255
-43.4085 35.6971 -55.493  255 255 255
-16.0724 -4.69021 25.1614  255 255 255
-16.057 -4.67385 25.1177  255 255 255
-13.4568 -7.27464 29.3742  255 255 255
7.59268 -13.5179 34.5068  255 255 255
0.562517 30.8902 -67.5352  255 255 255
60.3773 -13.1372 6.17784  255 255 255
56.9742 -10.2596 0.18005  255 255 255
64.9473 -17.3544 13.2432  255 255 255
1.32176 -14.4621 35.6829  255 255 255
-13.9447 -9.63961 30.4007  255 255 255
61.4161 -14.8512 7.04118  255 255 255
-17.1322 -1.73749 11.7321  255 255 255
-15.1638 -9.35163 29.1152  255 255 255
-15.1377 -9.34162 29.0565  255 255 255
2.62537 -16.2137 34.9991  255 255 255
3.77146 -17.4022 36.6627  255 255 255
63.3191 -18.4204 8.69536  255 255 255
-15.1047 -11.1061 29.9337  255 255 255
-15.1125 -11.1111 29.9358  255 255 255
1.03986 -17.4953 36.2781  255 255 255
-18.812 -8.41104 23.379  255 255 255
58.6037 -15.506 0.484446  255 255 255
58.5432 -15.5084 0.567977  255 255 255
-22.4609 -1.74431 6.65448  255 255 255
57.2616 -15.9258 -2.9302  255 255 255
-9.28017 -16.535 34.2999  255 255 255
-13.2005 -15.3661 32.3361  255 255 255
-11.7476 -16.2138 33.2645  255 255 255
60.6875 -21.4985 0.861401  255 255 255
60.5736 -21.5243 0.999658  255 255 255
-26.7286 -7.02187 12.4636  255 255 255
63.7213 -24.0472 5.14132  255 255 255
-28.9447 -8.41822 16.1022  255 255 255
-2.64499 -21.1051 35.7686  255 255 255
-15.9929 -16.6173 30.0293  255 255 255
-15.9815 -16.6085 30.0054  255 255 255
60.1188 -22.7892 -1.39907  255 255 255
60.1364 -22.7534 -1.4463  255 255 255
-27.4457 -9.91982 16.5903  255 255 255
-27.4732 -9.8611 16.5835  255 255 255
-13.1444 -18.6055 32.2181  255 255 255
-23.2067 -14.1115 24.5285  255 255 255
62.5718 -25.6983 1.24858  255 255 255
-26.7278 -12.0229 19.2876  255 255 255
-22.1686 -15.7389 26.112  255 255 255
60.9105 -25.52 -1.56486  255 255 255
-26.9422 -18.063 26.1099  255 255 255
-16.9532 -22.3262 32.0916  255 255 255
-30.1746 -17.0748 24.2968  255 255 255
-28.0747 -17.9824 24.5714  255 255 255
-8.64554 -26.5337 35.3378  255 255 255
13.3762 -31.6039 32.9636  255 255 255
65.4027 -35.1367 1.49707  255 255 255
-29.2659 -18.771 23.5536  255 255 255
12.5259 -31.6893 32.8308  255 255 255
-25.7337 -21.982 27.2468  255 255 255
1.20021 -32.7899 38.569  255 255 255
5.19268 -33.4089 36.4458  255 255 255
11.5855 -34.6353 31.2412  255 255 255
14.1763 -35.1275 29.4687  255 255 255
-36.8499 -11.1975 -17.4434  255 255 255
-46.1261 -8.49392 -19.8381  255 255 255
-35.9622 -12.0213 -16.6671  255 255 255
-39.6402 -11.8352 -16.8525  255 255 255
-17.0545 -29.8163 33.3918  255 255 255
-12.5289 -31.5052 35.4695  255 255 255
-59.7843 -7.81035 -19.5461  255 255 255
5.40368 -36.7509 33.7642  255 255 255
-27.0578 -25.6104 21.8364  255 255 255
-48.4774 -13.9579 -13.3318  255 255 255
-46.6918 -14.7147 -13.2532  255 255 255
-3.6154 -36.4705 34.749  255 255 255
-41.9 -17.9699 -9.00245  255 255 255
-25.3587 -29.4307 22.4847  255 255 255
-11.6484 -36.1248 32.036  255 255 255
-47.0278 -19.3949 -7.54691  255 255 255
-2.57666 -39.3253 32.2036  255 255 255
-53.6044 -18.0414 -8.02198  255 255 255
-12.5562 -37.6528 30.0797  255 255 255
-48.1254 -21.8786 -4.51255  255 255 255
-5.99373 -40.215 31.2799  255 255 255
-61.7652 -19.3116 -6.1966  255 255 255
-12.7224 -38.4971 29.7368  255 255 255
-58.7532 -20.4987 -4.6409  255 255 255
-47.3747 -25.04 -0.892232  255 255 255
-44.2477 -26.0666 0.0300574  255 255 255
-53.2593 -24.0416 -1.57215  255 255 255
-62.3646 -23.1573 -2.13072  255 255 255
-48.2373 -29.3889 4.13714  255 255 255
-45.3197 -30.7562 5.41501  255 255 255
-50.1068 -31.1357 6.49219  255 255 255
5.05766 -52.5474 30.2462  255 255 255
-54.7947 -34.5309 12.3956  255 255 255
14.0426 -59.5072 36.2559  255 255 255
14.0309 -59.6157 34.0268  255 255 255
-2.10649 -56.5096 31.7206  255 255 255
2.9353 -57.9518 28.6627  255 255 255
3.1385 94.4076 -37.7622  255 255 255
8.55954 94.696 -43.3203  255 255 255
47.787 105.91 -63.0046  255 255 255
50.3112 58.3406 -8.09588  255 255 255
-16.0094 83.8463 -34.1514  255 255 255
-50.1284 72.4244 -16.785  255 255 255
21.6808 92.0341 -56.0001  255 255 255
-54.5852 69.7537 -15.8134  255 255 255
-50.2122 71.5955 -18.9323  255 255 255
-40.6021 73.1305 -23.789  255 255 255
19.8623 89.942 -57.7798  255 255 255
28.5593 91.0815 -62.742  255 255 255
55.3993 27.6352 22.1555  255 255 255
-54.3581 68.4192 -18.1061  255 255 255
-31.0324 73.6654 -31.7712  255 255 255
54.496 27.6429 20.1652  255 255 255
-55.1392 67.2485 -18.6427  255 255 255
-58.8752 66.1044 -16.4783  255 255 255
-55.7747 66.2318 -19.1222  255 255 255
89.9901 103.633 -98.254  255 255 255
53.0855 25.5784 15.6173  255 255 255
50.3926 45.7205 -17.523  255 255 255
-59.3635 61.0068 -20.6869  255 255 255
-20.629 69.862 -43.0981  255 255 255
-22.9317 66.2804 -43.2988  255 255 255
-60.3744 57.1844 -22.8041  255 255 255
-70.6369 53.872 -17.6412  255 255 255
56.7018 31.4819 -11.7605  255 255 255
-54.0135 56.8964 -28.6443  255 255 255
55.9496 9.27975 24.3226  255 255 255
-70.114 54.1777 -20.5037  255 255 255
52.8719 78.2578 -90.9395  255 255 255
0.582205 67.2272 -61.5888  255 255 255
56.7207 12.9509 15.9399  255 255 255
56.713 76.3141 -95.9121  255 255 255
16.9551 67.3972 -74.2512  255 255 255
50.8959 15.9769 4.83779  255 255 255
57.7454 8.9232 14.8111  255 255 255
47.3025 16.7626 -2.3347  255 255 255
53.5359 9.53244 5.91721  255 255 255
56.4622 6.3779 10.4762  255 255 255
4.33403 57.7457 -70.3549  255 255 255
1.67997 56.924 -69.5162  255 255 255
47.762 12.5397 -5.24412  255 255 255
57.4368 2.50074 11.6647  255 255 255
9.58845 56.752 -77.9614  255 255 255
10.5418 55.4094 -78.3774  255 255 255
-6.27884 52.6426 -68.1383  255 255 255
9.33522 54.7692 -79.5984  255 255 255
53.9884 17.1975 -27.9029  255 255 255
-41.863 44.5753 -49.9855  255 255 255
-6.06223 1.06024 24.2392  255 255 255
-18.1056 47.1884 -66.0346  255 255 255
7.05757 -2.22667 24.712  255 255 255
-8.59577 -8.34636 33.1338  255 255 255
71.7783 -13.3119 10.24  255 255 255
64.4552 -14.2434 13.6902  255 255 255
64.5479 -14.2424 13.578  255 255 255
-9.20783 -10.0384 33.6564  255 255 255
-16.7 -6.32693 25.9241  255 255 255
-16.6846 -6.31319 25.8821  255 255 255
9.5375 -17.8362 32.7082  255 255 255
56.0506 -13.0448 -3.98903  255 255 255
-41.1293 28.9556 -61.4227  255 255 255
64.3107 -21.5049 8.32886  255 255 255
62.0979 -19.7957 4.91428  255 255 255
-15.522 -13.4277 30.344  255 255 255
-15.4819 -13.4205 30.2783  255 255 255
24.3029 -23.7956 28.129  255 255 255
60.1356 -21.8293 -0.454569  255 255 255
-26.4426 -8.94931 15.209  255 255 255
-26.4426 -8.94931 15.209  255 255 255
66.0213 -27.4153 9.11906  255 255 255
-29.3653 -9.42491 15.9635  255 255 255
17.2011 -29.1076 34.6176  255 255 255
-28.994 -14.9854 12.3178  255 255 255
-26.7448 -19.9613 26.4116  255 255 255
-24.1273 -21.8984 30.3435  255 255 255
-26.4325 -20.9546 26.1193  255 255 255
-24.3332 -24.0662 31.6147  255 255 255
5.97718 -33.4541 37.9013  255 255 255
-29.0591 -18.6832 15.1618  255 255 255
-18.324 -27.2673 34.0271  255 255 255
-38.6492 -10.3278 -18.6233  255 255 255
-29.0223 -24.8635 18.1678  255 255 255
-42.2782 -14.6519 -12.8686  255 255 255
-24.7748 -27.9594 25.7296  255 255 255
-16.5285 -32.4346 31.9354  255 255 255
-27.0265 -26.9583 19.5382  255 255 255
36.1637 -43.0815 13.9326  255 255 255
-18.1577 -33.9099 29.1328  255 255 255
-0.547226 -40.1774 31.4692  255 255 255
-57.4882 -24.0735 -1.09662  255 255 255
-57.4568 -24.1091 -1.57967  255 255 255
-6.52606 -42.5579 29.3242  255 255 255
-57.0256 -28.9189 3.66371  255 255 255
9.1632 -52.4672 29.4543  255 255 255
-52.8862 -35.5614 11.456  255 255 255
1.9852 -55.0746 31.2441  255 255 255
7.74939 -63.6991 39.3806  255 255 255
-0.636768 -61.6816 37.6399  255 255 255
0.657087 -62.1284 37.6775  255 255 255
-6.70868 89.8524 -34.0089  255 255 255
27.7775 99.2169 -53.7217  255 255 255
4.10068 91.026 -42.6809  255 255 255
49.3681 37.5645 16.1173  255 255 255
49.5814 58.4847 -12.5728  255 255 255
-39.0795 73.2842 -23.4402  255 255 255
49.4502 54.9714 -15.2638  255 255 255
-6.53486 81.2404 -44.096  255 255 255
-2.33023 80.8939 -47.103  255 255 255
20.3536 85.9368 -59.8414  255 255 255
38.0803 88.4232 -72.0174  255 255 255
55.7466 38.4052 -5.68365  255 255 255
49.0719 28.2875 8.36586  255 255 255
-36.6272 64.6558 -33.4727  255 255 255
50.2816 25.3171 9.46991  255 255 255
51.0889 24.3352 10.5064  255 255 255
48.6731 23.2495 4.25391  255 255 255
26.3556 74.2651 -75.2658  255 255 255
57.9429 10.5155 16.23  255 255 255
50.6063 33.5823 -24.1397  255 255 255
50.6063 33.5823 -24.1397  255 255 255
20.8733 65.1422 -78.066  255 255 255
46.8067 68.5103 -95.9896  255 255 255
47.4423 14.1048 -2.57807  255 255 255
54.7503 21.8533 -24.0679  255 255 255
58.1612 0.669224 11.4312  255 255 255
44.8747 59.5698 -101.465  255 255 255
52.8455 5.68907 2.29082  255 255 255
52.8455 5.68907 2.29082  255 255 255
-27.1839 47.0765 -56.2815  255 255 255
18.3921 52.2677 -89.5654  255 255 255
15.4296 50.9921 -87.8148  255 255 255
-13.7235 -0.576717 25.4265  255 255 255
-16.7596 42.8101 -67.2432  255 255 255
-17.273 42.0069 -64.8923  255 255 255
48.9341 1.63566 -10.2038  255 255 255
-11.6709 -6.6588 30.4937  255 255 255
51.6773 -3.53033 -7.42142  255 255 255
65.7684 -13.0412 8.9192  255 255 255
-20.3133 -2.65483 12.0684  255 255 255
-18.7186 -3.63151 13.336  255 255 255
62.1051 -17.8411 6.51018  255 255 255
62.0251 -17.8653 6.59684  255 255 255
61.8131 -21.0884 4.35673  255 255 255
-18.3712 -12.4733 26.8326  255 255 255
-17.55 -13.3783 27.9197  255 255 255
22.3207 -24.8967 29.4015  255 255 255
66.3457 -28.7403 5.72029  255 255 255
68.1754 -26.9425 -2.64463  255 255 255
-27.6103 -19.6727 24.7547  255 255 255
-24.9769 -23.7031 27.7268  255 255 255
-26.3522 -22.8245 25.066  255 255 255
-5.62486 -34.9378 36.1784  255 255 255
11.0618 -37.8143 29.1147  255 255 255
-40.2418 -15.1193 -12.1679  255 255 255
6.74271 -38.8785 31.6414  255 255 255
-5.14125 -36.8715 35.6245  255 255 255
-25.9303 -27.8528 19.6627  255 255 255
-28.3529 -27.238 16.5614  255 255 255
-52.6005 -16.1278 -10.5509  255 255 255
-19.6578 -32.911 27.9885  255 255 255
-8.84915 -37.9619 31.43  255 255 255
-1.72513 -40.8382 30.7171  255 255 255
-16.9464 -38.6315 28.3544  255 255 255
-47.7444 -27.0854 0.773102  255 255 255
-46.7691 -29.8986 4.5012  255 255 255
15.0775 -51.8457 26.5936  255 255 255
2.78462 -49.5884 28.7999  255 255 255
7.03066 -56.0592 30.7811  255 255 255
7.03066 -56.0592 30.7811  255 255 255
50.4406 35.5288 15.1121  255 255 255
-10.4815 79.9698 -41.6688  255 255 255
24.6418 89.823 -61.4039  255 255 255
21.3949 88.9718 -59.957  255 255 255
2.85484 82.2539 -49.5598  255 255 255
23.8531 86.0906 -62.6993  255 255 255
23.6918 85.8591 -62.2557  255 255 255
58.5968 20.1159 23.4363  255 255 255
85.0632 97.2862 -96.6159  255 255 255
-18.7283 70.5842 -44.3919  255 255 255
-23.6524 67.9335 -42.2009  255 255 255
48.8184 41.2404 -23.8003  255 255 255
54.9698 81.1463 -90.8034  255 255 255
-7.72458 65.3634 -56.0741  255 255 255
57.2144 30.731 -14.8308  255 255 255
57.2873 28.3644 -12.8574  255 255 255
18.5464 66.7746 -77.716  255 255 255
-24.2502 54.7364 -54.0688  255 255 255
57.8226 -4.45702 18.9291  255 255 255
61.4871 -3.45119 15.5807  255 255 255
64.5952 -9.88234 18.9368  255 255 255
-14.0335 43.9009 -72.9755  255 255 255
59.265 -8.46928 7.05359  255 255 255
-0.481565 -14.6282 35.8454  255 255 255
98.7248 -15.8117 -15.8672  255 255 255
-16.6826 -12.8241 30.3255  255 255 255
-21.949 -7.62221 17.8582  255 255 255
-3.53466 -20.165 35.6923  255 255 255
63.1099 -24.814 4.06497  255 255 255
63.4595 -30.5884 1.63869  255 255 255
65.3193 -33.0073 4.38096  255 255 255
-28.6885 -17.6258 23.4658  255 255 255
-14.5407 -31.7971 35.7788  255 255 255
4.16754 -37.994 32.4027  255 255 255
9.89489 -39.3276 29.1023  255 255 255
-6.39695 -41.4903 30.7311  255 255 255
-16.0366 -38.992 28.5522  255 255 255
-16.0467 -38.9863 28.6212  255 255 255
-16.4812 -41.1568 27.5776  255 255 255
19.0739 -51.5762 25.961  255 255 255
16.1582 -52.048 27.8553  255 255 255
-39.5093 -34.927 11.8563  255 255 255
-32.604 -44.2058 21.9236  255 255 255
-10.1991 85.1815 -37.5928  255 255 255
51.1647 55.7144 -10.0122  255 255 255
55.941 38.0155 -1.06227  255 255 255
23.0464 77.041 -70.2285  255 255 255
23.0256 76.9802 -70.1427  255 255 255
57.8591 79.9635 -95.9852  255 255 255
-70.9742 51.6444 -18.7055  255 255 255
23.4541 71.2538 -76.8709  255 255 255
26.2662 69.5831 -79.2677  255 255 255
-7.96214 53.8745 -63.9119  255 255 255
-8.20683 0.709159 25.8569  255 255 255
-17.9558 44.4826 -65.4742  255 255 255
-8.00691 45.4187 -75.3863  255 255 255
-13.2604 -11.1012 31.4962  255 255 255
60.0377 -14.7365 3.05171  255 255 255
-23.5285 -22.9766 31.2444  255 255 255
-14.8509 -28.1827 36.9838  255 255 255
-25.4873 -28.0362 23.7992  255 255 255
-16.2246 -33.2818 31.9112  255 255 255
-14.1624 -35.2888 31.8533  255 255 255
-20.6893 -33.4337 27.1106  255 255 255
0.186778 -47.6277 29.9883  255 255 255
12.2811 95.9625 -46.0362  255 255 255
-4.97127 89.5554 -36.7682  255 255 255
-9.6995 87.0081 -34.9434  255 255 255
15.3523 83.0905 -56.8436  255 255 255
16.4118 85.0119 -59.6586  255 255 255
59.9268 72.459 -100.813  255 255 255
54.5691 25.9145 -21.3173  255 255 255
2.44711 52.8448 -76.3514  255 255 255
-4.83687 -7.11813 32.9671  255 255 255
-24.2742 -26.585 25.1977  255 255 255
12.7747 -48.3813 25.5609  255 255 255
12.7747 -48.3813 25.5609  255 255 255
16.9525 95.5865 -48.9896  255 255 255
0.297171 89.8641 -40.9935  255 255 255
0.29499 89.8691 -40.9884  255 255 255
-31.7822 76.4757 -25.6001  255 255 255
19.5124 93.1055 -55.453  255 255 255
54.537 43.4125 3.78267  255 255 255
-0.941962 78.0082 -49.342  255 255 255
-1.21659 74.0958 -54.1086  255 255 255
-1.29986 73.9723 -53.7845  255 255 255
-26.3367 -21.1579 26.7795  255 255 255
-0.634008 -37.2108 33.9005  255 255 255
-3.86541 -38.9456 32.5871  255 255 255
7.20191 -46.0916 31.9816  255 255 255
0.388941 86.1995 -44.6895  255 255 255
53.0168 53.3838 -8.91158  255 255 255
53.5141 43.6524 -12.1015  255 255 255
16.7839 76.0251 -69.5243  255 255 255
-21.2469 63.5264 -48.6134  255 255 255
36.8032 64.7867 -92.6858  255 255 255
49.2208 65.3979 -100.164  255 255 255
-1.86364 52.6761 -78.24  255 255 255
-3.46503 45.9669 -76.4542  255 255 255
-29.2492 41.5595 -61.6192  255 255 255
-18.2968 -13.1831 26.9145  255 255 255
-23.0566 -12.8324 24.2851  255 255 255
-26.5428 -18.5813 27.3376  255 255 255
7.46403 -43.5606 30.8925  255 255 255
51.5171 86.6729 -86.5155  255 255 255
-24.6191 50.9294 -54.4923  255 255 255
-13.0268 44.8505 -69.3294  255 255 255
-12.9957 45.0671 -69.7825  255 255 255
-16.0504 54.4638 -60.4082  255 255 255
9.6099 75.9492 -68.2516  255 255 255
-20.4597 120.681 -32.875  255 255 255
17.8946 135.001 -48.6099  255 255 255
15.9729 134.275 -48.5872  255 255 255
18.157 134.345 -49.2894  255 255 255
16.6758 133.893 -49.8346  255 255 255
15.9799 132.195 -50.5785  255 255 255
104.212 225.965 -168.029  255 255 255
16.755 119.524 -51.8982  255 255 255
-24.154 94.238 -31.8274  255 255 255
39.1946 103.833 -56.5678  255 255 255
27.7004 99.5431 -53.6238  255 255 255
9.62274 93.802 -44.8139  255 255 255
-5.68138 86.5771 -39.3697  255 255 255
48.4972 60.8887 -11.8663  255 255 255
-10.2674 85.1396 -37.2173  255 255 255
53.5731 53.8694 -3.54334  255 255 255
-4.13455 85.1103 -41.686  255 255 255
49.794 36.6464 16.6867  255 255 255
7.5005 87.9633 -47.5215  255 255 255
56.1965 49.5659 -1.97658  255 255 255
53.1307 33.881 19.4534  255 255 255
48.502 58.4991 -14.5989  255 255 255
89.1323 108.993 -89.9102  255 255 255
41.6103 99.5355 -72.5862  255 255 255
49.6832 35.1547 12.3581  255 255 255
-14.1537 78.9801 -39.624  255 255 255
46.0701 95.475 -70.8504  255 255 255
55.6433 26.9919 22.4099  255 255 255
-52.4415 67.9578 -19.474  255 255 255
37.0069 92.319 -66.7435  255 255 255
48.8308 54.6475 -15.957  255 255 255
35.206 92.082 -66.3938  255 255 255
-51.1674 67.3913 -20.7478  255 255 255
50.9505 50.972 -13.6162  255 255 255
52.4112 28.9781 16.751  255 255 255
40.9916 91.5764 -70.2741  255 255 255
24.3743 87.2281 -62.293  255 255 255
-28.8099 72.4947 -33.9161  255 255 255
54.9911 44.8331 -7.98714  255 255 255
54.9911 44.8331 -7.98714  255 255 255
-6.22789 77.2278 -47.278  255 255 255
50.2359 29.6668 12.173  255 255 255
52.1233 27.9199 14.223  255 255 255
29.3088 86.3431 -66.7031  255 255 255
50.2313 48.0142 -17.032  255 255 255
54.1798 23.6195 16.7748  255 255 255
-48.128 64.3164 -25.6921  255 255 255
20.4884 81.7205 -64.3064  255 255 255
29.8745 83.6311 -69.1403  255 255 255
23.8251 81.6502 -66.0438  255 255 255
52.9226 42.3156 -14.1768  255 255 255
-42.2399 64.0514 -30.7541  255 255 255
-42.247 64.0916 -30.711  255 255 255
57.1038 86.678 -86.4325  255 255 255
54.0023 20.5169 14.2063  255 255 255
-29.4206 65.6889 -39.6296  255 255 255
58.1678 14.8626 20.1715  255 255 255
15.1877 75.42 -65.542  255 255 255
56.4287 34.4487 -10.6268  255 255 255
58.4391 13.8463 19.8938  255 255 255
-1.29037 70.72 -57.0319  255 255 255
-25.4964 64.8151 -43.0109  255 255 255
54.7799 36.0751 -14.9284  255 255 255
82.6604 88.9947 -104.722  255 255 255
62.1175 82.4253 -94.0866  255 255 255
38.485 77.8457 -81.9283  255 255 255
55.1635 15.3258 13.7594  255 255 255
6.60236 69.2881 -63.9999  255 255 255
53.4749 16.4666 10.7488  255 255 255
53.1706 16.2729 11.0699  255 255 255
56.3793 29.8158 -12.6449  255 255 255
49.1664 38.2973 -25.422  255 255 255
39.3084 74.5722 -84.7399  255 255 255
55.9479 11.7901 12.7555  255 255 255
50.5761 15.9785 3.66031  255 255 255
51.4075 31.1961 -24.3321  255 255 255
52.2058 30.1069 -23.1781  255 255 255
57.3782 6.10957 12.7576  255 255 255
52.7876 26.4163 -24.0211  255 255 255
48.9974 30.6188 -30.8555  255 255 255
49.2876 30.8257 -31.284  255 255 255
52.1934 10.2032 3.40843  255 255 255
40.3934 65.9489 -93.7623  255 255 255
49.7361 11.6957 -1.25429  255 255 255
19.2688 61.2003 -81.8509  255 255 255
55.0353 20.8721 -20.7001  255 255 255
-23.7616 52.7972 -55.4312  255 255 255
49.735 26.7277 -31.1724  255 255 255
52.2488 7.96075 2.10831  255 255 255
52.0354 8.21994 1.69276  255 255 255
52.9091 22.9692 -26.2636  255 255 255
51.3865 8.3288 0.431611  255 255 255
51.3379 8.3269 0.48409  255 255 255
57.3678 1.9287 9.92171  255 255 255
56.0061 2.34537 6.81785  255 255 255
29.8195 58.6839 -90.7719  255 255 255
60.6422 -2.69441 13.7043  255 255 255
23.7129 57.0286 -88.3736  255 255 255
54.3008 18.3524 -26.2307  255 255 255
59.8335 -3.81492 11.2865  255 255 255
-12.1342 49.9278 -67.4083  255 255 255
61.0238 -5.36254 12.9277  255 255 255
63.4339 -7.37748 15.793  255 255 255
61.145 -5.71205 13.2643  255 255 255
51.4825 3.70012 -2.05351  255 255 255
51.4089 3.6362 -2.48063  255 255 255
59.6431 -4.60103 10.3264  255 255 255
53.3194 1.49811 0.312747  255 255 255
57.8488 -3.99886 7.44999  255 255 255
51.5963 1.72227 -3.55669  255 255 255
59.7486 -6.65562 9.27581  255 255 255
56.8753 -4.08425 4.6126  255 255 255
56.9271 -4.33847 4.73488  255 255 255
54.7213 -2.34039 0.873665  255 255 255
-11.3081 45.8642 -71.5528  255 255 255
-11.3081 45.8642 -71.5528  255 255 255
68.1029 -16.7699 22.2929  255 255 255
61.6448 -10.4666 11.2296  255 255 255
4.49079 46.3301 -83.4864  255 255 255
-9.12984 44.4291 -74.2701  255 255 255
59.3003 -8.5165 7.09576  255 255 255
54.2923 -3.49862 -1.20046  255 255 255
54.2859 -3.49363 -1.19856  255 255 255
57.6472 -6.62819 3.14192  255 255 255
69.2552 -19.1097 23.0439  255 255 255
-0.421099 44.0503 -81.0727  255 255 255
56.4652 -7.05634 1.68464  255 255 255
-10.6728 -7.12354 31.2006  255 255 255
-12.2779 -6.39535 29.7321  255 255 255
58.0533 -9.10301 3.74881  255 255 255
56.3424 -7.6171 0.798157  255 255 255
59.7824 -11.3019 6.13856  255 255 255
69.2954 -20.9041 22.2961  255 255 255
60.7618 -12.3362 7.85639  255 255 255
59.9606 -11.6912 6.31776  255 255 255
-7.60998 -10.3143 34.2878  255 255 255
59.131 -11.2077 4.64951  255 255 255
59.1054 -11.3339 4.31378  255 255 255
-0.542368 -13.2285 35.9335  255 255 255
57.5274 -10.3259 1.59917  255 255 255
6.37282 -14.3784 34.3934  255 255 255
70.2765 -23.2751 23.0205  255 255 255
61.2385 -14.1923 6.97489  255 255 255
-67.7335 -29.2436 101.563  255 255 255
57.1751 -11.0931 0.387121  255 255 255
-16.979 -6.60971 25.7415  255 255 255
-15.0617 -8.38507 28.9146  255 255 255
58.1754 -12.515 1.75411  255 255 255
61.4156 -15.5361 6.72192  255 255 255
57.3019 -12.108 -0.137599  255 255 255
0.321184 -16.0246 36.1554  255 255 255
56.6274 -12.2494 -1.48394  255 255 255
-17.7877 -0.619861 9.6379  255 255 255
66.0731 -25.9715 24.5256  255 255 255
56.5464 -12.21 -2.22873  255 255 255
-17.1008 -8.62492 26.8097  255 255 255
6.94822 -17.3149 34.2309  255 255 255
58.1625 -14.5286 0.304376  255 255 255
59.4981 -15.8139 2.03921  255 255 255
59.8767 -16.317 2.51976  255 255 255
57.0362 -13.8501 -1.98436  255 255 255
58.7316 -16.5469 0.45069  255 255 255
-19.5907 -7.61043 21.58  255 255 255
60.5299 -18.401 2.55702  255 255 255
60.5165 -18.3767 2.53873  255 255 255
-17.9029 -10.6003 26.7541  255 255 255
16.8996 -19.3624 28.2147  255 255 255
58.7376 -17.3816 -0.417103  255 255 255
59.0718 -17.6916 -0.131468  255 255 255
-14.8432 -13.6856 30.8456  255 255 255
-21.8312 -6.94025 17.4029  255 255 255
57.816 -17.9748 -2.35249  255 255 255
-3.64597 -19.584 35.7249  255 255 255
-10.479 -17.3046 33.9417  255 255 255
23.3628 -22.4604 26.5518  255 255 255
-19.5876 -11.5427 24.2125  255 255 255
4.2255 -21.3672 34.5427  255 255 255
-17.8639 -13.7229 27.6081  255 255 255
59.6908 -21.7179 -0.854043  255 255 255
62.5062 -24.2958 3.12575  255 255 255
19.8523 -24.0954 28.9071  255 255 255
21.2984 -24.7672 29.5626  255 255 255
-7.07329 -20.9016 34.8589  255 255 255
-12.3758 -18.8752 32.7308  255 255 255
63.9754 -27.5079 3.65067  255 255 255
57.0489 -21.5768 -7.23131  255 255 255
-8.96245 -20.9795 34.0247  255 255 255
-67.4473 -31.7604 98.9469  255 255 255
-16.5066 -19.9261 32.0048  255 255 255
11.393 -28.0622 34.2549  255 255 255
-14.2058 -22.2114 34.3622  255 255 255
60.2274 -28.0222 -4.39486  255 255 255
60.3951 -28.0293 -4.55537  255 255 255
-16.5833 -21.512 32.6784  255 255 255
-18.9606 -20.4927 31.0281  255 255 255
0.919256 -27.5503 35.8531  255 255 255
-68.136 -32.261 98.9498  255 255 255
69.9911 -37.464 12.0373  255 255 255
-29.7003 -12.4006 13.99  255 255 255
-7.9573 -25.6114 35.9253  255 255 255
-13.3734 -24.0829 34.4686  255 255 255
-1.77893 -27.8185 35.8705  255 255 255
-25.9328 -18.1344 25.7881  255 255 255
-7.50976 -26.6549 35.6161  255 255 255
-7.16039 -26.8703 35.7109  255 255 255
-37.9367 4.67816 -34.981  255 255 255
-9.47779 -26.3185 35.207  255 255 255
2.89618 -30.639 37.8473  255 255 255
-24.8967 -20.3579 28.4585  255 255 255
67.5016 -37.5234 4.44562  255 255 255
-27.9917 -18.6437 24.3629  255 255 255
-23.7972 -22.7 31.3237  255 255 255
-4.41173 -30.1494 37.9865  255 255 255
-23.586 -22.9489 31.6212  255 255 255
-23.5807 -23.1464 31.8453  255 255 255
-23.4257 -23.0771 31.5073  255 255 255
5.00335 -32.6464 37.1376  255 255 255
-14.1262 -27.3081 35.637  255 255 255
-15.3447 -28.0986 36.6474  255 255 255
-15.0418 -28.694 37.061  255 255 255
-11.4086 -30.9068 36.6343  255 255 255
-28.7849 -21.2654 20.5106  255 255 255
-13.5715 -30.3875 35.9673  255 255 255
-42.6561 -5.06871 -23.7314  255 255 255
47.4289 -40.7288 9.6033  255 255 255
-1.38245 -34.7972 35.7902  255 255 255
5.27587 -36.3936 33.8941  255 255 255
-44.6419 -6.80275 -21.6338  255 255 255
-42.3784 -7.93109 -20.4343  255 255 255
4.64989 -36.6036 33.6175  255 255 255
-26.6867 -24.3955 22.4206  255 255 255
-19.0694 -29.6259 31.4157  255 255 255
-10.4197 -33.7809 34.5425  255 255 255
-11.4305 -33.477 34.2503  255 255 255
2.26327 -37.8654 32.702  255 255 255
-9.09396 -35.2724 33.3611  255 255 255
-18.5892 -32.4339 29.5724  255 255 255
-21.4836 -31.305 27.3491  255 255 255
-21.2809 -31.6071 27.3396  255 255 255
-7.64467 -37.3662 32.7688  255 255 255
-22.0337 -32.3499 25.9726  255 255 255
-9.0835 -37.8255 31.8506  255 255 255
-14.0584 222.598 -126.507  255 255 255
17.8685 135.085 -47.5292  255 255 255
16.8047 134.93 -49.451  255 255 255
-21.2597 118.078 -35.6592  255 255 255
17.7727 131.525 -52.1676  255 255 255
-17.0341 116.459 -37.9832  255 255 255
-21.2034 114.764 -37.9323  255 255 255
1.41044 114.034 -38.6003  255 255 255
16.3328 126.294 -53.7956  255 255 255
-20.3278 113.383 -38.7237  255 255 255
96.2458 225.382 -168.971  255 255 255
-13.2846 108.714 -36.5098  255 255 255
-5.31811 110.709 -40.4357  255 255 255
-13.5048 105.55 -35.1964  255 255 255
-11.2616 100.538 -34.1573  255 255 255
-9.79703 101.158 -34.8741  255 255 255
17.8135 111.823 -49.1741  255 255 255
-12.5931 101.485 -35.4706  255 255 255
-9.46153 96.835 -33.3191  255 255 255
1.30503 94.1007 -36.2551  255 255 255
12.3719 97.5479 -42.2134  255 255 255
19.7113 99.1395 -47.5958  255 255 255
2.74826 92.6993 -39.9449  255 255 255
-7.16849 86.9299 -36.1805  255 255 255
49.2708 103.267 -66.1359  255 255 255
38.6091 100.002 -61.3261  255 255 255
49.4979 58.6757 -8.74883  255 255 255
-36.6647 76.7389 -24.1354  255 255 255
48.522 38.8781 15.6742  255 255 255
-41.2023 74.8593 -21.9676  255 255 255
54.4555 51.9981 -2.76018  255 255 255
54.4409 52.1265 -3.41244  255 255 255
50.0405 36.2976 17.269  255 255 255
19.7056 92.2049 -53.9746  255 255 255
-44.4519 73.2813 -21.0411  255 255 255
17.8003 91.9778 -53.6837  255 255 255
49.3492 99.9983 -69.0859  255 255 255
58.7519 101.961 -73.5874  255 255 255
14.9319 90.0018 -52.3141  255 255 255
34.3492 95.5279 -62.7002  255 255 255
-23.0838 78.2943 -32.5325  255 255 255
37.0127 93.6733 -66.1451  255 255 255
41.0784 94.1953 -68.6477  255 255 255
29.1359 90.7883 -62.5006  255 255 255
48.5062 55.5046 -16.2631  255 255 255
12.0708 86.104 -53.786  255 255 255
52.7535 30.0906 17.4204  255 255 255
6.00129 83.7608 -51.4205  255 255 255
6.05156 83.842 -51.5406  255 255 255
41.5637 92.0955 -70.4061  255 255 255
55.2506 95.6837 -77.9915  255 255 255
41.3849 91.0301 -71.3865  255 255 255
-24.7423 73.0076 -36.8135  255 255 255
-19.6004 73.8088 -39.4702  255 255 255
15.6289 81.6372 -59.7197  255 255 255
12.9643 80.0786 -59.052  255 255 255
-20.3271 71.0865 -41.8923  255 255 255
55.9388 39.959 -9.24778  255 255 255
-41.9504 65.307 -29.9824  255 255 255
-20.4281 70.6545 -42.4507  255 255 255
-46.8444 63.6186 -27.8893  255 255 255
-25.2428 68.8298 -40.077  255 255 255
48.513 27.7786 6.36965  255 255 255
-30.6052 65.8056 -37.6822  255 255 255
-24.8835 66.9908 -41.7303  255 255 255
47.1651 44.2035 -26.7579  255 255 255
49.4184 80.6745 -86.8166  255 255 255
56.1443 32.1997 -13.2256  255 255 255
29.4689 73.3499 -78.0535  255 255 255
58.1805 10.5361 17.5392  255 255 255
58.1805 10.5361 17.5392  255 255 255
29.6823 72.9324 -79.3075  255 255 255
-5.10309 64.1462 -59.5965  255 255 255
53.0804 27.5962 -22.0233  255 255 255
53.0804 27.5962 -22.0233  255 255 255
53.0804 27.5962 -22.0233  255 255 255
58.4528 4.85672 14.1377  255 255 255
43.2822 67.3199 -93.3195  255 255 255
67.3452 67.5713 -106.164  255 255 255
66.5735 66.9378 -107.322  255 255 255
66.5735 66.9378 -107.322  255 255 255
-34.4505 50.9492 -48.2337  255 255 255
59.9956 -1.80142 15.1087  255 255 255
62.1152 -5.63972 15.7921  255 255 255
52.3951 4.11609 0.213078  255 255 255
4.55037 -6.69508 32.4892  255 255 255
2.95631 -7.61112 33.6632  255 255 255
-9.89981 -3.27144 28.8524  255 255 255
-10.3087 -3.45906 28.8255  255 255 255
-13.4823 45.806 -71.6282  255 255 255
-1.78407 -7.7458 33.9447  255 255 255
-14.0662 45.7703 -71.7193  255 255 255
-5.48392 -6.60436 32.6061  255 255 255
0.954238 -10.0587 35.0132  255 255 255
55.0705 -5.30009 -0.34727  255 255 255
56.6529 -7.21888 2.12795  255 255 255
69.1478 -20.4666 22.2847  255 255 255
60.5408 -12.3605 7.22989  255 255 255
6.40034 -13.316 34.3988  255 255 255
61.6475 -13.897 8.51487  255 255 255
51.2058 -5.16489 -9.19872  255 255 255
-9.37664 -13.1017 34.2047  255 255 255
59.8148 -15.4147 3.84423  255 255 255
59.973 -16.0403 3.52731  255 255 255
70.8489 -26.7801 21.2526  255 255 255
-16.3919 -10.2503 28.3248  255 255 255
60.9877 -17.9677 4.63973  255 255 255
-10.421 -14.3528 33.9256  255 255 255
-14.3669 -12.3253 30.924  255 255 255
-5.66716 -16.4706 35.7231  255 255 255
66.8697 -24.1292 13.8628  255 255 255
66.8697 -24.1292 13.8628  255 255 255
-4.19595 -17.0133 36.0102  255 255 255
-13.4371 -13.7984 31.8582  255 255 255
-19.9567 -5.99121 16.4829  255 255 255
7.61904 -19.6777 33.746  255 255 255
56.8732 -16.0116 -3.63705  255 255 255
68.9461 -27.7232 16.3766  255 255 255
-19.4407 -10.9366 24.2234  255 255 255
-18.9044 -11.6618 25.7875  255 255 255
-19.3243 -11.2119 24.6361  255 255 255
59.4698 -19.9935 -0.998628  255 255 255
57.708 -19.0078 -3.63248  255 255 255
-9.97363 -18.3126 34.127  255 255 255
-66.8803 -30.8679 99.426  255 255 255
-3.06845 -21.4118 35.3181  255 255 255
17.8695 -25.7762 31.0664  255 255 255
4.367 -24.1953 35.0057  255 255 255
-5.09054 -22.5097 34.6968  255 255 255
-67.2587 -31.5253 98.9339  255 255 255
-67.4725 -31.5938 99.127  255 255 255
-67.5819 -31.6405 99.1654  255 255 255
-68.2258 -31.8397 99.6383  255 255 255
-7.32852 -23.5113 35.3278  255 255 255
4.27582 -27.6143 35.6238  255 255 255
-14.2702 -22.4049 34.226  255 255 255
-28.4832 -15.5648 23.2656  255 255 255
-37.0878 7.47695 -38.2206  255 255 255
6.93297 -29.9575 36.8923  255 255 255
-24.3517 -17.8269 25.3775  255 255 255
-8.64881 -26.0767 35.5215  255 255 255
-16.0676 -23.5713 32.3334  255 255 255
-22.4193 -21.6281 29.7749  255 255 255
-23.4197 -21.3395 29.6465  255 255 255
-1.5486 -30.4396 38.1384  255 255 255
-17.7728 -24.6607 32.7826  255 255 255
-26.358 -20.7232 26.7382  255 255 255
-6.8094 -29.7765 37.7065  255 255 255
2.43599 -32.6301 37.4391  255 255 255
-8.00715 -29.9018 37.9845  255 255 255
-8.35707 -30.1537 38.2574  255 255 255
-1.05098 -32.5488 37.8294  255 255 255
-8.83522 -31.6038 37.4111  255 255 255
-10.051 -31.5735 36.7608  255 255 255
-11.1109 -32.1984 35.6251  255 255 255
-13.6163 -31.6188 34.8316  255 255 255
-11.1371 -33.3976 34.4617  255 255 255
-13.2882 -32.9395 33.886  255 255 255
-13.2882 -32.9395 33.886  255 255 255
-5.61357 -36.2897 34.5479  255 255 255
-41.0161 -14.3613 -13.2164  255 255 255
-41.4591 -13.2393 -17.2775  255 255 255
-11.2955 -35.9535 32.1928  255 255 255
-12.6524 -35.9266 31.5861  255 255 255
-6.47271 -39.0308 31.9594  255 255 255
-44.5703 -16.8303 -15.3184  255 255 255
-14.255 217.011 -130.26  255 255 255
-21.2482 121.664 -33.6175  255 255 255
16.8245 135.791 -48.9966  255 255 255
16.9675 133.605 -50.1633  255 255 255
17.8207 128.596 -54.4152  255 255 255
21.8544 113.833 -51.3646  255 255 255
-13.8129 101.938 -36.8815  255 255 255
-10.0638 98.2336 -33.4918  255 255 255
-45.5774 86.5628 -20.031  255 255 255
-7.37138 93.1202 -32.4769  255 255 255
-46.661 85.509 -20.4487  255 255 255
8.81815 96.7256 -40.284  255 255 255
9.58245 96.2679 -41.3084  255 255 255
36.6973 102.949 -55.554  255 255 255
30.868 101.328 -53.2529  255 255 255
63.8915 107.977 -72.5717  255 255 255
42.7321 101.577 -63.4562  255 255 255
81.3012 113.777 -84.1816  255 255 255
-43.8938 74.552 -20.2432  255 255 255
9.93793 90.0158 -47.8566  255 255 255
16.9039 91.2154 -53.1082  255 255 255
50.3455 35.9046 16.8763  255 255 255
54.1723 31.0772 20.9967  255 255 255
-55.8076 68.4671 -16.4254  255 255 255
11.2684 86.9272 -52.8135  255 255 255
-33.5433 73.3873 -29.7016  255 255 255
63.7403 99.5236 -79.7431  255 255 255
6.52833 84.2787 -51.0729  255 255 255
37.1725 91.8726 -67.0253  255 255 255
-13.9847 77.688 -41.1411  255 255 255
54.0787 46.0586 -9.67215  255 255 255
51.386 48.5131 -13.553  255 255 255
65.525 95.6674 -85.3103  255 255 255
54.8251 92.3474 -79.5758  255 255 255
6.82212 80.2304 -55.2773  255 255 255
-49.9097 64.4463 -24.4187  255 255 255
38.6812 86.5566 -74.4342  255 255 255
57.4866 90.1265 -84.4677  255 255 255
51.8032 43.9538 -14.8505  255 255 255
51.8417 43.5378 -16.3985  255 255 255
54.7518 88.1263 -83.8314  255 255 255
18.9708 78.8173 -64.821  255 255 255
56.6913 18.6333 19.0085  255 255 255
-29.2994 66.5125 -39.2594  255 255 255
-22.4284 68.0167 -43.1396  255 255 255
40.5375 81.4253 -78.7384  255 255 255
47.7206 44.1746 -24.7982  255 255 255
45.9208 80.8785 -83.39  255 255 255
56.2964 82.8366 -89.0432  255 255 255
-0.189369 70.0005 -58.5203  255 255 255
51.7985 81.5737 -88.3649  255 255 255
58.6024 12.6538 19.1938  255 255 255
81.8796 87.4516 -104.852  255 255 255
34.5908 76.8449 -79.1747  255 255 255
57.7134 11.5955 19.3331  255 255 255
56.3218 80.5331 -92.9704  255 255 255
75.453 83.0884 -103.855  255 255 255
63.2292 79.2567 -97.9243  255 255 255
15.8313 70.2896 -71.7504  255 255 255
15.8313 70.2896 -71.7504  255 255 255
55.3892 26.4251 -18.4593  255 255 255
55.7728 25.8524 -17.7882  255 255 255
-39.9939 54.3196 -41.3941  255 255 255
7.75192 59.7665 -66.6844  255 255 255
20.2051 63.3979 -82.9905  255 255 255
47.7064 13.9776 -4.98403  255 255 255
54.8806 21.198 -22.6146  255 255 255
48.0202 64.5567 -100.606  255 255 255
23.1749 58.709 -86.9496  255 255 255
66.5055 -9.74052 23.0121  255 255 255
-30.515 47.9549 -54.6627  255 255 255
57.7785 -1.16453 8.71269  255 255 255
61.7479 -5.63718 14.1689  255 255 255
-4.23027 1.88986 22.3686  255 255 255
60.764 -6.22378 11.7671  255 255 255
3.7817 -6.85682 32.7061  255 255 255
5.04603 49.2595 -81.7376  255 255 255
3.08041 -9.42798 34.3332  255 255 255
50.1961 1.06298 -7.27974  255 255 255
-18.718 42.3259 -65.7677  255 255 255
68.8981 -18.4235 22.7927  255 255 255
16.3717 36.0746 -74.671  255 255 255
-15.5961 -6.29395 27.163  255 255 255
60.8669 -13.8392 7.22713  255 255 255
59.9949 -13.3372 5.08608  255 255 255
-15.7108 -7.05261 27.502  255 255 255
-16.5998 -9.17185 27.701  255 255 255
5.59431 -17.8335 34.8437  255 255 255
-19.4125 -2.6436 12.1939  255 255 255
-17.3578 -10.0163 27.0789  255 255 255
-20.5486 0.469124 3.78674  255 255 255
-0.461602 -17.7144 36.1046  255 255 255
18.0659 -18.1674 26.5808  255 255 255
-21.0048 -4.00718 13.8819  255 255 255
-19.1697 -8.78256 23.8094  255 255 255
57.2283 -15.1204 -3.24021  255 255 255
69.5763 -28.49 17.2866  255 255 255
69.6324 -28.857 17.4255  255 255 255
-14.3841 -14.6053 31.4574  255 255 255
70.0349 -30.0314 17.188  255 255 255
-68.0027 -30.9866 100.579  255 255 255
-18.7941 -13.2858 26.3125  255 255 255
-66.9167 -30.9484 99.2387  255 255 255
3.75026 -22.5126 34.3805  255 255 255
-67.7113 -31.0324 99.7284  255 255 255
-17.4046 -15.4332 28.39  255 255 255
-14.5018 -17.4251 31.2858  255 255 255
10.2081 -24.6447 33.8498  255 255 255
69.5704 -32.9099 14.6829  255 255 255
-21.5262 10.6807 -42.8718  255 255 255
-67.7635 -31.5609 99.537  255 255 255
-67.9773 -31.6061 99.7209  255 255 255
-15.3885 -19.7099 31.8633  255 255 255
-15.7722 -20.2044 32.271  255 255 255
11.6158 -28.8081 34.6725  255 255 255
16.0303 -29.992 34.2065  255 255 255
-28.9871 -16.4269 24.2459  255 255 255
-13.6676 -23.9857 34.2666  255 255 255
67.9604 -36.9415 7.90961  255 255 255
5.80394 -31.5077 38.3354  255 255 255
67.3927 -37.1254 6.11866  255 255 255
4.87408 -31.7904 38.0858  255 255 255
-1.10689 -30.102 37.621  255 255 255
-24.9346 -21.5439 29.5958  255 255 255
-27.5393 -19.4323 24.8753  255 255 255
-24.5416 -22.328 30.6901  255 255 255
1.32113 -31.8287 38.049  255 255 255
-1.24633 -31.4525 38.666  255 255 255
-12.7961 -28.1181 36.1479  255 255 255
-17.8042 -27.7028 34.5329  255 255 255
-17.762 -27.7177 34.4771  255 255 255
53.3256 -40.0599 7.91786  255 255 255
-1.51827 -33.8351 36.7354  255 255 255
-23.3387 -26.2412 29.7211  255 255 255
-18.8071 -28.5144 32.5159  255 255 255
-27.235 -23.4817 22.668  255 255 255
-19.6184 -28.3655 31.5531  255 255 255
-29.8918 -21.6269 16.7929  255 255 255
-15.9633 -31.2252 35.4785  255 255 255
-43.9625 -8.57235 -19.6093  255 255 255
44.8506 -44.7906 13.985  255 255 255
-19.9477 -31.0016 29.3974  255 255 255
-21.397 -31.081 27.6341  255 255 255
-27.9459 -28.3583 23.5545  255 255 255
-21.6421 -31.4201 26.9609  255 255 255
-27.0582 -28.5024 21.328  255 255 255
-42.1845 -16.0044 -11.204  255 255 255
-27.9296 -28.8558 22.5265  255 255 255
-43.4954 -17.2121 -9.83455  255 255 255
-13.8791 -36.3862 31.6176  255 255 255
17.1227 135.024 -47.7491  255 255 255
-13.2294 100.612 -36.543  255 255 255
-12.9313 99.9009 -36.5244  255 255 255
-49.4615 83.9247 -18.9085  255 255 255
33.5303 101.926 -54.167  255 255 255
26.9385 96.6388 -55.7801  255 255 255
40.1081 100.601 -61.8485  255 255 255
49.4111 58.9749 -8.95529  255 255 255
-53.0311 71.1893 -16.0664  255 255 255
51.8379 55.5962 -7.9961  255 255 255
54.2757 30.1882 23.4546  255 255 255
-43.8237 71.7015 -22.522  255 255 255
11.311 87.4193 -51.1861  255 255 255
54.6066 97.7847 -75.3846  255 255 255
30.0224 90.9911 -62.8431  255 255 255
49.844 53.4496 -14.4737  255 255 255
-42.0689 69.4788 -24.1796  255 255 255
51.8631 50.0909 -11.9762  255 255 255
25.8493 87.8151 -62.4649  255 255 255
55.7038 95.1147 -79.0366  255 255 255
81.0633 99.9138 -93.5522  255 255 255
53.186 45.0462 -10.8767  255 255 255
9.95333 80.4277 -57.0228  255 255 255
58.6558 92.9882 -83.1862  255 255 255
48.6156 49.5503 -19.9737  255 255 255
-18.7607 71.5805 -42.9597  255 255 255
54.6145 89.5407 -82.4699  255 255 255
54.5508 40.2274 -10.5563  255 255 255
55.8319 39.9518 -13.2074  255 255 255
80.2268 90.5308 -100.992  255 255 255
56.581 84.1313 -88.7232  255 255 255
64.7383 84.773 -93.7024  255 255 255
58.4721 82.6931 -91.1277  255 255 255
67.0983 83.713 -95.28  255 255 255
27.5387 75.2827 -74.9007  255 255 255
52.4395 79.8559 -89.6241  255 255 255
47.9696 40.9561 -26.7654  255 255 255
41.6794 76.6515 -84.9901  255 255 255
57.8955 10.2779 18.7775  255 255 255
10.7239 68.2803 -69.2252  255 255 255
50.4874 34.7111 -25.0071  255 255 255
50.5607 34.7363 -25.1118  255 255 255
52.2639 12.6693 5.89259  255 255 255
50.3638 27.9504 -19.9461  255 255 255
21.0817 66.0447 -78.4199  255 255 255
55.3025 25.4867 -18.8647  255 255 255
52.8934 27.8148 -22.9845  255 255 255
69.3676 71.4392 -108.242  255 255 255
-18.8383 56.118 -56.2928  255 255 255
51.3348 26.1035 -28.398  255 255 255
51.2389 26.0293 -28.2411  255 255 255
65.7256 67.4227 -108.734  255 255 255
66.9032 66.346 -106.936  255 255 255
44.1351 63.5242 -97.126  255 255 255
-25.911 51.8261 -54.5697  255 255 255
-7.4302 54.2092 -65.8777  255 255 255
7.68705 54.8215 -77.5932  255 255 255
57.8218 -0.352132 8.64948  255 255 255
57.3051 -0.421872 7.56552  255 255 255
3.02735 2.25911 21.3933  255 255 255
61.7006 -5.61407 15.3793  255 255 255
1.46577 -7.07595 33.6628  255 255 255
-9.70879 -3.967 29.7047  255 255 255
-12.1216 -2.91838 27.1772  255 255 255
67.6829 -18.2022 20.1471  255 255 255
-12.7229 -5.76643 29.2042  255 255 255
-3.05237 -10.6837 35.3243  255 255 255
-4.14889 -10.4666 35.0974  255 255 255
-4.97446 -11.6235 35.3477  255 255 255
69.5753 -21.6858 22.3324  255 255 255
59.8027 -13.5566 4.54602  255 255 255
-17.5107 -9.01203 26.7419  255 255 255
58.7907 -15.7199 0.702303  255 255 255
-15.7767 -11.5105 29.572  255 255 255
61.3448 -18.971 4.05649  255 255 255
61.3448 -18.971 4.05649  255 255 255
-3.51794 -17.6065 35.4386  255 255 255
-16.2602 -12.6514 30.2176  255 255 255
-24.5664 -2.09868 7.39298  255 255 255
70.1763 -29.2338 17.8739  255 255 255
-19.1057 -10.9842 25.1388  255 255 255
-17.6757 -13.0402 27.7166  255 255 255
69.5184 -30.0182 15.8694  255 255 255
0.331933 -22.4102 34.3162  255 255 255
-17.0475 -19.4984 31.7077  255 255 255
-9.9298 -22.6744 34.7092  255 255 255
-7.86537 -23.4899 35.5265  255 255 255
-10.0066 -23.2296 35.19  255 255 255
-67.6845 -32.0705 98.5275  255 255 255
-67.0467 -31.9326 97.5847  255 255 255
-67.0467 -31.9326 97.5847  255 255 255
-6.59016 -26.5837 36.0246  255 255 255
-30.4339 -16.7433 23.2921  255 255 255
-22.718 -21.3536 29.6699  255 255 255
-29.1306 -14.4999 13.1238  255 255 255
-25.6127 -20.7005 28.7117  255 255 255
-36.1993 0.237274 -29.9121  255 255 255
-38.3744 0.0801816 -29.8338  255 255 255
-14.593 -27.3068 35.466  255 255 255
-11.2019 -29.2146 37.7026  255 255 255
-43.7644 -5.85689 -22.7179  255 255 255
-0.57211 -37.0809 33.6783  255 255 255
-24.1267 -28.9285 27.4406  255 255 255
-10.9216 -34.3478 33.3552  255 255 255
-24.3854 -29.3936 26.1994  255 255 255
-11.1892 -36.751 31.6283  255 255 255
-5.69423 -38.7943 32.4495  255 255 255
-8.94618 -37.7313 32.1823  255 255 255
-26.6876 -30.0497 20.5976  255 255 255
16.1005 134.264 -49.7321  255 255 255
15.4742 134.858 -52.6797  255 255 255
-12.5656 100.375 -35.7637  255 255 255
-8.82635 98.3288 -33.8306  255 255 255
-22.1986 95.3082 -31.753  255 255 255
-2.32077 92.6147 -37.7863  255 255 255
25.1083 99.5772 -50.3624  255 255 255
23.3633 99.973 -51.223  255 255 255
50.2443 62.0542 -8.51458  255 255 255
-7.89998 85.87 -38.1896  255 255 255
49.5635 57.5947 -12.5659  255 255 255
-55.7135 67.7336 -17.0982  255 255 255
-48.8652 68.3689 -21.8063  255 255 255
49.5721 33.1265 13.3277  255 255 255
9.7231 81.9582 -55.5509  255 255 255
56.2572 42.3071 -6.7046  255 255 255
56.3129 91.8712 -81.9896  255 255 255
13.2235 77.5244 -62.1126  255 255 255
-41.3383 62.8338 -32.575  255 255 255
54.4714 35.6803 -14.6629  255 255 255
48.6694 41.7366 -24.5934  255 255 255
48.6694 41.7366 -24.5934  255 255 255
49.8257 17.0705 8.36453  255 255 255
-31.4647 58.1773 -44.8488  255 255 255
59.8606 8.57563 14.9228  255 255 255
62.9399 56.2273 -70.083  255 255 255
54.7251 26.5713 -20.0443  255 255 255
51.6136 10.9732 2.34606  255 255 255
49.1945 12.7836 -3.28845  255 255 255
51.9143 6.92794 0.643371  255 255 255
50.9834 7.32802 -1.39201  255 255 255
50.9987 7.33366 -1.42554  255 255 255
50.8079 7.24892 -1.16523  255 255 255
-8.60315 49.6333 -69.8212  255 255 255
57.6673 -1.89005 5.96519  255 255 255
50.5964 4.44512 -4.66792  255 255 255
50.2051 4.46415 -3.70445  255 255 255
-8.03027 49.4853 -73.7827  255 255 255
-8.78297 48.3908 -71.2061  255 255 255
6.71922 49.5454 -80.4893  255 255 255
-8.67239 47.5391 -72.843  255 255 255
-8.67239 47.5391 -72.843  255 255 255
-4.34647 49.6238 -79.4242  255 255 255
58.8264 -9.39443 5.05577  255 255 255
68.6786 -19.6221 21.8633  255 255 255
-18.0655 -6.20282 23.8501  255 255 255
-2.85476 -15.3366 35.9168  255 255 255
-18.0928 -9.43284 25.9241  255 255 255
69.8352 -29.1965 17.1812  255 255 255
0.682084 -20.2851 35.5648  255 255 255
-8.12308 -18.1896 34.9037  255 255 255
70.2798 -31.9262 16.101  255 255 255
68.1989 -30.1556 12.6544  255 255 255
-15.3979 -17.0574 30.5962  255 255 255
-26.5228 -9.6238 16.0208  255 255 255
-67.3889 -31.4478 99.142  255 255 255
-13.8248 -19.9291 31.9863  255 255 255
2.63408 -27.2782 35.8364  255 255 255
-28.9953 -12.6201 16.8571  255 255 255
69.2312 -36.4721 11.0128  255 255 255
69.1932 -37.0397 10.5618  255 255 255
68.0239 -37.551 7.431  255 255 255
-39.3564 1.70977 -31.7097  255 255 255
-23.5772 -22.7445 31.0758  255 255 255
-9.68078 -28.8691 37.0809  255 255 255
-18.8905 -28.0892 32.8493  255 255 255
-38.1117 -11.234 -17.4501  255 255 255
-19.01 -32.5218 29.1152  255 255 255
-19.01 -32.5218 29.1152  255 255 255
-22.598 -31.0142 26.5067  255 255 255
-22.0159 117.283 -38.4216  255 255 255
-20.475 114.771 -37.736  255 255 255
0.821156 114.426 -38.5084  255 255 255
-45.9117 91.3142 -15.6495  255 255 255
15.013 112.972 -48.409  255 255 255
-2.73117 102.353 -37.6557  255 255 255
-2.73117 102.353 -37.6557  255 255 255
-9.37259 95.2864 -33.2879  255 255 255
-7.39798 91.4662 -33.2327  255 255 255
-16.0192 83.9157 -32.1534  255 255 255
52.3695 54.5246 -7.27348  255 255 255
-2.84019 83.8585 -43.8986  255 255 255
-27.672 67.5076 -39.4933  255 255 255
79.4615 89.3048 -101.756  255 255 255
6.16059 68.38 -66.9176  255 255 255
48.9298 35.4404 -27.9349  255 255 255
-9.78075 61.9163 -58.6442  255 255 255
48.9609 17.0601 1.74838  255 255 255
33.2133 62.9523 -93.441  255 255 255
52.4402 23.3389 -27.0954  255 255 255
35.7118 61.4717 -94.4454  255 255 255
46.5523 9.14715 -9.14562  255 255 255
49.8254 5.23376 -4.47602  255 255 255
63.4755 -9.30319 16.0494  255 255 255
68.7195 -16.6775 24.1707  255 255 255
49.5723 1.32065 -4.82139  255 255 255
68.6336 -18.1392 22.2744  255 255 255
-15.1686 -4.6874 26.0925  255 255 255
-4.9146 -12.1046 34.6825  255 255 255
-5.20788 -13.0209 35.468  255 255 255
67.6889 -21.6507 18.0434  255 255 255
-17.0782 -7.71621 26.4395  255 255 255
-8.80695 -13.5719 34.3114  255 255 255
-4.80764 -15.1801 35.8117  255 255 255
-14.081 -12.2772 31.2872  255 255 255
0.70337 -19.3036 35.7579  255 255 255
-16.6402 -13.2133 28.9208  255 255 255
-28.679 -11.8069 19.0289  255 255 255
-67.301 -31.7468 98.6343  255 255 255
-29.1788 -14.4154 20.6504  255 255 255
69.78 -37.5527 11.1503  255 255 255
69.78 -37.5527 11.1503  255 255 255
-33.7386 3.95404 -34.3966  255 255 255
-25.8565 -19.4275 27.7019  255 255 255
-22.6426 -23.1851 31.6317  255 255 255
-5.35395 -29.9119 37.5589  255 255 255
-19.2601 -25.3344 33.6486  255 255 255
-8.07077 -34.453 35.0572  255 255 255
-39.7677 -12.0032 -16.1964  255 255 255
-20.1247 -31.7428 28.6377  255 255 255
-0.523409 105.504 -39.6143  255 255 255
4.94724 105.062 -41.4122  255 255 255
-42.4247 74.8607 -21.0647  255 255 255
52.815 33.045 20.9327  255 255 255
27.4373 93.8528 -58.9033  255 255 255
56.3811 28.0976 21.1729  255 255 255
-11.1402 76.2085 -41.7098  255 255 255
48.7603 52.5253 -17.3371  255 255 255
57.4061 89.4598 -83.3369  255 255 255
46.3649 80.0211 -85.3389  255 255 255
55.169 9.36948 9.77663  255 255 255
-3.76673 54.1508 -70.8968  255 255 255
-4.11807 53.1706 -73.0985  255 255 255
-8.08492 -7.50398 33.0958  255 255 255
69.6035 -19.7453 23.6378  255 255 255
-9.25882 -7.64562 32.3524  255 255 255
-0.728907 -10.8563 35.251  255 255 255
51.4622 -2.13066 -6.25062  255 255 255
-9.98473 -9.33086 32.7138  255 255 255
-10.0028 -9.31312 32.6352  255 255 255
-15.9333 -6.21646 26.7268  255 255 255
-19.4414 -6.71641 20.5292  255 255 255
-18.2975 -10.5658 26.2238  255 255 255
0.871312 -21.3473 35.3016  255 255 255
-67.1815 -31.134 99.2245  255 255 255
-10.4382 -23.347 35.2538  255 255 255
-21.624 -23.8399 32.1409  255 255 255
-17.5907 -26.2964 34.7008  255 255 255
-16.9949 -26.7051 35.3488  255 255 255
-14.4225 -32.9078 33.6913  255 255 255
-28.1044 -25.7841 19.1774  255 255 255
-41.4924 -13.9134 -16.5559  255 255 255
-42.9543 -15.5371 -12.2098  255 255 255
19.4931 98.6437 -49.5804  255 255 255
-7.69495 86.6497 -36.5579  255 255 255
-45.768 73.8552 -19.3919  255 255 255
-55.876 70.5522 -14.7099  255 255 255
82.222 96.8307 -97.2478  255 255 255
59.6757 -0.034 14.7432  255 255 255
-13.8124 -2.38339 24.9579  255 255 255
-18.6501 -5.78682 21.9757  255 255 255
-68.5593 -32.0271 100.154  255 255 255
-67.247 -33.34 96.3904  255 255 255
-27.3383 -26.2136 25.1035  255 255 255
-20.141 -31.2004 29.2366  255 255 255
49.1897 31.1558 14.5776  255 255 255
27.1878 84.1527 -65.8499  255 255 255
65.4664 81.5251 -97.6588  255 255 255
-7.89169 65.1312 -55.564  255 255 255
54.7975 70.7043 -100.602  255 255 255
6.39662 55.1403 -76.897  255 255 255
7.95385 50.5468 -80.5209  255 255 255
-7.45461 -10.7897 34.462  255 255 255
-14.8513 -28.2234 36.8274  255 255 255
9.37471 97.1647 -41.5592  255 255 255
50.3288 79.3275 -87.2605  255 255 255
0.385932 -13.2267 36.1656  255 255 255
-15.0654 -13.6646 30.5372  255 255 255
-68.3801 -31.3192 101.088  255 255 255
-14.1292 -21.0575 33.3978  255 255 255
69.6134 -35.5123 11.7934  255 255 255
1.1359 -34.2411 36.0107  255 255 255
1.15038 -34.2705 36.0461  255 255 255
-28.0728 -26.1329 19.4234  255 255 255
5.80261 93.5918 -43.3877  255 255 255
-67.9823 -31.6725 99.5377  255 255 255
30.2093 78.4317 -73.4455  255 255 255
-14.4948 -9.79681 29.7409  255 255 255
-2.87738 84.9514 -43.1325  255 255 255
-40.3249 69.7019 -27.261  255 255 255
17.1823 76.6488 -70.5239  255 255 255
-25.8849 79.5936 -34.4263  255 255 255
-75.4913 -1.79625 97.6664  255 255 255
-69.3956 -18.694 96.8577  255 255 255
-151.179 63.8829 -94.0838  255 255 255
-149.96 64.7237 -95.4663  255 255 255
-155.445 89.7246 -110.258  255 255 255
-135.625 112.643 -60.1724  255 255 255
-118.694 94.2748 -43.1807  255 255 255
-120.965 61.273 -70.2732  255 255 255
-119.233 106.483 -45.7714  255 255 255
-110.523 81.2219 -36.7839  255 255 255
-106.324 87.3857 -24.0719  255 255 255
-106.574 84.5235 -27.8046  255 255 255
-106.033 72.0538 -35.2046  255 255 255
-131.544 147.384 -68.65  255 255 255
-103.785 41.7887 -52.5515  255 255 255
-99.614 59.4844 -32.8455  255 255 255
-112.936 117.315 -47.7409  255 255 255
-113.676 118.675 -49.833  255 255 255
-113.341 117.588 -52.3249  255 255 255
-110.893 115.733 -47.8451  255 255 255
-113.052 122.832 -51.5152  255 255 255
-89.8831 66.335 -10.3042  255 255 255
-89.8831 66.335 -10.3042  255 255 255
-89.2195 49.8637 -20.564  255 255 255
-88.55 63.6519 -9.63357  255 255 255
-114.469 143.463 -58.2779  255 255 255
-85.3487 32.1718 -27.1082  255 255 255
-81.6895 63.1006 1.21107  255 255 255
-102.471 116.093 -41.0366  255 255 255
-109.017 123.71 -66.7609  255 255 255
-81.3689 47.6019 -9.93051  255 255 255
-100.831 115.156 -40.4101  255 255 255
-82.8317 35.9717 -25.893  255 255 255
-100.853 116.946 -42.1636  255 255 255
-82.3326 30.276 -30.2926  255 255 255
-80.8515 60.0416 -5.38411  255 255 255
-79.8752 64.3838 -0.854069  255 255 255
-95.7133 106.067 -32.865  255 255 255
-81.2933 26.8809 -34.6397  255 255 255
-80.69 69.6431 -3.85829  255 255 255
-97.9811 123.584 -36.8797  255 255 255
-80.5496 32.4987 -29.4004  255 255 255
-58.5882 -35.5618 10.7915  255 255 255
-80.6195 23.416 -38.2398  255 255 255
-96.3769 126.562 -32.1166  255 255 255
-58.34 -33.9457 10.9326  255 255 255
-96.9408 118.803 -42.2963  255 255 255
-96.9423 118.055 -43.1957  255 255 255
-57.9998 -35.0096 10.8453  255 255 255
-79.618 72.7124 -4.55988  255 255 255
-95.5781 117.345 -42.6709  255 255 255
-95.8001 122.658 -40.773  255 255 255
-95.3174 121.228 -38.7692  255 255 255
-79.0421 29.226 -35.346  255 255 255
-79.2021 24.3606 -40.5285  255 255 255
-95.1349 119.21 -43.2591  255 255 255
-78.3707 20.1216 -42.1219  255 255 255
-77.1388 45.501 -21.5919  255 255 255
-94.4372 124.966 -40.5247  255 255 255
-76.3073 42.9638 -23.8696  255 255 255
-76.637 33.3906 -32.491  255 255 255
-76.0842 48.8972 -19.1712  255 255 255
-78.1263 80.1814 -5.93297  255 255 255
-80.4846 89.5863 -12.7798  255 255 255
-74.7074 51.9792 -15.3519  255 255 255
-78.9146 79.8082 -14.6436  255 255 255
-73.5243 66.2996 -3.71408  255 255 255
-74.4521 31.6569 -34.0089  255 255 255
-77.1758 84.6373 -9.44141  255 255 255
-79.6166 93.9857 -15.2949  255 255 255
-73.9997 71.2555 -5.79638  255 255 255
-72.2823 55.2972 -7.57839  255 255 255
-72.7321 65.1164 -6.96577  255 255 255
-76.3783 87.9451 -10.6815  255 255 255
-71.9892 65.8029 -6.67834  255 255 255
-66.3186 -0.145388 -28.6001  255 255 255
-69.69 61.5408 -0.779257  255 255 255
-71.952 69.7252 -5.92315  255 255 255
-72.4015 35.3747 -36.0622  255 255 255
-72.4284 74.3852 -7.27339  255 255 255
-71.0162 35.1108 -34.943  255 255 255
-70.258 55.2821 -16.2698  255 255 255
-65.975 58.6594 9.45969  255 255 255
-71.0032 38.8386 -34.4157  255 255 255
-71.0032 38.8386 -34.4157  255 255 255
-69.5699 64.1756 -9.89222  255 255 255
-74.7976 90.8765 -18.6042  255 255 255
-69.8935 39.2367 -33.2786  255 255 255
-68.7573 56.8714 -20.2337  255 255 255
-47.6063 -41.4667 17.6185  255 255 255
-74.3389 100.578 -15.8954  255 255 255
-73.287 97.0257 -14.9119  255 255 255
-74.0152 101.012 -15.8656  255 255 255
-72.9612 98.7073 -15.1283  255 255 255
-82.8437 138.783 -50.7879  255 255 255
-64.3305 66.1823 -1.03748  255 255 255
-66.2566 27.3138 -45.4963  255 255 255
-65.8118 38.0988 -35.9785  255 255 255
-65.4478 58.7945 -17.5922  255 255 255
-65.4478 58.7945 -17.5922  255 255 255
-53.2408 -17.6521 -8.77338  255 255 255
-80.8044 135.061 -49.2084  255 255 255
-80.2544 134.388 -50.1704  255 255 255
-43.6602 -45.3314 21.9328  255 255 255
-64.3501 61.4662 -16.6674  255 255 255
-51.5542 -19.7159 -6.99529  255 255 255
-51.9324 -17.4554 -8.5748  255 255 255
-69.2486 103.956 -18.063  255 255 255
-61.8248 45.7252 -33.9179  255 255 255
-61.6014 69.2368 -10.8377  255 255 255
-77.681 144.066 -56.1571  255 255 255
-49.5436 -18.3953 -7.64629  255 255 255
-77.8936 147.165 -58.0509  255 255 255
-58.2311 13.278 -45.4771  255 255 255
-60.3389 64.9472 -15.513  255 255 255
-64.6877 96.4612 -18.0112  255 255 255
-64.7872 96.7206 -18.2884  255 255 255
-59.5186 31.39 -47.3187  255 255 255
-51.0067 -1.002 -28.0604  255 255 255
-38.2061 -50.0452 26.4577  255 255 255
-57.5486 67.6425 -16.0109  255 255 255
-57.2524 59.2296 -23.5598  255 255 255
-57.3381 67.2709 -16.697  255 255 255
-70.7321 142.017 -59.2027  255 255 255
-71.9555 150.121 -62.2411  255 255 255
-48.1959 -6.25503 -22.3228  255 255 255
-46.1268 -9.95785 -17.3544  255 255 255
-36.2381 -49.163 28.1236  255 255 255
-33.4827 -61.2926 39.6768  255 255 255
-55.412 122.543 -26.4128  255 255 255
-67.2501 152.844 -65.9144  255 255 255
-52.6315 45.8419 -39.7347  255 255 255
-51.5483 33.6474 -50.7936  255 255 255
-64.0413 145.96 -63.1911  255 255 255
-51.2012 50.5159 -37.5411  255 255 255
-31.304 -63.069 40.7645  255 255 255
-41.9828 -8.58805 -19.9011  255 255 255
-42.4294 -8.36964 -24.013  255 255 255
-49.5482 60.3517 -29.4164  255 255 255
-59.9149 143.518 -63.112  255 255 255
-48.5278 60.8738 -30.128  255 255 255
-48.4233 63.997 -25.6968  255 255 255
-48.5167 71.1518 -20.392  255 255 255
-43.2663 9.53149 -40.303  255 255 255
-58.7004 143.523 -63.0966  255 255 255
-29.3105 -61.3682 38.8355  255 255 255
-44.6031 42.1416 -47.7765  255 255 255
-28.7943 -63.5087 41.4085  255 255 255
-44.5673 61.6378 -33.3429  255 255 255
-52.283 145.669 -66.5849  255 255 255
-43.3929 90.4417 -18.1921  255 255 255
-40.4753 66.8456 -28.9275  255 255 255
-25.8332 -55.8418 32.7579  255 255 255
-36.3544 67.005 -33.1149  255 255 255
-24.5285 -62.2177 39.0117  255 255 255
-28.1296 -17.9168 23.7848  255 255 255
-24.0673 -64.8483 42.5406  255 255 255
-24.3276 -61.8468 39.329  255 255 255
-28.2312 -15.2465 22.807  255 255 255
-31.0168 44.5774 -56.5208  255 255 255
-25.6338 -30.8883 21.1981  255 255 255
-22.8155 -60.7229 38.6299  255 255 255
-26.6265 -6.39171 12.5096  255 255 255
-22.2689 -64.7865 42.0147  255 255 255
-25.0134 -22.233 29.246  255 255 255
-22.365 -58.0751 34.9458  255 255 255
-25.6789 -4.68893 10.5207  255 255 255
-33.4759 118.531 -36.4548  255 255 255
-24.6549 -23.3954 31.7093  255 255 255
-25.3579 -6.99826 13.4377  255 255 255
-21.9612 -57.9352 34.7473  255 255 255
-32.3162 117.407 -34.9709  255 255 255
-21.7344 -55.5662 31.4247  255 255 255
-21.3648 -61.4906 38.7488  255 255 255
-26.7528 57.6504 -48.6887  255 255 255
-25.9793 54.6524 -51.2487  255 255 255
-21.13 -55.6848 32.3165  255 255 255
-20.8679 -61.3912 38.8052  255 255 255
-24.9292 48.0148 -57.5765  255 255 255
-24.8353 54.9533 -52.3594  255 255 255
-22.6188 -9.42327 20.1831  255 255 255
-20.1522 -51.6902 29.2982  255 255 255
-22.375 -2.64384 7.72946  255 255 255
-22.1139 -9.35585 20.3842  255 255 255
-21.2676 53.3365 -57.3614  255 255 255
-21.166 -0.481097 5.36962  255 255 255
-21.3874 56.194 -53.97  255 255 255
-23.1692 81.7355 -27.35  255 255 255
-19.2919 70.028 -42.7703  255 255 255
-19.2808 70.341 -43.2698  255 255 255
-15.7435 15.8666 -50.0582  255 255 255
-16.8705 49.997 -61.0883  255 255 255
-17.0632 -61.6285 38.6994  255 255 255
-17.5377 -0.153238 9.26774  255 255 255
-16.3154 -61.5671 38.9736  255 255 255
-13.6243 56.4885 -62.3776  255 255 255
-15.4761 69.7752 -46.5679  255 255 255
-17.3228 82.8226 -32.3411  255 255 255
-13.3871 59.082 -58.5037  255 255 255
-17.9622 115.581 -38.1376  255 255 255
-15.8105 -60.4912 37.4082  255 255 255
-14.0634 69.6227 -48.1355  255 255 255
-17.0485 113.616 -35.9428  255 255 255
-15.2178 -60.5423 37.2331  255 255 255
-16.2402 118.462 -39.1533  255 255 255
-15.8767 123.342 -41.3871  255 255 255
-9.65427 20.8575 -54.7541  255 255 255
-15.7183 119.002 -39.4904  255 255 255
-15.4167 114.912 -38.1686  255 255 255
-15.255 109.846 -35.6327  255 255 255
-15.0053 116.027 -38.6998  255 255 255
-9.02788 51.3683 -68.7244  255 255 255
-14.5023 -58.9505 35.3978  255 255 255
-11.4095 68.7289 -51.1747  255 255 255
-15.8038 -2.96202 24.1498  255 255 255
-14.324 -59.0834 35.4861  255 255 255
-14.1923 -58.5709 34.8931  255 255 255
-14.2001 -58.5395 34.9289  255 255 255
-13.967 114.687 -37.7786  255 255 255
-14.0866 116.828 -38.8573  255 255 255
-13.5024 105.298 -34.7841  255 255 255
-12.9933 122.839 -42.1101  255 255 255
-12.7623 124.201 -42.8394  255 255 255
-12.6769 120.055 -41.0126  255 255 255
-14.9734 -21.1001 33.4318  255 255 255
-12.5386 108.855 -36.5282  255 255 255
-5.74538 28.6015 -64.8941  255 255 255
-11.0501 82.1849 -37.0132  255 255 255
-7.41765 60.8095 -60.1019  255 255 255
-11.7869 107.177 -36.0415  255 255 255
-11.8935 113.383 -37.9254  255 255 255
-11.2341 109.832 -37.5846  255 255 255
-10.8511 125.643 -44.0335  255 255 255
-10.6648 126.892 -44.4607  255 255 255
-4.60687 22.9168 -58.0446  255 255 255
-9.9154 111.026 -37.7059  255 255 255
-8.83984 140.412 -55.3588  255 255 255
-9.61292 119.868 -41.1875  255 255 255
-9.65503 98.9419 -33.6652  255 255 255
-9.65503 98.9419 -33.6652  255 255 255
-9.66821 106.72 -36.0838  255 255 255
-3.82109 57.4404 -66.0583  255 255 255
-9.29987 102.713 -34.7794  255 255 255
-9.28262 111.144 -37.5012  255 255 255
-9.20909 125.171 -42.5555  255 255 255
-8.94391 122.988 -42.1238  255 255 255
-13.0577 -19.1821 32.2985  255 255 255
-8.72137 102.923 -34.821  255 255 255
-5.79018 75.6381 -49.482  255 255 255
-8.15916 125.673 -45.087  255 255 255
-8.3728 111.346 -38.3979  255 255 255
-7.87727 123.562 -44.6318  255 255 255
-2.60306 21.2932 -57.2959  255 255 255
-4.33092 68.9079 -56.2836  255 255 255
-7.9001 116.17 -40.3834  255 255 255
-7.65647 127.666 -45.5619  255 255 255
-8.11696 97.2091 -33.5242  255 255 255
-8.03771 97.2046 -33.5345  255 255 255
-8.04841 115.469 -38.2992  255 255 255
-7.52671 122.616 -41.5892  255 255 255
-12.607 -10.8729 31.801  255 255 255
-6.64008 126.163 -45.6799  255 255 255
-7.04421 111.224 -38.0143  255 255 255
-6.49693 116.612 -40.8805  255 255 255
-6.49693 116.612 -40.8805  255 255 255
-12.2912 -23.5481 35.6654  255 255 255
0.0338806 30.5417 -67.1108  255 255 255
-6.28945 112.843 -38.4299  255 255 255
-11.9897 -8.73019 31.7734  255 255 255
-5.13949 127.352 -47.0838  255 255 255
-11.9206 -14.6718 33.1485  255 255 255
-11.5464 -3.40997 28.0466  255 255 255
6.90359 98.5485 -91.5078  255 255 255
-11.8379 -22.5336 34.738  255 255 255
-5.66706 104.211 -36.7098  255 255 255
-5.66706 104.211 -36.7098  255 255 255
-5.31142 115.636 -40.5171  255 255 255
-0.526668 19.4741 -53.5611  255 255 255
-2.0595 74.8888 -51.1731  255 255 255
-5.17197 97.853 -34.6085  255 255 255
-4.39999 99.222 -36.3134  255 255 255
-0.154388 70.1155 -58.8291  255 255 255
-11.1242 -7.8205 31.6359  255 255 255
-3.20943 128.407 -47.7902  255 255 255
-10.1528 -61.2749 37.4759  255 255 255
-2.8559 129.452 -48.4058  255 255 255
2.38892 27.8024 -63.9473  255 255 255
-10.7 -10.7409 33.0065  255 255 255
5.06438 49.3309 -81.937  255 255 255
2.69158 24.8628 -59.835  255 255 255
2.63875 24.8308 -59.6583  255 255 255
-0.628422 79.7924 -48.3865  255 255 255
-3.24757 94.1389 -33.8403  255 255 255
-2.66837 116.766 -40.7424  255 255 255
-1.43565 130.618 -51.8133  255 255 255
-1.20095 129.805 -49.0851  255 255 255
-9.49431 -35.9479 33.007  255 255 255
2.27312 72.3863 -57.9827  255 255 255
-1.68334 98.925 -35.7845  255 255 255
-1.84407 93.1358 -33.0182  255 255 255
-0.243004 129.182 -48.8402  255 255 255
-0.235184 129.469 -49.28  255 255 255
0.341594 130.497 -49.9265  255 255 255
-0.875126 113.441 -36.893  255 255 255
-8.20544 -45.2622 31.2022  255 255 255
-9.37319 -8.48832 33.0457  255 255 255
5.21259 23.894 -59.8497  255 255 255
4.87192 68.5025 -63.388  255 255 255
1.24373 129.424 -49.2002  255 255 255
1.24594 129.598 -49.4637  255 255 255
-9.16887 -10.9217 33.9699  255 255 255
2.67419 83.0907 -49.2057  255 255 255
0.351274 96.0031 -35.0541  255 255 255
-0.67219 94.1685 -29.0606  255 255 255
0.623107 99.6939 -37.3492  255 255 255
0.0969503 97.1859 -31.2615  255 255 255
2.63102 128.851 -48.9538  255 255 255
-7.99938 -4.29137 30.7199  255 255 255
-7.07361 -46.0564 32.0083  255 255 255
7.21968 19.6567 -55.1102  255 255 255
2.8773 100.686 -37.4933  255 255 255
7.13218 77.655 -57.6198  255 255 255
12.5533 50.838 -85.4788  255 255 255
-7.47476 -20.8057 34.577  255 255 255
4.03485 105.758 -41.1727  255 255 255
3.79574 96.175 -36.6262  255 255 255
3.82258 113.039 -39.0921  255 255 255
-6.03678 -58.1045 33.7415  255 255 255
11.6681 64.2199 -73.1777  255 255 255
5.48929 107.613 -42.1229  255 255 255
8.4157 81.6784 -54.4116  255 255 255
5.23085 96.5021 -36.9686  255 255 255
-6.6269 -14.2759 35.4437  255 255 255
11.0927 76.554 -62.0893  255 255 255
6.72994 100.704 -40.5725  255 255 255
7.19488 104.734 -42.409  255 255 255
7.00084 104.237 -41.6276  255 255 255
7.00084 104.237 -41.6276  255 255 255
-6.16365 -19.6977 35.4398  255 255 255
8.19822 91.0349 -44.6437  255 255 255
7.3606 97.8542 -37.6243  255 255 255
13.765 69.9417 -67.9523  255 255 255
13.3448 74.5416 -65.3139  255 255 255
-4.58902 -58.9197 34.3709  255 255 255
13.838 74.8169 -64.5844  255 255 255
-5.28999 -9.82529 34.8222  255 255 255
14.7727 70.1109 -68.3307  255 255 255
-5.26227 -35.9955 36.4801  255 255 255
14.2727 74.3912 -64.8547  255 255 255
9.72107 106.996 -43.0717  255 255 255
15.2835 72.6578 -68.16  255 255 255
12.1353 88.4989 -51.6858  255 255 255
9.52191 97.9145 -39.0379  255 255 255
-4.80192 -10.9178 35.2923  255 255 255
-4.44179 -7.74612 34.0312  255 255 255
13.264 88.4995 -52.685  255 255 255
-4.54023 -16.0314 35.9521  255 255 255
-4.83635 -30.3785 38.0413  255 255 255
10.8655 98.0777 -39.25  255 255 255
12.4312 112.081 -45.7834  255 255 255
12.8806 118.523 -48.1723  255 255 255
14.1084 89.8171 -52.6427  255 255 255
-3.77433 -10.7068 35.2201  255 255 255
14.3168 91.8626 -50.6611  255 255 255
-3.83572 -14.0095 35.8799  255 255 255
14.705 92.3067 -50.2061  255 255 255
14.0865 115.046 -48.2743  255 255 255
-3.18529 -7.68173 34.0705  255 255 255
12.5552 99.1464 -39.6916  255 255 255
12.5552 99.1464 -39.6916  255 255 255
15.5849 132.221 -48.812  255 255 255
14.0725 99.6189 -41.4111  255 255 255
15.4005 113.214 -47.4848  255 255 255
24.1576 61.9886 -85.0462  255 255 255
-1.63302 -57.7451 32.9282  255 255 255
16.1733 102.953 -44.4098  255 255 255
17.2228 112.092 -48.526  255 255 255
17.2228 112.092 -48.526  255 255 255
17.0107 108.802 -47.0264  255 255 255
17.0107 108.802 -47.0264  255 255 255
25.9228 63.3042 -84.4568  255 255 255
18.0141 114.33 -49.3521  255 255 255
16.8362 103.802 -43.9837  255 255 255
18.565 115.034 -49.7681  255 255 255
-2.41498 -31.2946 38.9457  255 255 255
-1.6593 -30.1601 37.1215  255 255 255
20.4301 93.2049 -53.9494  255 255 255
19.3555 110.261 -47.995  255 255 255
-0.551192 -24.7353 36.3433  255 255 255
-0.551192 -24.7353 36.3433  255 255 255
23.6708 21.1222 -57.9163  255 255 255
22.6008 106.917 -48.0027  255 255 255
24.7735 21.6529 -58.6652  255 255 255
26.1792 92.5043 -59.4672  255 255 255
0.885889 -16.7286 35.5092  255 255 255
33.4653 78.5918 -77.5223  255 255 255
28.8474 98.2639 -58.6377  255 255 255
1.40394 -31.9263 38.4555  255 255 255
35.7657 88.6948 -70.8365  255 255 255
35.879 90.8316 -66.9152  255 255 255
36.783 88.9345 -69.706  255 255 255
-75.3719 -2.25654 97.6047  255 255 255
-123.789 -0.775913 -22.086  255 255 255
-177.963 125.481 -125.841  255 255 255
-149.504 62.5644 -93.7711  255 255 255
-169.833 108.962 -118.838  255 255 255
-153.15 118.602 -85.8117  255 255 255
-149.348 125.028 -74.6755  255 255 255
-153.08 94.5794 -101.35  255 255 255
-149.364 115.686 -80.8017  255 255 255
-150.252 105.278 -90.6587  255 255 255
-148.096 116.649 -81.0719  255 255 255
-149.832 90.114 -102.002  255 255 255
-143.496 113.145 -75.4488  255 255 255
-130.507 75.1007 -76.6418  255 255 255
-128.318 77.852 -72.9196  255 255 255
-119.43 93.2651 -46.148  255 255 255
-119.118 102.503 -39.5721  255 255 255
-118.919 88.5002 -47.3342  255 255 255
-117.656 86.2037 -44.2149  255 255 255
-119.766 85.6054 -52.2805  255 255 255
-118.442 101.761 -41.5886  255 255 255
-113.652 77.5079 -43.9756  255 255 255
-136.142 144.456 -69.3899  255 255 255
-112.619 95.483 -34.4296  255 255 255
-111.337 78.9035 -40.346  255 255 255
-122.563 118.186 -50.5844  255 255 255
-101.43 64.0331 -31.5796  255 255 255
-102.234 68.208 -31.2922  255 255 255
-102.234 68.208 -31.2922  255 255 255
-98.5516 67.2897 -24.432  255 255 255
-126.281 152.041 -73.1956  255 255 255
-85.0183 65.5516 -1.19086  255 255 255
-70.8679 -19.0403 -7.59287  255 255 255
-89.5408 84.1607 -9.41813  255 255 255
-69.492 -20.128 -5.64984  255 255 255
-84.52 26.1026 -32.8814  255 255 255
-82.9764 33.6664 -27.0704  255 255 255
-100.92 116.775 -40.367  255 255 255
-100.743 118.009 -39.37  255 255 255
-82.4353 33.7445 -27.23  255 255 255
-100.01 119.802 -39.2226  255 255 255
-80.8197 53.1093 -10.8843  255 255 255
-99.6577 115.699 -43.1301  255 255 255
-80.5163 50.3302 -13.8622  255 255 255
-98.6563 118.004 -41.6433  255 255 255
-97.4705 119.373 -38.7694  255 255 255
-97.7863 116.759 -42.9435  255 255 255
-97.4142 115.889 -41.5989  255 255 255
-97.2348 116.869 -40.8263  255 255 255
-97.6697 118.036 -42.4843  255 255 255
-96.1752 119.319 -43.8714  255 255 255
-78.5293 43.2163 -22.4151  255 255 255
-78.1465 39.4567 -25.4201  255 255 255
-95.2778 119.773 -42.1901  255 255 255
-78.3848 25.3 -38.2173  255 255 255
-71.5155 -0.365114 -27.3501  255 255 255
-77.253 51.0623 -16.0566  255 255 255
-78.223 27.5128 -37.4958  255 255 255
-78.8471 78.0501 -5.18251  255 255 255
-77.3575 35.8461 -30.4106  255 255 255
-93.5551 119.544 -41.4742  255 255 255
-76.6865 34.3439 -32.2359  255 255 255
-50.5035 -45.9506 23.4998  255 255 255
-75.8323 36.179 -31.1627  255 255 255
-73.6029 65.5831 -4.98681  255 255 255
-73.1878 65.5318 -4.25863  255 255 255
-73.5978 55.9322 -14.0725  255 255 255
-75.5206 93.1236 -12.7738  255 255 255
-45.0899 -50.2883 27.6313  255 255 255
-67.861 64.8677 -11.197  255 255 255
-47.044 -42.3968 18.4043  255 255 255
-84.5987 142.338 -51.8065  255 255 255
-66.3436 67.6664 -8.50864  255 255 255
-52.9753 -17.6131 -9.95833  255 255 255
-52.1478 -19.3476 -8.03135  255 255 255
-62.4085 53.5311 -25.9036  255 255 255
-66.499 105.561 -15.0985  255 255 255
-52.3568 -6.11014 -21.6693  255 255 255
-60.7772 67.9711 -13.4346  255 255 255
-50.6391 -7.4971 -21.1908  255 255 255
-35.8435 -61.2437 38.9681  255 255 255
-38.8997 -48.824 25.1982  255 255 255
-49.3517 -8.44922 -19.1453  255 255 255
-57.7481 42.1386 -38.1996  255 255 255
-56.9323 42.3435 -39.1004  255 255 255
-36.5471 -54.0565 31.4899  255 255 255
-56.3374 71.8033 -13.9565  255 255 255
-55.3399 56.8849 -28.4702  255 255 255
-54.7496 40.9997 -42.4434  255 255 255
-49.4582 26.7922 -57.9536  255 255 255
-47.9593 44.2742 -44.5602  255 255 255
-58.811 114.01 -107.957  255 255 255
-47.0084 40.7175 -46.6892  255 255 255
-29.4635 -61.6329 39.8871  255 255 255
-46.5006 72.4802 -20.3478  255 255 255
-43.4123 63.5544 -31.7028  255 255 255
-40.8409 46.9536 -48.5003  255 255 255
-42.7055 86.8803 -21.6907  255 255 255
-40.0106 48.0557 -47.5259  255 255 255
-40.0955 61.6723 -35.4146  255 255 255
-26.0763 -61.5053 39.1164  255 255 255
-26.0763 -61.5053 39.1164  255 255 255
-25.9318 -62.0859 39.2214  255 255 255
-25.8795 -57.5469 34.015  255 255 255
-38.1299 76.588 -23.1284  255 255 255
-25.8048 -54.5312 31.1038  255 255 255
-25.5232 -56.9167 33.8195  255 255 255
-27.4603 -28.4198 20.4274  255 255 255
-33.9835 49.1656 -51.7984  255 255 255
-23.8106 -62.4003 39.8428  255 255 255
-23.6559 -64.2865 41.8251  255 255 255
-27.1218 -19.4824 26.1569  255 255 255
-30.7133 49.2352 -54.2458  255 255 255
-30.7505 48.798 -52.8618  255 255 255
-26.1873 -17.8942 26.4211  255 255 255
-22.9126 -58.0677 35.0012  255 255 255
-25.7185 -8.32055 14.5463  255 255 255
-25.7954 -7.48931 13.4925  255 255 255
-22.541 -55.6725 32.266  255 255 255
-21.9758 -64.6874 42.5642  255 255 255
-21.9652 -64.9641 42.0051  255 255 255
-22.3494 -57.1605 33.8994  255 255 255
-24.6889 -23.7464 32.1389  255 255 255
-27.6344 54.962 -50.445  255 255 255
-27.0899 51.4664 -54.6323  255 255 255
-21.7837 -54.9734 31.4178  255 255 255
-20.6212 -63.0899 40.7621  255 255 255
-20.7069 -58.9914 35.6571  255 255 255
-20.418 -56.4539 32.8829  255 255 255
-22.5989 -7.59743 18.1543  255 255 255
-21.153 -34.2584 26.3604  255 255 255
-18.3935 53.3547 -59.8793  255 255 255
-18.7305 56.8321 -54.5592  255 255 255
-21.746 82.0499 -29.1433  255 255 255
-22.5189 98.4653 -26.8824  255 255 255
-17.0578 -59.3323 35.9916  255 255 255
-16.7641 -58.9634 35.4838  255 255 255
-13.2291 38.2915 -74.9101  255 255 255
-16.5693 -63.0705 38.4327  255 255 255
-16.3881 -59.2819 35.8205  255 255 255
-16.4595 -61.4872 38.4976  255 255 255
-15.9515 -58.3429 34.8646  255 255 255
-15.9155 -61.1168 38.231  255 255 255
-15.4736 -60.9479 38.1092  255 255 255
-16.5405 110.393 -34.9436  255 255 255
-16.512 121.18 -39.2945  255 255 255
-16.3758 -2.95235 23.151  255 255 255
-15.7578 110.064 -36.3926  255 255 255
-10.0679 51.6015 -66.1948  255 255 255
-16.1464 -15.9365 31.0301  255 255 255
-14.9226 106.351 -34.7755  255 255 255
-14.8379 117.513 -39.3842  255 255 255
-14.8873 122.123 -40.568  255 255 255
-13.5805 125.365 -42.2876  255 255 255
-13.836 -59.1096 35.5408  255 255 255
-12.9253 112.896 -37.7163  255 255 255
-12.9253 112.896 -37.7163  255 255 255
-13.692 -58.6436 35.5887  255 255 255
-11.2967 80.9123 -40.1341  255 255 255
-10.6146 77.266 -43.0879  255 255 255
-10.6542 77.1207 -42.8614  255 255 255
-12.4785 104.621 -34.8136  255 255 255
-12.3961 106.727 -35.851  255 255 255
-14.6397 -2.65546 25.1109  255 255 255
-12.1334 112.552 -39.0667  255 255 255
-12.126 111.997 -38.4127  255 255 255
-14.4889 -21.2782 33.5639  255 255 255
-13.5475 -1.13182 24.1292  255 255 255
-13.484 -1.06765 23.768  255 255 255
-10.4215 117.31 -38.3933  255 255 255
-9.88599 110.04 -37.9368  255 255 255
-9.3684 121.872 -42.7139  255 255 255
-7.57589 80.2831 -43.2928  255 255 255
-9.67918 99.0371 -32.5089  255 255 255
-4.16157 17.4235 -52.4142  255 255 255
-6.74006 75.0795 -47.2309  255 255 255
-13.0942 -25.5531 34.2503  255 255 255
-12.7288 -33.1385 34.0597  255 255 255
-8.45923 109.191 -36.8453  255 255 255
-8.45923 109.191 -36.8453  255 255 255
-7.17056 111.239 -40.7355  255 255 255
-7.30445 103.355 -36.4609  255 255 255
-7.30445 103.355 -36.4609  255 255 255
-7.0824 115.778 -41.5898  255 255 255
-11.802 -36.0107 32.1353  255 255 255
-6.96631 98.8477 -34.7375  255 255 255
-6.96178 98.9863 -34.9234  255 255 255
-6.77529 120.734 -42.3859  255 255 255
-6.98682 93.7016 -31.4648  255 255 255
-6.15824 114.043 -41.3515  255 255 255
-12.027 -19.024 33.077  255 255 255
-12.0531 -22.2486 34.7003  255 255 255
-5.47901 88.6322 -36.9476  255 255 255
-2.18179 70.8636 -55.8555  255 255 255
-5.46238 94.234 -32.3663  255 255 255
-5.00445 100.591 -36.5069  255 255 255
-3.74755 84.0894 -41.2507  255 255 255
-4.53372 123.035 -43.7221  255 255 255
-10.2838 0.355215 24.6515  255 255 255
-1.44109 85.6037 -43.74  255 255 255
1.44818 72.8423 -58.7879  255 255 255
3.61247 60.6994 -69.5431  255 255 255
-9.99788 -5.13831 30.4455  255 255 255
-8.52183 0.719002 24.2815  255 255 255
0.81808 86.3804 -44.8984  255 255 255
-0.956157 101.731 -36.601  255 255 255
7.30967 55.2258 -74.6704  255 255 255
-8.16986 -3.9724 30.2612  255 255 255
-8.09242 -11.4892 34.7393  255 255 255
-7.78358 -11.6481 34.5241  255 255 255
2.66244 113.648 -35.5244  255 255 255
6.75168 80.105 -54.8423  255 255 255
10.4657 60.1532 -70.3771  255 255 255
7.1837 87.8739 -48.4568  255 255 255
7.0017 106.861 -41.84  255 255 255
6.98476 106.812 -41.7788  255 255 255
8.10303 93.9852 -42.8029  255 255 255
9.25193 89.8116 -47.8418  255 255 255
8.06515 100.935 -40.9437  255 255 255
8.02844 100.663 -40.4986  255 255 255
9.60078 119.993 -44.2416  255 255 255
-5.14707 -20.5359 35.4463  255 255 255
14.9153 75.9985 -64.6796  255 255 255
14.8042 75.8494 -64.2917  255 255 255
-4.91852 -14.9973 36.391  255 255 255
13.6653 86.901 -54.2683  255 255 255
12.0446 112.654 -47.2321  255 255 255
-4.15584 -8.73965 34.3267  255 255 255
12.3109 98.7228 -40.0355  255 255 255
19.0677 72.4887 -71.2016  255 255 255
16.098 90.1854 -53.2254  255 255 255
22.9316 61.9275 -82.9352  255 255 255
21.1537 71.1277 -73.4533  255 255 255
17.3191 90.4363 -53.5037  255 255 255
16.4911 114.034 -49.1375  255 255 255
16.4601 113.87 -48.8665  255 255 255
17.5587 91.7171 -52.5176  255 255 255
23.4373 67.6151 -78.5409  255 255 255
18.0083 118.285 -50.7406  255 255 255
18.6246 91.9896 -53.1376  255 255 255
18.019 108.464 -47.3153  255 255 255
25.9802 38.4992 -78.0231  255 255 255
22.4131 89.907 -58.7561  255 255 255
19.8984 110.28 -47.4184  255 255 255
19.8984 110.28 -47.4184  255 255 255
20.071 102.11 -45.4432  255 255 255
1.08204 -35.3272 35.2946  255 255 255
3.12941 -42.9537 28.8553  255 255 255
1.85563 -14.9581 35.8659  255 255 255
32.6109 85.9577 -70.9465  255 255 255
1.41473 -31.5291 38.4664  255 255 255
32.2993 92.3802 -64.5182  255 255 255
32.2993 92.3802 -64.5182  255 255 255
30.5883 98.0945 -55.9389  255 255 255
44.1661 61.387 -98.2526  255 255 255
-79.5397 2.69798 96.8994  255 255 255
-162.395 99.4011 -114.994  255 255 255
-149.171 110.399 -85.4013  255 255 255
-138.411 102.141 -73.2085  255 255 255
-127.081 114.463 -51.873  255 255 255
-131.275 122.091 -58.9345  255 255 255
-127.137 120.604 -54.3107  255 255 255
-115.315 91.4924 -38.4273  255 255 255
-124.979 118.015 -52.4395  255 255 255
-136.426 143.421 -70.8776  255 255 255
-107.31 70.2616 -39.0088  255 255 255
-92.8912 61.3006 -16.6163  255 255 255
-74.1806 -14.4951 -12.0255  255 255 255
-85.8415 48.4387 -15.7131  255 255 255
-83.4719 63.5499 0.59416  255 255 255
-106.311 122.579 -44.4374  255 255 255
-80.3688 60.6654 -4.49729  255 255 255
-80.3082 45.4469 -18.8179  255 255 255
-80.3491 40.5397 -22.5321  255 255 255
-97.1997 119.614 -41.8307  255 255 255
-95.7197 122.044 -36.8534  255 255 255
-78.0578 56.0555 -10.343  255 255 255
-78.1976 56.2336 -10.8603  255 255 255
-78.4757 41.3231 -23.9976  255 255 255
-77.2357 63.5273 -4.25318  255 255 255
-93.9522 120.191 -38.5413  255 255 255
-78.0464 34.6069 -31.3202  255 255 255
-77.5797 38.3774 -26.6262  255 255 255
-80.8793 83.7451 -9.441  255 255 255
-77.3001 28.1322 -37.083  255 255 255
-74.645 64.523 -5.73716  255 255 255
-74.3423 53.3999 -17.134  255 255 255
-75.7249 90.7963 -11.0993  255 255 255
-70.9834 36.6682 -34.2298  255 255 255
-74.9439 94.5443 -12.9431  255 255 255
-65.6139 66.0755 -10.4723  255 255 255
-63.1124 68.5413 -9.25151  255 255 255
-39.4406 -51.6355 27.122  255 255 255
-87.1274 195.12 -104.248  255 255 255
-59.4964 61.4329 -21.5759  255 255 255
-59.4434 61.2139 -21.1965  255 255 255
-50.6548 -4.3072 -24.1023  255 255 255
-38.8433 -48.0092 24.4483  255 255 255
-49.2623 -3.76903 -24.2637  255 255 255
-56.3177 66.7469 -18.1882  255 255 255
-53.9084 28.7915 -51.5758  255 255 255
-43.5567 -14.2352 -12.9716  255 255 255
-53.313 71.8846 -14.1915  255 255 255
-32.7984 -61.5634 40.2755  255 255 255
-44.3895 -9.08916 -19.3638  255 255 255
-34.2477 -51.2144 28.151  255 255 255
-50.7424 72.5304 -15.1993  255 255 255
-33.045 -53.736 30.6221  255 255 255
-31.5015 -59.6651 37.3613  255 255 255
-31.5026 -59.6263 37.4026  255 255 255
-49.1845 72.4843 -17.1311  255 255 255
-44.1627 16.044 -47.3472  255 255 255
-45.8675 63.523 -31.823  255 255 255
-27.9435 -62.1055 40.4057  255 255 255
-42.8204 91.2212 -18.161  255 255 255
-39.0162 76.3284 -22.5163  255 255 255
-26.4569 -55.8098 32.8158  255 255 255
-43.8779 218.678 -129.797  255 255 255
-22.5867 -64.6745 41.9767  255 255 255
-22.8944 -55.377 31.9355  255 255 255
-23.5435 -4.13183 9.51994  255 255 255
-24.4717 64.2663 -45.2901  255 255 255
-25.1413 80.5731 -29.1382  255 255 255
-20.8218 -4.98416 15.1837  255 255 255
-18.6168 -57.3426 33.724  255 255 255
-18.4576 -65.1926 42.9147  255 255 255
-17.698 16.7382 -49.3348  255 255 255
-19.9527 -0.866903 6.04674  255 255 255
-16.7153 -61.6925 38.6937  255 255 255
-16.3204 -58.45 34.9876  255 255 255
-15.9917 -29.1299 36.1707  255 255 255
-9.98275 60.5253 -58.9969  255 255 255
-9.98275 60.5253 -58.9969  255 255 255
-8.39703 68.1711 -53.9981  255 255 255
-5.20555 214.234 -130.169  255 255 255
-11.2482 100.431 -34.0811  255 255 255
-8.98036 90.048 -33.1193  255 255 255
-13.058 -21.9586 34.1207  255 255 255
-6.48383 116.315 -38.8726  255 255 255
-11.1808 -37.2444 31.6061  255 255 255
-3.57037 82.6873 -44.4919  255 255 255
-4.76459 118.843 -43.2432  255 255 255
-4.15963 87.3303 -39.6465  255 255 255
1.48232 27.0908 -63.2781  255 255 255
-10.231 -60.1909 36.4431  255 255 255
-11.2998 -16.0751 33.6918  255 255 255
-11.2938 -16.0537 33.6374  255 255 255
1.09565 72.9575 -56.4711  255 255 255
-9.4873 0.570334 24.6353  255 255 255
6.45418 52.1749 -78.4223  255 255 255
-8.5363 -45.9084 31.9555  255 255 255
-8.67392 -60.5058 36.4982  255 255 255
-8.38174 -3.23812 29.8669  255 255 255
8.68303 69.9892 -65.2751  255 255 255
-7.52664 -20.3117 36.2684  255 255 255
-7.13231 -6.04702 33.4524  255 255 255
5.94282 90.7093 -44.689  255 255 255
7.88665 87.6248 -49.5368  255 255 255
-6.49324 -14.7465 36.0826  255 255 255
12.051 85.5129 -54.9264  255 255 255
10.4295 93.1568 -45.6764  255 255 255
-4.48929 -38.671 33.3926  255 255 255
10.3476 120.073 -42.9459  255 255 255
10.7364 119.789 -44.1444  255 255 255
16.7613 75.0656 -65.3285  255 255 255
16.9617 75.424 -66.1331  255 255 255
16.7613 75.0656 -65.3285  255 255 255
-3.80928 -9.92466 34.372  255 255 255
19.1008 72.5342 -71.4519  255 255 255
15.2085 91.1721 -51.8383  255 255 255
19.8889 75.7923 -69.0855  255 255 255
23.8696 73.2966 -73.7202  255 255 255
19.7409 88.7384 -55.187  255 255 255
25.3942 37.0358 -76.3196  255 255 255
-1.26377 -11.3523 35.7442  255 255 255
21.3035 92.0835 -55.7367  255 255 255
-0.866652 -14.9583 35.4437  255 255 255
2.56244 -1.87931 23.1621  255 255 255
22.4185 86.9055 -53.6914  255 255 255
-0.318092 -30.218 37.6809  255 255 255
22.3502 97.8783 -47.8136  255 255 255
29.4251 82.509 -70.9319  255 255 255
2.85366 -43.2389 28.7972  255 255 255
32.7275 74.4217 -79.4543  255 255 255
30.6203 86.9674 -69.0962  255 255 255
33.2971 77.3245 -78.7592  255 255 255
28.4011 98.6244 -52.0694  255 255 255
30.5956 97.2205 -56.9322  255 255 255
-85.687 -37.4842 16.1679  255 255 255
-199.528 146.762 -152.329  255 255 255
-190.489 134.844 -145.011  255 255 255
-117.577 28.1519 -58.6573  255 255 255
-132.325 85.687 -73.1603  255 255 255
-128.36 111.793 -49.8762  255 255 255
-128.178 80.748 -69.5574  255 255 255
-128.178 80.748 -69.5574  255 255 255
-123.419 89.3034 -55.4754  255 255 255
-122.773 79.995 -60.0929  255 255 255
-118.023 95.374 -39.8487  255 255 255
-100.607 64.9618 -29.5766  255 255 255
-81.5295 49.8593 -14.3979  255 255 255
-80.3444 73.2202 -3.83713  255 255 255
-76.9511 64.7596 -4.4283  255 255 255
-76.1854 39.1637 -28.0669  255 255 255
-77.326 84.948 -9.15092  255 255 255
-77.326 84.948 -9.15092  255 255 255
-76.7599 87.5241 -10.3249  255 255 255
-71.983 35.284 -34.0711  255 255 255
-72.1241 53.1982 -21.2696  255 255 255
-69.5188 36.2174 -35.4444  255 255 255
-74.0663 98.8207 -15.4812  255 255 255
-78.864 150.224 -60.5859  255 255 255
-59.8058 61.9475 -19.789  255 255 255
-54.0726 57.0792 -29.0523  255 255 255
-49.3307 73.9529 -17.6451  255 255 255
-27.1643 -61.2783 38.8872  255 255 255
-26.2546 -62.8165 40.6206  255 255 255
-25.8977 -61.8894 39.5079  255 255 255
-26.4522 -57.5389 34.3094  255 255 255
-26.4627 -57.1221 35.4236  255 255 255
-37.1063 74.4278 -24.9189  255 255 255
-24.808 -57.0093 33.6156  255 255 255
-27.3053 -27.058 20.7124  255 255 255
-41.497 157.062 -73.3807  255 255 255
-23.4459 -57.4399 31.397  255 255 255
-20.5329 -59.6857 36.7313  255 255 255
-18.1385 -60.5535 36.3852  255 255 255
-16.5194 37.3312 -71.4139  255 255 255
-16.0817 -66.3837 44.2471  255 255 255
-17.26 -28.0314 35.3704  255 255 255
-15.4134 81.4781 -35.065  255 255 255
-15.4297 -29.5781 37.0482  255 255 255
-12.4634 101.635 -36.0174  255 255 255
-13.8471 -27.4437 35.7027  255 255 255
-8.45592 81.11 -40.6981  255 255 255
-8.45592 81.11 -40.6981  255 255 255
-13.3218 -22.6453 35.0709  255 255 255
-4.38411 83.9259 -43.8718  255 255 255
-10.3661 -0.524191 25.8219  255 255 255
-8.49643 -23.8649 35.9242  255 255 255
-6.5244 0.540886 24.1773  255 255 255
3.20609 113.411 -37.7535  255 255 255
-5.27039 -6.7303 32.8058  255 255 255
-5.35461 -6.77104 33.0201  255 255 255
16.4651 61.6865 -75.6412  255 255 255
17.9539 62.0116 -80.047  255 255 255
19.4386 62.9733 -77.9161  255 255 255
-4.09852 -30.5586 38.3549  255 255 255
-2.85538 -6.94995 33.5655  255 255 255
28.1813 65.6389 -86.5423  255 255 255
-1.4109 -33.4902 36.9116  255 255 255
-0.313596 -10.8162 35.1817  255 255 255
2.85134 -24.3034 35.6576  255 255 255
-85.0918 -36.3391 16.472  255 255 255
-158.464 102.551 -102.7  255 255 255
-159.537 104.441 -106.308  255 255 255
-150.299 95.8078 -100.305  255 255 255
-104.108 75.0918 -29.5767  255 255 255
-105.423 57.2226 -45.0807  255 255 255
-131.625 166.239 -81.0867  255 255 255
-85.9662 35.5451 -31.6201  255 255 255
-102.738 119.384 -38.1113  255 255 255
-79.5408 23.4143 -39.6396  255 255 255
-94.5672 118.798 -38.1001  255 255 255
-77.8387 82.7275 -8.02951  255 255 255
-80.9203 143.545 -56.8808  255 255 255
-57.0957 31.4456 -49.0693  255 255 255
-29.7421 -60.078 37.9681  255 255 255
-29.1259 -56.7385 33.937  255 255 255
-26.4393 -26.7108 23.2586  255 255 255
-22.0301 -64.5978 40.0881  255 255 255
-19.5563 -58.852 35.546  255 255 255
-19.5742 -57.7287 34.4732  255 255 255
-17.3806 -24.6339 33.194  255 255 255
-9.268 71.4592 -49.4247  255 255 255
-1.58901 21.4864 -56.3257  255 255 255
-1.26813 25.9632 -61.5027  255 255 255
-1.62317 19.4991 -53.0969  255 255 255
-4.65296 99.5988 -35.2357  255 255 255
-3.41137 88.346 -38.6951  255 255 255
-8.85331 -59.5262 35.5419  255 255 255
-1.52182 115.109 -38.5983  255 255 255
-8.06673 -22.0704 34.1438  255 255 255
12.8419 69.5251 -69.6528  255 255 255
-5.81357 -36.7462 34.8441  255 255 255
16.4433 131.29 -49.2501  255 255 255
-2.47929 -32.8112 37.8527  255 255 255
17.5319 107.462 -46.8564  255 255 255
-0.479851 -39.2832 31.9813  255 255 255
20.2358 102.849 -45.5966  255 255 255
25.3193 121.701 -53.9552  255 255 255
-148.354 92.2776 -87.538  255 255 255
-142.929 123.366 -60.3967  255 255 255
-149.416 115.708 -86.4336  255 255 255
-134.429 118.931 -56.6768  255 255 255
-118.17 66.8106 -61.1076  255 255 255
-117.194 54.4385 -68.1426  255 255 255
-118.361 59.1759 -68.694  255 255 255
-94.4221 46.1233 -33.3556  255 255 255
-92.0535 64.329 -13.3966  255 255 255
-113.761 126.303 -52.6913  255 255 255
-81.2712 34.1986 -26.6526  255 255 255
-78.5349 35.2148 -29.9029  255 255 255
-52.8471 -42.5437 19.1599  255 255 255
-76.3487 30.4914 -34.6648  255 255 255
-98.5671 142.462 -50.9968  255 255 255
-42.2929 -57.4627 36.4179  255 255 255
-37.6909 -50.8606 26.8664  255 255 255
-56.6747 69.5117 -12.7005  255 255 255
-67.8761 154.027 -66.6587  255 255 255
-25.4786 -35.9292 21.9924  255 255 255
-22.9821 -62.9659 40.0747  255 255 255
-22.4508 -64.4053 40.6621  255 255 255
-22.4508 -64.4053 40.6621  255 255 255
-22.1688 -63.0249 42.1434  255 255 255
-24.1202 -23.5019 32.1709  255 255 255
-27.8245 103.463 -32.2553  255 255 255
-19.0426 -62.7347 39.9607  255 255 255
-15.7455 -32.5997 35.5259  255 255 255
-14.6098 115.689 -35.5746  255 255 255
-7.56211 68.2222 -54.3089  255 255 255
-12.8899 -27.901 36.3824  255 255 255
-12.5661 -28.7561 36.8743  255 255 255
-9.33682 -18.5408 34.2659  255 255 255
-9.11374 -10.9487 33.9602  255 255 255
1.85352 113.129 -39.8509  255 255 255
7.31005 77.4939 -55.5125  255 255 255
4.77869 105.231 -41.2666  255 255 255
11.859 71.5549 -65.7225  255 255 255
6.52324 100.508 -39.1055  255 255 255
16.7335 77.2782 -65.1851  255 255 255
16.2025 98.1259 -41.2395  255 255 255
31.5 99.4251 -56.1929  255 255 255
-137.55 115.485 -63.4634  255 255 255
-113.224 94.6938 -30.7443  255 255 255
-110.245 56.6371 -53.7212  255 255 255
-100.168 36.7792 -49.4248  255 255 255
-66.6991 35.6049 -43.7308  255 255 255
-31.3214 79.8322 -25.2234  255 255 255
-20.4726 -58.7524 35.6512  255 255 255
-16.1461 83.2601 -34.6345  255 255 255
-14.528 109.421 -36.8086  255 255 255
-15.1928 -22.4068 33.6632  255 255 255
-14.5293 -4.23061 26.4539  255 255 255
2.21165 91.9439 -39.1853  255 255 255
-7.00161 -28.7632 36.6188  255 255 255
11.4317 101.068 -39.9939  255 255 255
18.6802 74.5741 -69.624  255 255 255
-3.34949 -12.1539 35.9246  255 255 255
30.1322 70.0973 -79.9627  255 255 255
-96.5032 125.031 -32.6973  255 255 255
-96.5032 125.031 -32.6973  255 255 255
-71.8382 66.4599 -5.30234  255 255 255
-52.5159 71.0823 -17.9195  255 255 255
-28.5107 -60.7235 37.9093  255 255 255
-23.8928 -35.0744 22.8777  255 255 255
-16.89 -62.2454 38.8343  255 255 255
-8.01791 -45.7949 31.7303  255 255 255
-5.06335 -18.0388 36.0154  255 255 255
21.3713 97.0517 -49.748  255 255 255
22.8595 99.246 -43.3313  255 255 255
-31.0615 -59.8632 37.6431  255 255 255
-49.4022 88.1942 -10.4466  255 255 255
-29.209 -59.5473 36.4896  255 255 255
-29.209 -59.5473 36.4896  255 255 255
-16.1724 -61.1458 38.0499  255 255 255
-14.0565 -60.0482 36.8309  255 255 255
-6.84026 93.0743 -29.4505  255 255 255
-19.4596 -60.1447 37.21  255 255 255
16.6399 94.7563 -47.3958  255 255 255
-26.0098 78.1296 -33.8865  255 255 255
-15.8055 61.8132 -52.2901  255 255 255
-46.8205 86.0943 -15.6395  255 255 255
-14.1237 81.5492 -37.9911  255 255 255
-4.23367 -30.7077 38.1655  255 255 255
-35.5108 82.8263 -13.3706  255 255 255
-133.798 183.205 -95.3963  255 255 255
-14.0644 165.223 -86.4966  255 255 255
-131.294 172.045 -84.5661  255 255 255
-19.736 161.272 -83.3129  255 255 255
-7.08653 141.662 -57.807  255 255 255
-80.8659 146.656 -58.6304  255 255 255
-50.528 150.755 -69.3606  255 255 255
-50.5907 150.945 -69.6271  255 255 255
-135.729 156.699 -73.883  255 255 255
-81.6417 135.565 -51.3904  255 255 255
-131.649 154.74 -73.2892  255 255 255
-144.044 156.391 -75.3926  255 255 255
-96.6552 123.099 -38.5892  255 255 255
-95.6711 123.633 -41.5635  255 255 255
-98.2811 117.331 -43.1785  255 255 255
-50.071 102.489 -25.7665  255 255 255
-73.8844 95.7703 -14.6552  255 255 255
-110.44 120.491 -51.6033  255 255 255
-76.9675 84.456 -10.0229  255 255 255
15.9847 91.724 -51.6558  255 255 255
-22.3434 82.2172 -30.6851  255 255 255
15.4842 90.6143 -51.5011  255 255 255
-17.4009 83.3979 -34.8136  255 255 255
-9.3716 85.1203 -40.0562  255 255 255
-2.61187 85.4938 -45.2559  255 255 255
29.604 92.6625 -63.6787  255 255 255
-9.24964 82.7267 -40.6765  255 255 255
17.8717 87.6481 -56.3618  255 255 255
-14.5062 80.1711 -39.9947  255 255 255
11.5409 86.3304 -55.6593  255 255 255
-59.8516 69.0087 -13.6883  255 255 255
12.6093 84.0981 -57.1637  255 255 255
-15.1701 77.2535 -40.2237  255 255 255
-68.1526 65.4529 -10.9715  255 255 255
-16.3396 75.8865 -39.5524  255 255 255
28.6885 86.1372 -67.1277  255 255 255
28.6885 86.1372 -67.1277  255 255 255
43.2138 87.0121 -76.0792  255 255 255
15.7242 80.8446 -60.5464  255 255 255
8.24912 79.0158 -57.4441  255 255 255
19.0064 79.4041 -65.24  255 255 255
-21.4563 71.1739 -41.6784  255 255 255
-21.4563 71.1739 -41.6784  255 255 255
27.8115 79.0535 -72.4301  255 255 255
-40.6536 64.8602 -32.0665  255 255 255
0.484436 72.5449 -56.2725  255 255 255
15.187 75.3846 -65.588  255 255 255
-45.1844 63.5686 -30.8802  255 255 255
-1.20922 70.843 -57.4392  255 255 255
-2.12086 70.5086 -56.83  255 255 255
-17.2392 67.2695 -47.7201  255 255 255
-22.3481 66.4011 -45.5071  255 255 255
-32.4227 63.6732 -41.2006  255 255 255
-17.0128 65.8459 -49.454  255 255 255
41.4103 76.2221 -84.6342  255 255 255
20.9923 72.3651 -73.1664  255 255 255
10.6531 69.5296 -66.1195  255 255 255
-2.81343 67.1588 -59.6003  255 255 255
46.4539 74.0538 -88.9806  255 255 255
-35.1412 59.8754 -42.6637  255 255 255
43.5644 72.866 -88.2228  255 255 255
-54.5708 54.4872 -29.7338  255 255 255
-16.9363 61.3343 -53.3181  255 255 255
-16.9363 61.3343 -53.3181  255 255 255
-12.8448 60.5505 -56.2841  255 255 255
-31.2633 57.3303 -47.0797  255 255 255
-41.6437 54.9654 -39.7376  255 255 255
-41.6212 54.8966 -39.578  255 255 255
-50.2627 53.1409 -34.1582  255 255 255
11.6652 63.4246 -72.4537  255 255 255
-1.16991 61.2233 -64.5507  255 255 255
-26.3017 57.2359 -50.5743  255 255 255
-1.51032 60.8828 -64.8801  255 255 255
-30.8479 55.967 -49.1445  255 255 255
-2.41355 60.4326 -65.7033  255 255 255
-16.3011 57.7786 -56.8715  255 255 255
31.9603 65.4681 -86.3979  255 255 255
0.123712 59.5565 -66.3804  255 255 255
-41.0646 52.7925 -41.7226  255 255 255
-54.1419 50.6121 -33.9677  255 255 255
-28.8201 54.4939 -50.175  255 255 255
-17.2936 56.3999 -57.4813  255 255 255
43.2784 65.5022 -93.564  255 255 255
-17.6276 55.7972 -57.1031  255 255 255
-17.6233 55.8206 -57.2064  255 255 255
-29.3063 52.983 -51.2986  255 255 255
-41.6593 51.0473 -44.3026  255 255 255
-22.9392 53.6759 -56.1264  255 255 255
-64.3875 46.4383 -30.4559  255 255 255
-14.0143 54.3638 -61.866  255 255 255
-25.7232 52.3244 -54.3082  255 255 255
-25.8281 52.0078 -53.2569  255 255 255
-22.2763 52.3061 -56.4609  255 255 255
-65.397 45.1842 -30.4261  255 255 255
-65.397 45.1842 -30.4261  255 255 255
-31.0696 50.6762 -52.387  255 255 255
-33.2576 49.9267 -50.9266  255 255 255
-27.3777 50.7862 -55.1373  255 255 255
-29.4043 50.3147 -54.0234  255 255 255
-8.37095 53.4348 -66.7782  255 255 255
-51.4094 46.653 -40.5329  255 255 255
-65.0559 44.3965 -32.2711  255 255 255
-25.9672 50.3528 -56.3072  255 255 255
8.75559 55.1781 -77.3188  255 255 255
-45.9461 47.2833 -44.8735  255 255 255
-64.0538 43.8527 -33.085  255 255 255
-46.8506 46.2973 -44.5493  255 255 255
-19.635 47.3276 -55.8734  255 255 255
-7.66009 48.7998 -70.2327  255 255 255
-36.3567 44.1192 -52.4577  255 255 255
-76.815 38.2722 -27.5423  255 255 255
-76.6525 38.579 -28.8432  255 255 255
6.40406 49.6084 -80.0917  255 255 255
-15.7678 46.7061 -67.8919  255 255 255
5.60406 48.2103 -81.5871  255 255 255
-60.1054 39.208 -40.6749  255 255 255
-74.336 36.3699 -31.1149  255 255 255
-72.4146 36.8106 -33.1826  255 255 255
-71.7912 36.7964 -33.2516  255 255 255
-78.1938 35.9594 -29.7592  255 255 255
-34.3862 41.6365 -58.8448  255 255 255
-77.7298 34.9241 -29.5626  255 255 255
-43.1365 27.7939 -15.1066  255 255 255
-11.8164 40.092 -76.0762  255 255 255
-29.7726 37.7839 -65.4153  255 255 255
-29.8339 37.4241 -63.807  255 255 255
-15.5044 38.7929 -74.0947  255 255 255
-33.8969 36.2589 -64.0104  255 255 255
-33.8969 36.2589 -64.0104  255 255 255
10.4895 34.7381 -72.2001  255 255 255
10.2186 34.0281 -71.1926  255 255 255
11.4226 33.559 -71.0217  255 255 255
-52.8985 31.4186 -52.4621  255 255 255
-68.8991 29.8197 -43.143  255 255 255
-62.6008 30.3281 -46.1228  255 255 255
-63.4811 30.0627 -46.0503  255 255 255
-78.0473 27.8816 -36.6139  255 255 255
-53.8358 30.6295 -52.4555  255 255 255
-80.4664 26.0423 -35.8427  255 255 255
-82.1758 25.6731 -35.5909  255 255 255
-82.7866 25.2962 -35.2856  255 255 255
-1.67577 28.1345 -63.2099  255 255 255
-79.9414 25.0101 -37.8525  255 255 255
-44.3605 28.6567 -61.9819  255 255 255
-77.8666 24.3824 -40.1696  255 255 255
-65.9909 24.5078 -48.5584  255 255 255
-77.369 22.9364 -41.3638  255 255 255
-48.1877 16.2719 -48.0053  255 255 255
-18.9677 12.5144 -45.0307  255 255 255
-21.351 9.16489 -40.7423  255 255 255
-32.0468 8.89572 -41.3237  255 255 255
-34.5359 8.47441 -40.0594  255 255 255
-9.08092 -1.35016 27.4804  255 255 255
-18.3977 2.18822 1.88103  255 255 255
-14.8703 1.14091 7.43394  255 255 255
-16.1177 0.350908 8.70881  255 255 255
-24.0923 5.09741 -33.7416  255 255 255
-16.5874 -0.652867 10.145  255 255 255
-17.8914 -1.06211 10.2142  255 255 255
-27.1168 4.32488 -33.5604  255 255 255
-12.1415 -3.34614 27.6666  255 255 255
-20.3591 -0.579708 5.41001  255 255 255
-18.7645 -1.69668 11.9726  255 255 255
-22.6134 -1.11596 6.04524  255 255 255
-18.9352 -1.85143 11.1622  255 255 255
-18.0291 -1.95634 11.9821  255 255 255
-19.3524 -1.95631 11.6186  255 255 255
-19.327 -1.9373 11.4781  255 255 255
-15.0996 -3.83066 25.6102  255 255 255
-15.584 -4.24809 25.4907  255 255 255
-50.5293 2.6965 -32.2958  255 255 255
-18.9358 -3.15626 13.0878  255 255 255
-19.2429 -3.4724 13.5273  255 255 255
-24.8994 -3.21607 8.70015  255 255 255
-19.2262 -3.9914 14.2228  255 255 255
-25.7155 -3.6176 9.29805  255 255 255
-25.3566 -3.90361 9.5045  255 255 255
-25.3566 -3.90361 9.5045  255 255 255
-23.4855 -3.97325 9.50016  255 255 255
-20.356 -5.04905 15.9841  255 255 255
-21.1534 -5.07542 15.4368  255 255 255
-11.9415 -6.83759 30.373  255 255 255
-25.0834 -1.08193 -27.7948  255 255 255
-24.8743 -0.938124 -29.4771  255 255 255
-23.8737 -4.81807 9.95363  255 255 255
-21.4631 -5.44599 15.7115  255 255 255
-9.91232 -7.75417 32.0354  255 255 255
-26.6826 -5.72645 12.4809  255 255 255
-21.6941 -6.65835 17.1855  255 255 255
-21.9868 -6.6807 17.3358  255 255 255
-60.5963 -3.66033 -24.3379  255 255 255
-22.5389 -7.83821 18.5255  255 255 255
-12.131 -9.61128 31.6814  255 255 255
-40.9531 -5.16141 -24.0033  255 255 255
-2.79579 -10.2674 35.2224  255 255 255
-56.9449 208.702 -113.932  255 255 255
-103.48 193.937 -99.8718  255 255 255
-115.296 190.589 -94.9397  255 255 255
-111.304 189.054 -94.4079  255 255 255
-111.304 189.054 -94.4079  255 255 255
-115.189 189.579 -94.8758  255 255 255
-110.546 188.043 -94.471  255 255 255
-34.4207 192.036 -109.458  255 255 255
-38.3371 189.688 -107.574  255 255 255
-101.961 181.671 -92.313  255 255 255
-98.267 180.932 -93.062  255 255 255
-104.737 179.162 -90.2212  255 255 255
-121.746 184.686 -99.7935  255 255 255
-127.191 183.415 -98.3415  255 255 255
-46.8936 158.166 -74.1985  255 255 255
-29.6989 160.346 -79.8864  255 255 255
-93.4931 143.13 -50.8057  255 255 255
-61.3735 152.059 -66.7136  255 255 255
-62.6256 151.908 -66.5694  255 255 255
-30.1042 158.429 -79.0968  255 255 255
-51.8156 153.091 -69.6878  255 255 255
-55.7367 152.435 -68.62  255 255 255
-55.7367 152.435 -68.62  255 255 255
-126.801 170.174 -84.5207  255 255 255
-36.1056 155.43 -75.0347  255 255 255
-93.5096 141.563 -50.0484  255 255 255
-83.2017 145.496 -56.8393  255 255 255
-33.0497 155.523 -76.5388  255 255 255
-45.9457 153.287 -72.1891  255 255 255
-52.1612 151.232 -69.0243  255 255 255
-132.333 165.861 -80.398  255 255 255
-132.907 164.456 -80.0201  255 255 255
-81.2687 143.123 -56.6429  255 255 255
-66.818 145.727 -62.3624  255 255 255
-54.2764 146.781 -66.5471  255 255 255
-82.4184 139.718 -53.5431  255 255 255
-68.3509 143.171 -60.543  255 255 255
-65.5325 143.55 -61.6671  255 255 255
4.93258 131.363 -51.8215  255 255 255
-32.5775 149.243 -74.2121  255 255 255
17.6062 130.149 -52.136  255 255 255
17.582 129.968 -51.8148  255 255 255
-129.57 159.104 -76.8356  255 255 255
-6.36203 127.481 -46.2355  255 255 255
-132.996 157.988 -75.2674  255 255 255
-131.982 156.418 -74.5962  255 255 255
-137.339 154.762 -71.7588  255 255 255
-134.35 153.473 -71.8272  255 255 255
-135.585 153.27 -71.5224  255 255 255
-64.4945 138.709 -59.8061  255 255 255
-17.0313 116.172 -37.6035  255 255 255
-0.0990132 114.278 -37.4531  255 255 255
-99.3702 121.098 -38.7485  255 255 255
-75.4784 102.877 -16.0733  255 255 255
-96.3777 119.453 -42.8715  255 255 255
-100.621 117.119 -41.5074  255 255 255
-50.4251 101.629 -24.7929  255 255 255
17.644 109.578 -47.7136  255 255 255
-164.269 146.065 -86.9592  255 255 255
-99.9037 114.599 -44.4201  255 255 255
-163.889 145.858 -87.3119  255 255 255
-163.204 145.068 -86.3937  255 255 255
-115.88 107.572 -44.6045  255 255 255
-76.749 82.9991 -9.78677  255 255 255
13.9391 96.8822 -44.86  255 255 255
8.04653 95.6722 -42.3227  255 255 255
11.6503 91.5577 -48.8993  255 255 255
-83.3034 80.2989 -20.5635  255 255 255
-27.2151 79.2559 -29.6205  255 255 255
-10.3081 81.4129 -41.0654  255 255 255
-10.8132 78.3758 -43.2574  255 255 255
-61.0473 67.1183 -14.0208  255 255 255
-61.0473 67.1183 -14.0208  255 255 255
-82.1515 62.5291 -2.21189  255 255 255
29.7328 86.9181 -67.9743  255 255 255
-7.04116 77.1346 -46.8609  255 255 255
-4.25889 78.3416 -50.2328  255 255 255
20.4773 82.7891 -63.872  255 255 255
-4.8912 76.6564 -49.5175  255 255 255
-11.9226 74.5627 -45.5291  255 255 255
-23.088 71.7919 -39.4633  255 255 255
-23.0908 71.7995 -39.4868  255 255 255
-55.7637 64.4689 -20.0109  255 255 255
-59.0872 63.824 -18.6324  255 255 255
10.5687 78.317 -59.2685  255 255 255
22.3073 81.2721 -68.0599  255 255 255
-55.3934 63.8567 -21.8227  255 255 255
-41.582 66.4453 -29.5102  255 255 255
15.7583 77.8655 -62.9969  255 255 255
-41.8868 66.0577 -29.6457  255 255 255
14.4641 77.6453 -62.8405  255 255 255
17.7558 78.373 -64.9327  255 255 255
-21.5854 70.2329 -41.9305  255 255 255
-153.041 100.969 -97.3635  255 255 255
11.385 75.9281 -61.4693  255 255 255
-42.3441 65.1526 -30.3475  255 255 255
-42.3223 65.1924 -30.4304  255 255 255
-56.1725 61.971 -22.4271  255 255 255
-56.1725 61.971 -22.4271  255 255 255
0.136704 73.1727 -56.9336  255 255 255
24.0619 78.0326 -71.7092  255 255 255
-1.83852 71.9487 -54.422  255 255 255
-20.0278 68.3366 -43.9765  255 255 255
-44.6286 63.5427 -30.1295  255 255 255
-0.0420618 72.6256 -56.9046  255 255 255
1.27558 72.2743 -57.4816  255 255 255
-15.5523 68.5451 -47.8683  255 255 255
-36.1888 64.283 -35.7267  255 255 255
-24.0361 66.1427 -43.7468  255 255 255
-48.5332 61.3507 -29.5718  255 255 255
-17.2319 66.3961 -48.6633  255 255 255
39.6985 77.3613 -82.7018  255 255 255
14.3248 71.4201 -68.6038  255 255 255
-16.5297 63.4321 -51.9214  255 255 255
-50.161 57.0217 -32.0614  255 255 255
10.6067 67.1104 -69.3643  255 255 255
10.386 65.5349 -70.0542  255 255 255
22.7499 67.6828 -78.4634  255 255 255
14.1275 65.5813 -72.2983  255 255 255
-160.167 74.2579 -103.331  255 255 255
26.8911 61.3398 -87.8404  255 255 255
46.6485 64.1992 -99.2756  255 255 255
-3.70968 54.397 -66.3362  255 255 255
27.6373 59.82 -87.6109  255 255 255
2.46999 54.9998 -74.1799  255 255 255
-8.94242 52.6416 -65.6708  255 255 255
35.5407 59.2964 -94.9518  255 255 255
-75.2095 42.0494 -26.4244  255 255 255
-80.0368 40.8899 -22.5252  255 255 255
-26.8354 47.3067 -55.1806  255 255 255
-13.0097 48.4446 -68.1433  255 255 255
-58.6172 41.4981 -38.8133  255 255 255
-72.1117 38.5842 -30.5367  255 255 255
-72.1805 38.7459 -31.0681  255 255 255
-31.1888 44.5928 -57.896  255 255 255
-73.7256 38.3771 -30.8121  255 255 255
-73.9898 38.0566 -30.8948  255 255 255
-77.3688 37.1071 -28.5291  255 255 255
-77.3688 37.1071 -28.5291  255 255 255
-14.5817 44.9782 -69.7974  255 255 255
-14.5911 44.9634 -69.7732  255 255 255
-54.5144 39.3453 -44.1795  255 255 255
-58.6372 36.1716 -43.5171  255 255 255
-76.1238 32.1256 -31.6216  255 255 255
-11.3614 40.2371 -75.9511  255 255 255
-36.2714 35.5402 -61.0159  255 255 255
-36.3102 35.668 -61.48  255 255 255
-81.5854 29.1845 -33.0369  255 255 255
-51.9436 30.7672 -53.3535  255 255 255
-51.9554 30.8131 -53.5441  255 255 255
4.56954 31.7418 -68.0953  255 255 255
-83.702 25.0151 -34.4984  255 255 255
-81.7968 23.724 -37.1997  255 255 255
-78.256 24.1875 -40.1454  255 255 255
-83.1863 22.6644 -35.8995  255 255 255
9.24127 23.68 -58.6497  255 255 255
-77.868 22.7862 -41.7927  255 255 255
6.9758 23.31 -58.2411  255 255 255
4.55861 22.2897 -56.5886  255 255 255
-69.372 19.8942 -49.3424  255 255 255
-73.7797 16.5425 -46.2539  255 255 255
-7.60892 2.41045 21.6269  255 255 255
-7.68264 2.40112 21.8379  255 255 255
-13.2723 12.3392 -45.2425  255 255 255
-17.7563 12.5245 -46.3025  255 255 255
-15.1281 11.2409 -44.0741  255 255 255
-10.9274 0.653568 23.334  255 255 255
-15.1115 -0.538302 20.0127  255 255 255
-10.0504 -1.76627 27.4718  255 255 255
-16.0731 0.917359 7.9666  255 255 255
-37.1145 7.63269 -39.155  255 255 255
-16.7473 0.132506 8.84636  255 255 255
-16.7111 0.162543 8.66912  255 255 255
-17.2411 -0.518756 9.7178  255 255 255
-67.0041 5.61309 -34.4079  255 255 255
-17.3383 -0.853927 10.1723  255 255 255
-13.7407 -2.92458 25.8814  255 255 255
-9.2749 -3.53664 29.2544  255 255 255
-71.6652 4.67778 -34.2263  255 255 255
-72.9224 4.00682 -32.3036  255 255 255
-18.3015 -2.44966 12.0987  255 255 255
-15.7329 -5.08686 26.0284  255 255 255
-7.13241 -6.49636 32.5048  255 255 255
-81.2907 -0.62226 -26.6481  255 255 255
-20.3453 -5.6846 16.0455  255 255 255
-23.92 -5.1724 10.84  255 255 255
-11.6979 -8.49669 31.498  255 255 255
-39.2722 189.385 -106.011  255 255 255
-43.5508 187.858 -105.27  255 255 255
-108.445 180.252 -90.057  255 255 255
-19.1966 167.235 -85.9377  255 255 255
-58.2601 154.745 -69.4933  255 255 255
-87.2046 144.946 -53.7639  255 255 255
-87.2046 144.946 -53.7639  255 255 255
-6.00894 141.831 -58.3594  255 255 255
17.8754 133.209 -48.6687  255 255 255
-60.7812 151.093 -66.732  255 255 255
-63.3957 150.601 -65.887  255 255 255
-81.8067 145.65 -57.0867  255 255 255
-43.4826 153.813 -72.8407  255 255 255
-82.3887 145.534 -57.2813  255 255 255
-73.3699 147.472 -61.1654  255 255 255
-93.5576 140.431 -49.3817  255 255 255
-80.7586 145.243 -57.5357  255 255 255
-40.0803 153.086 -73.8348  255 255 255
-51.4385 149.989 -68.7656  255 255 255
-91.6526 139.525 -49.7772  255 255 255
-77.4095 144.327 -58.6644  255 255 255
-96.8482 138.649 -48.5534  255 255 255
-65.2805 145.437 -62.412  255 255 255
-42.9964 149.277 -70.2606  255 255 255
7.2069 132.689 -52.1261  255 255 255
-72.7983 143.575 -59.5834  255 255 255
-94.7535 137.095 -47.9546  255 255 255
-75.2885 142.742 -58.2722  255 255 255
-103.156 157.59 -76.0872  255 255 255
-88.9601 137.176 -50.2486  255 255 255
-93.9972 135.808 -48.0486  255 255 255
-73.131 141.32 -58.332  255 255 255
-9.49986 126.377 -44.6951  255 255 255
-66.1433 141.694 -60.6206  255 255 255
-67.364 141.232 -60.1945  255 255 255
-67.364 141.232 -60.1945  255 255 255
18.3673 129.668 -52.8973  255 255 255
-78.7525 138.15 -55.3885  255 255 255
-77.378 138.405 -55.848  255 255 255
-62.9461 141.076 -61.3816  255 255 255
-61.3641 140.802 -61.448  255 255 255
-65.0914 139.846 -60.0615  255 255 255
0.243431 126.962 -48.8218  255 255 255
-81.6927 115.203 -23.2489  255 255 255
-75.2218 136.769 -55.4576  255 255 255
-58.0654 140.179 -62.3697  255 255 255
-12.9538 122.933 -42.2955  255 255 255
-63.083 138.249 -59.4431  255 255 255
-63.7214 136.877 -58.8548  255 255 255
-95.6645 124.867 -42.1965  255 255 255
-17.8252 114.76 -36.9416  255 255 255
-99.7935 119.349 -37.2337  255 255 255
-70.1702 104.303 -18.3553  255 255 255
-15.9684 112.188 -36.7369  255 255 255
-95.5286 121.404 -41.9929  255 255 255
-94.2225 120.821 -41.8406  255 255 255
-98.8686 118.815 -40.0259  255 255 255
-74.4832 99.4385 -14.9926  255 255 255
18.5745 115.167 -50.0088  255 255 255
-14.1288 105.217 -34.7075  255 255 255
-112.087 122.293 -51.7531  255 255 255
-112.266 121.177 -51.3518  255 255 255
-112.328 121.265 -51.4501  255 255 255
-53.7584 97.9442 -22.3516  255 255 255
-12.2864 99.3591 -35.6611  255 255 255
-82.6146 89.0082 -12.2971  255 255 255
-1.17602 97.5143 -36.4856  255 255 255
-114.6 110.519 -46.5872  255 255 255
-116.018 110.415 -46.3991  255 255 255
-118.214 104.865 -43.0523  255 255 255
32.7155 101.553 -54.4057  255 255 255
-44.7285 84.3467 -21.6648  255 255 255
12.6808 89.4149 -53.5502  255 255 255
10.8739 88.2168 -51.4892  255 255 255
18.396 89.3899 -55.5602  255 255 255
-55.5736 70.6936 -12.4757  255 255 255
17.8874 87.5593 -57.3009  255 255 255
-46.492 72.4776 -20.4363  255 255 255
-67.1844 67.1606 -7.25223  255 255 255
-65.078 68.0151 -9.36594  255 255 255
22.3214 87.0939 -61.3398  255 255 255
3.09704 83.2873 -52.0256  255 255 255
-79.6852 63.4638 -3.17629  255 255 255
-7.64449 79.1359 -44.6321  255 255 255
43.2391 89.0661 -74.8283  255 255 255
-27.0567 72.6839 -35.7817  255 255 255
-27.0614 72.6906 -35.7405  255 255 255
43.0156 89.5313 -80.6347  255 255 255
-20.641 73.3846 -39.8406  255 255 255
-41.9936 68.4145 -27.5074  255 255 255
-4.25158 75.4119 -50.308  255 255 255
56.5261 86.986 -86.2177  255 255 255
45.1771 80.8617 -83.6557  255 255 255
-2.97732 71.012 -56.0107  255 255 255
-68.025 57.7469 -17.7342  255 255 255
-4.92897 69.3669 -55.8727  255 255 255
53.4671 79.6211 -90.3074  255 255 255
-69.0437 56.3952 -18.2506  255 255 255
-69.0437 56.3952 -18.2506  255 255 255
11.1906 70.9367 -67.0537  255 255 255
22.1474 69.0743 -73.4642  255 255 255
36.362 71.0536 -86.2525  255 255 255
-40.6044 55.8074 -40.2115  255 255 255
8.69444 62.4347 -69.0719  255 255 255
-11.8032 59.7033 -59.5487  255 255 255
-52.7662 51.9004 -34.716  255 255 255
-52.7909 51.9154 -34.693  255 255 255
-52.7909 51.9154 -34.693  255 255 255
-26.5136 53.3001 -53.2604  255 255 255
26.4436 59.3711 -90.4015  255 255 255
-59.524 41.6755 -37.7765  255 255 255
-59.4391 41.6231 -37.4765  255 255 255
-65.8762 37.6332 -37.1197  255 255 255
-72.3106 35.5571 -33.6844  255 255 255
-9.36882 41.544 -75.2487  255 255 255
-40.3654 36.6874 -56.5848  255 255 255
-65.8787 32.4595 -41.4701  255 255 255
-77.8201 30.0563 -34.5986  255 255 255
-59.3304 31.0233 -48.1528  255 255 255
-59.9936 29.0692 -49.1822  255 255 255
-63.0213 27.4501 -48.4004  255 255 255
-77.349 25.4248 -39.4214  255 255 255
11.7276 24.5346 -61.206  255 255 255
7.83745 21.6092 -57.6369  255 255 255
-77.2805 20.5603 -43.9338  255 255 255
-78.555 18.149 -43.8131  255 255 255
-76.1305 17.8206 -46.8487  255 255 255
-22.7208 11.8538 -43.3589  255 255 255
-69.4604 9.38759 -38.9885  255 255 255
-92.6285 8.33896 -35.5994  255 255 255
-8.30009 -2.41186 28.7502  255 255 255
-20.9455 5.24535 -36.1531  255 255 255
-11.6918 -2.7673 27.403  255 255 255
-20.8474 0.17064 4.03238  255 255 255
-24.5978 4.70118 -35.7591  255 255 255
-85.0884 4.10611 -32.1236  255 255 255
-71.7741 4.05868 -32.6566  255 255 255
-85.1586 3.61384 -31.3724  255 255 255
-26.9394 1.37151 -30.8258  255 255 255
-25.8228 -1.32226 -26.8401  255 255 255
-68.7634 -1.49794 -26.7923  255 255 255
-24.9051 -6.83865 13.6384  255 255 255
-43.6287 -3.43185 -26.4943  255 255 255
-11.3565 -8.82806 31.6803  255 255 255
-40.3981 -4.86337 -23.2049  255 255 255
-21.5976 -8.36175 19.2623  255 255 255
-21.9432 -8.43488 19.3957  255 255 255
15.8542 137.146 -46.7717  255 255 255
16.5536 136.709 -46.9549  255 255 255
-0.860575 127.245 -48.3972  255 255 255
-6.51691 121.879 -43.905  255 255 255
-65.0202 101.463 -19.101  255 255 255
-104.664 119.331 -44.1539  255 255 255
2.33892 108.356 -41.9174  255 255 255
-99.6806 115.75 -43.2346  255 255 255
-99.5942 115.559 -43.1168  255 255 255
-98.9861 115.287 -43.5173  255 255 255
-110.057 121.006 -51.8457  255 255 255
-111.248 119.196 -50.7295  255 255 255
-115.85 114.252 -48.1406  255 255 255
-114.337 111.583 -46.7196  255 255 255
-116.209 109.436 -45.7437  255 255 255
-116.56 107.356 -44.9468  255 255 255
-116.56 107.356 -44.9468  255 255 255
-113 106.108 -44.8964  255 255 255
26.6738 98.1173 -54.5022  255 255 255
-76.3404 74.4207 -4.83433  255 255 255
22.5915 92.3452 -56.3236  255 255 255
-9.55182 85.1739 -40.4471  255 255 255
-33.3452 76.8971 -26.6995  255 255 255
56.0795 96.1029 -77.9226  255 255 255
40.6917 92.7023 -69.8079  255 255 255
25.2369 88.4266 -62.498  255 255 255
0.109621 82.1562 -47.9162  255 255 255
1.4981 82.016 -49.3983  255 255 255
-82.7715 62.1716 -0.224912  255 255 255
-42.3834 70.6943 -24.9482  255 255 255
-91.3475 66.8549 -12.6308  255 255 255
56.8147 88.7807 -84.6728  255 255 255
16.3302 78.1616 -63.2437  255 255 255
18.4717 78.2635 -65.2038  255 255 255
-36.3622 66.9781 -33.0583  255 255 255
-64.0351 59.3505 -20.1315  255 255 255
-16.7363 66.8373 -48.2321  255 255 255
-2.25175 69.2954 -57.8724  255 255 255
0.886486 62.7532 -66.1211  255 255 255
-25.5707 53.9806 -52.9676  255 255 255
46.6284 65.4715 -97.2666  255 255 255
6.55967 57.1505 -71.5208  255 255 255
-7.49669 54.011 -65.4906  255 255 255
-13.5543 51.1756 -66.0232  255 255 255
-76.9959 37.5017 -27.8289  255 255 255
-61.154 38.0468 -40.1039  255 255 255
-66.9039 36.8723 -38.0767  255 255 255
-127.457 48.9961 -78.6475  255 255 255
-82.0361 33.4628 -27.9792  255 255 255
-79.9209 33.7146 -29.5072  255 255 255
-1.84731 43.936 -81.0463  255 255 255
-80.6118 32.5346 -29.5483  255 255 255
-27.5743 37.7742 -65.327  255 255 255
13.7351 38.4109 -77.0284  255 255 255
9.86216 36.6977 -73.4263  255 255 255
-64.2268 30.2852 -44.2324  255 255 255
-53.7468 31.3404 -51.8154  255 255 255
-1.83937 27.3758 -62.8984  255 255 255
-88.7352 24.051 -38.6165  255 255 255
1.01172 21.1246 -56.8465  255 255 255
-70.5484 20.4205 -50.1124  255 255 255
-14.2665 11.9374 -44.5573  255 255 255
-16.9467 11.456 -44.2188  255 255 255
-18.385 9.38441 -41.7821  255 255 255
-16.0441 -2.1572 22.8307  255 255 255
-29.6071 5.29476 -37.1488  255 255 255
-16.6833 -2.23286 21.2889  255 255 255
-22.2827 -0.456927 4.86767  255 255 255
-32.4018 2.56512 -33.6743  255 255 255
-9.96743 -5.11583 30.3706  255 255 255
-17.4036 -5.24154 24.1217  255 255 255
-36.2036 0.243964 -29.9113  255 255 255
-18.0816 -6.24067 23.9968  255 255 255
-18.8196 -6.31758 22.2114  255 255 255
-39.4769 -3.99119 -24.9232  255 255 255
-27.7853 -7.35711 14.4346  255 255 255
-59.8066 196.458 -112.257  255 255 255
-98.715 120.097 -39.6033  255 255 255
-104.616 121.461 -42.4487  255 255 255
-96.649 116.999 -43.3248  255 255 255
-135.157 123.268 -61.5497  255 255 255
39.8958 100.152 -60.9326  255 255 255
-12.0511 81.2908 -39.5405  255 255 255
-74.885 65.0163 -4.23935  255 255 255
-47.6926 69.6074 -21.7152  255 255 255
42.223 87.9351 -74.6758  255 255 255
56.3153 90.9911 -83.6889  255 255 255
-42.5818 67.9049 -27.9884  255 255 255
44.8105 86.3485 -78.9797  255 255 255
-8.00733 71.8906 -51.5584  255 255 255
22.6257 74.5873 -71.2195  255 255 255
41.3011 73.2684 -86.8132  255 255 255
41.5625 69.9083 -88.2126  255 255 255
32.7423 66.7697 -82.764  255 255 255
32.6737 63.35 -88.3497  255 255 255
-33.1919 48.35 -52.5461  255 255 255
2.89413 51.7969 -74.5541  255 255 255
-59.7594 42.4292 -37.331  255 255 255
-51.7181 39.5198 -45.1329  255 255 255
-67.2901 36.1476 -38.2916  255 255 255
-13.6866 40.4414 -74.236  255 255 255
-80.1973 21.8378 -37.5169  255 255 255
-84.2864 20.4119 -35.7777  255 255 255
5.68963 19.4682 -54.8337  255 255 255
-80.3821 18.401 -42.126  255 255 255
-17.1852 9.13458 -41.7856  255 255 255
-93.4643 8.11035 -35.6349  255 255 255
-15.8588 -1.94149 22.1389  255 255 255
-8.31121 -3.19218 29.4149  255 255 255
-33.5772 4.85344 -34.2404  255 255 255
-26.8771 3.10771 -33.8437  255 255 255
-15.8502 -3.8757 24.7002  255 255 255
-50.3221 0.474887 -30.5812  255 255 255
-23.6301 -4.19986 10.0343  255 255 255
-27.0558 -0.838101 -29.2418  255 255 255
-26.4834 -4.42482 10.1496  255 255 255
-40.6233 -1.82269 -26.9393  255 255 255
-18.6222 -6.82965 23.418  255 255 255
15.7431 211.794 -134.108  255 255 255
-74.664 188.999 -103.966  255 255 255
-40.7515 73.5592 -24.8538  255 255 255
-52.0487 69.2456 -19.2996  255 255 255
-79.8379 61.423 -4.31435  255 255 255
-10.2119 73.652 -45.1822  255 255 255
-0.107344 72.2229 -57.0071  255 255 255
-63.9196 47.1782 -31.2385  255 255 255
21.8614 60.1862 -84.1554  255 255 255
-7.7859 53.1712 -67.5935  255 255 255
-8.18762 43.3416 -75.7718  255 255 255
-80.3467 24.5754 -37.9446  255 255 255
-80.1768 24.4418 -37.2621  255 255 255
8.65999 21.7225 -55.8268  255 255 255
-18.1535 -1.71331 11.2813  255 255 255
-38.3638 -1.04019 -28.8899  255 255 255
-38.4167 154.574 -74.8409  255 255 255
-38.4395 154.681 -74.9667  255 255 255
-74.7661 144.906 -59.5638  255 255 255
-52.4765 148.809 -68.0814  255 255 255
-68.5442 145.468 -61.9654  255 255 255
-68.5442 145.468 -61.9654  255 255 255
-41.2185 148.215 -71.3721  255 255 255
16.9445 86.9487 -55.9414  255 255 255
-158.392 98.5625 -109.865  255 255 255
36.1006 60.0652 -95.6861  255 255 255
31.6386 58.871 -92.6344  255 255 255
-11.861 45.1526 -70.3206  255 255 255
-74.171 34.4253 -32.4328  255 255 255
-5.82664 43.1234 -76.2414  255 255 255
-19.7867 29.2582 -65.3445  255 255 255
-77.882 23.7708 -41.0025  255 255 255
-18.877 -1.3187 10.553  255 255 255
-19.2549 -4.0438 14.329  255 255 255
-63.3524 144.245 -63.4387  255 255 255
-11.6459 110.174 -38.0324  255 255 255
19.5261 113.115 -50.6009  255 255 255
-12.3934 51.6952 -64.5936  255 255 255
-24.9011 46.5236 -58.2039  255 255 255
-76.6474 30.2367 -35.2219  255 255 255
22.1458 22.6935 -58.6569  255 255 255
-114.213 186.982 -96.1021  255 255 255
-59.2129 147.703 -65.4721  255 255 255
43.5181 68.7431 -90.7175  255 255 255
31.5527 65.1665 -81.1511  255 255 255
-1.29665 52.4364 -70.1512  255 255 255
-29.4565 46.283 -56.7836  255 255 255
-14.843 42.3037 -68.1854  255 255 255
-80.9756 64.7623 -2.81696  255 255 255
-21.8007 45.3409 -62.9772  255 255 255
6.13624 64.7515 -67.3182  255 255 255
-40.4085 35.7284 -61.1319  255 255 255
52.2356 49.464 -10.8973  255 255 255
52.1486 49.2273 -11.641  255 255 255
52.0761 49.1859 -11.5226  255 255 255
49.9878 48.5806 -16.0429  255 255 255
49.4296 33.9945 14.2791  255 255 255
50.2603 47.5523 -16.5212  255 255 255
20.1738 74.8528 -70.6368  255 255 255
49.0177 74.7261 -89.6687  255 255 255
53.2153 74.7348 -91.7506  255 255 255
44.2324 73.6929 -87.5466  255 255 255
21.3291 72.2039 -74.8318  255 255 255
15.3628 69.9005 -68.9059  255 255 255
-3.22226 68.2096 -56.7131  255 255 255
-10.7528 67.7021 -52.2521  255 255 255
-2.14737 68.2833 -57.5306  255 255 255
49.1549 42.0382 -21.8766  255 255 255
49.1549 42.0382 -21.8766  255 255 255
49.8355 41.8241 -21.7497  255 255 255
7.95299 68.8679 -65.7189  255 255 255
53.1607 71.7504 -95.1577  255 255 255
42.6505 69.3478 -88.3808  255 255 255
55.2641 70.845 -98.6792  255 255 255
55.2641 70.845 -98.6792  255 255 255
53.329 23.6541 13.9151  255 255 255
15.9924 66.4091 -72.9134  255 255 255
49.8871 25.3641 8.82925  255 255 255
50.6077 24.9371 9.62027  255 255 255
53.2945 22.3119 14.0266  255 255 255
53.8271 21.3531 15.6263  255 255 255
10.1359 64.6474 -69.5712  255 255 255
51.3356 23.6674 10.4108  255 255 255
12.889 64.5978 -72.23  255 255 255
14.3483 64.6137 -73.0975  255 255 255
54.7081 19.8286 16.6212  255 255 255
46.2786 66.194 -95.9307  255 255 255
52.5024 21.2652 12.68  255 255 255
55.0581 19.193 15.3593  255 255 255
47.7897 36.9534 -27.5679  255 255 255
26.4117 63.1294 -83.1108  255 255 255
25.3665 63.4532 -83.778  255 255 255
54.7397 18.0693 14.8374  255 255 255
50.0808 34.6166 -25.5251  255 255 255
47.4867 36.6059 -29.7149  255 255 255
5.15346 60.443 -69.3282  255 255 255
48.1683 36.1118 -29.7891  255 255 255
-6.62734 59.8255 -61.889  255 255 255
53.031 19.0854 10.9017  255 255 255
-5.97286 59.8381 -62.9714  255 255 255
47.6609 35.1448 -29.8588  255 255 255
50.688 20.117 7.0556  255 255 255
53.3426 17.6922 11.563  255 255 255
29.5924 61.1298 -90.6758  255 255 255
49.0067 21.0396 4.26947  255 255 255
-7.46392 58.1835 -62.3468  255 255 255
51.2984 31.1488 -24.1079  255 255 255
52.4308 17.8118 9.74597  255 255 255
55.3505 15.071 14.5502  255 255 255
49.6499 19.8255 4.51332  255 255 255
52.6565 17.1579 9.80327  255 255 255
51.1853 18.1235 7.53073  255 255 255
49.1046 19.9987 3.35855  255 255 255
-11.8442 56.5739 -60.4194  255 255 255
10.0259 57.4702 -75.7387  255 255 255
49.3098 19.4138 4.17272  255 255 255
58.2149 11.8198 19.1633  255 255 255
55.055 25.9647 -18.8861  255 255 255
53.0971 15.8685 9.29394  255 255 255
8.79651 56.3138 -76.1382  255 255 255
-13.3666 55.3136 -60.3473  255 255 255
-9.27803 55.1936 -63.0577  255 255 255
25.4199 56.1441 -88.3322  255 255 255
50.184 17.1513 2.7707  255 255 255
49.7049 16.9785 3.01915  255 255 255
54.427 13.0906 11.2358  255 255 255
49.3344 16.9487 2.54151  255 255 255
52.7537 14.2782 7.45069  255 255 255
50.6758 16.0408 2.89681  255 255 255
58.5563 9.23708 17.6622  255 255 255
48.6309 17.0415 0.838244  255 255 255
50.0307 15.7923 3.27644  255 255 255
2.93556 53.4364 -74.4614  255 255 255
2.93556 53.4364 -74.4614  255 255 255
49.788 15.7388 2.45146  255 255 255
50.8726 14.7982 4.08712  255 255 255
50.2474 15.2493 2.53049  255 255 255
49.8748 25.8556 -29.8164  255 255 255
55.8291 20.5508 -20.0339  255 255 255
55.523 10.3542 9.83355  255 255 255
53.7821 21.9353 -24.3683  255 255 255
52.6564 11.7894 6.4875  255 255 255
52.8918 11.5412 6.62048  255 255 255
54.1525 10.2934 7.89649  255 255 255
54.0695 9.9969 8.3102  255 255 255
48.1353 14.671 -2.17243  255 255 255
53.3602 10.6547 6.16532  255 255 255
55.4682 8.36825 10.5971  255 255 255
48.9305 13.5159 -1.19069  255 255 255
1.97624 49.1693 -79.0889  255 255 255
46.598 25.6563 -38.6675  255 255 255
49.0064 12.4124 -1.85459  255 255 255
49.4831 22.6947 -34.2018  255 255 255
47.166 13.7816 -5.08208  255 255 255
47.166 13.7816 -5.08208  255 255 255
53.365 8.57774 6.02739  255 255 255
49.2555 12.0197 -2.01164  255 255 255
54.2843 18.3438 -26.1978  255 255 255
48.7816 11.8832 -3.06269  255 255 255
52.4454 9.08001 3.21849  255 255 255
52.4511 9.08709 3.19267  255 255 255
53.4594 7.91866 4.91568  255 255 255
53.3703 7.89418 5.02356  255 255 255
51.1097 9.69667 0.626086  255 255 255
53.3634 7.56468 5.45536  255 255 255
50.2923 9.40782 1.06283  255 255 255
51.8529 8.72015 1.49173  255 255 255
47.9897 11.6424 -5.44296  255 255 255
46.7114 22.9551 -41.1059  255 255 255
46.6502 22.3595 -40.8687  255 255 255
46.9037 21.9736 -39.9835  255 255 255
22.0561 39.2372 -78.766  255 255 255
47.0051 21.1735 -41.4239  255 255 255
21.8066 37.9492 -77.0277  255 255 255
47.3811 20.6032 -40.8002  255 255 255
49.081 8.94121 -3.56812  255 255 255
51.4917 6.98499 0.126539  255 255 255
50.7164 7.37446 -1.96096  255 255 255
55.9033 3.4027 7.26966  255 255 255
55.9033 3.4027 7.26966  255 255 255
48.9731 8.67961 -5.30302  255 255 255
-18.9906 42.7503 -65.6647  255 255 255
51.7187 5.92976 -0.689489  255 255 255
52.166 5.08204 -0.298821  255 255 255
14.9469 34.7966 -72.8299  255 255 255
58.6589 0.0398749 10.779  255 255 255
52.406 4.26771 0.960674  255 255 255
51.0585 5.05764 -1.97433  255 255 255
58.987 -0.769784 11.8714  255 255 255
50.868 4.92508 -2.28165  255 255 255
51.3297 4.59349 -1.531  255 255 255
57.8411 -0.136102 9.57966  255 255 255
52.4976 13.3299 -34.0296  255 255 255
52.299 3.76754 -0.53146  255 255 255
53.0079 3.01679 0.597733  255 255 255
53.1739 2.46888 0.877574  255 255 255
53.2246 2.50093 0.806214  255 255 255
-25.9621 40.2317 -64.9808  255 255 255
53.9115 1.59603 1.77089  255 255 255
53.9115 1.59603 1.77089  255 255 255
54.322 1.38986 2.2277  255 255 255
56.248 -0.320441 6.76994  255 255 255
57.1127 -0.789152 7.5599  255 255 255
57.1127 -0.789152 7.5599  255 255 255
52.4423 2.56093 -1.01976  255 255 255
56.9528 -1.36367 7.96525  255 255 255
56.8313 -1.03496 6.63467  255 255 255
49.1206 4.5607 -7.2543  255 255 255
51.5327 2.76018 -2.95947  255 255 255
54.6888 0.258438 3.46631  255 255 255
4.64019 32.3216 -68.923  255 255 255
56.871 -1.31884 6.43174  255 255 255
48.4898 4.50561 -9.29957  255 255 255
48.0272 13.8018 -44.2908  255 255 255
53.9337 0.123506 0.87872  255 255 255
51.5784 1.72062 -3.51801  255 255 255
57.1387 -2.3789 6.31068  255 255 255
48.7009 12.2037 -43.0333  255 255 255
13.6272 26.0798 -62.8682  255 255 255
58.3374 -3.85732 7.69543  255 255 255
-2.74874 30.9235 -66.7895  255 255 255
51.1703 1.10811 -4.96967  255 255 255
51.1613 1.10558 -4.9473  255 255 255
51.6911 0.413409 -4.94599  255 255 255
58.9047 -5.05095 8.88683  255 255 255
10.5369 24.8763 -61.5557  255 255 255
7.17045 24.7282 -60.0344  255 255 255
51.3749 -0.411357 -5.54392  255 255 255
55.0886 -4.18714 0.680813  255 255 255
-0.263699 24.5043 -58.8562  255 255 255
19.7512 17.7461 -54.1478  255 255 255
48.9185 -0.397589 -11.5103  255 255 255
48.6624 -0.534234 -11.8181  255 255 255
48.6624 -0.534234 -11.8181  255 255 255
3.66217 1.94082 22.9223  255 255 255
-2.90021 23.5551 -58.6337  255 255 255
47.783 -0.269948 -14.5099  255 255 255
56.4562 -6.89176 2.1399  255 255 255
58.0043 -7.75268 3.65605  255 255 255
58.5704 -8.54792 5.30292  255 255 255
59.4035 -9.32911 6.31362  255 255 255
57.603 -8.31477 3.55598  255 255 255
57.7835 -8.2881 3.28255  255 255 255
53.915 -5.80757 -3.8247  255 255 255
-4.26797 2.61476 22.8133  255 255 255
46.4938 -1.17293 -17.8511  255 255 255
46.4123 -1.17649 -17.717  255 255 255
46.1611 -1.21691 -17.2577  255 255 255
45.936 -1.20715 -17.456  255 255 255
47.1057 -1.8248 -16.0188  255 255 255
46.671 -1.95912 -16.3616  255 255 255
50.8507 -4.52099 -10.3635  255 255 255
57.2968 -9.3178 2.43812  255 255 255
-6.46087 1.79364 24.5321  255 255 255
51.1436 -5.29469 -9.60344  255 255 255
51.4644 -5.8661 -9.14859  255 255 255
52.5339 -6.8833 -6.06765  255 255 255
52.5339 -6.8833 -6.06765  255 255 255
-6.30413 19.4145 -54.5911  255 255 255
56.8857 -9.63535 0.502081  255 255 255
56.8857 -9.63535 0.502081  255 255 255
-8.58102 2.10909 22.5775  255 255 255
-8.58102 2.10909 22.5775  255 255 255
-8.13629 1.87744 23.0732  255 255 255
59.3599 -11.3399 3.97869  255 255 255
1.02388 15.3734 -49.3336  255 255 255
48.9825 -5.12183 -14.1777  255 255 255
49.3061 -5.16708 -14.0574  255 255 255
0.139053 -1.86383 27.249  255 255 255
8.08702 -4.75211 29.5941  255 255 255
56.7023 -10.909 -0.894759  255 255 255
-0.304978 -2.377 27.7834  255 255 255
49.2411 -6.01345 -14.5419  255 255 255
59.4983 -12.8026 4.37686  255 255 255
49.2949 -6.29272 -14.4411  255 255 255
49.7509 -6.69688 -13.8308  255 255 255
59.5218 -13.5457 2.85587  255 255 255
50.3284 -7.87856 -12.7536  255 255 255
50.3284 -7.87856 -12.7536  255 255 255
59.1799 -13.5909 2.41726  255 255 255
56.1083 -11.8797 -2.66052  255 255 255
58.0384 -13.2352 1.15374  255 255 255
-12.1986 0.178759 24.0255  255 255 255
58.6289 -13.8353 1.16912  255 255 255
-9.18682 13.4971 -46.8958  255 255 255
6.14607 -7.04101 32.0274  255 255 255
55.1407 -12.525 -6.54033  255 255 255
53.2747 -11.5237 -9.58633  255 255 255
58.9927 -15.3132 1.48019  255 255 255
58.9443 -15.2705 1.02104  255 255 255
53.3776 -11.506 -11.2565  255 255 255
49.7362 -9.70576 -15.5444  255 255 255
56.4812 -14.1898 -3.2295  255 255 255
49.2163 -9.86451 -17.1586  255 255 255
56.9505 -14.5012 -4.0697  255 255 255
49.038 -9.88769 -17.4827  255 255 255
3.59273 -7.90411 33.4054  255 255 255
48.2938 -9.6085 -19.6872  255 255 255
58.4743 -16.0857 -0.715818  255 255 255
59.4776 -16.8319 0.311377  255 255 255
59.4776 -16.8319 0.311377  255 255 255
-14.77 11.7824 -44.2273  255 255 255
57.1388 -15.2749 -5.1438  255 255 255
-11.1484 -3.55045 28.2943  255 255 255
-6.58181 -5.59966 31.9759  255 255 255
-6.38903 -5.67934 32.0697  255 255 255
49.5633 -11.5837 -17.1299  255 255 255
-6.1192 -6.11847 32.5546  255 255 255
-6.08678 -6.10108 32.4525  255 255 255
56.0231 -15.8026 -6.23325  255 255 255
55.7886 -15.8158 -5.85394  255 255 255
-10.0655 -4.69804 29.8839  255 255 255
-13.8587 -2.95747 25.9294  255 255 255
10.5634 -10.7915 31.4999  255 255 255
-4.02455 -7.25211 33.6294  255 255 255
50.0945 -12.4181 -17.176  255 255 255
50.0945 -12.4181 -17.176  255 255 255
59.442 -18.3514 0.757931  255 255 255
-7.88214 -5.92897 31.9184  255 255 255
-4.86887 -7.1065 33.4757  255 255 255
-4.86887 -7.1065 33.4757  255 255 255
47.9837 -11.3032 -21.5153  255 255 255
-5.91573 -6.92015 33.0697  255 255 255
-1.28011 -8.55184 34.5379  255 255 255
-12.1524 -4.5595 28.6153  255 255 255
55.3158 -16.3901 -7.18863  255 255 255
55.8094 -16.5491 -6.80507  255 255 255
-10.6145 -5.26287 30.0551  255 255 255
0.929927 -9.96546 35.1114  255 255 255
57.5896 -18.6981 -2.71187  255 255 255
60.029 -20.0253 0.215917  255 255 255
60.029 -20.0253 0.215917  255 255 255
57.9502 -19.0154 -2.68112  255 255 255
-8.89189 -7.09848 32.3095  255 255 255
50.2681 -14.3431 -18.8176  255 255 255
54.1572 -16.8725 -10.4491  255 255 255
58.6224 -19.3372 -3.46308  255 255 255
-9.82462 -6.90952 31.7296  255 255 255
53.6562 -16.7861 -11.1008  255 255 255
58.0166 -19.4099 -3.12945  255 255 255
-14.5029 -4.82464 27.1761  255 255 255
-14.5064 -4.82511 27.1887  255 255 255
6.94481 -12.0478 34.0865  255 255 255
-10.7004 -6.71972 30.9999  255 255 255
-10.7174 -6.71755 31.0528  255 255 255
53.6991 -17.4282 -12.2378  255 255 255
57.7843 -20.1273 -4.85213  255 255 255
51.3227 -16.4461 -16.4278  255 255 255
-9.90925 -7.75923 32.0179  255 255 255
-3.13824 -10.3823 35.1773  255 255 255
52.4488 -17.3331 -15.348  255 255 255
52.5915 -17.3185 -15.5961  255 255 255
19.3604 -14.8005 23.1941  255 255 255
-9.99693 -8.25007 32.296  255 255 255
58.3888 -21.3069 -3.60273  255 255 255
26.4266 -16.206 19.0258  255 255 255
25.4257 -16.2074 19.3298  255 255 255
52.6146 -18.0992 -15.3053  255 255 255
53.5802 -18.7179 -13.1605  255 255 255
11.4871 -14.5306 31.7483  255 255 255
19.4766 -15.4759 23.5665  255 255 255
-5.57204 -10.4225 34.7365  255 255 255
-18.9249 -3.16683 13.0957  255 255 255
53.7797 -19.3459 -12.9479  255 255 255
-4.06045 -11.1415 35.2904  255 255 255
-1.792 -11.8532 35.582  255 255 255
53.8653 -19.6158 -13.1249  255 255 255
-22.4189 -1.60794 6.57442  255 255 255
59.5307 -23.1747 -4.52932  255 255 255
-19.211 -4.00062 14.2205  255 255 255
-8.66717 -10.3774 33.9045  255 255 255
-27.3308 5.27978 -36.4368  255 255 255
-27.3308 5.27978 -36.4368  255 255 255
10.2548 -16.0578 31.7807  255 255 255
-20.1898 -5.00438 15.2643  255 255 255
-10.4847 -10.6594 32.9969  255 255 255
-6.79446 -12.017 34.8384  255 255 255
-10.638 -10.7389 32.9619  255 255 255
-20.6275 -5.36581 15.6978  255 255 255
-23.4617 -3.63881 9.09879  255 255 255
-20.5327 -5.58163 15.969  255 255 255
-21.4476 -5.45995 15.751  255 255 255
-18.6442 -7.76143 24.2044  255 255 255
-5.28957 -13.2317 35.5894  255 255 255
-11.0398 -11.2475 33.0355  255 255 255
-8.12645 -12.5678 34.6479  255 255 255
59.4391 -26.1879 -6.27886  255 255 255
59.7861 -26.6718 -5.9651  255 255 255
59.7861 -26.6718 -5.9651  255 255 255
-26.5888 -4.06461 9.94013  255 255 255
-26.5836 -4.06716 9.91685  255 255 255
-4.18952 -14.3284 36.0143  255 255 255
-3.84191 -14.5852 36.246  255 255 255
-21.9382 -6.6579 17.1385  255 255 255
23.2275 -20.8515 25.1319  255 255 255
-16.3285 -9.9104 28.227  255 255 255
-3.35315 -14.8156 36.2082  255 255 255
-23.4951 -5.5843 11.4907  255 255 255
-13.4421 -11.3092 31.4856  255 255 255
-7.257 -13.6742 35.0978  255 255 255
-11.5877 -12.1975 32.9073  255 255 255
-26.3986 -4.92191 10.779  255 255 255
-5.06101 -14.6276 35.9502  255 255 255
-5.06101 -14.6276 35.9502  255 255 255
-11.9715 -12.3842 32.7347  255 255 255
11.1402 -19.0636 31.3089  255 255 255
0.935886 -17.0035 36.1021  255 255 255
-6.82766 -14.9343 35.4481  255 255 255
7.86459 -19.0284 33.8267  255 255 255
-6.21182 -15.3253 35.7214  255 255 255
-6.21182 -15.3253 35.7214  255 255 255
-1.19862 -16.8598 36.2725  255 255 255
-8.52296 -14.7674 35.4571  255 255 255
1.42559 -17.7946 35.8695  255 255 255
-9.52661 -14.4955 34.2735  255 255 255
-18.7318 -10.9945 25.8638  255 255 255
-18.7318 -10.9945 25.8638  255 255 255
3.08047 -18.6933 35.5429  255 255 255
3.08047 -18.6933 35.5429  255 255 255
-3.84104 -16.7615 36.1132  255 255 255
-19.5695 -10.6928 24.307  255 255 255
14.7695 -21.6245 30.9181  255 255 255
-5.04471 -16.5183 36.1073  255 255 255
23.0962 -23.8497 28.2511  255 255 255
-8.61678 -15.4699 35.3323  255 255 255
-17.5193 -12.3113 27.9041  255 255 255
-3.52195 -17.4467 35.8774  255 255 255
-2.41368 -17.7987 36.0613  255 255 255
-22.2216 -10.1732 21.3306  255 255 255
-14.0593 -13.9429 31.883  255 255 255
13.629 -22.5752 32.2375  255 255 255
-10.0578 -15.7693 33.9833  255 255 255
-9.95387 -15.9628 34.6158  255 255 255
-8.08654 -16.7559 35.0521  255 255 255
-16.729 -13.6846 29.2333  255 255 255
4.07336 -20.5673 34.8936  255 255 255
-8.63459 -16.8739 34.9852  255 255 255
-20.6988 -12.0773 23.641  255 255 255
-27.511 -9.2408 15.8585  255 255 255
12.7553 -23.245 33.0835  255 255 255
-2.0047 -19.2855 35.9494  255 255 255
-0.167817 -19.8048 35.7744  255 255 255
-0.131326 -19.8187 35.696  255 255 255
14.4922 -23.7167 31.3393  255 255 255
12.2585 -23.394 33.2889  255 255 255
19.9399 -25.473 30.6823  255 255 255
-17.3551 -14.2356 28.4031  255 255 255
6.61336 -22.0082 33.5176  255 255 255
-14.5532 -15.5636 31.4484  255 255 255
17.3471 -25.0153 30.2752  255 255 255
-18.5227 -14.1918 26.9698  255 255 255
17.1614 -25.3241 30.6916  255 255 255
-29.2136 -9.90454 16.607  255 255 255
-13.2122 -16.4561 32.5031  255 255 255
-28.3146 -10.7028 17.7695  255 255 255
-28.2825 -10.6844 17.5837  255 255 255
-4.36628 -19.8136 35.5946  255 255 255
4.09101 -22.2834 34.3998  255 255 255
5.12278 -22.5145 33.9309  255 255 255
2.35893 -22.4748 34.6529  255 255 255
-20.8678 -14.6616 26.6668  255 255 255
-11.6967 -18.1365 33.8273  255 255 255
1.00282 -22.1041 34.9358  255 255 255
-25.7511 -12.6258 19.7829  255 255 255
-15.5806 -17.4406 30.9027  255 255 255
-15.5806 -17.4406 30.9027  255 255 255
-15.0559 -18.3458 31.2195  255 255 255
16.7899 -28.4912 34.3416  255 255 255
-10.2434 -20.3916 33.65  255 255 255
-12.1299 -20.1026 32.4692  255 255 255
-14.7697 -19.2943 31.259  255 255 255
-22.0965 -16.6872 26.6512  255 255 255
-14.5561 -19.9625 32.1754  255 255 255
2.2982 -25.5475 36.5578  255 255 255
1.99778 -25.5809 36.5729  255 255 255
-18.0079 -19.0159 31.2056  255 255 255
1.524 -25.5729 36.7456  255 255 255
0.182733 -25.2207 36.5962  255 255 255
-13.3852 -20.7858 32.9063  255 255 255
-13.3852 -20.7858 32.9063  255 255 255
-27.7824 -15.7862 23.249  255 255 255
-13.6777 -21.2262 33.3798  255 255 255
11.3203 -29.267 35.4564  255 255 255
14.051 -30.0955 34.0622  255 255 255
4.01528 -27.4339 35.6609  255 255 255
4.01528 -27.4339 35.6609  255 255 255
9.05639 -28.9936 35.3847  255 255 255
-27.7704 -16.8225 24.8455  255 255 255
-26.413 -17.3559 25.2946  255 255 255
16.2387 -31.302 33.3077  255 255 255
16.2387 -31.302 33.3077  255 255 255
-28.4353 -17.0274 24.9592  255 255 255
-14.1817 -22.2086 34.3074  255 255 255
-26.5555 -17.8042 25.9794  255 255 255
-27.1386 -17.7848 25.7587  255 255 255
-16.1667 -21.7956 32.9354  255 255 255
-9.22472 -24.2237 36.0013  255 255 255
-10.096 -23.9655 35.9808  255 255 255
7.06092 -29.5957 36.1466  255 255 255
-5.16773 -25.877 36.7557  255 255 255
-5.16773 -25.877 36.7557  255 255 255
-24.6357 -19.1926 27.2623  255 255 255
-26.32 -18.709 27.0254  255 255 255
-24.6306 -19.38 27.5608  255 255 255
-26.8677 -18.6499 26.8695  255 255 255
8.51521 -30.539 37.2237  255 255 255
-3.86175 -26.6276 36.9069  255 255 255
-25.6433 -19.8322 28.1412  255 255 255
-8.16076 -25.8261 35.7814  255 255 255
-7.03789 -26.269 35.9934  255 255 255
-7.03789 -26.269 35.9934  255 255 255
4.63528 -30.0244 36.9254  255 255 255
-8.56194 -25.9071 35.6398  255 255 255
4.41908 -30.9147 37.988  255 255 255
6.94705 -31.9837 39.0141  255 255 255
6.94705 -31.9837 39.0141  255 255 255
-23.8701 -21.8717 30.1326  255 255 255
-18.595 -23.8981 32.1427  255 255 255
1.88595 -30.9248 38.0955  255 255 255
16.0966 -35.3789 29.397  255 255 255
15.087 -35.0524 28.8968  255 255 255
-25.1645 -22.1839 28.1459  255 255 255
-18.9138 -24.5819 32.9055  255 255 255
-0.268354 -30.9756 38.542  255 255 255
-4.77577 -29.4968 37.2005  255 255 255
-23.8636 -23.1337 31.7768  255 255 255
-21.0928 -24.0672 32.4844  255 255 255
-2.03725 -30.4765 38.078  255 255 255
1.15137 -31.6933 38.6415  255 255 255
-15.7868 -26.1019 34.4475  255 255 255
-1.52578 -30.996 38.5855  255 255 255
-17.9886 -25.504 33.9259  255 255 255
-14.0177 -26.8485 35.1213  255 255 255
-2.83476 -30.6207 38.2202  255 255 255
-23.6018 -23.7427 32.2131  255 255 255
-7.58594 -29.1115 37.0639  255 255 255
-24.4822 -23.5515 32.292  255 255 255
-0.46737 -31.7618 38.5775  255 255 255
1.35175 -32.5777 37.6014  255 255 255
-6.42588 -30.2055 38.249  255 255 255
-5.54808 -30.6642 38.7522  255 255 255
-13.5465 -28.0082 36.2786  255 255 255
-8.90998 -29.5617 37.6428  255 255 255
-1.29557 -32.2892 38.1063  255 255 255
-12.6938 -28.6307 36.9804  255 255 255
-13.5567 -28.3499 36.7899  255 255 255
-8.77681 -30.1328 38.3278  255 255 255
-9.85738 -29.7992 38.0255  255 255 255
2.4209 -33.8733 36.2787  255 255 255
9.596 -36.6504 30.9491  255 255 255
9.596 -36.6504 30.9491  255 255 255
-15.3151 -28.5711 36.9031  255 255 255
-0.107171 -33.9194 36.528  255 255 255
-0.118577 -33.8982 36.5855  255 255 255
16.7805 -39.8998 24.9363  255 255 255
-11.4104 -30.6855 36.943  255 255 255
16.2382 -39.8006 25.4863  255 255 255
-10.5905 -31.0197 36.9292  255 255 255
-2.82945 -33.8396 36.8838  255 255 255
-2.82945 -33.8396 36.8838  255 255 255
-1.34471 -34.4023 36.3358  255 255 255
-9.64055 -31.7067 36.7463  255 255 255
-1.41433 -34.7807 35.8656  255 255 255
13.4972 -39.9154 25.8322  255 255 255
-9.53933 -32.4955 36.0834  255 255 255
-9.14655 -32.8204 36.0003  255 255 255
-2.25015 -35.0996 35.741  255 255 255
-20.5803 -29.0978 30.0981  255 255 255
-5.40419 -35.0253 36.1337  255 255 255
-11.2364 -33.1004 34.5985  255 255 255
-9.40051 -34.0033 34.6047  255 255 255
1.1785 -37.9508 32.8394  255 255 255
1.36324 -38.4801 32.5877  255 255 255
-6.24828 -35.9227 34.6329  255 255 255
-6.0825 -36.1196 34.4633  255 255 255
1.31191 -38.9873 32.1808  255 255 255
-9.36155 -35.3563 33.2795  255 255 255
0.176221 -39.4307 32.3292  255 255 255
0.176221 -39.4307 32.3292  255 255 255
-1.41896 -39.0681 32.2864  255 255 255
-12.0468 -35.9353 31.9439  255 255 255
-12.6599 -35.9125 31.6298  255 255 255
-20.5788 -33.8979 27.3076  255 255 255
-20.287 -34.3233 27.7052  255 255 255
-10.6143 -37.5852 31.5727  255 255 255
4.70314 -43.1088 28.673  255 255 255
3.2972 -42.5772 29.2404  255 255 255
-10.9048 -37.8024 31.5811  255 255 255
1.88849 -42.5059 29.4156  255 255 255
-10.9741 -38.0584 31.616  255 255 255
-21.5042 -34.7481 25.4206  255 255 255
-17.1057 -37.4853 27.4949  255 255 255
-22.9646 -35.7416 23.2734  255 255 255
-17.5709 -37.7354 26.5135  255 255 255
-12.9577 -39.6924 28.4627  255 255 255
-25.8862 -36.6738 20.037  255 255 255
4.25568 -49.1663 28.6701  255 255 255
-27.6658 -40.5731 21.4685  255 255 255
-52.2213 -33.4599 8.87815  255 255 255
-51.599 -33.8429 9.40685  255 255 255
-7.07781 -48.2799 30.8486  255 255 255
-5.29578 -49.2229 29.8729  255 255 255
-8.19961 -48.419 29.7851  255 255 255
-7.58468 -48.7732 29.7439  255 255 255
-8.19889 -49.0145 29.5683  255 255 255
-8.56824 -48.9069 29.8252  255 255 255
-10.8186 -48.6565 28.7094  255 255 255
-8.07003 -49.725 29.5461  255 255 255
-8.07003 -49.725 29.5461  255 255 255
-17.0052 -47.0718 27.2332  255 255 255
-43.5337 -39.078 14.7665  255 255 255
-43.795 -39.048 14.5467  255 255 255
13.7136 -58.99 33.1519  255 255 255
-39.4886 -42.7396 18.8445  255 255 255
-31.8274 -45.226 22.8016  255 255 255
-31.2246 -45.772 23.1969  255 255 255
-30.6458 -45.9275 23.5387  255 255 255
-27.1905 -48.0681 25.8219  255 255 255
-36.3631 -46.0466 22.3829  255 255 255
7.14319 -60.9176 35.7938  255 255 255
7.23919 -60.9959 35.5763  255 255 255
-0.25072 -58.5404 33.4106  255 255 255
-0.721879 -58.6961 33.9912  255 255 255
-2.81687 -58.2164 33.539  255 255 255
10.321 -63.6675 38.7891  255 255 255
14.0988 -65.4827 40.5868  255 255 255
-35.7013 -48.6413 25.0474  255 255 255
-2.93621 -59.8859 35.1762  255 255 255
-38.3228 -48.0828 24.3937  255 255 255
-38.3228 -48.0828 24.3937  255 255 255
-27.5002 -51.7772 28.3385  255 255 255
-37.268 -48.6368 25.0296  255 255 255
-27.7557 -51.8017 28.3825  255 255 255
6.45444 -63.7261 39.1476  255 255 255
10.9862 -65.6466 41.0241  255 255 255
5.05293 -63.7958 39.4039  255 255 255
-37.3377 -49.8879 26.5775  255 255 255
6.1101 -65.0631 40.8225  255 255 255
7.62717 -65.6276 41.3594  255 255 255
-23.096 -55.2252 31.5078  255 255 255
-47.4932 -47.5303 24.7504  255 255 255
9.94149 -67.2674 42.6656  255 255 255
5.80285 -66.2014 41.8016  255 255 255
-28.8967 -54.4714 31.1241  255 255 255
-5.3453 -62.6709 38.4577  255 255 255
-5.5146 -63.2422 39.1395  255 255 255
-49.1417 -48.5674 26.1108  255 255 255
-38.0647 -52.5028 29.5312  255 255 255
-12.6779 -61.3179 38.0534  255 255 255
5.13597 -68.6455 44.7539  255 255 255
-5.5914 -65.454 41.802  255 255 255
-4.21563 -66.6796 43.0441  255 255 255
-14.7369 -65.6593 42.5761  255 255 255
-36.8525 -58.953 36.6621  255 255 255
-27.5494 -62.301 39.6426  255 255 255
-27.8145 -62.4316 40.2037  255 255 255
-11.9084 83.3403 -37.6166  255 255 255
-11.9084 83.3403 -37.6166  255 255 255
60.7577 94.9267 -81.8689  255 255 255
53.7728 53.6615 -4.18293  255 255 255
37.3423 87.9747 -71.2907  255 255 255
57.9936 90.4063 -83.7709  255 255 255
58.0753 47.4464 -0.407182  255 255 255
25.2963 84.4713 -64.9767  255 255 255
52.9269 87.8531 -82.9792  255 255 255
53.2784 49.5157 -9.18114  255 255 255
66.6981 88.3706 -92.5308  255 255 255
20.5014 81.7634 -64.3738  255 255 255
51.4406 35.1119 17.3495  255 255 255
66.4521 86.4243 -93.6408  255 255 255
54.3923 46.2982 -7.41454  255 255 255
19.9301 80.5039 -65.7485  255 255 255
7.59059 78.443 -57.1937  255 255 255
50.2876 50.1702 -15.309  255 255 255
50.0401 34.6423 15.8566  255 255 255
29.7972 80.0925 -72.8465  255 255 255
49.5685 34.4358 13.9904  255 255 255
22.585 77.6863 -68.7824  255 255 255
50.4103 47.8101 -17.5332  255 255 255
42.1168 79.455 -82.411  255 255 255
-4.69063 73.8396 -52.2578  255 255 255
48.1538 49.0339 -20.169  255 255 255
56.2242 41.1072 -6.21538  255 255 255
68.0404 81.3041 -99.7761  255 255 255
56.1818 26.7229 23.6021  255 255 255
63.5201 80.7628 -97.4845  255 255 255
58.8651 79.2757 -93.1663  255 255 255
1.73071 72.7284 -56.1424  255 255 255
-21.6205 70.168 -41.7893  255 255 255
52.2122 29.5364 17.1464  255 255 255
52.2122 29.5364 17.1464  255 255 255
48.3994 78.2415 -88.6056  255 255 255
20.8044 74.0663 -70.6791  255 255 255
51.2165 44.0242 -17.0261  255 255 255
-4.34487 70.2065 -55.4559  255 255 255
-17.4922 68.2037 -45.4234  255 255 255
50.2323 29.6654 12.1924  255 255 255
38.4811 73.8663 -82.9389  255 255 255
49.3081 30.7182 9.65036  255 255 255
10.632 71.3151 -66.0269  255 255 255
50.7868 29.2052 12.1569  255 255 255
52.4895 27.4671 14.9731  255 255 255
45.7173 73.4703 -88.5967  255 255 255
41.8615 72.5667 -87.9092  255 255 255
38.2274 71.2432 -84.5238  255 255 255
39.6752 71.3357 -85.5768  255 255 255
49.2918 42.2761 -22.7692  255 255 255
38.7609 71.2718 -85.8065  255 255 255
38.1553 71.0639 -85.4187  255 255 255
39.0051 70.759 -85.5006  255 255 255
52.375 24.7924 14.981  255 255 255
48.5055 28.2798 7.09745  255 255 255
54.9869 22.1368 18.5641  255 255 255
42.2268 69.1763 -88.5688  255 255 255
51.8889 23.4043 15.6085  255 255 255
51.8889 23.4043 15.6085  255 255 255
53.6524 22.6916 16.2127  255 255 255
54.5301 69.9658 -98.9908  255 255 255
51.9216 23.7572 13.0659  255 255 255
23.4692 66.6571 -77.4771  255 255 255
-6.12259 64.3738 -57.7996  255 255 255
49.3379 25.9854 8.10922  255 255 255
46.5946 68.24 -94.6446  255 255 255
52.6776 22.6146 13.3643  255 255 255
53.255 22.0441 13.965  255 255 255
54.821 20.546 16.4703  255 255 255
54.2598 20.9001 15.6592  255 255 255
52.5832 21.7174 12.9278  255 255 255
49.5172 37.5795 -25.4067  255 255 255
-15.4109 61.6195 -53.6002  255 255 255
29.5414 64.778 -84.6939  255 255 255
1.39828 62.7769 -66.0505  255 255 255
56.8243 28.9717 -13.6167  255 255 255
-5.79023 60.5754 -62.1345  255 255 255
52.914 19.5051 11.3321  255 255 255
49.233 21.8379 5.41694  255 255 255
47.9574 23.002 2.76059  255 255 255
52.3816 18.6488 10.1351  255 255 255
11.5801 59.415 -75.6596  255 255 255
52.5599 18.1736 9.34003  255 255 255
-5.61918 58.3544 -64.9298  255 255 255
50.1695 19.591 5.64766  255 255 255
50.1049 19.5624 5.71305  255 255 255
52.7487 17.1743 10.1052  255 255 255
52.7487 17.1743 10.1052  255 255 255
9.93054 57.8568 -75.5552  255 255 255
51.8684 17.6296 8.10058  255 255 255
52.2985 16.7782 8.76221  255 255 255
52.8906 28.231 -23.0834  255 255 255
64.5213 52.4809 -96.8685  255 255 255
53.1373 27.6861 -22.6815  255 255 255
30.8252 58.0142 -93.2173  255 255 255
-22.8882 55.1181 -53.5775  255 255 255
-22.8882 55.1181 -53.5775  255 255 255
50.2557 17.4009 5.03929  255 255 255
-8.84314 54.9974 -64.1927  255 255 255
24.8696 55.8898 -88.4941  255 255 255
-20.8681 53.7091 -56.8365  255 255 255
50.5732 28.0516 -28.8679  255 255 255
-19.8712 53.1004 -57.3497  255 255 255
-19.8712 53.1004 -57.3497  255 255 255
47.8868 17.7078 -1.13736  255 255 255
47.6667 17.8066 -2.24808  255 255 255
-21.1478 51.5041 -57.8626  255 255 255
-24.5673 50.5635 -56.2266  255 255 255
-20.3893 48.8903 -54.974  255 255 255
-12.6868 49.3555 -65.9477  255 255 255
-11.0851 49.4827 -68.3545  255 255 255
46.8124 14.7676 -4.44714  255 255 255
-13.7096 49.1247 -66.8622  255 255 255
49.4804 12.7263 -0.171211  255 255 255
45.8687 26.2786 -39.3861  255 255 255
53.9905 9.03095 6.63556  255 255 255
51.2943 10.3352 2.1749  255 255 255
51.7865 10.1658 2.1009  255 255 255
52.0071 9.28071 3.00614  255 255 255
52.7909 9.02354 3.24715  255 255 255
48.3611 22.2995 -37.2204  255 255 255
50.3022 19.9236 -32.7061  255 255 255
51.4392 8.68392 1.46504  255 255 255
47.5316 11.9234 -6.24336  255 255 255
50.9614 9.09161 -0.564302  255 255 255
51.1478 8.1385 1.46301  255 255 255
47.1085 21.6845 -41.7023  255 255 255
47.1085 21.6845 -41.7023  255 255 255
56.3361 4.06052 8.66949  255 255 255
-9.14195 44.3169 -73.87  255 255 255
52.6329 6.53076 2.24846  255 255 255
53.5184 15.7974 -29.2958  255 255 255
45.4378 22.0158 -44.6762  255 255 255
46.2113 21.2717 -43.6627  255 255 255
-19.3437 42.7864 -66.0784  255 255 255
14.907 34.2703 -70.2104  255 255 255
-7.05078 41.493 -77.1387  255 255 255
46.5063 18.1884 -44.7341  255 255 255
14.1225 33.0396 -69.4652  255 255 255
51.8947 4.20243 -1.50484  255 255 255
52.2924 3.78212 -1.2883  255 255 255
10.3237 33.5072 -70.7787  255 255 255
10.3237 33.5072 -70.7787  255 255 255
-26.9166 40.2981 -63.5506  255 255 255
-27.5421 40.3892 -63.7062  255 255 255
-27.5669 40.352 -63.5881  255 255 255
45.8495 17.4069 -46.5603  255 255 255
53.8066 1.76925 2.20255  255 255 255
46.2721 16.9901 -45.7903  255 255 255
-29.106 39.9023 -63.5687  255 255 255
0.920253 30.2295 -66.9599  255 255 255
52.5075 9.15895 -35.7477  255 255 255
47.5535 3.71275 -11.1218  255 255 255
51.0843 -0.234599 -5.19006  255 255 255
51.0843 -0.234599 -5.19006  255 255 255
-25.9838 35.4222 -68.453  255 255 255
29.6618 17.0461 -53.9571  255 255 255
51.7197 -1.45206 -6.04908  255 255 255
50.1259 -0.925793 -8.32423  255 255 255
3.50609 21.4405 -56.6923  255 255 255
0.666484 22.333 -57.9524  255 255 255
2.90991 21.2033 -56.465  255 255 255
1.72859 20.732 -55.5247  255 255 255
53.6884 -5.12893 -4.03828  255 255 255
58.1039 -8.91406 4.22015  255 255 255
46.6784 -1.07828 -17.4125  255 255 255
46.647 -1.08711 -17.3859  255 255 255
-22.0646 26.2668 -60.2846  255 255 255
-3.37522 19.6391 -54.3503  255 255 255
-6.69032 1.7561 24.2436  255 255 255
-5.7447 19.138 -54.0076  255 255 255
53.4225 -7.39031 -5.79827  255 255 255
-5.37244 17.5495 -51.7743  255 255 255
58.5802 -11.4783 2.64942  255 255 255
58.7265 -11.435 2.43489  255 255 255
-1.39657 15.7436 -49.899  255 255 255
50.4054 -6.19044 -12.35  255 255 255
47.9939 -5.0193 -16.9608  255 255 255
-10.6574 1.31413 22.8381  255 255 255
52.5613 -8.94677 -8.58476  255 255 255
49.2484 -7.90195 -16.3931  255 255 255
-14.2153 15.6907 -48.7033  255 255 255
56.6398 -13.1041 -2.59466  255 255 255
56.544 -13.2915 -2.8868  255 255 255
56.3289 -13.2647 -2.56266  255 255 255
58.6051 -14.4948 0.287225  255 255 255
58.6051 -14.4948 0.287225  255 255 255
59.4678 -15.8256 2.11353  255 255 255
49.7824 -10.0328 -15.8833  255 255 255
-12.6409 -2.03069 26.0112  255 255 255
-18.4337 13.522 -45.6341  255 255 255
-13.2767 -2.27846 25.7024  255 255 255
50.2124 -11.7719 -15.7887  255 255 255
49.7427 -11.5089 -16.7731  255 255 255
58.8746 -17.4201 -1.28436  255 255 255
57.4009 -16.7682 -3.86458  255 255 255
57.7052 -17.6894 -3.95556  255 255 255
-16.288 -0.00933896 9.48558  255 255 255
-16.288 -0.00933896 9.48558  255 255 255
57.375 -18.0297 -3.53222  255 255 255
-16.6495 -0.162406 9.33553  255 255 255
-16.3308 -0.242025 9.10268  255 255 255
4.35404 -11.2386 35.3372  255 255 255
-21.4329 9.04633 -40.1557  255 255 255
-20.3018 0.450104 4.11256  255 255 255
55.9727 -18.8736 -8.19413  255 255 255
-6.58433 -9.09888 34.128  255 255 255
-18.3146 -2.47255 12.2069  255 255 255
-18.52 -2.75556 12.5401  255 255 255
-0.0991839 -12.014 35.9219  255 255 255
-19.7192 -2.64793 12.3422  255 255 255
-23.2034 -0.649716 5.70566  255 255 255
58.6329 -22.0266 -3.9059  255 255 255
-5.40879 -10.6467 35.0016  255 255 255
57.7906 -21.6932 -6.54571  255 255 255
25.1562 -17.0741 19.7357  255 255 255
-10.0058 -9.31421 32.7239  255 255 255
7.18769 -14.5815 34.19  255 255 255
-2.38981 -12.3313 35.8366  255 255 255
5.00019 -14.4282 35.024  255 255 255
59.6351 -23.8574 -3.14182  255 255 255
4.83436 -14.6918 35.4701  255 255 255
1.02671 -13.7325 35.9624  255 255 255
-9.85652 -10.9284 33.629  255 255 255
-25.1741 -3.41024 9.04229  255 255 255
-5.97284 -13.0211 35.4595  255 255 255
-19.8449 -6.33904 16.9109  255 255 255
59.162 -25.967 -6.11176  255 255 255
-7.9203 -12.6676 34.6456  255 255 255
-7.58328 -12.8679 35.1245  255 255 255
-7.02463 -13.1029 35.1647  255 255 255
-20.4049 -6.76259 17.2416  255 255 255
-23.5196 -5.31258 11.3031  255 255 255
-23.7521 -5.43198 11.0588  255 255 255
-8.14445 -13.2952 34.7342  255 255 255
-8.14445 -13.2952 34.7342  255 255 255
5.02541 -17.2727 35.2428  255 255 255
4.99399 -17.8002 35.1025  255 255 255
-26.8664 -6.0435 12.211  255 255 255
-21.1767 -9.76491 20.8683  255 255 255
-18.3578 -11.339 26.7454  255 255 255
-18.8942 -11.1968 25.6503  255 255 255
-19.5813 -10.942 23.7772  255 255 255
-12.8048 -14.5287 32.5223  255 255 255
-22.7399 -10.6427 21.9287  255 255 255
-18.4293 -12.9857 26.6659  255 255 255
-18.4672 -13.0001 26.837  255 255 255
-12.594 -15.3784 32.602  255 255 255
3.73137 -20.7014 35.0356  255 255 255
-11.5388 -16.0235 33.3278  255 255 255
12.4005 -23.1563 33.0843  255 255 255
-27.1622 -9.64363 16.5269  255 255 255
-25.3515 -10.489 17.2104  255 255 255
-19.6199 -13.5756 25.2599  255 255 255
-10.496 -17.2807 34.0806  255 255 255
-17.1041 -14.793 28.7421  255 255 255
4.0437 -21.8877 34.5675  255 255 255
1.73281 -21.4568 35.314  255 255 255
-10.6342 -17.6454 34.0163  255 255 255
-19.3851 -14.1763 25.8137  255 255 255
-19.7216 -14.6113 26.507  255 255 255
-14.103 -17.0837 32.0235  255 255 255
-3.42855 -20.8389 35.3631  255 255 255
-23.4908 -13.7934 23.4829  255 255 255
-2.09473 -22.4846 35.0697  255 255 255
-4.72712 -22.1258 35.1255  255 255 255
-13.2985 -19.3482 31.997  255 255 255
-33.1089 -9.19413 -18.7928  255 255 255
-5.94279 -22.724 34.698  255 255 255
-14.79 -19.9881 32.1725  255 255 255
-28.4118 -15.0661 22.7983  255 255 255
4.15454 -26.2491 36.3492  255 255 255
12.6336 -28.848 35.1035  255 255 255
-0.145853 -25.3969 36.8504  255 255 255
-12.4531 -21.4748 33.5103  255 255 255
16.4433 -30.5835 33.7263  255 255 255
-17.7137 -19.8252 32.0375  255 255 255
-13.0023 -21.598 33.8873  255 255 255
-9.30602 -23.1907 35.3456  255 255 255
-4.64498 -24.8521 36.4716  255 255 255
-28.6742 -16.6458 24.3908  255 255 255
3.82887 -27.6639 35.6367  255 255 255
-8.15372 -24.0372 36.0182  255 255 255
16.2015 -31.6343 32.9148  255 255 255
4.23312 -28.0494 35.3794  255 255 255
14.4551 -31.2719 32.8495  255 255 255
-14.2641 -22.4175 34.2003  255 255 255
-5.92907 -25.5317 36.5374  255 255 255
-24.8499 -19.1157 27.0221  255 255 255
-17.374 -21.8743 31.911  255 255 255
-37.4937 -13.5626 -14.2036  255 255 255
-9.10055 -25.3577 35.6782  255 255 255
14.4367 -33.1492 30.8894  255 255 255
6.76132 -31.1731 38.5588  255 255 255
6.08132 -31.4706 38.5002  255 255 255
6.38483 -31.5976 38.5408  255 255 255
12.8381 -33.6589 31.6671  255 255 255
-24.8689 -22.0163 29.4831  255 255 255
-22.0336 -23.6132 32.1974  255 255 255
-18.9124 -25.267 33.6524  255 255 255
-7.72912 -29.0486 36.718  255 255 255
-11.6969 -28.1749 36.0305  255 255 255
-0.58464 -31.9375 38.4042  255 255 255
-18.8743 -25.9362 34.5184  255 255 255
2.08123 -33.6388 36.6319  255 255 255
-12.3835 -29.0847 37.5428  255 255 255
1.58803 -34.0865 36.2648  255 255 255
12.0497 -37.5725 29.1352  255 255 255
-23.215 -25.9601 29.9903  255 255 255
0.880446 -34.1939 36.2009  255 255 255
12.6477 -38.0923 27.7512  255 255 255
-15.4827 -28.9898 37.6878  255 255 255
-1.56994 -33.8469 36.7859  255 255 255
1.4604 -35.0251 35.3744  255 255 255
5.05901 -36.5317 33.7957  255 255 255
-12.3999 -31.6665 35.5019  255 255 255
-18.6163 -29.7002 31.9479  255 255 255
-11.905 -32.024 35.3938  255 255 255
-12.7425 -31.8327 35.1214  255 255 255
-12.7425 -31.8327 35.1214  255 255 255
-9.75792 -33.8218 34.7871  255 255 255
-9.75792 -33.8218 34.7871  255 255 255
-1.48298 -36.7155 34.0462  255 255 255
-13.8453 -32.6506 33.7456  255 255 255
-26.6361 -29.2696 21.6  255 255 255
-16.8103 -32.9945 31.3337  255 255 255
-24.1628 -30.6017 26.2616  255 255 255
0.586289 -39.2028 31.9645  255 255 255
0.169968 -39.2715 32.4497  255 255 255
-24.2103 -31.0343 25.9423  255 255 255
-23.8965 -31.3298 25.2783  255 255 255
1.1637 -39.828 31.883  255 255 255
-26.1406 -30.779 21.1166  255 255 255
-10.8616 -36.2142 32.2483  255 255 255
-11.7528 -36.0155 31.8599  255 255 255
-20.6838 -33.2913 27.517  255 255 255
-20.6611 -33.2905 27.4277  255 255 255
-0.544947 -40.2524 31.5187  255 255 255
-50.344 -24.6084 -1.00147  255 255 255
4.9117 -42.7071 30.1898  255 255 255
-12.1343 -36.9367 31.1613  255 255 255
-17.4832 -35.3332 28.5476  255 255 255
-2.23914 -40.9982 30.8371  255 255 255
-9.41084 -38.5918 31.5462  255 255 255
-48.0773 -26.84 1.10813  255 255 255
-20.221 -35.5914 26.4711  255 255 255
-20.261 -35.5654 26.7137  255 255 255
-10.6981 -38.8093 30.7623  255 255 255
-2.59551 -42.139 29.8671  255 255 255
5.64912 -46.3748 26.6636  255 255 255
-14.1863 -39.473 28.0618  255 255 255
-22.813 -37.1625 22.1034  255 255 255
-7.41923 -43.4454 28.3765  255 255 255
-6.60253 -44.4731 27.9791  255 255 255
-3.58729 -45.804 31.4567  255 255 255
-14.7764 -42.6066 25.6631  255 255 255
-26.4252 -39.6195 23.612  255 255 255
-27.9639 -39.5234 22.455  255 255 255
-6.95512 -46.859 32.1486  255 255 255
-46.5327 -35.2506 10.8092  255 255 255
-18.1408 -44.1919 29.336  255 255 255
-51.3533 -34.2367 9.84498  255 255 255
-7.76862 -48.4894 29.9046  255 255 255
-7.31802 -48.815 30.074  255 255 255
-9.0644 -48.6818 28.5411  255 255 255
-18.3042 -45.9509 27.7379  255 255 255
-6.94578 -50.0055 29.8984  255 255 255
-7.20838 -50.2247 29.479  255 255 255
-17.6069 -47.0784 27.2752  255 255 255
-18.4908 -46.8383 26.847  255 255 255
-17.8855 -47.0435 26.965  255 255 255
-17.8855 -47.0435 26.965  255 255 255
13.8391 -59.3012 33.3863  255 255 255
-30.9012 -45.78 23.1754  255 255 255
9.31915 -59.8683 34.3068  255 255 255
8.12669 -59.6619 34.2939  255 255 255
-11.5329 -53.7681 31.2224  255 255 255
-41.7747 -44.3706 20.7556  255 255 255
-36.9447 -47.2351 23.7184  255 255 255
7.85816 -63.2312 38.1756  255 255 255
-41.6272 -46.4884 22.9901  255 255 255
-37.9594 -48.096 24.3935  255 255 255
12.9982 -66.037 41.1838  255 255 255
-38.8517 -48.4028 24.8708  255 255 255
-2.27345 -61.1602 36.8108  255 255 255
9.53348 -65.3889 40.9528  255 255 255
7.30467 -65.4122 41.2274  255 255 255
1.43493 -63.7142 39.0518  255 255 255
7.89192 -66.0621 41.485  255 255 255
-9.03426 -60.2679 36.1585  255 255 255
-1.4033 -63.7037 39.4534  255 255 255
-0.530681 -64.2018 39.7532  255 255 255
-2.7529 -63.7948 39.9711  255 255 255
-2.65334 -63.9 39.7085  255 255 255
5.85813 -66.9423 42.7278  255 255 255
4.05808 -66.5906 42.4509  255 255 255
-6.66478 -62.9909 39.0793  255 255 255
3.59078 -66.6643 42.5668  255 255 255
-6.41137 -63.2826 39.2441  255 255 255
-28.0973 -56.1737 32.9173  255 255 255
-15.6828 -60.4151 37.0203  255 255 255
4.36459 -67.4322 43.3922  255 255 255
-2.8568 -64.9511 41.017  255 255 255
-37.0119 -53.2668 30.3664  255 255 255
-29.9238 -56.1134 33.3942  255 255 255
-29.0404 -56.6381 33.846  255 255 255
-28.5007 -56.9518 33.9636  255 255 255
-0.0669823 -66.9851 43.0433  255 255 255
-7.81354 -64.6739 40.9503  255 255 255
-18.8456 -60.9188 37.4349  255 255 255
4.73543 -69.3375 45.5112  255 255 255
-18.0304 -64.2916 41.1055  255 255 255
-15.0574 -65.3189 42.2064  255 255 255
-24.0685 -62.585 39.7907  255 255 255
-34.3553 -61.735 39.3371  255 255 255
-5.88016 85.767 -40.4057  255 255 255
61.9739 98.0306 -82.7951  255 255 255
60.3022 96.062 -80.4083  255 255 255
-14.9956 82.8434 -35.675  255 255 255
50.84 56.9441 -8.74908  255 255 255
11.4988 86.1615 -53.4608  255 255 255
55.0741 52.1413 -3.18938  255 255 255
66.0116 93.856 -87.154  255 255 255
97.2826 98.7403 -107.441  255 255 255
97.2826 98.7403 -107.441  255 255 255
39.553 89.1448 -71.7598  255 255 255
55.6374 50.5258 -2.81934  255 255 255
95.4104 97.1098 -106.93  255 255 255
29.6205 83.2937 -68.5534  255 255 255
-15.8307 76.1102 -40.8019  255 255 255
-7.08526 77.1513 -46.921  255 255 255
-14.7552 75.2868 -42.0531  255 255 255
81.3396 87.9144 -103.494  255 255 255
50.8367 34.7804 16.8329  255 255 255
41.8454 82.5004 -79.1502  255 255 255
41.8454 82.5004 -79.1502  255 255 255
54.6875 84.0942 -87.5941  255 255 255
77.7301 87.0807 -102.668  255 255 255
55.9306 83.8325 -88.4435  255 255 255
54.7452 83.5435 -88.3146  255 255 255
54.5225 30.9087 21.3632  255 255 255
56.9488 27.9734 26.0756  255 255 255
57.7012 27.0406 26.1545  255 255 255
57.1333 41.2892 -4.47248  255 255 255
29.3187 78.7196 -73.7916  255 255 255
51.356 46.043 -12.8325  255 255 255
52.8379 30.1091 18.7093  255 255 255
-18.3271 71.2251 -43.2146  255 255 255
-5.22599 72.7182 -52.8226  255 255 255
51.5484 79.1392 -89.9197  255 255 255
-2.14822 72.1653 -55.0798  255 255 255
49.5852 31.6776 12.6724  255 255 255
56.5822 78.3788 -94.0543  255 255 255
-2.90616 70.0941 -51.2798  255 255 255
54.8695 39.7762 -9.78492  255 255 255
55.4353 39.1593 -8.66068  255 255 255
55.4353 39.1593 -8.66068  255 255 255
27.5069 74.6401 -76.6025  255 255 255
18.4056 72.6925 -70.1016  255 255 255
18.4056 72.6925 -70.1016  255 255 255
49.5586 75.3848 -89.8599  255 255 255
56.0168 76.1018 -94.2027  255 255 255
42.8927 75.2894 -87.0607  255 255 255
53.6358 26.974 16.7196  255 255 255
53.4411 75.6577 -93.6122  255 255 255
53.7031 75.8442 -94.1189  255 255 255
43.2313 74.6397 -87.1809  255 255 255
30.7148 73.0902 -79.3976  255 255 255
-0.549687 69.3222 -58.8777  255 255 255
-0.543832 69.3268 -58.8896  255 255 255
-21.1314 66.9251 -44.6037  255 255 255
44.0347 72.4612 -87.956  255 255 255
53.1378 24.9092 15.9169  255 255 255
7.02066 68.1748 -64.4479  255 255 255
22.9262 70.1646 -76.2556  255 255 255
-10.0128 66.7612 -53.959  255 255 255
46.9483 71.7753 -91.8919  255 255 255
52.9219 24.8955 14.8979  255 255 255
2.15858 66.6118 -62.1888  255 255 255
13.5286 65.7141 -71.7579  255 255 255
10.6502 65.8734 -71.1049  255 255 255
16.9929 65.7563 -74.0604  255 255 255
53.3068 20.8618 13.7773  255 255 255
20.5487 63.7165 -76.7204  255 255 255
21.0942 63.4302 -77.1365  255 255 255
49.3854 36.1204 -25.714  255 255 255
-8.11269 61.609 -60.2916  255 255 255
26.7382 64.0735 -84.8175  255 255 255
13.7904 61.1767 -73.6046  255 255 255
23.3424 61.9711 -84.4625  255 255 255
24.7394 61.2404 -84.9853  255 255 255
0.82902 59.7132 -68.1036  255 255 255
-0.311808 58.9954 -66.8281  255 255 255
51.3788 19.1851 8.0077  255 255 255
56.5066 26.7678 -15.4716  255 255 255
22.9578 59.9203 -85.6655  255 255 255
-17.7612 56.9949 -55.1244  255 255 255
50.1531 19.7621 4.97457  255 255 255
51.4821 18.5564 7.15185  255 255 255
52.266 17.9394 8.31804  255 255 255
56.8862 12.9706 16.3181  255 255 255
51.0283 17.5669 6.08248  255 255 255
52.8065 14.4324 7.84763  255 255 255
49.7328 16.8547 2.52991  255 255 255
-16.1616 52.9224 -60.8238  255 255 255
-17.7356 52.5077 -59.8508  255 255 255
54.6275 22.1416 -20.7735  255 255 255
55.3302 21.9085 -21.0869  255 255 255
-21.5477 51.2343 -58.1318  255 255 255
49.286 26.4886 -33.0061  255 255 255
-13.6126 50.6484 -65.5306  255 255 255
-13.6126 50.6484 -65.5306  255 255 255
52.2463 11.5518 4.95146  255 255 255
48.4213 13.9787 -1.73381  255 255 255
45.6419 27.5023 -41.5073  255 255 255
52.6777 10.1612 4.19994  255 255 255
52.467 10.0989 4.48043  255 255 255
49.2532 11.9825 -1.24035  255 255 255
47.1138 23.0209 -39.1077  255 255 255
53.8878 16.393 -28.8542  255 255 255
54.8889 4.9876 5.86051  255 255 255
-18.9388 43.3461 -64.7758  255 255 255
55.4829 3.98713 6.46516  255 255 255
45.89 21.3003 -44.0786  255 255 255
45.6992 20.918 -44.5971  255 255 255
49.1389 7.69317 -5.06391  255 255 255
54.1017 4.07408 3.30816  255 255 255
49.3799 7.04412 -4.8215  255 255 255
56.8359 1.1992 8.3683  255 255 255
50.3657 5.30895 -3.95117  255 255 255
-11.3384 40.1747 -76.0013  255 255 255
-27.2166 40.1236 -64.5311  255 255 255
4.53613 33.8954 -70.1027  255 255 255
14.5242 29.698 -67.2697  255 255 255
-8.84085 36.9806 -73.0189  255 255 255
0.865548 32.006 -68.7464  255 255 255
10.6535 25.4084 -62.4246  255 255 255
55.5448 -2.76336 2.20045  255 255 255
2.47369 26.251 -60.8249  255 255 255
11.3321 23.835 -60.3093  255 255 255
58.7656 -5.73903 7.56203  255 255 255
9.88823 23.3414 -58.5835  255 255 255
8.71326 23.8722 -59.9834  255 255 255
54.0803 -2.93189 -1.16207  255 255 255
-2.97065 26.8583 -62.859  255 255 255
56.9993 -6.3043 3.04583  255 255 255
48.1743 -0.243341 -12.8322  255 255 255
-2.97191 24.131 -59.5852  255 255 255
47.1848 0.312365 -14.7429  255 255 255
54.9065 -5.22782 -0.872133  255 255 255
6.99353 -0.690609 24.7481  255 255 255
7.25678 -0.811353 24.9356  255 255 255
51.3564 -4.52299 -7.81155  255 255 255
8.0405 -3.42216 28.7734  255 255 255
-5.9494 18.5807 -53.1468  255 255 255
50.9329 -6.10282 -10.201  255 255 255
59.6208 -12.3142 4.75962  255 255 255
58.8091 -11.7633 3.26726  255 255 255
10.757 -5.40411 28.3916  255 255 255
50.1032 -7.36434 -15.0374  255 255 255
-16.7842 18.0664 -51.4062  255 255 255
-10.6041 -0.191406 25.7184  255 255 255
55.8557 -12.9646 -4.75576  255 255 255
3.25007 -6.70489 32.5881  255 255 255
48.0664 -8.24649 -19.3123  255 255 255
3.96251 -7.63698 33.4215  255 255 255
57.2818 -14.8207 -2.97835  255 255 255
25.5302 -9.42184 11.2386  255 255 255
56.26 -14.8524 -5.17509  255 255 255
10.8375 -10.355 31.4417  255 255 255
57.7772 -16.7677 -2.69105  255 255 255
-13.6151 -3.2808 26.398  255 255 255
-15.692 10.1476 -42.1988  255 255 255
58.4846 -17.9166 -1.29335  255 255 255
5.33402 -10.1111 33.9298  255 255 255
59.1803 -18.6601 -0.869095  255 255 255
-12.2514 -5.76926 29.5391  255 255 255
5.77781 -11.9358 34.4845  255 255 255
-1.41396 -10.2002 35.488  255 255 255
59.8724 -21.8485 -1.82347  255 255 255
-1.29602 -11.3674 35.85  255 255 255
59.807 -22.2826 -1.49349  255 255 255
-4.72662 -10.909 35.1371  255 255 255
-20.1386 -3.64235 13.5376  255 255 255
0.468132 -13.3117 35.971  255 255 255
-23.4644 4.43061 -36.0151  255 255 255
-11.7743 -9.55892 31.8875  255 255 255
23.7475 -19.2336 23.1393  255 255 255
10.4413 -16.7651 31.6899  255 255 255
-24.8231 -4.64798 11.1261  255 255 255
10.834 -17.9037 31.396  255 255 255
22.922 -20.5447 24.5894  255 255 255
-7.32244 -13.3756 35.2501  255 255 255
-15.9823 -10.2047 28.8383  255 255 255
-8.2687 -13.6192 34.9669  255 255 255
-8.1348 -13.839 35.3484  255 255 255
11.9738 -19.6408 30.4839  255 255 255
-25.878 -0.744585 -29.7106  255 255 255
-25.878 -0.744585 -29.7106  255 255 255
-24.9246 -7.19527 13.3178  255 255 255
-24.6086 -7.73273 14.5109  255 255 255
-24.4034 -2.54721 -27.6143  255 255 255
8.49456 -20.2072 33.1832  255 255 255
20.6463 -23.4416 28.4243  255 255 255
-17.1409 -12.4294 28.5871  255 255 255
7.99219 -20.4649 33.5638  255 255 255
-21.906 -10.17 21.1801  255 255 255
-7.13034 -16.3477 35.4433  255 255 255
1.82636 -19.0629 36.1118  255 255 255
-18.7836 -11.9268 25.8265  255 255 255
-18.7483 -12.4399 26.2526  255 255 255
13.6156 -22.8424 32.5864  255 255 255
-1.84235 -19.6147 36.0631  255 255 255
-14.219 -15.6539 31.6952  255 255 255
-15.8427 -15.1508 30.2831  255 255 255
-8.54116 -18.0956 34.6003  255 255 255
-11.383 -17.8612 33.0322  255 255 255
-21.2147 -14.1785 25.8874  255 255 255
-1.75766 -21.0704 35.5536  255 255 255
-10.0393 -18.5985 34.2117  255 255 255
-15.4257 -16.6631 30.8131  255 255 255
-21.5162 -14.9791 26.8161  255 255 255
-20.3587 -15.3558 27.2252  255 255 255
-15.5912 -17.1438 30.5768  255 255 255
-23.7814 -13.9037 22.6114  255 255 255
-13.0577 -18.2999 32.3572  255 255 255
13.1386 -28.4425 34.5914  255 255 255
-16.5754 -19.9288 32.2588  255 255 255
-25.9443 -16.7556 24.7342  255 255 255
-3.24713 -25.2379 36.9972  255 255 255
-3.98663 -25.1347 36.9584  255 255 255
-29.1048 -17.0828 24.9096  255 255 255
-8.70913 -24.2623 36.3889  255 255 255
-25.2885 -18.5704 26.7194  255 255 255
-6.42225 -25.9808 36.2822  255 255 255
-27.205 -19.7608 25.1473  255 255 255
-1.21493 -30.1736 37.7916  255 255 255
-26.5228 -21.7554 25.3131  255 255 255
-24.4987 -23.0493 31.935  255 255 255
-6.57742 -30.2928 38.3604  255 255 255
-6.53701 -30.2907 38.2218  255 255 255
-2.01122 -31.831 38.5648  255 255 255
2.2218 -34.1024 36.4413  255 255 255
4.17724 -35.1892 35.1067  255 255 255
-17.2349 -28.2167 34.6052  255 255 255
-18.3862 -29.6753 32.0509  255 255 255
-10.0946 -32.8476 35.5272  255 255 255
-13.9478 -32.8999 33.4946  255 255 255
-5.54213 -35.963 36.0462  255 255 255
4.79571 -39.825 31.0133  255 255 255
1.22693 -38.7583 32.2636  255 255 255
-14.6346 -34.2096 32.0166  255 255 255
0.529579 -39.3968 32.3752  255 255 255
0.504715 -39.383 32.431  255 255 255
-20.7718 -33.5509 27.9857  255 255 255
-49.6277 -24.9072 -1.07588  255 255 255
-21.3176 -34.1279 25.3251  255 255 255
-11.3406 -37.5468 31.3711  255 255 255
-23.3594 -35.4179 23.1842  255 255 255
-18.271 -37.3119 26.4044  255 255 255
-4.61999 -42.8944 30.2605  255 255 255
-23.4522 -36.81 22.7069  255 255 255
-14.2166 -40.1561 28.2543  255 255 255
-45.2698 -33.853 9.10856  255 255 255
-47.3347 -34.1241 8.92161  255 255 255
-47.4628 -34.3118 9.43676  255 255 255
-7.94212 -50.0714 29.0516  255 255 255
-9.9438 -51.1397 29.984  255 255 255
-43.0317 -40.7008 16.2699  255 255 255
-41.8088 -41.3357 17.3535  255 255 255
-47.4142 -40.5772 16.603  255 255 255
4.47186 -58.8207 33.6319  255 255 255
-37.9406 -45.3649 21.4546  255 255 255
15.1967 -64.0014 38.7096  255 255 255
-33.9336 -48.0818 24.5083  255 255 255
-33.7946 -48.458 24.4139  255 255 255
-42.1438 -46.0221 22.7869  255 255 255
-42.9262 -46.3412 22.8491  255 255 255
3.90269 -63.9403 39.6065  255 255 255
-27.8349 -53.3322 30.044  255 255 255
-24.0715 -56.7492 33.8219  255 255 255
-24.0715 -56.7492 33.8219  255 255 255
9.31466 -68.8011 44.4311  255 255 255
6.34989 -68.2393 44.1432  255 255 255
2.33527 -67.1524 43.1015  255 255 255
-36.2094 -54.0399 31.1464  255 255 255
-8.88309 -64.1534 40.9306  255 255 255
-35.3835 -55.2215 32.4118  255 255 255
-32.7439 -57.6361 34.47  255 255 255
-38.6541 -56.3907 33.9777  255 255 255
-20.5538 -63.33 40.3025  255 255 255
-36.011 -58.4213 35.8399  255 255 255
-24.4773 -63.1807 40.2678  255 255 255
-24.5241 -63.085 40.4442  255 255 255
-25.2826 -62.9833 40.5568  255 255 255
-25.2298 -63.0924 40.3389  255 255 255
-33.6245 -61.0392 38.5716  255 255 255
31.8921 91.8387 -63.5239  255 255 255
43.6108 93.8772 -70.627  255 255 255
50.0439 58.3393 -10.418  255 255 255
45.3059 91.8585 -73.4844  255 255 255
45.3059 91.8585 -73.4844  255 255 255
67.2512 94.8679 -86.2875  255 255 255
66.8139 93.9949 -87.2618  255 255 255
96.2193 98.2151 -107.35  255 255 255
37.8021 87.3866 -72.0006  255 255 255
53.9839 51.0687 -7.42173  255 255 255
55.9075 89.0826 -83.8733  255 255 255
57.0793 89.0466 -85.2405  255 255 255
57.18 87.7581 -85.9127  255 255 255
78.2309 89.9906 -100.324  255 255 255
51.8584 34.0789 18.8115  255 255 255
12.4378 78.8124 -60.2478  255 255 255
73.1283 86.3219 -99.8915  255 255 255
58.2897 83.7224 -89.6252  255 255 255
49.4927 35.038 14.459  255 255 255
44.3754 81.7985 -82.9824  255 255 255
51.7332 47.1306 -13.6741  255 255 255
56.2884 27.9422 24.9407  255 255 255
56.2884 27.9422 24.9407  255 255 255
46.6152 79.828 -85.4687  255 255 255
60.7026 79.5782 -94.3721  255 255 255
55.724 25.9 23.0822  255 255 255
32.3971 76.0888 -78.8818  255 255 255
48.4461 45.5931 -23.3668  255 255 255
14.2858 70.7012 -68.1282  255 255 255
-14.0056 66.8785 -50.4273  255 255 255
24.0263 67.4648 -77.7572  255 255 255
24.1041 67.5263 -77.9566  255 255 255
54.7009 21.6152 17.3567  255 255 255
49.8871 37.9474 -24.7261  255 255 255
-7.51481 63.7221 -59.0841  255 255 255
28.4897 64.6872 -83.2867  255 255 255
28.1951 63.7799 -84.0196  255 255 255
-1.15236 61.6836 -64.0959  255 255 255
55.0091 17.8944 15.2519  255 255 255
21.8441 62.1535 -82.0163  255 255 255
22.5993 61.6922 -82.142  255 255 255
22.8738 62.0214 -83.0935  255 255 255
7.42351 58.6173 -66.798  255 255 255
56.5905 27.4649 -14.8174  255 255 255
-6.00185 58.1809 -63.8206  255 255 255
24.1124 60.0343 -86.5471  255 255 255
-7.83392 56.465 -63.1366  255 255 255
29.7948 58.7426 -90.9072  255 255 255
29.7948 58.7426 -90.9072  255 255 255
37.2917 57.5061 -98.1036  255 255 255
-9.94516 54.6059 -63.3622  255 255 255
50.61 16.9808 4.63965  255 255 255
55.904 10.027 11.2402  255 255 255
41.1331 35.6355 -75.1259  255 255 255
-18.0281 45.5969 -64.7667  255 255 255
48.1432 11.2212 -5.67447  255 255 255
52.9921 15.9669 -32.02  255 255 255
-8.36073 43.6553 -76.0516  255 255 255
-12.585 41.1056 -74.7529  255 255 255
54.4333 1.3422 2.58778  255 255 255
58.0337 -1.86549 8.24031  255 255 255
10.5119 26.4207 -63.116  255 255 255
2.32375 26.4297 -62.7426  255 255 255
0.635544 24.4197 -60.1505  255 255 255
48.1235 -0.336932 -11.637  255 255 255
50.0182 -1.26387 -9.65309  255 255 255
51.6664 -2.82352 -6.48914  255 255 255
50.9656 -2.34149 -7.94799  255 255 255
50.925 -2.40498 -7.90096  255 255 255
57.7336 -7.11074 3.99729  255 255 255
-0.202753 16.3487 -51.5288  255 255 255
6.90799 -3.03403 26.1452  255 255 255
47.1767 -4.00017 -17.5894  255 255 255
59.4695 -11.9326 3.69525  255 255 255
7.77633 -4.89749 30.0699  255 255 255
48.681 -7.22129 -16.1113  255 255 255
48.7261 -7.21536 -16.1681  255 255 255
25.5997 -9.43898 11.1043  255 255 255
58.4974 -16.2861 1.10718  255 255 255
47.9673 -10.3983 -20.2639  255 255 255
2.09173 -8.5132 34.2536  255 255 255
11.3898 -10.9888 30.9985  255 255 255
53.0568 -15.8047 -11.5947  255 255 255
53.1297 -15.805 -11.7052  255 255 255
58.9405 -19.1906 -1.53325  255 255 255
-14.8528 -4.05121 26.1312  255 255 255
58.1088 -19.4377 -4.33664  255 255 255
4.72156 -12.0677 34.4712  255 255 255
11.0518 -13.493 31.7757  255 255 255
52.3567 -16.9899 -14.515  255 255 255
9.95334 -13.4436 32.9552  255 255 255
-0.201151 -12.6291 35.9577  255 255 255
-9.19239 -10.2489 33.8261  255 255 255
-21.541 -4.2292 14.4138  255 255 255
-26.2935 -1.92035 7.78994  255 255 255
-22.4239 -3.81034 9.36534  255 255 255
-27.4152 4.04183 -35.1682  255 255 255
-19.0232 -7.73441 23.3098  255 255 255
2.14966 -16.9855 36.056  255 255 255
-8.56278 -14.4299 34.9162  255 255 255
-21.1443 -8.8137 19.7512  255 255 255
11.8614 -19.9951 30.3268  255 255 255
-11.1491 -13.8552 33.6375  255 255 255
-19.1116 -11.4908 25.4132  255 255 255
46.3393 -27.421 -5.15588  255 255 255
-2.47262 -18.5359 36.2143  255 255 255
-26.4019 -9.61269 16.3019  255 255 255
-17.8025 -14.6561 28.0909  255 255 255
-3.09001 -19.9374 35.8188  255 255 255
44.6303 -30.2925 -3.74294  255 255 255
-12.2928 -17.0183 32.7729  255 255 255
18.1178 -26.249 31.2625  255 255 255
-20.6418 -14.3602 26.4892  255 255 255
10.8525 -24.7674 33.7804  255 255 255
-20.2644 -15.0213 27.0525  255 255 255
-3.55744 -21.9026 35.3198  255 255 255
-14.5494 -19.1499 31.1504  255 255 255
-11.968 -20.3558 32.3757  255 255 255
-17.7302 -18.9773 31.1063  255 255 255
14.9963 -29.7377 33.6722  255 255 255
-8.40911 -25.1107 36.0786  255 255 255
-1.45948 -27.3498 36.3458  255 255 255
2.27302 -29.8841 37.0998  255 255 255
-28.7397 -20.4067 21.5379  255 255 255
-26.3003 -21.6378 26.2382  255 255 255
-24.057 -23.1425 31.5001  255 255 255
-9.68813 -28.5275 36.7113  255 255 255
-12.5286 -28.4096 36.6689  255 255 255
12.1118 -37.2328 28.9906  255 255 255
-18.3345 -27.3621 34.1647  255 255 255
-23.4789 -26.6038 28.937  255 255 255
11.7235 -39.5235 27.6137  255 255 255
11.989 -39.5792 27.006  255 255 255
-15.8971 -33.2789 31.9799  255 255 255
-5.59601 -36.8548 35.3938  255 255 255
-18.6849 -32.7055 29.3813  255 255 255
-22.5882 -31.7429 25.951  255 255 255
-25.9154 -31.1446 20.3958  255 255 255
1.1586 -40.3959 31.3688  255 255 255
1.1586 -40.3959 31.3688  255 255 255
-1.04759 -39.8107 31.0576  255 255 255
-1.49515 -40.2391 31.2804  255 255 255
-1.49515 -40.2391 31.2804  255 255 255
5.61825 -43.0322 29.5521  255 255 255
-20.2609 -34.9278 27.2135  255 255 255
-12.6845 -38.8848 29.1949  255 255 255
-47.2905 -29.0137 3.78369  255 255 255
-47.2895 -28.9903 4.05766  255 255 255
-44.8642 -36.5028 12.2171  255 255 255
-7.96088 -49.2731 29.1708  255 255 255
-6.45721 -50.3618 29.4052  255 255 255
6.45348 -58.2684 32.8241  255 255 255
-38.1908 -45.5982 21.7834  255 255 255
-35.0743 -50.0848 26.8896  255 255 255
-0.0757854 -62.0795 37.5379  255 255 255
1.0239 -66.0055 41.889  255 255 255
-30.9661 -55.751 32.6585  255 255 255
-30.5408 -56.164 33.1194  255 255 255
-25.9881 -63.9576 41.9621  255 255 255
-33.2978 -61.8897 39.6389  255 255 255
55.5415 57.4964 -3.33197  255 255 255
82.4782 100.915 -93.8118  255 255 255
23.0748 90.3833 -58.347  255 255 255
23.0748 90.3833 -58.347  255 255 255
63.098 95.788 -82.3313  255 255 255
48.5561 60.0672 -12.3178  255 255 255
42.6903 92.2355 -72.0129  255 255 255
-2.70046 83.1726 -44.5363  255 255 255
50.2021 56.4788 -11.5464  255 255 255
54.7831 38.8827 19.5116  255 255 255
-9.42471 78.6732 -42.7472  255 255 255
55.1076 87.6205 -85.9557  255 255 255
54.5731 87.0922 -84.6867  255 255 255
-7.99459 73.5266 -49.3862  255 255 255
11.2923 75.1508 -61.4513  255 255 255
59.821 80.7234 -93.8172  255 255 255
52.8311 28.9564 17.8287  255 255 255
32.8015 74.5034 -79.6043  255 255 255
45.3637 71.8313 -87.9579  255 255 255
45.5434 71.9472 -88.3365  255 255 255
24.4187 70.0852 -76.4919  255 255 255
32.9541 70.4882 -82.395  255 255 255
39.6539 69.0761 -85.6525  255 255 255
54.3194 21.3615 16.403  255 255 255
-1.78519 64.2019 -61.1857  255 255 255
-1.76058 64.2474 -61.3077  255 255 255
4.18698 60.2837 -68.0939  255 255 255
53.5096 17.9754 12.0251  255 255 255
53.5096 17.9754 12.0251  255 255 255
-18.6024 57.8313 -54.3872  255 255 255
48.3889 21.5472 1.99461  255 255 255
53.0604 27.8961 -23.2298  255 255 255
47.7132 31.5557 -31.1548  255 255 255
59.4429 50.6901 -91.3832  255 255 255
59.9983 50.5845 -94.1314  255 255 255
51.9181 15.7598 7.16453  255 255 255
-14.3015 53.3741 -61.7274  255 255 255
-18.4966 53.0046 -58.8589  255 255 255
54.8151 22.8927 -21.9699  255 255 255
46.5292 27.0689 -40.0251  255 255 255
49.2465 22.8429 -35.7353  255 255 255
48.5093 22.997 -37.2782  255 255 255
49.4896 11.578 -2.60514  255 255 255
51.1252 18.0495 -34.2812  255 255 255
52.1696 14.0511 -33.3782  255 255 255
52.6739 12.7951 -34.3963  255 255 255
52.2182 4.07793 -4.75874  255 255 255
48.5816 15.3403 -42.1884  255 255 255
52.2031 12.0685 -34.9323  255 255 255
49.1601 14.153 -41.0032  255 255 255
48.8661 14.048 -42.0932  255 255 255
-26.3762 38.3575 -66.0335  255 255 255
24.9888 24.7193 -62.3669  255 255 255
51.9487 1.71952 -2.95542  255 255 255
-16.9843 37.5626 -72.8796  255 255 255
12.1782 23.6005 -61.3634  255 255 255
59.3407 -5.91099 7.33145  255 255 255
7.1001 22.5692 -58.6019  255 255 255
3.59397 19.3248 -54.3127  255 255 255
49.9534 -3.96591 -11.7794  255 255 255
59.6298 -11.4368 5.18012  255 255 255
54.2165 -10.7531 -6.13348  255 255 255
57.7663 -14.9674 -2.09376  255 255 255
-9.04615 -5.53371 31.322  255 255 255
58.5169 -18.5909 -2.36741  255 255 255
-1.49478 -9.04041 34.6843  255 255 255
57.3247 -19.0752 -5.40637  255 255 255
-17.0485 -3.71177 22.906  255 255 255
52.7807 -17.5868 -13.6344  255 255 255
-23.6625 7.36901 -38.9132  255 255 255
58.4527 -21.9739 -3.71439  255 255 255
-0.660877 -12.9752 36.0471  255 255 255
59.4743 -23.9175 -4.0945  255 255 255
-29.5618 5.12526 -36.1194  255 255 255
-1.00815 -15.7203 36.3212  255 255 255
-25.0457 -0.394573 -30.3892  255 255 255
-13.2775 -14.6035 32.6424  255 255 255
-19.9135 -13.3412 24.9016  255 255 255
-10.135 -17.3423 34.1521  255 255 255
1.79956 -21.19 35.249  255 255 255
-14.6365 -16.2405 31.4007  255 255 255
-3.13489 -20.5917 35.3394  255 255 255
-6.59962 -19.6998 35.3194  255 255 255
-18.4012 -17.2102 29.4336  255 255 255
-17.4348 -17.7229 29.6018  255 255 255
-8.54186 -20.9458 34.3211  255 255 255
-16.6437 -18.8628 30.9346  255 255 255
-2.88625 -24.9222 36.8502  255 255 255
-7.79763 -23.5316 35.2875  255 255 255
-13.7621 -21.6626 33.9003  255 255 255
-18.679 -23.7645 31.6176  255 255 255
-19.2076 -23.992 32.2313  255 255 255
-19.2076 -23.992 32.2313  255 255 255
10.7728 -39.2707 28.4642  255 255 255
12.6093 -40.1482 26.335  255 255 255
9.32313 -39.2704 29.2032  255 255 255
-10.5937 -32.9717 34.9083  255 255 255
-5.59569 -37.7308 33.4221  255 255 255
-19.1777 -35.4232 27.6706  255 255 255
2.85136 -43.2813 28.4936  255 255 255
6.0975 -46.1733 30.8165  255 255 255
-44.0228 -30.2352 4.89019  255 255 255
-6.10281 -42.8641 30.6602  255 255 255
-49.4147 -31.7874 6.81012  255 255 255
-17.0731 -42.7112 26.5438  255 255 255
-45.252 -34.6137 8.85046  255 255 255
-49.6487 -34.5351 9.98724  255 255 255
-42.9225 -39.7198 15.7701  255 255 255
-36.92 -44.8161 20.8835  255 255 255
-44.0876 -43.2397 19.4209  255 255 255
-39.8118 -45.1288 21.1699  255 255 255
-42.9985 -46.4564 23.0733  255 255 255
-27.5182 -52.1914 28.7389  255 255 255
-37.7831 -49.9922 26.8792  255 255 255
-30.2884 -53.0089 29.7694  255 255 255
7.01953 -67.8971 43.8544  255 255 255
-34.1775 -56.7484 34.4688  255 255 255
-36.135 -58.9838 36.6388  255 255 255
-25.7227 -62.6255 40.386  255 255 255
-26.2257 -63.0224 40.1314  255 255 255
-34.548 -60.7051 38.4232  255 255 255
-26.3208 -63.5506 41.3468  255 255 255
-33.91 -61.4436 39.1553  255 255 255
49.3801 60.0333 -10.6427  255 255 255
65.6126 93.752 -90.7952  255 255 255
51.032 39.7056 18.0426  255 255 255
-4.75146 81.2278 -44.9212  255 255 255
59.9777 88.4018 -87.4483  255 255 255
58.7923 32.298 25.2351  255 255 255
56.9224 29.2674 27.8394  255 255 255
52.5808 48.9039 -11.2808  255 255 255
70.1988 86.5982 -97.1089  255 255 255
66.5086 79.7119 -100.176  255 255 255
-18.9777 69.6457 -44.3003  255 255 255
73.409 78.9181 -105.464  255 255 255
73.5301 78.9859 -105.721  255 255 255
41.1051 69.637 -86.9306  255 255 255
53.0582 20.906 12.7118  255 255 255
-9.78927 61.9031 -58.6049  255 255 255
19.7732 61.6331 -77.2598  255 255 255
20.0607 61.9337 -78.3937  255 255 255
52.025 18.4809 9.00421  255 255 255
-9.1141 56.6399 -63.7671  255 255 255
55.205 23.7471 -20.3567  255 255 255
55.1599 23.7522 -20.2991  255 255 255
-15.7137 48.9288 -65.1524  255 255 255
50.1688 22.3072 -33.6534  255 255 255
51.9087 6.92174 0.632466  255 255 255
51.0339 15.8136 -35.4213  255 255 255
58.1172 -2.96562 7.47246  255 255 255
51.5572 10.1129 -38.4223  255 255 255
1.48607 27.0988 -63.178  255 255 255
10.2005 18.2944 -53.4522  255 255 255
50.6686 -6.87194 -11.8909  255 255 255
51.6856 -8.5867 -10.8168  255 255 255
6.55063 -6.57041 31.4968  255 255 255
6.17082 -6.65547 30.8289  255 255 255
53.0991 -12.7257 -10.2958  255 255 255
4.21082 -9.38445 34.178  255 255 255
56.7954 -16.2129 -4.82574  255 255 255
-5.09484 -7.29728 33.5531  255 255 255
60.0003 -20.8151 -2.42729  255 255 255
2.71253 -12.4523 35.3577  255 255 255
-23.3234 5.28878 -36.4678  255 255 255
6.86365 -16.6499 34.0137  255 255 255
-9.61311 -11.9906 33.8792  255 255 255
4.65474 -17.0557 35.3247  255 255 255
2.43672 -18.3348 35.5156  255 255 255
-21.8365 -9.96148 21.0927  255 255 255
-21.713 -13.6148 25.114  255 255 255
-24.4706 -12.3672 19.7777  255 255 255
-24.4706 -12.3672 19.7777  255 255 255
2.04105 -22.0445 35.084  255 255 255
2.04105 -22.0445 35.084  255 255 255
-18.8295 -15.4053 27.2896  255 255 255
-17.1866 -16.6179 29.126  255 255 255
-18.074 -16.2829 28.3961  255 255 255
-13.1606 -18.5539 32.2504  255 255 255
-0.00565013 -23.0195 34.758  255 255 255
-18.3308 -19.6125 31.7086  255 255 255
-12.8008 -21.4402 33.5022  255 255 255
-1.92747 -26.2019 37.0198  255 255 255
13.1947 -31.5665 33.3498  255 255 255
-16.7268 -23.4882 32.1445  255 255 255
7.05739 -32.0104 38.0417  255 255 255
-26.4728 -21.0239 26.2729  255 255 255
-14.9897 -25.2042 33.2748  255 255 255
-7.59633 -28.3071 34.9543  255 255 255
5.72051 -33.9116 36.2419  255 255 255
-23.3073 -25.0611 30.6833  255 255 255
5.25246 -38.1227 31.4059  255 255 255
11.8151 -41.2206 25.6731  255 255 255
-46.3246 -26.3487 0.239919  255 255 255
-46.3229 -26.4112 0.162767  255 255 255
-12.1884 -39.5918 28.4239  255 255 255
-48.7864 -28.6019 3.51165  255 255 255
-14.2004 -42.3131 26.3792  255 255 255
-36.6618 -45.4717 21.3481  255 255 255
-41.2668 -44.7373 20.3074  255 255 255
12.2264 -64.5999 39.7349  255 255 255
-9.64341 -60.3962 36.2878  255 255 255
9.28747 -68.0397 43.8998  255 255 255
-8.31615 -63.461 39.9606  255 255 255
-5.62605 -67.5613 45.2011  255 255 255
-28.8972 -61.9234 39.223  255 255 255
52.4587 50.5912 -8.92077  255 255 255
72.1827 86.2621 -98.9112  255 255 255
-24.2402 55.766 -51.2871  255 255 255
50.1452 26.3138 -30.6116  255 255 255
-12.6678 48.7903 -67.4847  255 255 255
13.2168 24.5784 -61.6993  255 255 255
-2.71125 -13.5335 35.8346  255 255 255
-19.5842 -6.76324 20.6601  255 255 255
-19.0461 -10.6154 25.764  255 255 255
-14.1243 -13.1335 31.5919  255 255 255
-12.51 -15.8895 33.0101  255 255 255
-11.3165 -20.5881 33.3469  255 255 255
5.97878 -30.0192 37.4198  255 255 255
2.28778 -29.3837 38.9062  255 255 255
-14.5085 -25.5571 33.5101  255 255 255
-19.1233 -24.4913 32.3673  255 255 255
5.51617 -34.6753 34.3994  255 255 255
-9.16001 -35.9284 33.3717  255 255 255
-26.368 -32.3436 19.7517  255 255 255
-22.7573 -35.0939 23.2641  255 255 255
-41.7012 -40.7709 16.5405  255 255 255
-46.2853 -40.4996 16.4526  255 255 255
-25.7889 -53.3077 29.5397  255 255 255
-36.7828 -50.9501 28.0206  255 255 255
-18.8055 53.0856 -59.6979  255 255 255
-20.791 49.1506 -58.4423  255 255 255
48.4925 14.5023 -4.16066  255 255 255
52.6179 5.08457 -0.204057  255 255 255
51.7528 4.05293 -0.712406  255 255 255
-2.25206 2.71704 21.9296  255 255 255
-21.7826 -0.14125 5.42596  255 255 255
-23.2761 -1.14748 6.38645  255 255 255
-22.4682 -1.84837 7.13725  255 255 255
-3.70029 -12.4485 35.9221  255 255 255
-9.7224 -17.6099 35.8965  255 255 255
1.53472 -25.9397 36.8561  255 255 255
-2.95616 -25.9105 37.2716  255 255 255
-6.70406 -25.117 36.535  255 255 255
-14.1555 -24.971 33.9621  255 255 255
2.74538 -30.9915 38.1527  255 255 255
-13.1382 -26.5018 34.1266  255 255 255
15.5979 -39.0916 26.2949  255 255 255
13.4431 -38.9541 26.234  255 255 255
13.4431 -38.9541 26.234  255 255 255
1.09555 -39.2119 32.2334  255 255 255
4.64841 -41.7267 29.8149  255 255 255
4.90126 -41.8489 29.1297  255 255 255
-26.0849 -33.2932 19.904  255 255 255
4.62092 -43.6913 28.7745  255 255 255
-23.8023 -34.6079 22.8697  255 255 255
-45.9162 -38.554 14.4807  255 255 255
-46.9969 -39.2593 15.3557  255 255 255
-32.926 -46.1817 23.4944  255 255 255
-38.4396 -44.8237 21.1816  255 255 255
9.90328 -64.4714 39.1328  255 255 255
11.2352 -66.1739 41.4883  255 255 255
47.9455 57.4958 -14.3233  255 255 255
66.3512 89.9472 -91.495  255 255 255
20.2832 78.6522 -67.3133  255 255 255
56.9821 38.7634 -12.7315  255 255 255
25.175 65.6295 -78.1201  255 255 255
54.3822 8.52524 7.52296  255 255 255
51.2639 6.70584 -1.35509  255 255 255
11.7771 26.2795 -62.7835  255 255 255
-19.3122 -0.56265 8.33652  255 255 255
-4.64091 -16.5658 36.1487  255 255 255
1.2626 -24.9711 36.4138  255 255 255
-44.985 -29.1674 4.10788  255 255 255
-26.902 -36.1988 22.6285  255 255 255
-31.4907 -50.1668 25.9643  255 255 255
-40.998 -47.6328 24.2446  255 255 255
24.4564 89.557 -61.0828  255 255 255
8.76576 24.3127 -60.3435  255 255 255
-7.08779 -12.1043 35.1946  255 255 255
5.30364 -32.2941 38.1623  255 255 255
3.0766 -40.9972 30.3675  255 255 255
-20.5705 -33.4708 26.6824  255 255 255
-44.1818 -39.8474 15.3968  255 255 255
-44.1818 -39.8474 15.3968  255 255 255
-44.4457 -41.2702 17.8212  255 255 255
61.7101 90.0547 -86.6905  255 255 255
11.7641 82.8506 -57.3017  255 255 255
51.3587 48.869 -12.8735  255 255 255
55.3177 41.4088 -16.0112  255 255 255
-21.7959 -2.24107 10.4774  255 255 255
-9.31645 -14.4844 34.0947  255 255 255
15.3546 -21.9234 34.0778  255 255 255
0.107031 -32.4196 38.5718  255 255 255
-14.8761 -28.2466 37.0613  255 255 255
-32.1433 -51.7012 27.7676  255 255 255
36.7461 65.277 -90.8549  255 255 255
36.7461 65.277 -90.8549  255 255 255
-7.60841 55.4802 -67.1958  255 255 255
-11.9494 -12.6379 32.6139  255 255 255
5.55209 -26.2631 43.2512  255 255 255
-4.40859 -30.7056 38.5961  255 255 255
-10.7901 -25.8776 33.6635  255 255 255
-10.7901 -25.8776 33.6635  255 255 255
-8.33907 59.1983 -62.9262  255 255 255
-38.7265 55.3892 -41.5941  255 255 255
-18.0338 57.3069 -57.4416  255 255 255
-59.7202 53.0325 -28.4546  255 255 255
-37.9371 54.4746 -43.1231  255 255 255
-28.9533 55.5113 -50.2333  255 255 255
-28.9533 55.5113 -50.2333  255 255 255
-26.0026 55.0688 -52.2308  255 255 255
49.0876 33.0248 -28.0093  255 255 255
-29.7867 52.1669 -52.3292  255 255 255
48.9821 21.4169 4.4283  255 255 255
54.57 27.6733 -17.9384  255 255 255
-35.8433 50.0279 -48.8522  255 255 255
-50.311 47.1712 -38.8025  255 255 255
55.6114 14.4591 15.2197  255 255 255
-46.7079 46.8951 -42.5296  255 255 255
-36.5273 47.5195 -50.1915  255 255 255
-26.8629 47.3539 -55.4181  255 255 255
52.0288 16.4665 7.64054  255 255 255
-7.38446 49.202 -71.6021  255 255 255
47.6848 29.307 -33.561  255 255 255
-50.0814 46.2974 -41.1197  255 255 255
3.92643 48.556 -81.551  255 255 255
4.39124 48.1314 -82.2607  255 255 255
54.3527 22.743 -23.0693  255 255 255
-42.6728 44.2969 -48.93  255 255 255
-26.9961 44.3867 -60.6582  255 255 255
-49.6909 41.96 -43.9955  255 255 255
-49.6909 41.96 -43.9955  255 255 255
-26.7564 43.2199 -62.094  255 255 255
-63.42 41.5855 -34.6796  255 255 255
-43.1835 42.0305 -48.8541  255 255 255
-27.7618 42.9345 -61.6228  255 255 255
-56.8819 41.2552 -38.8489  255 255 255
-46.8176 41.5353 -46.2892  255 255 255
-52.3563 41.3145 -42.0815  255 255 255
-62.0924 41.3044 -36.8797  255 255 255
-62.9834 41.0647 -35.9228  255 255 255
-55.1582 41.1919 -41.1072  255 255 255
-52.9269 40.8784 -42.3786  255 255 255
-77.2278 40.6605 -26.547  255 255 255
-51.4532 40.2037 -44.185  255 255 255
6.74362 39.8818 -78.1844  255 255 255
5.99804 39.3267 -76.576  255 255 255
53.0113 19.3762 -28.6862  255 255 255
-58.4732 39.2545 -39.9201  255 255 255
-51.6278 38.6901 -43.4442  255 255 255
-45.3558 39.7559 -52.0629  255 255 255
-54.0952 39.1659 -43.9846  255 255 255
50.4301 19.848 -33.8517  255 255 255
50.4301 19.848 -33.8517  255 255 255
-49.4632 38.6086 -47.5095  255 255 255
-50.3251 38.8358 -47.9966  255 255 255
-64.9147 38.4394 -36.9916  255 255 255
12.8262 34.8516 -72.5667  255 255 255
-55.4578 38.5269 -44.0314  255 255 255
-61.9394 38.2698 -38.857  255 255 255
-27.2326 38.7543 -64.904  255 255 255
-73.453 38.095 -31.9018  255 255 255
-4.39336 37.0735 -73.5275  255 255 255
-50.9346 37.4247 -47.0485  255 255 255
46.8709 25.7432 -63.8098  255 255 255
-10.8277 36.1906 -71.4249  255 255 255
49.6859 18.2944 -36.0682  255 255 255
53.3262 16.044 -29.7857  255 255 255
-68.4566 36.8399 -35.8461  255 255 255
-54.5581 36.9307 -46.1467  255 255 255
-27.4673 37.2075 -66.7758  255 255 255
-71.7107 36.2762 -34.3491  255 255 255
-71.7107 36.2762 -34.3491  255 255 255
-42.7542 35.6433 -53.9637  255 255 255
-70.1243 35.4074 -34.0546  255 255 255
-4.10162 31.8429 -66.1044  255 255 255
-9.56132 33.3459 -68.8737  255 255 255
-44.5337 22.0452 -8.92462  255 255 255
-54.1062 35.5485 -48.038  255 255 255
1.1761 31.0974 -68.7482  255 255 255
-36.7574 34.9315 -59.9659  255 255 255
-7.20227 31.687 -67.734  255 255 255
-41.4708 35.0526 -58.0425  255 255 255
-0.213922 29.5288 -65.1092  255 255 255
49.5201 7.81708 -4.15199  255 255 255
-2.86957 30.1837 -66.875  255 255 255
-2.84297 30.216 -66.9282  255 255 255
-4.08618 29.3441 -64.6148  255 255 255
-4.87815 29.287 -64.5439  255 255 255
51.7265 13.3588 -32.758  255 255 255
52.6904 5.48774 1.25451  255 255 255
52.6904 5.48774 1.25451  255 255 255
-16.2853 31.341 -66.4683  255 255 255
-16.9392 30.9149 -65.8367  255 255 255
-70.2894 32.2543 -33.9553  255 255 255
-27.3272 31.8317 -65.5318  255 255 255
-67.5076 32.5669 -39.2409  255 255 255
-67.5076 32.5669 -39.2409  255 255 255
-66.0707 32.6791 -41.0088  255 255 255
-53.1335 32.4228 -50.2791  255 255 255
-20.0932 29.9673 -64.8233  255 255 255
-8.7618 27.7431 -63.2306  255 255 255
-20.1069 29.4306 -64.247  255 255 255
-29.151 31.0079 -64.7397  255 255 255
-29.1461 30.9882 -64.6981  255 255 255
-13.4646 27.5842 -61.3813  255 255 255
-64.5029 31.9229 -42.1934  255 255 255
-47.9272 31.7473 -57.6149  255 255 255
-48.1097 31.4649 -56.3624  255 255 255
-28.9858 29.3007 -63.0838  255 255 255
-65.8314 31.0339 -43.0898  255 255 255
22.1232 18.5045 -54.6913  255 255 255
-55.9297 30.2479 -50.5102  255 255 255
62.3076 -2.73652 18.1803  255 255 255
62.1887 -2.47325 15.6462  255 255 255
-43.365 29.654 -61.7452  255 255 255
-54.3002 29.8032 -53.8067  255 255 255
-27.565 26.4817 -60.1189  255 255 255
-23.29 25.666 -60.2252  255 255 255
-75.3706 31.1073 -43.5916  255 255 255
-0.889454 20.4432 -55.8068  255 255 255
-47.5213 28.9589 -58.6988  255 255 255
-29.5836 26.1672 -60.184  255 255 255
-66.3243 29.1834 -43.3794  255 255 255
-55.6367 29.0089 -53.1306  255 255 255
-53.1827 28.7936 -54.3377  255 255 255
-64.2577 29.02 -45.7342  255 255 255
-48.3145 28.661 -59.1407  255 255 255
-54.1016 28.2735 -52.4689  255 255 255
-54.1016 28.2735 -52.4689  255 255 255
-19.5731 23.0491 -57.0025  255 255 255
-73.6226 29.5543 -42.5666  255 255 255
-62.6416 28.2109 -46.5309  255 255 255
-78.79 28.8834 -35.5972  255 255 255
30.6939 12.8908 -49.2699  255 255 255
51.8792 7.62844 -39.0844  255 255 255
59.1315 -2.52971 8.99928  255 255 255
-36.9341 25.5753 -58.1934  255 255 255
-36.9341 25.5753 -58.1934  255 255 255
59.2335 -3.08818 11.5363  255 255 255
-40.5172 26.2945 -59.2355  255 255 255
-16.7002 21.2546 -54.4647  255 255 255
-53.6927 27.7339 -55.9241  255 255 255
-0.115767 17.5624 -51.4418  255 255 255
-33.2094 24.3981 -58.3164  255 255 255
-62.77 27.4672 -47.5961  255 255 255
-62.9016 27.6191 -48.1679  255 255 255
-34.7179 24.4576 -57.8776  255 255 255
-17.6672 20.8199 -54.1942  255 255 255
-61.2061 27.6729 -50.6082  255 255 255
-83.2328 28.1359 -32.6162  255 255 255
-60.779 27.5257 -51.1661  255 255 255
-60.3168 27.0882 -48.8717  255 255 255
58.4494 -2.90604 7.91877  255 255 255
-65.8868 27.3147 -45.6053  255 255 255
-58.9051 27.1575 -52.2977  255 255 255
-58.5391 26.7829 -50.3595  255 255 255
-75.358 28.3592 -44.1119  255 255 255
-62.8766 27.1094 -49.6038  255 255 255
-56.1829 26.4012 -52.1762  255 255 255
-40.9359 24.6295 -57.3398  255 255 255
-31.6427 22.6058 -55.3913  255 255 255
60.8172 -5.02416 14.8413  255 255 255
-59.1909 26.9148 -52.7051  255 255 255
-58.6263 26.7945 -53.1719  255 255 255
-61.0782 26.7245 -51.3404  255 255 255
57.7988 -3.59351 7.30829  255 255 255
-62.1303 26.6001 -50.9434  255 255 255
-57.5182 26.4339 -54.328  255 255 255
-53.9436 25.8577 -54.8468  255 255 255
-2.44088 15.9653 -50.0289  255 255 255
-77.5867 26.7913 -38.1299  255 255 255
-78.223 26.771 -37.8488  255 255 255
-56.8274 26.0698 -55.1944  255 255 255
-81.0334 26.5107 -33.8494  255 255 255
-73.8567 27.0256 -43.8804  255 255 255
-59.1179 26.0335 -53.7667  255 255 255
-62.1445 26.0121 -50.94  255 255 255
-62.1445 26.0121 -50.94  255 255 255
59.2307 -5.04037 9.95191  255 255 255
-63.0181 25.4024 -48.6388  255 255 255
-40.028 22.0633 -54.1694  255 255 255
-21.0335 18.1188 -50.9114  255 255 255
-25.94 18.586 -50.2234  255 255 255
44.6283 5.25875 -41.3367  255 255 255
62.1631 -7.08474 15.396  255 255 255
-57.4614 24.0435 -52.5071  255 255 255
-7.68832 1.78234 23.3392  255 255 255
-79.7487 25.2135 -38.1902  255 255 255
-75.5398 25.8033 -46.0104  255 255 255
-63.685 24.4049 -51.2394  255 255 255
-57.6465 23.9552 -56.3622  255 255 255
61.2195 -6.95435 10.9675  255 255 255
-65.8832 23.7946 -48.5735  255 255 255
-9.2537 13.3162 -45.6159  255 255 255
-82.1336 24.4472 -35.8381  255 255 255
-79.8239 24.5079 -39.0132  255 255 255
-57.6372 23.0088 -53.98  255 255 255
-25.8788 15.9286 -47.2659  255 255 255
-90.9774 26.4175 -41.3223  255 255 255
-81.6834 24.1812 -37.5834  255 255 255
-78.6389 23.6968 -39.05  255 255 255
-64.1318 23.1844 -52.138  255 255 255
-81.6779 23.7493 -37.937  255 255 255
-65.2826 22.5302 -50.0572  255 255 255
-35.9106 16.4321 -47.2316  255 255 255
-35.9106 16.4321 -47.2316  255 255 255
-10.9209 0.618716 23.4769  255 255 255
-23.6168 13.9077 -45.352  255 255 255
-66.5363 22.2874 -50.5709  255 255 255
-68.227 22.3633 -49.5898  255 255 255
55.9816 -6.48038 0.711942  255 255 255
-23.767 13.4714 -44.9049  255 255 255
56.7754 -7.16162 1.84347  255 255 255
41.3775 0.742595 -36.3697  255 255 255
8.57979 -4.33723 29.3118  255 255 255
57.5406 -8.28501 3.058  255 255 255
9.69489 -5.05198 29.5317  255 255 255
10.7691 -5.46735 28.871  255 255 255
59.5712 -9.86255 6.30261  255 255 255
53.429 -7.43096 -5.83134  255 255 255
-41.4629 13.3583 -44.4309  255 255 255
41.0157 -2.20595 -33.0832  255 255 255
12.9561 -6.66665 27.4662  255 255 255
41.6905 -3.36501 -31.5817  255 255 255
5.21304 -6.36273 32.4372  255 255 255
65.81 -13.954 18.5277  255 255 255
40.4198 -3.87212 -30.3242  255 255 255
62.4288 -12.872 12.4684  255 255 255
48.8211 -7.29088 -16.3047  255 255 255
-11.7898 -3.27197 27.5714  255 255 255
-16.0189 -2.15619 22.3551  255 255 255
-58.8845 13.9539 -43.7244  255 255 255
-60.9656 14.2383 -44.29  255 255 255
-60.9656 14.2383 -44.29  255 255 255
-17.713 -0.582956 9.72433  255 255 255
-17.9854 -0.866657 10.1352  255 255 255
-66.7768 14.5085 -42.6252  255 255 255
66.7467 -15.7617 19.3263  255 255 255
51.2676 -10.2843 -12.9968  255 255 255
-61.3639 12.3139 -42.0438  255 255 255
-44.6023 8.22647 -38.5256  255 255 255
24.17 -9.64006 12.5231  255 255 255
-50.5467 9.15897 -38.4713  255 255 255
-75.9672 14.3155 -43.777  255 255 255
51.2824 -11.4185 -13.1538  255 255 255
60.751 -14.8582 5.07274  255 255 255
-43.3489 7.15931 -38.4531  255 255 255
-42.4386 6.70187 -36.6931  255 255 255
-14.9034 -5.49096 27.0038  255 255 255
-9.80213 -6.87809 31.5591  255 255 255
-24.6404 -1.67257 6.94681  255 255 255
63.4009 -16.4859 8.33996  255 255 255
14.1808 -10.7532 28.5813  255 255 255
-74.544 12.0774 -41.5258  255 255 255
-20.6701 -3.56082 13.4003  255 255 255
-20.6701 -3.56082 13.4003  255 255 255
24.8553 -11.4797 14.1652  255 255 255
2.64413 -9.99694 34.5271  255 255 255
-38.2891 4.06144 -33.9481  255 255 255
-18.2023 -5.31758 22.717  255 255 255
4.74202 -10.5294 34.3906  255 255 255
4.74202 -10.5294 34.3906  255 255 255
60.8729 -16.744 4.95188  255 255 255
-40.167 4.1927 -33.2597  255 255 255
47.4713 -12.3407 -22.2756  255 255 255
61.5254 -17.1581 3.92686  255 255 255
48.2685 -12.7404 -22.0945  255 255 255
48.3109 -12.7569 -22.2028  255 255 255
53.4476 -14.8421 -10.4906  255 255 255
-18.2002 -6.32543 23.9373  255 255 255
-38.1704 2.52575 -32.4964  255 255 255
47.3818 -13.381 -20.8689  255 255 255
62.5628 -18.4138 5.04083  255 255 255
47.369 -13.7056 -21.313  255 255 255
9.32414 -12.2782 32.9689  255 255 255
25.9394 -13.6011 16.4107  255 255 255
59.7213 -17.6888 -0.655575  255 255 255
-24.7925 -4.60382 10.2762  255 255 255
10.3288 -12.7834 32.1921  255 255 255
-33.0025 0.167674 -28.8696  255 255 255
-75.1269 8.50929 -37.0549  255 255 255
-51.5411 3.54991 -32.4883  255 255 255
-61.8331 5.38492 -34.2255  255 255 255
63.8861 -20.2096 9.41992  255 255 255
-52.3236 1.46545 -15.7381  255 255 255
24.1779 -14.8507 18.0115  255 255 255
-40.1219 0.258881 -29.1683  255 255 255
19.3088 -14.7211 22.8283  255 255 255
-65.0411 4.72856 -33.238  255 255 255
-5.22386 -11.7916 35.3123  255 255 255
5.34496 -13.65 34.9834  255 255 255
-2.19779 -12.7191 35.7904  255 255 255
-48.7472 0.273724 -29.1822  255 255 255
-23.6736 -7.91369 17.9869  255 255 255
-11.0482 -11.2351 32.9033  255 255 255
-17.3826 -9.9998 26.9327  255 255 255
24.7798 -17.0773 20.7574  255 255 255
-45.249 -1.56516 -27.5176  255 255 255
-46.5332 -1.51321 -27.0982  255 255 255
-0.902868 -13.9901 35.9884  255 255 255
18.1981 -16.6324 25.1965  255 255 255
-48.4847 -1.36948 -27.0666  255 255 255
11.1951 -16.1696 32.3074  255 255 255
65.2154 -23.8812 4.39643  255 255 255
-49.8888 -1.92419 -26.5999  255 255 255
52.1242 -20.9113 -13.1891  255 255 255
-52.6819 -2.36573 -17.1825  255 255 255
-10.1038 -13.201 33.9355  255 255 255
53.0747 -21.6169 -12.5729  255 255 255
-27.7026 -9.39862 16.2505  255 255 255
-18.9214 -11.6569 25.9408  255 255 255
-51.2824 -3.22294 -24.6095  255 255 255
-27.6744 -10.0727 16.8107  255 255 255
4.80972 -17.0903 35.1643  255 255 255
-35.0494 -7.44195 -22.0411  255 255 255
-41.4064 -6.37296 -20.2177  255 255 255
-38.5532 -6.92516 -21.4412  255 255 255
51.8288 -23.9281 -10.4654  255 255 255
23.5307 -20.8021 24.6415  255 255 255
69.923 -28.5991 17.2594  255 255 255
-49.7028 -6.04573 -21.5143  255 255 255
53.9555 -25.2381 -8.42911  255 255 255
64.9925 -27.8765 6.77389  255 255 255
-58.3115 -4.90212 -23.0595  255 255 255
69.8004 -29.3824 16.5994  255 255 255
70.3298 -29.7693 17.14  255 255 255
65.0106 -28.496 1.63672  255 255 255
-41.9288 -8.73442 -18.8207  255 255 255
54.2593 -26.5322 -8.06824  255 255 255
4.58133 -19.1941 34.9547  255 255 255
-42.55 -9.21995 -18.9366  255 255 255
-9.06763 -16.7919 34.1481  255 255 255
0.818171 -18.6621 35.9205  255 255 255
15.1695 -21.1999 30.4622  255 255 255
-44.099 -9.11751 -19.1832  255 255 255
-15.1553 -16.089 30.9234  255 255 255
-44.2139 -9.86248 -17.6548  255 255 255
-38.5669 -11.042 -16.8754  255 255 255
-49.9942 -9.08374 -18.1096  255 255 255
69.9842 -31.624 15.0976  255 255 255
-48.9335 -9.38532 -17.8092  255 255 255
-51.1335 -9.02428 -18.3  255 255 255
70.6704 -31.8607 16.1845  255 255 255
-51.3494 -9.34007 -17.9645  255 255 255
22.6207 -23.7078 28.2461  255 255 255
48.4774 -27.9331 -5.16816  255 255 255
-39.2537 -12.1665 -15.5939  255 255 255
-21.5711 -16.2928 27.3956  255 255 255
12.82 -22.7871 32.1673  255 255 255
-49.8261 -11.0396 -16.2906  255 255 255
-22.3558 -16.5029 25.9768  255 255 255
69.2914 -33.2652 12.4018  255 255 255
-19.4945 -17.1735 29.0738  255 255 255
15.1048 -23.6206 30.6246  255 255 255
-3.05332 -20.4366 35.0459  255 255 255
-57.0468 -10.6701 -16.3397  255 255 255
-56.9712 -10.6646 -15.9854  255 255 255
-46.2195 -12.9639 -14.4956  255 255 255
-45.9607 -13.2006 -14.6348  255 255 255
-42.1665 -13.9993 -13.4768  255 255 255
16.5551 -25.1964 30.5421  255 255 255
-19.9182 -18.482 29.9261  255 255 255
-26.4405 -17.3544 24.8524  255 255 255
-26.4405 -17.3544 24.8524  255 255 255
-20.5224 -18.436 28.9051  255 255 255
19.5325 -26.0726 31.1255  255 255 255
15.6845 -25.4005 30.8256  255 255 255
-39.5953 -15.6229 -11.1417  255 255 255
57.8741 -34.1958 -0.549541  255 255 255
15.9416 -26.4599 32.1129  255 255 255
12.9401 -26.0774 32.0451  255 255 255
17.3596 -27.0009 32.5157  255 255 255
17.3596 -27.0009 32.5157  255 255 255
-44.4297 -16.5383 -9.8257  255 255 255
-26.5001 -19.1543 27.2631  255 255 255
43.7472 -33.1585 1.22122  255 255 255
-22.5788 -20.2628 28.2873  255 255 255
-22.5788 -20.2628 28.2873  255 255 255
-16.8659 -21.254 32.1993  255 255 255
3.40198 -25.0913 35.9346  255 255 255
-15.833 -21.5538 33.343  255 255 255
-0.649509 -24.5335 35.7549  255 255 255
-51.379 -16.3917 -10.2284  255 255 255
-26.6862 -20.2055 26.4387  255 255 255
-51.6798 -16.8633 -9.82561  255 255 255
-46.872 -17.7529 -8.97755  255 255 255
-6.83536 -23.8792 35.6747  255 255 255
14.9994 -28.1063 33.7915  255 255 255
-0.407234 -25.1753 36.4943  255 255 255
-5.40469 -24.286 35.9321  255 255 255
15.2821 -28.5255 34.1047  255 255 255
-26.495 -20.9595 26.3517  255 255 255
4.02319 -26.4062 36.1301  255 255 255
-26.7681 -20.9687 25.8133  255 255 255
16.3342 -28.9966 34.8376  255 255 255
60.5479 -38.6229 6.91332  255 255 255
9.94917 -28.2114 34.5738  255 255 255
-18.5874 -22.9094 31.3008  255 255 255
-14.0058 -23.7111 34.0632  255 255 255
-18.136 -23.2757 31.4973  255 255 255
9.25877 -28.386 34.7838  255 255 255
-55.841 -18.5035 -7.73347  255 255 255
-50.5169 -19.7287 -7.03617  255 255 255
-18.3488 -23.9248 31.9824  255 255 255
-47.4669 -20.4935 -6.09401  255 255 255
61.747 -40.994 9.42426  255 255 255
-60.4134 -18.4422 -7.79298  255 255 255
-45.8928 -21.2057 -5.44458  255 255 255
47.5262 -38.6339 6.62686  255 255 255
-59.7146 -18.7937 -7.44252  255 255 255
8.76634 -29.5159 36.1728  255 255 255
-24.2908 -23.4423 32.1184  255 255 255
-62.7517 -18.887 -7.00928  255 255 255
-55.2626 -20.3577 -5.43853  255 255 255
7.31113 -29.8611 36.3504  255 255 255
-33.6754 -24.0024 9.02259  255 255 255
-66.4364 -18.7685 -5.15556  255 255 255
-56.2599 -20.9176 -5.60066  255 255 255
53.7303 -41.9598 7.9429  255 255 255
-46.261 -23.9101 -1.98963  255 255 255
5.73041 -31.0843 37.9016  255 255 255
-53.0499 -22.9159 -3.05269  255 255 255
-14.1336 -27.5903 36.0901  255 255 255
-50.6008 -23.6572 -2.35054  255 255 255
-56.8298 -22.7521 -3.04379  255 255 255
-68.5711 -20.9047 -4.48373  255 255 255
33.2784 -39.6524 10.8117  255 255 255
-53.7768 -24.1821 -1.17419  255 255 255
-16.1271 -28.4237 35.6829  255 255 255
-10.5331 -29.3832 37.5198  255 255 255
-52.6299 -24.8248 -0.987746  255 255 255
-13.8573 -28.9432 37.0024  255 255 255
-2.82951 -30.9633 38.7808  255 255 255
-2.82951 -30.9633 38.7808  255 255 255
-0.0677809 -31.5085 38.6398  255 255 255
-15.0945 -28.7016 37.1633  255 255 255
-26.4181 -28.0719 22.2759  255 255 255
-13.7283 -29.2112 36.9281  255 255 255
2.8093 -32.6336 37.397  255 255 255
-66.3817 -22.9238 -2.48332  255 255 255
-54.6807 -25.515 -0.11058  255 255 255
-65.8715 -23.6515 -1.98742  255 255 255
-66.1618 -23.7757 -1.97979  255 255 255
-76.8169 -22.3112 -2.68108  255 255 255
-54.7421 -26.2079 0.873683  255 255 255
-56.5076 -26.0389 0.591948  255 255 255
-0.241898 -33.724 36.6682  255 255 255
-48.7669 -28.1646 3.29702  255 255 255
41.6874 -45.1926 14.9157  255 255 255
-42.8981 -29.7215 4.58897  255 255 255
16.6096 -39.3214 25.0256  255 255 255
41.2269 -45.8492 15.8367  255 255 255
44.1299 -46.5319 16.3147  255 255 255
12.3434 -39.3552 27.1075  255 255 255
-23.7996 -32.6218 24.0551  255 255 255
49.4419 -48.5888 18.7143  255 255 255
-1.57168 -36.5649 33.8257  255 255 255
-54.9678 -30.3847 5.43647  255 255 255
-14.7748 -34.9729 31.4319  255 255 255
-33.9048 -33.9943 12.6724  255 255 255
-63.7685 -29.3197 4.4221  255 255 255
-63.7685 -29.3197 4.4221  255 255 255
-56.1267 -31.1885 6.16215  255 255 255
41.3854 -49.4456 19.9379  255 255 255
0.768205 -40.1366 31.4793  255 255 255
-63.8447 -31.1205 6.41856  255 255 255
-44.0296 -34.593 9.83747  255 255 255
-52.3805 -33.2043 8.88662  255 255 255
-6.45442 -38.773 32.2149  255 255 255
-0.872768 -40.7729 31.1102  255 255 255
-50.0145 -34.3839 9.69129  255 255 255
37.3647 -51.0981 22.1769  255 255 255
-71.7928 -31.1938 7.58902  255 255 255
37.2069 -51.2917 22.3643  255 255 255
-53.3907 -34.9254 10.1835  255 255 255
29.3089 -50.2043 21.6103  255 255 255
-3.55488 -42.72 30.1683  255 255 255
19.926 -49.1574 24.9612  255 255 255
24.4968 -51.2167 22.9627  255 255 255
24.5891 -51.3224 22.7956  255 255 255
21.2137 -50.7052 24.8237  255 255 255
31.8118 -53.4691 25.4042  255 255 255
-20.7091 -41.9318 29.1836  255 255 255
-8.39871 -44.9887 31.2217  255 255 255
-6.46051 -45.6528 31.5194  255 255 255
19.6846 -52.7588 26.0063  255 255 255
-18.0829 -43.7933 29.8745  255 255 255
30.1167 -55.5629 28.0166  255 255 255
-20.7806 -44.8595 25.679  255 255 255
-18.1359 -45.0667 28.3134  255 255 255
-47.9826 -41.3993 17.583  255 255 255
-31.8717 -44.0366 21.4427  255 255 255
-52.6814 -40.9832 17.1813  255 255 255
-52.6814 -40.9832 17.1813  255 255 255
-47.6732 -41.9344 18.0066  255 255 255
-42.6894 -43.1798 19.1685  255 255 255
-60.4408 -40.3698 17.2694  255 255 255
-40.7917 -43.966 20.0328  255 255 255
-68.6892 -39.5099 17.0425  255 255 255
-33.7457 -46.0535 22.156  255 255 255
27.7948 -58.0254 30.6212  255 255 255
-58.9055 -42.1407 18.9626  255 255 255
-15.6014 -48.9587 27.7543  255 255 255
15.8031 -55.7108 29.2743  255 255 255
-5.90035 -50.9365 29.1799  255 255 255
-15.7162 -49.2425 27.9012  255 255 255
14.5865 -55.7562 29.7947  255 255 255
-10.2031 -50.3097 30.0322  255 255 255
-54.4343 -44.7915 21.9721  255 255 255
-27.1112 -49.5692 25.722  255 255 255
-49.0508 -45.9244 22.6333  255 255 255
-55.0193 -45.0979 21.9084  255 255 255
-47.9371 -46.3682 22.9327  255 255 255
-29.7121 -49.3752 25.7352  255 255 255
-32.7468 -48.9053 25.3797  255 255 255
-38.0338 -48.2601 24.6018  255 255 255
-32.3734 -49.3007 25.693  255 255 255
-15.5651 -52.7916 30.5018  255 255 255
12.4367 -58.5168 33.5382  255 255 255
-39.9708 -49.3899 25.6441  255 255 255
-30.0215 -50.9173 27.5102  255 255 255
-46.458 -48.4477 25.2119  255 255 255
-37.3879 -49.9937 26.1788  255 255 255
31.6285 -63.2825 35.9711  255 255 255
-1.74343 -56.55 32.5543  255 255 255
38.519 -65.4044 36.7743  255 255 255
30.9055 -63.5258 36.4679  255 255 255
-65.0963 -46.4414 24.8041  255 255 255
-29.4098 -52.6721 29.3565  255 255 255
-18.9842 -54.5848 30.59  255 255 255
-62.8993 -47.0644 25.3697  255 255 255
-49.4766 -49.4216 26.769  255 255 255
-49.4766 -49.4216 26.769  255 255 255
-1.76749 -57.8623 33.175  255 255 255
20.4737 -62.3395 36.3946  255 255 255
-13.3153 -55.7476 31.5168  255 255 255
30.7632 -64.7217 37.8289  255 255 255
-16.3131 -55.3609 31.191  255 255 255
-2.66331 -57.7413 33.6988  255 255 255
-53.8948 -48.9175 26.3787  255 255 255
-37.8384 -51.5426 28.6551  255 255 255
-49.3872 -49.8086 27.3615  255 255 255
16.6012 -62.1045 35.9047  255 255 255
-12.4925 -56.3841 32.0829  255 255 255
-11.9458 -56.6635 32.4729  255 255 255
-15.4096 -55.8774 32.5373  255 255 255
28.0853 -64.7312 38.3581  255 255 255
28.0853 -64.7312 38.3581  255 255 255
-54.5025 -49.4337 27.0018  255 255 255
-10.1925 -57.0853 32.9983  255 255 255
-50.2905 -50.2312 27.3183  255 255 255
-30.6416 -53.5526 30.2914  255 255 255
-0.516174 -59.1351 34.8745  255 255 255
-18.6885 -55.7926 32.2181  255 255 255
14.5272 -62.1291 37.4434  255 255 255
0.326148 -59.5898 34.7464  255 255 255
-2.23153 -58.9053 35.057  255 255 255
-36.9713 -53.1642 30.6611  255 255 255
7.03949 -61.2331 36.9502  255 255 255
14.7886 -62.909 38.462  255 255 255
-37.5066 -53.5937 30.6089  255 255 255
12.9819 -62.9167 38.33  255 255 255
-50.6096 -51.5628 29.3432  255 255 255
-42.7768 -53.1604 30.215  255 255 255
6.53279 -61.9772 37.8594  255 255 255
-31.7905 -55.0713 32.633  255 255 255
10.9609 -63.4534 38.0207  255 255 255
8.28582 -63.1131 38.2252  255 255 255
22.8835 -66.18 41.0226  255 255 255
-1.64295 -61.2214 37.5511  255 255 255
-7.12631 -60.1854 36.8226  255 255 255
7.32214 -63.1574 39.2279  255 255 255
-39.3196 -55.1153 32.8914  255 255 255
-0.414169 -62.0908 38.5914  255 255 255
-0.36279 -62.2912 38.1527  255 255 255
-61.8844 -51.3001 30.7151  255 255 255
6.34545 -63.4451 39.7348  255 255 255
24.242 -67.3988 41.9322  255 255 255
10.223 -64.295 40.3561  255 255 255
-30.3312 -56.7494 34.4532  255 255 255
26.2796 -68.0523 42.264  255 255 255
-35.4433 -56.1105 33.6533  255 255 255
5.3287 -64.1163 39.2922  255 255 255
-28.9647 -57.4177 35.3898  255 255 255
3.02982 -63.5986 39.8705  255 255 255
-15.5607 -59.9988 37.531  255 255 255
-33.3295 -57.1498 35.1756  255 255 255
-14.5104 -60.7919 38.3982  255 255 255
3.47669 -64.674 41.203  255 255 255
-7.43938 -62.6431 39.764  255 255 255
3.87942 -65.5848 42.3396  255 255 255
-28.7996 -59.7669 38.4109  255 255 255
-8.44293 -63.6572 41.3485  255 255 255
-8.3037 -64.1387 41.9288  255 255 255
-29.3429 -61.5491 39.8426  255 255 255
-32.8226 -61.7041 40.0999  255 255 255
-3.19934 60.2428 -63.944  255 255 255
-9.52121 58.5718 -61.6076  255 255 255
52.7113 22.6178 13.3498  255 255 255
19.2607 61.2767 -81.5689  255 255 255
51.726 23.126 11.7425  255 255 255
25.49 60.4466 -87.0401  255 255 255
50.9802 62.2323 -104.657  255 255 255
24.4758 57.8601 -88.8848  255 255 255
16.577 56.3174 -84.7783  255 255 255
-12.8792 52.9083 -64.103  255 255 255
-33.501 50.9848 -49.7936  255 255 255
-41.3394 50.3884 -44.3571  255 255 255
-41.4855 50.682 -45.1674  255 255 255
-52.7238 49.2992 -36.675  255 255 255
-7.88721 52.2175 -68.3324  255 255 255
23.6899 54.1169 -91.4804  255 255 255
-53.8383 47.0975 -37.9867  255 255 255
11.793 50.7462 -85.3277  255 255 255
5.33528 48.7118 -82.1207  255 255 255
51.1014 24.951 -29.8128  255 255 255
53.689 22.3584 -24.9269  255 255 255
22.3638 43.1622 -82.4322  255 255 255
-48.3324 42.8321 -44.738  255 255 255
53.1477 21.8486 -25.8003  255 255 255
-58.4766 41.3585 -38.1715  255 255 255
-61.2193 41.5624 -37.3122  255 255 255
-12.2393 43.5685 -73.6366  255 255 255
-60.6475 41.0999 -36.6101  255 255 255
52.8516 11.4888 6.16275  255 255 255
-12.7989 41.9238 -71.367  255 255 255
53.9681 19.0316 -26.8054  255 255 255
-41.1566 39.5499 -52.9063  255 255 255
-59.9085 38.4568 -41.8995  255 255 255
-12.4031 36.9377 -73.0851  255 255 255
-6.2566 34.7023 -71.3129  255 255 255
-55.4898 36.5295 -46.2042  255 255 255
-12.7882 33.8282 -67.7924  255 255 255
-12.7882 33.8282 -67.7924  255 255 255
-32.6956 35.7943 -63.4561  255 255 255
-28.3203 35.9994 -67.7625  255 255 255
-1.39162 30.5322 -66.3097  255 255 255
-59.1501 35.2883 -44.9708  255 255 255
-8.03605 31.5407 -66.8738  255 255 255
41.8762 21.2388 -58.6226  255 255 255
24.6142 23.7537 -61.002  255 255 255
58.4396 2.17119 12.2994  255 255 255
30.4997 22.4608 -60.0288  255 255 255
28.9344 21.0519 -56.8741  255 255 255
-66.7834 32.8474 -39.8353  255 255 255
-66.7834 32.8474 -39.8353  255 255 255
-27.4345 30.433 -64.7625  255 255 255
-47.4031 32.0274 -56.4891  255 255 255
-21.7779 28.9016 -62.8021  255 255 255
-64.1481 31.7551 -42.6618  255 255 255
-19.9582 28.0464 -61.4777  255 255 255
39.3793 16.7972 -53.7067  255 255 255
39.3793 16.7972 -53.7067  255 255 255
57.4461 0.841876 9.3564  255 255 255
-63.8964 31.4212 -43.435  255 255 255
-63.1878 31.4152 -44.4812  255 255 255
61.9657 -1.76246 17.794  255 255 255
-30.7277 28.7204 -62.7433  255 255 255
-52.0415 30.1562 -54.5668  255 255 255
59.2358 -1.21763 11.487  255 255 255
-36.1807 28.9232 -63.8058  255 255 255
-55.0251 29.8018 -53.2068  255 255 255
-28.0809 26.3095 -59.949  255 255 255
60.6341 -2.4281 13.8132  255 255 255
-59.4263 29.4087 -49.869  255 255 255
-45.7505 29.3082 -61.8363  255 255 255
49.251 3.1004 -8.04631  255 255 255
-65.4686 28.1745 -45.3734  255 255 255
-55.9269 28.0893 -53.6559  255 255 255
-55.8634 27.9556 -53.0261  255 255 255
-61.0989 27.6121 -47.9292  255 255 255
47.1778 9.4546 -46.4511  255 255 255
59.4973 -3.23118 10.5294  255 255 255
59.0704 -3.31702 11.1967  255 255 255
-51.9902 26.9223 -56.5089  255 255 255
-57.3755 26.5046 -52.4725  255 255 255
-63.3619 26.5979 -47.8344  255 255 255
-2.53907 16.4579 -50.4085  255 255 255
-39.2465 23.5669 -55.5073  255 255 255
-50.8691 25.7701 -57.796  255 255 255
-54.4769 25.5772 -54.8413  255 255 255
-72.5508 27.072 -46.1356  255 255 255
-18.5253 17.9657 -50.7992  255 255 255
-38.3297 21.5909 -52.8242  255 255 255
-55.2531 25.2287 -57.0822  255 255 255
48.6923 4.87754 -41.3311  255 255 255
-64.2323 25.044 -49.0483  255 255 255
-38.1219 20.9944 -52.369  255 255 255
47.6272 4.90122 -40.8541  255 255 255
-58.9729 24.9175 -54.514  255 255 255
-58.4815 23.9542 -53.4567  255 255 255
-57.9548 24.2118 -55.5704  255 255 255
-40.0671 20.6063 -53.0755  255 255 255
-64.3046 24.2766 -50.4204  255 255 255
-7.64329 1.46577 23.7874  255 255 255
-43.7963 20.3717 -51.3933  255 255 255
-65.5784 23.8101 -49.486  255 255 255
-62.6903 23.2241 -53.3461  255 255 255
-41.6181 18.1992 -49.5634  255 255 255
43.4996 1.74353 -37.5759  255 255 255
-26.0203 14.4925 -46.4579  255 255 255
-81.5738 22.5979 -34.9614  255 255 255
-81.5738 22.5979 -34.9614  255 255 255
-78.1611 22.4863 -41.3299  255 255 255
-44.4524 17.1827 -48.0379  255 255 255
-65.1965 20.9851 -49.3822  255 255 255
-35.9883 15.4473 -47.441  255 255 255
43.1391 0.254083 -36.1135  255 255 255
-10.1977 -0.771546 26.1712  255 255 255
62.7679 -10.1528 13.6302  255 255 255
-76.257 22.2379 -47.1613  255 255 255
50.8442 -5.326 -9.83095  255 255 255
47.2368 -3.97095 -17.5743  255 255 255
62.1216 -10.9712 12.0529  255 255 255
-49.3332 15.7495 -46.6664  255 255 255
-62.8314 17.5696 -47.3918  255 255 255
42.7847 -2.90709 -31.7398  255 255 255
-78.5179 19.3303 -44.7169  255 255 255
8.2667 -6.51861 30.8425  255 255 255
11.9316 -7.11109 28.6938  255 255 255
-9.19018 -4.36567 30.6982  255 255 255
-60.3401 14.397 -45.2187  255 255 255
-66.9265 14.8835 -42.3114  255 255 255
-66.9265 14.8835 -42.3114  255 255 255
12.5204 -8.19263 29.0455  255 255 255
12.7843 -8.13053 28.1155  255 255 255
-67.9574 14.8352 -45.5521  255 255 255
-42.3921 8.63414 -38.7685  255 255 255
66.805 -16.5423 18.8269  255 255 255
-5.01431 -6.74546 33.0803  255 255 255
1.47012 -8.05076 34.0714  255 255 255
60.0344 -13.8849 2.98371  255 255 255
1.02455 -8.25808 34.7825  255 255 255
-39.0976 7.03424 -37.5114  255 255 255
13.3836 -10.1034 29.0102  255 255 255
48.7231 -10.74 -19.4831  255 255 255
43.7675 -9.44613 -25.3019  255 255 255
1.62937 -9.46933 34.7978  255 255 255
44.3725 -10.7971 -23.8839  255 255 255
-3.60892 -9.1415 34.775  255 255 255
61.0029 -17.1161 5.64168  255 255 255
64.5127 -18.0555 9.02445  255 255 255
-33.4281 2.58991 -32.8732  255 255 255
54.7947 -14.8531 -9.64611  255 255 255
-85.9973 12.8112 -42.452  255 255 255
55.006 -15.2045 -10.5605  255 255 255
53.8757 -15.425 -10.9987  255 255 255
53.8757 -15.425 -10.9987  255 255 255
-49.1567 4.52174 -33.8548  255 255 255
-15.4436 -7.67687 28.1007  255 255 255
45.7946 -13.8017 -20.6983  255 255 255
62.0319 -19.0003 5.40353  255 255 255
52.3843 -15.908 -16.08  255 255 255
58.9493 -19.1018 -1.53562  255 255 255
67.269 -22.3463 15.9067  255 255 255
-40.7714 -0.652514 -28.9289  255 255 255
-40.74 -0.63485 -28.6508  255 255 255
10.293 -14.7286 32.4403  255 255 255
55.1188 -20.4851 -11.2219  255 255 255
-42.0158 -3.42729 -25.429  255 255 255
59.1549 -23.2056 -4.04231  255 255 255
-4.16988 -14.5614 35.8537  255 255 255
55.9397 -23.0788 -12.0732  255 255 255
23.7814 -19.2461 23.0389  255 255 255
-8.52239 -14.2868 34.9388  255 255 255
-58.3646 -2.27764 -25.6454  255 255 255
-34.902 -7.00802 -21.9014  255 255 255
-19.9712 -11.9864 23.9834  255 255 255
-19.2471 -12.304 25.1533  255 255 255
-48.275 -5.28434 -22.7681  255 255 255
-43.6372 -6.43216 -22.5224  255 255 255
-49.6423 -5.30536 -22.8811  255 255 255
-70.7248 -1.42098 -26.1533  255 255 255
52.9743 -25.3567 -9.57524  255 255 255
50.1097 -25.5377 -7.82802  255 255 255
50.1097 -25.5377 -7.82802  255 255 255
-19.4192 -14.2042 25.8172  255 255 255
-4.76849 -17.2321 35.8602  255 255 255
0.593598 -18.6838 35.745  255 255 255
-19.4844 -14.9288 26.8222  255 255 255
-78.3997 -2.79092 -24.4356  255 255 255
-78.3997 -2.79092 -24.4356  255 255 255
-17.1047 -16.6099 28.8212  255 255 255
54.3553 -29.4648 -4.18801  255 255 255
-56.3753 -9.97125 -17.079  255 255 255
-56.4104 -9.95975 -17.242  255 255 255
-51.66 -11.2349 -15.6598  255 255 255
-42.2731 -13.1392 -14.7697  255 255 255
-10.4373 -19.3378 33.6247  255 255 255
64.8305 -33.1553 2.54276  255 255 255
69.8546 -34.2139 13.3346  255 255 255
-46.6573 -12.9283 -14.7927  255 255 255
-55.3256 -11.2899 -15.9382  255 255 255
-50.0102 -12.2902 -14.4757  255 255 255
-22.4821 -17.5502 25.9302  255 255 255
16.6586 -24.8586 30.2526  255 255 255
-48.4715 -12.9448 -13.944  255 255 255
-15.189 -19.3427 31.2681  255 255 255
-24.6187 -17.9767 25.6071  255 255 255
-17.6909 -19.8011 31.8972  255 255 255
-20.5576 -19.3685 28.947  255 255 255
-39.9758 -16.4459 -10.8564  255 255 255
-39.7953 -16.8061 -10.4992  255 255 255
-20.3555 -19.9548 29.1713  255 255 255
-8.59358 -22.1967 33.9235  255 255 255
51.2082 -34.3291 1.61622  255 255 255
54.2027 -34.9995 2.0652  255 255 255
-41.8027 -17.6455 -9.6229  255 255 255
-66.4219 -13.3669 -13.4342  255 255 255
-44.0314 -17.4871 -9.60513  255 255 255
-40.6865 -18.4769 -8.57988  255 255 255
-65.5402 -14.0782 -12.6173  255 255 255
-8.56973 -23.3615 35.2504  255 255 255
-22.2543 -21.0468 28.9479  255 255 255
-65.2279 -14.4656 -12.7773  255 255 255
-22.57 -21.2213 29.5661  255 255 255
-45.1543 -18.5269 -8.1778  255 255 255
-23.4212 -21.3575 29.4584  255 255 255
-6.77323 -24.32 36.319  255 255 255
-44.9903 -19.508 -7.14665  255 255 255
-44.2006 -20.3179 -6.23145  255 255 255
-57.7378 -18.212 -7.92421  255 255 255
-57.7378 -18.212 -7.92421  255 255 255
-57.336 -18.4315 -7.59152  255 255 255
-22.857 -23.0413 31.5036  255 255 255
4.21878 -28.0425 35.4791  255 255 255
-48.15 -20.5792 -6.39594  255 255 255
-53.4582 -19.5881 -6.55285  255 255 255
-17.8523 -24.5243 32.3496  255 255 255
-46.4862 -21.3209 -4.9549  255 255 255
-62.9589 -18.5818 -7.34276  255 255 255
-60.8534 -19.1262 -6.94342  255 255 255
-46.4841 -21.7813 -5.13757  255 255 255
22.676 -34.8385 18.9221  255 255 255
-68.1732 -20.3603 -5.49026  255 255 255
47.5764 -41.844 10.5787  255 255 255
58.4998 -43.8927 13.4381  255 255 255
-62.017 -21.7044 -4.30021  255 255 255
-10.101 -28.9253 37.0341  255 255 255
-55.8533 -23.5375 -1.89585  255 255 255
37.5944 -40.9248 10.4812  255 255 255
-54.357 -24.0183 -1.31544  255 255 255
-55.5208 -24.1314 -1.36483  255 255 255
-54.3385 -24.4827 -1.40149  255 255 255
-19.595 -28.2583 32.0539  255 255 255
-15.643 -29.1935 37.5966  255 255 255
-44.7654 -27.533 2.04051  255 255 255
43.6483 -44.8418 14.9996  255 255 255
43.6483 -44.8418 14.9996  255 255 255
34.9956 -43.5774 13.8983  255 255 255
-42.8513 -30.1741 4.85731  255 255 255
-63.35 -26.6915 1.52184  255 255 255
-24.2158 -31.3765 25.8805  255 255 255
16.783 -39.8796 24.9159  255 255 255
-61.9039 -27.0152 1.71884  255 255 255
-1.44412 -35.1372 35.5091  255 255 255
-1.44495 -35.1273 35.4593  255 255 255
-62.4023 -27.5366 2.57979  255 255 255
-61.7551 -27.6395 2.91531  255 255 255
-60.7858 -27.913 2.58777  255 255 255
42.6158 -47.2811 17.1347  255 255 255
32.4778 -45.9158 16.4253  255 255 255
-48.0389 -31.1254 6.01373  255 255 255
-24.8725 -33.851 23.8713  255 255 255
-55.51 -30.8096 5.83044  255 255 255
-63.3705 -31.0211 6.4946  255 255 255
-63.3239 -31.0206 6.61274  255 255 255
-62.1336 -31.2772 6.84719  255 255 255
-10.245 -39.2843 30.1558  255 255 255
27.7146 -49.3389 20.6819  255 255 255
-56.0983 -34.3617 9.98762  255 255 255
-51.2572 -35.9835 12.4888  255 255 255
-53.7793 -36.265 11.975  255 255 255
21.7774 -50.5431 24.4674  255 255 255
21.8574 -50.6353 24.3119  255 255 255
-52.3106 -37.4652 13.2641  255 255 255
20.247 -51.2557 25.5079  255 255 255
-30.8003 -42.7581 21.8767  255 255 255
-27.6344 -43.379 23.2685  255 255 255
-43.9222 -41.8892 16.9287  255 255 255
-41.9924 -42.3387 18.3259  255 255 255
-40.9745 -42.586 18.8285  255 255 255
-62.5087 -39.8268 16.7365  255 255 255
-46.3933 -42.6577 18.4486  255 255 255
-11.6096 -49.5661 28.6941  255 255 255
-44.7771 -44.652 20.9404  255 255 255
-44.3057 -44.839 20.8953  255 255 255
-33.0795 -47.5924 23.7455  255 255 255
-48.1656 -45.4446 22.1893  255 255 255
-58.8477 -45.009 22.3357  255 255 255
-39.3756 -48.4699 24.8382  255 255 255
22.3754 -59.9234 33.92  255 255 255
-41.4666 -48.5458 25.0559  255 255 255
-51.1474 -47.3718 24.8667  255 255 255
7.22677 -57.863 32.8946  255 255 255
31.1947 -63.2659 36.4108  255 255 255
-40.529 -50.0385 27.008  255 255 255
-51.8534 -48.2527 25.4128  255 255 255
-45.2019 -49.5223 26.6624  255 255 255
15.8553 -61.2824 35.3584  255 255 255
-28.8972 -52.7125 29.3938  255 255 255
3.60091 -58.5834 34.3858  255 255 255
-40.0263 -51.1834 28.5107  255 255 255
-40.0263 -51.1834 28.5107  255 255 255
-17.192 -55.251 31.6042  255 255 255
-30.2727 -52.8151 30.7715  255 255 255
-12.1201 -56.4225 32.2544  255 255 255
-14.3348 -55.9933 32.2262  255 255 255
-0.890745 -58.7618 34.6921  255 255 255
0.835192 -59.3003 34.8518  255 255 255
-14.8507 -56.4222 32.6764  255 255 255
14.39 -62.1425 36.6802  255 255 255
6.38804 -60.5929 36.6072  255 255 255
-49.5961 -50.8232 28.4588  255 255 255
7.16026 -60.9777 36.2277  255 255 255
9.19569 -61.415 36.6425  255 255 255
14.5618 -62.945 37.5329  255 255 255
-0.824692 -60.1254 36.3695  255 255 255
-0.824692 -60.1254 36.3695  255 255 255
-35.6841 -54.4222 31.3984  255 255 255
16.2322 -64.3564 38.723  255 255 255
17.5439 -64.6338 38.9138  255 255 255
20.901 -65.9798 40.8793  255 255 255
7.84635 -63.7903 39.7873  255 255 255
-15.7892 -59.7476 37.2386  255 255 255
-15.7892 -59.7476 37.2386  255 255 255
0.352632 -63.1056 39.7699  255 255 255
-12.0602 -60.7561 37.9681  255 255 255
-15.0923 -60.5029 38.2068  255 255 255
-0.882856 -63.8567 40.0145  255 255 255
-31.9327 -59.8046 37.9175  255 255 255
-31.3638 -60.3686 38.5318  255 255 255
-25.0572 -61.4738 39.7603  255 255 255
-29.2827 -61.0039 39.5753  255 255 255
-28.9353 -62.026 40.3684  255 255 255
-2.30605 60.2975 -65.8109  255 255 255
64.5629 67.8671 -111.971  255 255 255
26.4132 59.5024 -90.3966  255 255 255
26.7316 54.7029 -92.0319  255 255 255
-7.35031 51.7921 -69.677  255 255 255
52.9439 27.4948 -23.3728  255 255 255
53.3117 26.5872 -23.8764  255 255 255
-26.4515 44.7138 -61.1893  255 255 255
-7.38734 44.2551 -75.857  255 255 255
-57.5508 40.6101 -39.9958  255 255 255
-56.7987 40.0388 -41.2681  255 255 255
58.2227 6.93266 15.5893  255 255 255
-5.61233 38.992 -76.1482  255 255 255
-16.4475 39.7376 -72.7739  255 255 255
52.8754 17.5147 -28.0389  255 255 255
-62.4326 38.0524 -38.8289  255 255 255
-3.45804 36.2827 -72.5834  255 255 255
-51.8886 36.7485 -47.3282  255 255 255
-14.5094 36.9366 -73.1805  255 255 255
-59.656 36.308 -42.8844  255 255 255
47.0986 10.7464 -7.60432  255 255 255
-55.0766 35.795 -46.358  255 255 255
-70.9932 34.7493 -32.5608  255 255 255
-12.1601 33.0277 -67.814  255 255 255
-5.09478 31.8463 -67.6731  255 255 255
-83.0555 34.8434 -25.1373  255 255 255
46.9216 17.2888 -43.8233  255 255 255
-55.6974 33.6175 -46.9442  255 255 255
-12.2394 30.4328 -65.8096  255 255 255
-62.2858 32.9975 -43.4922  255 255 255
11.7273 23.2512 -59.4203  255 255 255
11.864 23.4142 -60.2839  255 255 255
-37.6301 32.3384 -63.9483  255 255 255
-66.7349 31.3542 -41.2016  255 255 255
59.7978 -0.840639 14.2959  255 255 255
-43.5257 30.1391 -58.0408  255 255 255
-21.999 26.4553 -60.7501  255 255 255
-55.7875 29.3549 -50.1619  255 255 255
-62.4079 28.6009 -46.974  255 255 255
47.6159 3.39558 -11.8499  255 255 255
-23.0431 22.4079 -54.2239  255 255 255
-54.2596 27.8136 -55.6218  255 255 255
36.5702 11.2932 -48.4626  255 255 255
30.3643 11.7043 -48.3157  255 255 255
-54.7411 27.2874 -55.6884  255 255 255
39.1443 9.80637 -47.214  255 255 255
50.7271 6.94774 -41.7492  255 255 255
-59.9592 26.5688 -51.991  255 255 255
51.1691 6.23891 -41.2354  255 255 255
-74.9282 27.1496 -43.5407  255 255 255
-39.7935 22.7772 -55.3171  255 255 255
-39.7678 22.6949 -54.8774  255 255 255
-38.0239 22.3069 -54.666  255 255 255
-5.41767 15.3433 -49.0371  255 255 255
32.9097 7.85651 -43.6999  255 255 255
32.6514 7.74005 -42.7588  255 255 255
-58.2588 24.7234 -54.1157  255 255 255
-65.4608 24.5908 -48.624  255 255 255
-65.8577 23.7951 -46.2029  255 255 255
-62.6629 23.31 -51.3485  255 255 255
-62.7008 23.3296 -51.4961  255 255 255
-62.7045 22.8418 -54.2538  255 255 255
-63.2584 22.2602 -52.212  255 255 255
-79.4881 21.137 -37.5611  255 255 255
-70.764 20.5289 -50.7185  255 255 255
-75.4105 20.3093 -46.8074  255 255 255
43.2709 -3.0917 -31.2943  255 255 255
-35.5029 10.7604 -41.8711  255 255 255
-69.5831 16.2226 -45.562  255 255 255
-26.8941 7.71042 -39.4096  255 255 255
-37.5927 8.34431 -39.002  255 255 255
54.0249 -11.7172 -7.4956  255 255 255
-50.624 9.90565 -40.6751  255 255 255
-50.624 9.90565 -40.6751  255 255 255
23.8272 -9.29262 12.0842  255 255 255
-28.37 5.14664 -35.9349  255 255 255
-54.5349 10.2346 -39.9486  255 255 255
-54.7284 9.67571 -39.17  255 255 255
-69.2853 12.3192 -41.7384  255 255 255
46.9558 -9.98862 -23.2861  255 255 255
9.14886 -10.2754 32.289  255 255 255
-39.5373 4.63 -34.163  255 255 255
-38.9018 4.11334 -33.8386  255 255 255
-75.3113 11.4886 -40.834  255 255 255
-13.5554 -7.07274 29.2615  255 255 255
-58.8489 7.32027 -37.1673  255 255 255
-37.9601 3.11824 -33.4367  255 255 255
-18.4748 -6.17814 23.3433  255 255 255
-59.578 5.44356 -34.7131  255 255 255
-46.3314 2.20517 -32.3659  255 255 255
43.929 -15.0142 -19.0411  255 255 255
-48.7717 2.22791 -30.9923  255 255 255
51.7972 -16.7408 -16.7196  255 255 255
-61.2663 4.3524 -32.7951  255 255 255
50.1684 -16.6418 -18.4484  255 255 255
-45.4179 0.647059 -30.4802  255 255 255
-37.2816 -1.38405 -28.3976  255 255 255
12.0594 -14.6803 31.5062  255 255 255
-44.6187 -1.0631 -27.1122  255 255 255
23.0954 -16.7208 20.8886  255 255 255
-41.753 -2.00248 -27.3514  255 255 255
52.3989 -20.7217 -13.4496  255 255 255
55.2065 -21.9198 -12.0024  255 255 255
-85.0062 4.03401 -31.8831  255 255 255
56.3753 -23.0114 -11.4909  255 255 255
55.1916 -24.1435 -10.2963  255 255 255
-68.9427 -1.45471 -27.3543  255 255 255
56.0312 -25.0293 -9.35741  255 255 255
69.8099 -28.5122 16.9509  255 255 255
-22.5256 -12.5341 23.5242  255 255 255
-38.4834 -9.93057 -18.1878  255 255 255
2.91065 -19.0147 35.3867  255 255 255
-26.2083 -13.4547 20.695  255 255 255
-43.1237 -9.37765 -18.3505  255 255 255
-47.1546 -9.21107 -18.3083  255 255 255
-57.1711 -7.84147 -19.4771  255 255 255
-24.556 -14.9683 22.0929  255 255 255
46.9157 -28.6857 -5.28333  255 255 255
-38.304 -13.2668 -14.8957  255 255 255
52.6146 -30.1494 -3.5577  255 255 255
-55.4092 -10.1751 -16.4232  255 255 255
17.9224 -24.1782 29.3174  255 255 255
-23.6656 -17.7134 25.537  255 255 255
52.2171 -32.3066 -0.029802  255 255 255
-23.7293 -18.1247 25.5056  255 255 255
69.1622 -35.5561 11.2359  255 255 255
-40.1519 -15.7417 -11.3028  255 255 255
-51.4201 -14.3302 -12.066  255 255 255
-24.1581 -18.9829 27.0809  255 255 255
-44.0862 -16.3263 -10.663  255 255 255
43.2022 -32.5915 0.556253  255 255 255
-10.3346 -21.9739 34.2155  255 255 255
-21.6479 -20.964 29.1097  255 255 255
-20.6178 -21.5053 29.5211  255 255 255
-22.0936 -21.3743 29.4563  255 255 255
-50.9191 -17.91 -7.97851  255 255 255
-23.0274 -21.8129 29.9397  255 255 255
54.1367 -37.9177 5.37172  255 255 255
-50.3133 -18.6172 -8.04327  255 255 255
-21.224 -22.708 31.0635  255 255 255
-48.6729 -19.2328 -7.02365  255 255 255
-24.1792 -22.7916 31.0016  255 255 255
9.7789 -29.3721 35.5998  255 255 255
-16.7731 -24.4486 32.7352  255 255 255
-15.6592 -24.7842 32.6788  255 255 255
-43.651 -21.5339 -4.91514  255 255 255
-51.4496 -20.383 -6.14127  255 255 255
-51.51 -20.3932 -6.46644  255 255 255
-11.6853 -26.1567 34.5425  255 255 255
-14.1018 -26.0532 34.1288  255 255 255
-55.8325 -21.6988 -3.52946  255 255 255
-48.6379 -23.0664 -2.71064  255 255 255
-52.3383 -23.3544 -2.8146  255 255 255
-50.978 -23.8066 -1.88193  255 255 255
-51.938 -24.0757 -1.45357  255 255 255
-53.3681 -24.847 -0.747382  255 255 255
-12.6686 -29.3003 37.2876  255 255 255
-11.0961 -30.0701 37.5578  255 255 255
-4.74092 -32.0939 39.8006  255 255 255
42.7765 -47.4885 17.6808  255 255 255
40.0824 -48.4979 18.6534  255 255 255
-21.1605 -35.5506 25.138  255 255 255
-51.7538 -33.1724 7.65715  255 255 255
-61.2287 -32.3061 7.94342  255 255 255
-61.5468 -32.5081 8.07821  255 255 255
-45.4458 -36.2337 12.0212  255 255 255
28.1277 -49.8832 22.314  255 255 255
23.2458 -49.6882 23.3773  255 255 255
-74.6333 -34.0555 11.701  255 255 255
-53.1379 -37.7935 14.0599  255 255 255
-54.6197 -38.3637 14.1871  255 255 255
-48.7428 -40.1963 16.3248  255 255 255
-46.9857 -41.2814 17.5809  255 255 255
-47.568 -41.461 17.7999  255 255 255
-42.6227 -42.743 18.3432  255 255 255
-46.6414 -42.8008 19.1198  255 255 255
-46.6271 -42.7547 19.2805  255 255 255
-11.8822 -47.8472 28.6339  255 255 255
-3.80638 -49.7487 29.7517  255 255 255
-13.6388 -47.9789 28.2994  255 255 255
-33.5304 -47.3376 23.6163  255 255 255
35.5443 -61.3688 33.6099  255 255 255
-33.751 -48.3719 24.8453  255 255 255
-50.6385 -46.0526 23.0763  255 255 255
7.51474 -56.7294 31.2223  255 255 255
-56.9839 -45.2719 22.5954  255 255 255
-28.9971 -50.0416 26.5046  255 255 255
-46.6204 -47.1959 23.8614  255 255 255
-31.3327 -49.7128 26.1444  255 255 255
-32.1326 -50.1488 27.1616  255 255 255
6.35578 -57.5952 31.9554  255 255 255
6.77635 -57.8449 33.3583  255 255 255
10.0432 -58.9479 33.268  255 255 255
-28.6268 -51.3622 29.1168  255 255 255
-40.6062 -50.492 27.2331  255 255 255
6.38457 -58.9134 34.5747  255 255 255
18.6422 -61.7362 35.5358  255 255 255
-15.2904 -55.4709 31.7618  255 255 255
-43.0406 -50.9639 27.9146  255 255 255
-16.1534 -55.5053 31.7944  255 255 255
-15.617 -55.704 31.8139  255 255 255
-15.1578 -55.874 31.7906  255 255 255
-15.1578 -55.874 31.7906  255 255 255
0.169854 -59.1967 34.9938  255 255 255
0.517485 -59.599 35.3302  255 255 255
9.77137 -62.0712 36.9123  255 255 255
-63.3043 -49.3228 28.4054  255 255 255
-54.1386 -50.9987 29.5262  255 255 255
-16.7895 -57.8613 34.2323  255 255 255
2.92421 -62.1517 37.9047  255 255 255
0.160587 -62.2359 37.7458  255 255 255
-52.8252 -52.7785 31.7612  255 255 255
7.36175 -63.5086 40.0352  255 255 255
9.9023 -64.378 39.7679  255 255 255
3.24607 -63.2432 38.8748  255 255 255
-5.81052 -61.8337 37.7603  255 255 255
0.0175154 -63.0896 39.9257  255 255 255
-6.93834 -62.1795 38.246  255 255 255
8.04451 -65.1925 40.806  255 255 255
22.5133 -69.6201 44.1809  255 255 255
-30.6692 -61.04 39.0988  255 255 255
-26.2862 -61.7641 39.7722  255 255 255
-24.4734 -63.2528 40.883  255 255 255
55.045 62.5634 -106.418  255 255 255
11.9464 49.0869 -87.2668  255 255 255
-29.2914 45.9634 -56.6012  255 255 255
11.8214 47.7789 -86.9352  255 255 255
51.405 24.8732 -29.0354  255 255 255
52.2245 23.7304 -25.0839  255 255 255
-16.6128 44.4097 -64.008  255 255 255
-56.4946 39.2968 -42.4145  255 255 255
57.9708 6.68817 14.8997  255 255 255
-36.8764 35.6744 -60.068  255 255 255
50.4865 14.626 -37.3912  255 255 255
-38.704 33.3059 -62.212  255 255 255
-38.704 33.3059 -62.212  255 255 255
-13.5953 29.2598 -64.1036  255 255 255
-54.7951 32.7098 -48.9971  255 255 255
39.6707 18.626 -55.7975  255 255 255
-14.6404 28.3572 -62.0161  255 255 255
18.387 22.4591 -59.1781  255 255 255
-66.9715 32.2791 -40.8375  255 255 255
-55.3163 31.2176 -48.2228  255 255 255
-0.632517 24.3668 -59.4932  255 255 255
16.7064 20.5049 -56.0334  255 255 255
-27.4869 28.97 -62.9272  255 255 255
-55.4952 29.7654 -51.6054  255 255 255
-51.3743 29.0779 -53.8944  255 255 255
-53.5756 29.1268 -52.6873  255 255 255
59.4188 -1.95574 12.1828  255 255 255
-74.0748 30.4709 -41.567  255 255 255
-55.8049 28.3355 -51.35  255 255 255
30.2332 13.005 -49.398  255 255 255
30.2332 13.005 -49.398  255 255 255
-38.9514 25.8906 -58.9181  255 255 255
-73.3752 28.6697 -43.4907  255 255 255
-38.3426 24.7983 -57.1037  255 255 255
-46.5971 26.0114 -57.9934  255 255 255
-46.5971 26.0114 -57.9934  255 255 255
-62.7934 26.1144 -48.6254  255 255 255
48.3692 4.03961 -40.363  255 255 255
-66.257 21.1697 -50.7122  255 255 255
-48.7371 16.9142 -46.489  255 255 255
-58.5709 18.4087 -48.7531  255 255 255
11.9962 -5.92619 27.7459  255 255 255
49.9019 -6.10929 -13.528  255 255 255
-21.1257 9.09021 -41.025  255 255 255
41.5926 -3.1105 -31.7141  255 255 255
47.088 -6.58487 -19.9414  255 255 255
47.5911 -7.43095 -18.7672  255 255 255
48.2169 -7.6269 -16.4005  255 255 255
13.9462 -8.49344 27.613  255 255 255
-26.7461 5.26693 -35.8876  255 255 255
-70.0461 13.3311 -43.8069  255 255 255
46.0115 -9.78477 -24.5368  255 255 255
43.0442 -9.94012 -24.3396  255 255 255
3.36993 -9.81376 34.396  255 255 255
-32.1227 3.37169 -35.1366  255 255 255
-50.5805 4.93279 -34.0215  255 255 255
13.7367 -12.9721 29.6311  255 255 255
53.608 -16.3535 -11.4063  255 255 255
24.907 -15.286 18.5029  255 255 255
-51.6142 1.49488 -29.5433  255 255 255
-15.9515 -9.95911 28.7431  255 255 255
1.49698 -13.4911 35.9459  255 255 255
1.49698 -13.4911 35.9459  255 255 255
-39.2983 -3.1875 -25.9597  255 255 255
18.4459 -17.3526 25.7483  255 255 255
18.4459 -17.3526 25.7483  255 255 255
55.0494 -22.6536 -12.0175  255 255 255
-26.845 -9.98246 16.8353  255 255 255
-45.1355 -4.78467 -24.4019  255 255 255
-19.9806 -12.2638 24.1828  255 255 255
-50.6822 -5.06207 -22.8341  255 255 255
-45.9432 -6.35114 -22.0257  255 255 255
53.4074 -24.9841 -8.06614  255 255 255
-50.168 -5.91167 -21.9344  255 255 255
-45.522 -7.70442 -20.1043  255 255 255
-42.9858 -8.49144 -19.6109  255 255 255
-52.5779 -6.88962 -18.8297  255 255 255
67.1303 -29.3552 3.70648  255 255 255
-16.1004 -15.9047 29.8048  255 255 255
-20.8178 -15.5641 26.9825  255 255 255
-57.6561 -8.37348 -19.8073  255 255 255
-55.3044 -10.76 -15.5574  255 255 255
-23.531 -17.0412 24.7269  255 255 255
-23.531 -17.0412 24.7269  255 255 255
7.91371 -23.6709 34.1238  255 255 255
-55.7574 -13.4188 -14.6732  255 255 255
53.5669 -33.8158 0.82236  255 255 255
49.8998 -33.3507 0.352623  255 255 255
-42.4003 -16.5692 -10.5016  255 255 255
-40.3752 -17.5533 -9.6632  255 255 255
-18.599 -22.815 31.0077  255 255 255
-22.3166 -22.3811 30.8196  255 255 255
-55.241 -19.0567 -6.8244  255 255 255
-50.2147 -20.6373 -5.58059  255 255 255
-62.5482 -19.0565 -6.8277  255 255 255
-62.5482 -19.0565 -6.8277  255 255 255
-58.813 -20.4943 -5.21799  255 255 255
-58.1942 -20.949 -5.29803  255 255 255
-57.9741 -20.8873 -4.51894  255 255 255
-47.1986 -23.0781 -2.9503  255 255 255
-52.7842 -22.3525 -3.01258  255 255 255
-68.2761 -20.7967 -4.95621  255 255 255
3.93303 -32.6926 37.4646  255 255 255
54.2601 -45.5131 14.9089  255 255 255
44.0656 -44.5649 13.8733  255 255 255
44.0596 -45.338 14.8791  255 255 255
-20.9329 -33.5014 27.217  255 255 255
-4.7385 -37.4045 34.4351  255 255 255
-22.4666 -40.1704 26.1186  255 255 255
20.7553 -50.8294 25.366  255 255 255
-19.1361 -41.9485 28.4515  255 255 255
-45.5981 -39.3517 15.3546  255 255 255
-42.0825 -40.21 16.2072  255 255 255
-1.46896 -49.5342 29.1767  255 255 255
-1.46896 -49.5342 29.1767  255 255 255
34.7104 -61.1676 33.8788  255 255 255
-43.2331 -47.1887 23.7922  255 255 255
-50.528 -48.4133 26.0279  255 255 255
-14.1119 -55.2047 31.7264  255 255 255
-23.9909 -54.4887 31.0671  255 255 255
-43.0572 -51.7139 28.8772  255 255 255
-10.4776 -57.6889 32.7824  255 255 255
-10.5309 -58.1475 33.9136  255 255 255
-40.5988 -53.4472 30.6782  255 255 255
-40.9567 -53.9065 31.0627  255 255 255
17.5317 -64.9798 40.0849  255 255 255
-30.2085 -56.2983 34.6051  255 255 255
-30.2085 -56.2983 34.6051  255 255 255
10.304 -64.4022 39.4119  255 255 255
-15.0414 -62.25 39.1338  255 255 255
19.7387 -69.3455 44.1904  255 255 255
-29.5438 -60.119 37.7609  255 255 255
18.2223 -69.8508 44.9999  255 255 255
15.9456 -70.3947 45.6995  255 255 255
65.4642 66.0833 -109.418  255 255 255
5.47966 54.08 -75.9803  255 255 255
16.4143 52.8955 -84.8686  255 255 255
-39.9756 47.9451 -47.227  255 255 255
-31.7579 48.2785 -55.7862  255 255 255
15.0192 49.5774 -91.2606  255 255 255
-31.572 45.778 -57.7847  255 255 255
-8.14033 45.9876 -74.7932  255 255 255
-49.9062 41.7077 -45.4107  255 255 255
-56.2732 41.3308 -39.5291  255 255 255
-15.9194 42.2622 -67.5688  255 255 255
-10.6605 41.4722 -74.2271  255 255 255
47.7168 13.0703 -5.97741  255 255 255
-6.47036 35.5048 -71.9818  255 255 255
48.0998 19.0021 -40.1397  255 255 255
51.4294 8.09875 1.92405  255 255 255
-32.4443 36.198 -63.7118  255 255 255
-6.06377 32.6789 -68.8711  255 255 255
-39.0208 34.1896 -60.8862  255 255 255
32.0907 22.3822 -61.01  255 255 255
-55.7404 33.0759 -47.6721  255 255 255
-66.2523 33.3052 -40.8194  255 255 255
-8.75794 28.4773 -63.9323  255 255 255
-36.2934 32.0369 -65.0078  255 255 255
-15.2405 27.5501 -61.6368  255 255 255
25.9012 16.5629 -50.6838  255 255 255
-72.1312 30.0723 -36.6323  255 255 255
-54.6332 29.8824 -51.8067  255 255 255
-32.47 26.7637 -58.6704  255 255 255
62.3239 -3.66146 18.0682  255 255 255
-54.9886 27.843 -53.6829  255 255 255
27.5546 12.2406 -47.8824  255 255 255
-57.0666 26.0421 -47.831  255 255 255
-78.1628 27.3771 -37.1255  255 255 255
-74.2537 28.2199 -45.3226  255 255 255
-64.2975 26.4993 -47.6267  255 255 255
-46.7521 24.767 -56.7406  255 255 255
-41.7778 23.4792 -55.5825  255 255 255
-61.2057 25.916 -51.2819  255 255 255
-63.9052 24.9372 -49.364  255 255 255
-58.5967 24.6779 -53.9465  255 255 255
47.2221 0.189232 -13.7717  255 255 255
-46.4134 21.6062 -51.6882  255 255 255
6.38892 -1.5308 24.562  255 255 255
-48.711 20.125 -49.9365  255 255 255
63.538 -9.44162 16.3696  255 255 255
48.2587 -2.73285 -15.1779  255 255 255
-79.8328 22.6194 -38.693  255 255 255
-80.4922 22.0701 -38.8206  255 255 255
-78.8033 22.1083 -41.3174  255 255 255
-62.5936 20.7263 -51.5337  255 255 255
-73.6949 21.1287 -45.5815  255 255 255
-71.1001 15.8519 -47.0323  255 255 255
-7.19804 -5.42228 31.2675  255 255 255
60.4147 -13.1437 6.1378  255 255 255
43.4051 -10.2302 -23.9485  255 255 255
5.52328 -10.956 34.184  255 255 255
62.3115 -17.4851 5.473  255 255 255
67.5996 -20.1023 18.2313  255 255 255
-65.3414 6.43553 -36.6964  255 255 255
-65.3414 6.43553 -36.6964  255 255 255
56.293 -17.5866 -6.31189  255 255 255
-50.5084 1.87864 -30.7058  255 255 255
45.9349 -16.4366 -18.4482  255 255 255
-41.9387 -0.656849 -29.6365  255 255 255
-36.5245 -1.97533 -27.7144  255 255 255
-20.4453 -8.86571 20.8876  255 255 255
-51.7885 0.0236151 -29.3734  255 255 255
54.3872 -20.2968 -14.6449  255 255 255
53.6828 -21.1619 -13.0731  255 255 255
-40.4825 -4.71271 -23.9029  255 255 255
66.4254 -25.5768 11.4113  255 255 255
-22.5225 -11.1733 22.6229  255 255 255
54.7748 -23.4442 -11.8323  255 255 255
-21.3293 -12.2083 23.7749  255 255 255
53.5737 -24.4897 -9.63861  255 255 255
57.0872 -26.7535 -7.7433  255 255 255
0.635585 -18.3287 35.9553  255 255 255
6.88298 -20.1926 33.9117  255 255 255
47.4814 -26.8101 -5.64218  255 255 255
-37.9529 -11.3337 -16.1082  255 255 255
-22.2732 -15.6417 26.4875  255 255 255
-56.9271 -9.00663 -18.2662  255 255 255
20.2987 -23.8621 29.432  255 255 255
-17.3302 -17.1415 29.0473  255 255 255
4.70767 -21.7063 34.278  255 255 255
-22.11 -16.9387 26.4472  255 255 255
2.87016 -23.0024 34.1913  255 255 255
-3.10035 -22.0876 35.5712  255 255 255
-18.2858 -19.639 31.3266  255 255 255
53.4015 -36.6683 3.49707  255 255 255
-17.8519 -22.6839 31.0584  255 255 255
-24.4583 -21.6489 30.0385  255 255 255
3.30576 -27.0015 35.9559  255 255 255
-19.1881 -23.2642 31.367  255 255 255
2.61616 -27.2309 35.8273  255 255 255
-6.37023 -28.161 35.786  255 255 255
46.6351 -41.9428 10.4431  255 255 255
-67.5006 -21.5076 -3.97834  255 255 255
-62.7837 -22.4553 -3.22609  255 255 255
-50.7406 -25.1046 -0.602706  255 255 255
-57.5799 -29.0375 3.3695  255 255 255
-58.9745 -28.8151 3.79237  255 255 255
-44.7333 -32.1925 7.13512  255 255 255
-20.6961 -35.245 26.2314  255 255 255
-51.6915 -32.415 7.37623  255 255 255
47.8086 -51.5846 21.4827  255 255 255
-10.0982 -39.0081 30.7524  255 255 255
-9.11903 -42.2019 28.7672  255 255 255
-45.8847 -39.9314 16.0299  255 255 255
6.77539 -55.0568 31.46  255 255 255
-49.7847 -46.217 23.4182  255 255 255
-49.7847 -46.217 23.4182  255 255 255
-39.8329 -48.6194 24.4011  255 255 255
-2.59686 -56.5399 31.5012  255 255 255
41.0163 -65.7864 37.8911  255 255 255
29.471 -63.695 35.9449  255 255 255
-18.4306 -55.2813 31.707  255 255 255
17.3297 -64.9418 39.4167  255 255 255
-31.8381 -56.9345 35.5019  255 255 255
-11.5736 -61.8388 38.556  255 255 255
-35.202 -59.8721 37.9977  255 255 255
-14.1363 -64.1777 41.2917  255 255 255
-27.2863 -62.5242 40.3628  255 255 255
13.1249 51.7424 -85.6222  255 255 255
2.06109 44.7032 -84.1729  255 255 255
47.7205 23.9643 -37.7544  255 255 255
-15.2674 39.283 -71.7123  255 255 255
35.4878 26.4303 -66.4111  255 255 255
32.9255 25.5367 -65.2561  255 255 255
-19.657 28.7812 -62.7658  255 255 255
56.0073 1.79934 6.14696  255 255 255
54.1286 1.96792 2.43043  255 255 255
-6.56804 20.8009 -54.0339  255 255 255
46.6709 3.93622 -13.0965  255 255 255
-34.1711 21.4315 -53.5203  255 255 255
-54.6085 25.0389 -53.8177  255 255 255
-64.5015 25.6667 -48.8326  255 255 255
-69.1123 24.91 -45.5426  255 255 255
-21.576 16.6811 -49.0821  255 255 255
-33.118 18.2218 -49.4486  255 255 255
-66.8562 22.9308 -49.2475  255 255 255
-76.3692 21.0731 -47.608  255 255 255
-76.4279 18.4594 -41.4886  255 255 255
-59.4913 14.9576 -45.7109  255 255 255
7.09069 -8.37219 32.4269  255 255 255
-47.7488 7.95051 -37.9455  255 255 255
-62.3141 7.50749 -36.8679  255 255 255
49.5728 -13.7064 -20.5379  255 255 255
49.5728 -13.7064 -20.5379  255 255 255
57.0431 -18.6528 -6.48562  255 255 255
57.1806 -18.637 -6.77723  255 255 255
-62.0305 4.07052 -31.959  255 255 255
-62.0305 4.07052 -31.959  255 255 255
46.1328 -17.5445 -17.4441  255 255 255
-84.9995 7.21233 -36.2437  255 255 255
-5.2039 -13.018 35.3925  255 255 255
-40.4444 -5.9135 -22.8214  255 255 255
-39.6007 -7.08908 -21.9759  255 255 255
-39.5888 -7.09303 -21.3759  255 255 255
56.4583 -26.2272 -8.81631  255 255 255
-40.0719 -9.39844 -18.2094  255 255 255
-18.2713 -15.5181 27.8081  255 255 255
44.9559 -27.88 -4.26408  255 255 255
-42.883 -15.5347 -12.1681  255 255 255
-8.90034 -27.638 35.4212  255 255 255
-15.4605 -27.718 36.0022  255 255 255
-13.0066 -28.3216 33.9837  255 255 255
-51.4661 -25.6823 0.96732  255 255 255
-51.643 -25.7401 0.322387  255 255 255
-55.152 -25.3723 -1.69841  255 255 255
45.6949 -44.5663 13.9349  255 255 255
-43.829 -28.3395 2.68147  255 255 255
-43.829 -28.3395 2.68147  255 255 255
-73.217 -29.115 5.73513  255 255 255
-51.5489 -33.3937 9.26403  255 255 255
47.0324 -52.2141 22.309  255 255 255
-43.024 -42.2283 17.8241  255 255 255
-50.6792 -44.6194 21.4517  255 255 255
-33.3185 -48.1451 24.52  255 255 255
-50.0187 -45.518 23.1247  255 255 255
-52.5384 -45.8083 23.6028  255 255 255
-40.552 -48.7989 25.6173  255 255 255
-54.4989 -47.0059 24.81  255 255 255
7.61364 -58.4756 32.5024  255 255 255
24.2359 -61.6739 35.8239  255 255 255
12.3517 -62.2899 37.4731  255 255 255
-41.6317 -53.0876 30.5539  255 255 255
-8.01021 -60.3114 36.3724  255 255 255
54.1365 28.5795 -20.0301  255 255 255
52.5452 19.0697 -30.2517  255 255 255
-52.8341 38.2415 -46.1924  255 255 255
24.426 25.5856 -63.8744  255 255 255
14.1823 22.3506 -60.285  255 255 255
27.8597 14.1118 -49.5711  255 255 255
32.8238 12.682 -48.7155  255 255 255
-75.9104 25.2106 -38.1677  255 255 255
-64.3978 23.1753 -47.6355  255 255 255
-62.3475 23.6467 -54.4858  255 255 255
-76.7904 22.2092 -42.8025  255 255 255
-41.2763 7.21947 -37.8097  255 255 255
-35.9009 6.12319 -36.8051  255 255 255
46.4777 -10.5861 -23.1511  255 255 255
-60.5677 3.22378 -31.6577  255 255 255
-27.0817 -7.61614 14.1463  255 255 255
57.2112 -21.5452 -9.62952  255 255 255
-41.1476 -3.56428 -25.5998  255 255 255
-53.6057 -12.2984 -16.5374  255 255 255
-21.7894 -18.1544 26.7861  255 255 255
-7.64088 -24.1655 35.9864  255 255 255
-19.4478 -25.2478 33.9347  255 255 255
-48.1179 -25.9524 -0.608253  255 255 255
-29.6472 -28.7804 15.2819  255 255 255
-52.0997 -28.8008 4.7885  255 255 255
43.4329 -48.0894 16.7402  255 255 255
-41.6839 -40.838 16.4875  255 255 255
-47.7113 -39.958 15.747  255 255 255
-7.38103 -46.8972 31.6118  255 255 255
29.8276 -64.259 37.6264  255 255 255
29.8276 -64.259 37.6264  255 255 255
24.7719 -63.8613 38.6162  255 255 255
1.15315 -59.8681 36.2556  255 255 255
22.7785 -65.7469 40.2578  255 255 255
15.3885 -65.1289 40.1925  255 255 255
24.9206 -67.1036 41.1552  255 255 255
17.6423 -65.7828 40.6569  255 255 255
48.6893 61.7299 -102.037  255 255 255
-0.974421 46.089 -82.5781  255 255 255
53.006 16.5645 -29.8431  255 255 255
47.2742 16.9361 -44.7008  255 255 255
20.3516 22.0492 -58.674  255 255 255
-50.5284 28.0046 -57.5628  255 255 255
-51.9697 26.5045 -56.6909  255 255 255
-13.8255 -2.3142 25.0184  255 255 255
-76.8816 17.9755 -45.6425  255 255 255
-9.73479 -6.80586 33.3541  255 255 255
55.0648 -23.4884 -9.73429  255 255 255
54.4163 -25.1765 -8.62015  255 255 255
-6.61563 -16.7022 35.5964  255 255 255
-6.61563 -16.7022 35.5964  255 255 255
53.8908 -28.5143 -5.40343  255 255 255
43.7845 -31.6961 0.181738  255 255 255
-24.9771 -20.7547 29.0343  255 255 255
-10.488 -23.4285 34.8971  255 255 255
-20.5455 -23.4121 31.1448  255 255 255
-49.1603 -22.6638 -3.61446  255 255 255
-48.1089 -23.7329 -3.09337  255 255 255
-48.1089 -23.7329 -3.09337  255 255 255
-53.8663 -22.8972 -2.82752  255 255 255
-28.2607 -28.3143 19.3987  255 255 255
-46.0484 -31.2473 6.07218  255 255 255
3.87549 -37.9521 32.5461  255 255 255
-1.91388 -40.8551 30.9707  255 255 255
-46.6114 -37.6565 13.2882  255 255 255
-42.6585 -43.7594 19.9855  255 255 255
-50.4816 -46.4815 22.8861  255 255 255
-53.7024 -48.2491 26.138  255 255 255
-20.9065 -54.6656 30.9015  255 255 255
2.29337 -63.3444 38.6165  255 255 255
1.84064 -63.9318 39.9274  255 255 255
-21.4813 -20.2502 28.1515  255 255 255
-22.2209 -36.7522 23.0864  255 255 255
-43.8545 -43.0975 17.5155  255 255 255
28.2207 -63.0856 35.892  255 255 255
24.3738 -65.1098 39.3326  255 255 255
16.6503 -65.1297 40.0025  255 255 255
11.6339 -67.9484 43.5695  255 255 255
19.0333 53.4005 -89.216  255 255 255
58.9614 -5.76815 8.47346  255 255 255
-20.7583 -10.6493 22.597  255 255 255
-16.3895 -25.1365 32.8626  255 255 255
-23.1369 -10.1368 19.5723  255 255 255
-10.8049 -61.342 37.876  255 255 255
-2.97508 -15.8127 35.0761  255 255 255
-19.7198 -17.4759 30.5615  255 255 255
-47.2559 35.6802 -51.9372  255 255 255
19.0973 94.7014 -51.0069  255 255 255
54.7605 51.0938 -1.12723  255 255 255
52.5375 54.5651 -6.22488  255 255 255
58.1601 47.3309 1.40941  255 255 255
60.4231 99.8453 -76.8555  255 255 255
-56.7105 69.5373 -16.6078  255 255 255
58.036 95.8027 -79.65  255 255 255
-10.8407 78.3413 -43.1221  255 255 255
54.0158 25.385 21.4674  255 255 255
55.3447 42.7184 -6.16855  255 255 255
55.2552 39.4913 -6.5969  255 255 255
53.9662 21.7864 19.0724  255 255 255
-44.3878 65.0469 -29.3124  255 255 255
57.2259 18.0927 22.3786  255 255 255
50.1878 24.6387 10.2829  255 255 255
16.9558 75.9236 -68.9938  255 255 255
-43.5007 61.8899 -32.3472  255 255 255
-39.9538 62.0665 -34.7202  255 255 255
-39.9538 62.0665 -34.7202  255 255 255
-17.2748 65.9553 -48.7674  255 255 255
52.1339 19.6255 13.3432  255 255 255
52.0608 19.2115 14.1088  255 255 255
-43.1806 59.5384 -34.3503  255 255 255
52.3665 17.3291 13.6627  255 255 255
47.9315 41.0687 -27.6279  255 255 255
26.9704 73.4936 -79.5246  255 255 255
-50.7705 57.0038 -31.0989  255 255 255
-49.8231 56.7351 -32.1451  255 255 255
19.8577 68.5051 -72.9625  255 255 255
57.627 10.5421 21.5077  255 255 255
-50.2017 56.714 -32.4255  255 255 255
49.2423 37.3796 -24.9716  255 255 255
-7.46453 62.8088 -60.214  255 255 255
50.3853 34.0496 -25.3156  255 255 255
10.1162 65.4695 -72.0089  255 255 255
58.8586 9.84303 17.6975  255 255 255
23.3218 64.0334 -77.8011  255 255 255
2.0328 62.1967 -69.3352  255 255 255
49.1336 17.1135 0.74549  255 255 255
57.3781 7.10382 17.9407  255 255 255
53.861 27.4101 -20.4333  255 255 255
51.3999 30.5851 -27.1717  255 255 255
51.8596 29.0958 -25.1166  255 255 255
55.3867 9.91375 11.1915  255 255 255
10.9693 60.4335 -74.7651  255 255 255
49.5025 30.2964 -29.1749  255 255 255
65.79 67.0024 -106.714  255 255 255
65.79 67.0024 -106.714  255 255 255
53.0404 9.84423 6.80891  255 255 255
-20.1809 53.5833 -58.45  255 255 255
53.4501 8.59916 7.96732  255 255 255
56.6686 20.4722 -20.9588  255 255 255
-65.8825 45.8395 -31.6459  255 255 255
47.4259 28.7386 -36.3444  255 255 255
-65.5635 44.9032 -31.3368  255 255 255
50.8884 6.38707 0.647525  255 255 255
49.5476 8.37078 -3.80459  255 255 255
49.0309 8.02439 -4.88924  255 255 255
-43.9339 43.6611 -48.3354  255 255 255
48.3511 22.316 -37.1934  255 255 255
57.3022 -0.958853 10.8369  255 255 255
50.7365 6.61322 -4.38419  255 255 255
6.53458 49.0294 -82.2344  255 255 255
-40.9098 42.7303 -49.9973  255 255 255
49.6737 6.7116 -5.24658  255 255 255
-46.8982 41.6417 -46.6649  255 255 255
57.0273 -0.548483 7.17929  255 255 255
49.9735 5.99711 -5.18511  255 255 255
-49.7453 40.8651 -46.0396  255 255 255
54.0718 0.927653 2.30401  255 255 255
-66.3032 38.4909 -35.5219  255 255 255
-55.3149 39.6326 -43.1307  255 255 255
-9.73703 44.1755 -72.9608  255 255 255
51.8718 2.50296 -2.8971  255 255 255
-71.5874 38.2302 -34.0748  255 255 255
-68.0774 38.1043 -35.915  255 255 255
19.8717 41.7395 -82.3124  255 255 255
-77.8406 37.0172 -29.3366  255 255 255
-70.6437 37.7063 -33.8903  255 255 255
-70.1049 37.3464 -33.8891  255 255 255
57.4355 -3.71054 7.68265  255 255 255
-67.7465 37.5453 -36.1746  255 255 255
-76.969 34.0842 -32.1504  255 255 255
-28.8551 38.0654 -65.0881  255 255 255
-60.8071 34.3051 -42.8647  255 255 255
-65.3557 34.1934 -40.5199  255 255 255
55.3126 -5.20737 0.120567  255 255 255
56.8126 -6.44747 2.57649  255 255 255
54.8626 -5.71685 0.0355305  255 255 255
-15.1829 -4.02507 25.5604  255 255 255
-5.60506 -9.26307 34.4779  255 255 255
57.7211 -10.662 4.80143  255 255 255
-65.5092 30.7519 -43.1413  255 255 255
-7.478 -9.50464 33.8213  255 255 255
-13.985 27.1998 -62.8509  255 255 255
-4.74947 -11.1568 35.4845  255 255 255
-80.289 28.7069 -33.7828  255 255 255
-62.8519 29.7939 -46.0984  255 255 255
57.4059 -11.0602 -0.167613  255 255 255
-66.821 28.3351 -46.2228  255 255 255
-21.0992 22.4576 -55.9424  255 255 255
58.8784 -13.6202 1.23212  255 255 255
-75.5797 26.8229 -38.9532  255 255 255
-80.4057 25.6885 -37.4939  255 255 255
57.4959 -15.3979 -3.258  255 255 255
-24.8043 -3.33011 8.29275  255 255 255
59.5877 -18.178 -0.19558  255 255 255
-23.9346 -4.39839 9.76114  255 255 255
56.9908 -16.7983 -4.61997  255 255 255
-77.9216 21.9101 -41.9904  255 255 255
-26.1643 -5.54699 11.2483  255 255 255
-27.0382 -5.6381 11.6958  255 255 255
-14.9175 -15.8314 31.3046  255 255 255
-13.4856 -16.5607 31.5649  255 255 255
-23.3829 5.6893 -37.7501  255 255 255
4.0812 -22.29 34.4298  255 255 255
-13.5546 -17.8176 32.0055  255 255 255
-5.35592 -21.1163 35.1204  255 255 255
-9.32878 -23.1917 35.3717  255 255 255
-16.0013 -22.4823 32.5895  255 255 255
-53.4402 -2.99036 -25.2151  255 255 255
-14.8327 -26.6631 34.7003  255 255 255
-15.9704 -26.8586 35.1931  255 255 255
-13.938 -29.8606 36.2482  255 255 255
-2.79352 -33.2679 37.4691  255 255 255
-49.5829 -13.5188 -13.6039  255 255 255
-11.7503 -32.0037 35.0727  255 255 255
-27.0774 -27.2446 21.1706  255 255 255
-27.5456 -27.2586 20.937  255 255 255
-9.07223 -34.1292 34.7812  255 255 255
-10.9291 -33.5584 33.8703  255 255 255
-22.0137 -31.0198 26.2856  255 255 255
-53.9403 -18.9163 -5.87554  255 255 255
-9.08272 -35.6684 32.9311  255 255 255
-44.166 -22.1314 -3.59353  255 255 255
-22.3504 -33.4758 24.2612  255 255 255
-18.5322 -35.4344 27.2717  255 255 255
-21.1305 -34.6414 25.7444  255 255 255
-49.0419 -25.3137 -0.390523  255 255 255
-45.9659 -26.1552 0.69452  255 255 255
-56.0377 -31.3806 8.3567  255 255 255
-47.4751 -34.3864 9.38502  255 255 255
-45.6557 -35.5872 11.7905  255 255 255
-43.8428 -39.614 15.2733  255 255 255
49.001 60.067 -14.6297  255 255 255
-66.3913 67.1605 -11.2837  255 255 255
46.9641 94.6053 -72.699  255 255 255
65.6424 98.2932 -83.7295  255 255 255
63.8979 97.5778 -82.3663  255 255 255
-1.27478 68.4849 -38.1335  255 255 255
58.7919 90.2479 -84.2829  255 255 255
29.6219 82.7121 -71.4044  255 255 255
53.7194 22.5735 18.027  255 255 255
0.0891608 72.7701 -56.9255  255 255 255
57.046 13.1496 23.8498  255 255 255
11.0071 71.8777 -66.9831  255 255 255
-51.8086 59.0289 -28.8437  255 255 255
-68.1882 55.7648 -19.1648  255 255 255
6.45032 68.889 -63.2907  255 255 255
15.4686 69.1903 -68.6856  255 255 255
53.7566 77.2714 -92.626  255 255 255
53.3372 17.9505 10.5224  255 255 255
-51.1483 56.9068 -31.461  255 255 255
21.2543 69.373 -75.5484  255 255 255
50.7743 16.2067 9.63981  255 255 255
19.6891 62.7741 -75.8724  255 255 255
18.7882 62.9322 -76.6499  255 255 255
11.6732 61.2916 -71.7154  255 255 255
-62.196 50.9041 -29.4304  255 255 255
-28.4813 54.2192 -50.1927  255 255 255
56.0828 6.01465 12.2859  255 255 255
-42.9617 49.0341 -44.5363  255 255 255
-27.8451 50.4219 -53.5534  255 255 255
53.2901 7.19966 3.62211  255 255 255
48.1897 11.6247 -5.14512  255 255 255
58.0776 1.4158 9.85828  255 255 255
53.3554 4.74818 2.83015  255 255 255
52.0848 5.32792 1.35329  255 255 255
46.8315 9.79391 -8.00837  255 255 255
-60.7447 41.2659 -37.1898  255 255 255
10.1155 51.26 -87.5329  255 255 255
57.0159 -0.235806 7.54062  255 255 255
-16.3358 44.3742 -67.4962  255 255 255
-6.54933 42.8559 -77.2285  255 255 255
-64.6681 37.1602 -38.2264  255 255 255
-76.6826 34.431 -31.5644  255 255 255
-77.1542 32.8697 -31.9169  255 255 255
-64.8617 32.9051 -42.3327  255 255 255
57.1449 -9.81401 2.42043  255 255 255
-8.63048 -10.6516 34.1612  255 255 255
-18.2055 -2.36707 11.5313  255 255 255
-22.3842 -0.576688 5.58204  255 255 255
-27.2331 19.0894 -51.299  255 255 255
-60.0464 26.3497 -55.1712  255 255 255
-81.0201 23.6499 -38.8012  255 255 255
-16.3329 -12.1868 29.0654  255 255 255
-38.4098 16.1068 -47.6045  255 255 255
-20.4568 9.86515 -40.5114  255 255 255
-26.374 -6.07405 11.6401  255 255 255
5.61027 -19.9954 34.6697  255 255 255
-20.0104 9.37589 -42.6425  255 255 255
12.9467 -22.9513 32.6242  255 255 255
-27.4613 5.48708 -36.3179  255 255 255
-7.7512 -20.4477 34.7452  255 255 255
55.3103 -21.6263 -11.0576  255 255 255
-46.1044 6.8234 -36.7774  255 255 255
-7.27484 -21.1953 34.1011  255 255 255
57.9594 -24.3161 -8.05545  255 255 255
-18.9405 -21.7437 30.8872  255 255 255
-33.0639 -7.79629 -20.6081  255 255 255
-37.2916 -11.3142 -16.6149  255 255 255
-18.4128 -28.2784 32.298  255 255 255
-25.3421 -26.5164 24.1791  255 255 255
-52.6831 -17.8493 -7.49647  255 255 255
-24.246 -29.706 27.1553  255 255 255
-42.7262 -20.5861 -6.6069  255 255 255
-54.0302 -19.1332 -6.54263  255 255 255
-44.5212 -21.9022 -4.04979  255 255 255
-27.1504 -29.8356 20.2277  255 255 255
-26.2619 -30.2264 20.3226  255 255 255
-5.20794 -38.0231 35.1827  255 255 255
52.1273 30.5407 22.0288  255 255 255
52.2289 30.0059 20.435  255 255 255
29.2987 80.7413 -72.5738  255 255 255
51.3503 23.2529 13.5817  255 255 255
-70.9613 56.0133 -17.7747  255 255 255
23.8694 73.3656 -73.8256  255 255 255
24.6612 73.4576 -76.8625  255 255 255
24.6612 73.4576 -76.8625  255 255 255
58.6097 12.4576 18.388  255 255 255
20.8961 67.6419 -76.4636  255 255 255
29.0248 66.2259 -85.2292  255 255 255
65.8926 68.7937 -107.685  255 255 255
51.564 12.778 3.63491  255 255 255
48.2142 15.3651 -2.17748  255 255 255
6.86091 57.6451 -72.9463  255 255 255
7.22792 57.2388 -75.0266  255 255 255
50.0386 12.3346 0.467194  255 255 255
50.829 11.3914 1.21723  255 255 255
31.293 59.6465 -91.0183  255 255 255
56.5728 1.78456 11.7405  255 255 255
-51.442 44.4601 -42.0746  255 255 255
4.64923 50.1569 -83.2284  255 255 255
52.9063 3.8041 0.117031  255 255 255
-63.4012 41.3359 -38.2669  255 255 255
-62.9296 39.9911 -36.9758  255 255 255
54.2818 0.418112 1.47546  255 255 255
50.8032 3.63672 -4.71487  255 255 255
52.4984 14.7457 -32.5825  255 255 255
-64.6344 37.6309 -37.3737  255 255 255
-71.3706 37.0878 -33.5441  255 255 255
-40.2254 35.6623 -57.4125  255 255 255
-11.1099 -6.79279 31.1476  255 255 255
-11.1099 -6.79279 31.1476  255 255 255
58.3303 -9.92853 3.32373  255 255 255
-14.0949 19.2787 -52.7526  255 255 255
-3.66079 -14.3267 36.0762  255 255 255
-26.1911 -4.05595 9.02993  255 255 255
-22.5393 6.78696 -39.0652  255 255 255
-25.3501 -14.953 22.1719  255 255 255
-6.66597 -30.9762 38.7775  255 255 255
-46.3863 -19.5166 -6.97852  255 255 255
-50.2019 -20.6092 -5.42264  255 255 255
-24.7008 -33.8559 23.3946  255 255 255
-63.8246 -23.1761 -2.35826  255 255 255
-12.8366 83.1896 -37.8168  255 255 255
-12.8366 83.1896 -37.8168  255 255 255
46.8628 42.4312 -29.6866  255 255 255
38.3272 74.673 -90.4527  255 255 255
35.0563 72.8028 -87.1996  255 255 255
11.32 63.9245 -72.2263  255 255 255
30.4779 66.3953 -82.3456  255 255 255
-12.6555 54.2144 -63.0296  255 255 255
4.65204 55.8885 -72.6944  255 255 255
54.0127 8.76908 6.42618  255 255 255
-13.7502 50.3077 -67.8256  255 255 255
-34.5932 45.0069 -53.8031  255 255 255
48.3805 4.22687 -9.37347  255 255 255
-77.2961 33.702 -32.2949  255 255 255
-63.4397 29.3936 -47.167  255 255 255
-14.282 18.4791 -53.0675  255 255 255
53.2412 -12.6167 -10.5575  255 255 255
57.8208 -17.1837 -4.43218  255 255 255
57.8208 -17.1837 -4.43218  255 255 255
-10.1756 -18.3309 33.6855  255 255 255
56.5383 -22.3306 -8.87585  255 255 255
57.9297 -23.6488 -8.1586  255 255 255
4.93566 -37.4208 33.2049  255 255 255
-55.441 -24.0351 -1.69079  255 255 255
-54.4018 -25.3426 0.208319  255 255 255
-54.4018 -25.3426 0.208319  255 255 255
-46.938 -27.2557 1.76374  255 255 255
-35.7607 75.1109 -26.0815  255 255 255
3.2879 60.5016 -77.0506  255 255 255
-52.7403 38.8433 -46.3874  255 255 255
52.1846 -3.84628 -3.05751  255 255 255
6.75855 -20.0726 34.206  255 255 255
-29.4011 -19.7687 11.2944  255 255 255
-20.5998 -35.268 25.8359  255 255 255
-48.1567 -29.4498 4.30289  255 255 255
53.9334 9.94774 5.22681  255 255 255
-0.881094 54.8079 -71.0079  255 255 255
-8.97687 -12.5849 34.824  255 255 255
-1.83554 -15.4237 36.1875  255 255 255
-24.221 -19.9947 28.4059  255 255 255
-20.364 -23.5069 31.8631  255 255 255
13.3429 -32.9254 31.372  255 255 255
0.424832 -40.2404 31.4023  255 255 255
-12.0042 -37.5103 31.0274  255 255 255
48.6591 28.0271 8.925  255 255 255
24.8992 65.1558 -77.113  255 255 255
-48.8427 42.5894 -45.7351  255 255 255
-17.3383 23.0248 -57.6532  255 255 255
58.4209 -16.9842 -2.01599  255 255 255
-44.0398 61.8422 -31.9578  255 255 255
59.9185 56.0315 -65.3213  255 255 255
19.791 78.2283 -67.5381  255 255 255
63.9969 88.6933 -95.8914  255 255 255
55.5727 0.500474 13.2052  255 255 255
14.608 44.9565 -83.6568  255 255 255
27.9799 82.9261 -69.3309  255 255 255
68.1787 88.3159 -94.1499  255 255 255
12.7253 74.7015 -64.7044  255 255 255
12.2308 71.6346 -67.0627  255 255 255
39.6374 77.4196 -83.9364  255 255 255
43.4548 75.74 -86.8341  255 255 255
-3.69328 66.4704 -59.0208  255 255 255
43.233 74.5777 -87.2165  255 255 255
55.4108 10.1413 11.7364  255 255 255
38.5995 71.5882 -86.8446  255 255 255
46.9142 67.4598 -97.0297  255 255 255
47.839 29.7201 -35.4967  255 255 255
47.8217 29.3142 -34.854  255 255 255
-13.5263 36.3945 -28.5114  255 255 255
-3.49018 54.0708 -64.3853  255 255 255
62.2873 -6.47815 14.5793  255 255 255
62.2114 -6.93697 14.0693  255 255 255
62.5725 -7.18532 14.3418  255 255 255
61.7401 -8.23733 12.0257  255 255 255
64.2292 -10.6878 14.9777  255 255 255
49.1373 2.1665 -8.71759  255 255 255
48.7415 2.19092 -9.79011  255 255 255
51.1727 -2.02413 -7.14089  255 255 255
61.4858 -11.7438 8.68464  255 255 255
50.1101 -1.76633 -9.36592  255 255 255
61.5599 -15.5079 6.50842  255 255 255
61.6203 -15.9769 6.03872  255 255 255
61.506 -17.5289 5.07887  255 255 255
-7.07769 -15.5369 35.2947  255 255 255
-7.07769 -15.5369 35.2947  255 255 255
61.2479 -18.7714 3.47329  255 255 255
61.2861 -19.0788 3.66438  255 255 255
60.5248 -19.3204 1.76607  255 255 255
61.0682 -21.176 1.3815  255 255 255
-14.2863 11.2874 -43.8626  255 255 255
-17.4219 8.19952 -40.7069  255 255 255
64.5592 -30.3629 1.80498  255 255 255
52.4723 -30.6155 -2.55996  255 255 255
-38.2538 4.05681 -34.1662  255 255 255
51.9338 -45.2944 13.4535  255 255 255
-10.1964 -34.9734 33.2595  255 255 255
45.9956 -52.2273 22.0259  255 255 255
-29.7701 -52.714 29.5626  255 255 255
48.9648 26.2851 8.09289  255 255 255
25.0025 73.8984 -74.9874  255 255 255
65.6984 78.4298 -100.831  255 255 255
68.2972 65.6154 -109.13  255 255 255
55.2934 3.05305 6.31567  255 255 255
49.5799 24.4682 -33.3613  255 255 255
48.6378 9.75895 -6.40464  255 255 255
46.4539 6.34993 -12.3897  255 255 255
66.3883 -12.9587 17.3448  255 255 255
49.2401 3.11008 -8.06722  255 255 255
30.1713 41.9884 -81.7983  255 255 255
30.2573 42.084 -82.0109  255 255 255
59.4868 -12.3477 4.96546  255 255 255
60.399 -14.2596 5.40591  255 255 255
63.393 -18.8365 7.74679  255 255 255
-33.9142 35.0594 -63.1032  255 255 255
61.5936 -18.3213 4.2346  255 255 255
62.3452 -26.9366 -0.255337  255 255 255
63.9846 -30.1339 1.05714  255 255 255
63.0359 -31.1465 -1.43666  255 255 255
61.2907 -29.8732 -4.38741  255 255 255
66.5522 -34.5728 2.85731  255 255 255
-42.0333 -19.771 -6.71359  255 255 255
-1.53798 -42.6739 29.3287  255 255 255
-51.8318 -22.7697 -2.79258  255 255 255
8.59554 -61.7523 36.6544  255 255 255
-42.1352 -42.5633 18.5075  255 255 255
9.9051 78.6525 -59.1677  255 255 255
27.6015 78.6807 -72.7855  255 255 255
16.8181 73.2157 -69.0151  255 255 255
39.9265 77.8136 -83.2611  255 255 255
50.9955 15.4595 5.13199  255 255 255
55.0396 10.3367 11.1643  255 255 255
74.8714 75.7191 -110.416  255 255 255
51.4096 11.6365 3.59061  255 255 255
61.066 -3.09363 14.6513  255 255 255
52.5017 21.3838 -28.564  255 255 255
60.8355 -4.07717 13.3779  255 255 255
9.45306 52.0736 -82.9052  255 255 255
-16.1855 48.3507 -65.7753  255 255 255
65.4126 -12.4583 16.4793  255 255 255
61.2901 -18.2976 4.00407  255 255 255
61.933 -20.3878 4.0669  255 255 255
59.2508 -20.0122 -1.95137  255 255 255
57.8463 -21.2623 -6.10994  255 255 255
-16.9841 11.3867 -43.9061  255 255 255
49.1933 -52.0958 21.5377  255 255 255
45.2427 -52.4082 22.2651  255 255 255
-49.3527 -20.167 -4.87428  255 255 255
2.69764 -59.3551 34.3223  255 255 255
-37.7918 -51.8791 28.9929  255 255 255
28.4433 81.917 -71.1266  255 255 255
48.8382 41.887 -22.6286  255 255 255
49.6143 16.0775 2.60849  255 255 255
49.0997 11.3978 -2.10467  255 255 255
-7.15759 -7.88728 33.4033  255 255 255
60.9736 -12.9803 6.83133  255 255 255
64.8202 -27.474 4.98333  255 255 255
-19.2694 8.21277 -41.262  255 255 255
-40.3805 -17.5617 -9.7051  255 255 255
-53.848 -19.1579 -6.47096  255 255 255
19.6477 -61.5446 36.0099  255 255 255
-21.696 -46.3626 24.9981  255 255 255
16.5511 -64.704 39.3832  255 255 255
9.58614 50.4949 -83.2468  255 255 255
19.7009 34.2973 -72.3785  255 255 255
63.4048 -18.4307 8.58331  255 255 255
56.6795 -16.2252 -4.6582  255 255 255
-20.2331 26.9857 -61.4961  255 255 255
20.6573 -62.7617 36.7167  255 255 255
54.286 -5.17187 -1.62829  255 255 255
-6.30189 55.0829 -63.6736  255 255 255
-19.1965 -42.3346 28.3771  255 255 255
-45.9054 -38.5585 14.6458  255 255 255
13.2003 -64.8052 39.8275  255 255 255
62.027 -5.99929 13.2614  255 255 255
22.9839 70.8737 -75.9787  255 255 255
1.14436 60.5297 -68.3318  255 255 255
1.14436 60.5297 -68.3318  255 255 255
-6.34857 58.4619 -64.0263  255 255 255
52.4783 17.8324 9.63734  255 255 255
-8.69169 44.3656 -74.5201  255 255 255
-41.2244 41.0893 -52.2363  255 255 255
-46.1262 40.6947 -49.4594  255 255 255
-65.1473 38.8749 -35.0985  255 255 255
-41.5971 39.8316 -52.2664  255 255 255
-68.8508 37.6344 -33.4594  255 255 255
-73.8824 36.4068 -32.2494  255 255 255
-17.4807 37.7261 -72.3012  255 255 255
-16.9425 35.9158 -70.8177  255 255 255
-54.9333 34.1138 -47.598  255 255 255
-58.5325 33.6929 -44.5151  255 255 255
-66.6286 32.7167 -40.9918  255 255 255
-3.46791 30.9833 -66.9968  255 255 255
-53.7625 31.6222 -50.5473  255 255 255
52.3948 10.4581 3.33597  255 255 255
-75.0936 30.3482 -41.6877  255 255 255
-73.7748 30.1302 -42.1785  255 255 255
-66.0138 29.1333 -43.3787  255 255 255
-66.0138 29.1333 -43.3787  255 255 255
-66.0689 28.708 -43.5975  255 255 255
52.703 13.5827 -32.6147  255 255 255
-69.4909 27.6113 -43.6236  255 255 255
-69.557 27.2529 -43.4157  255 255 255
-83.9699 26.7003 -33.2242  255 255 255
-69.6765 24.6225 -46.2671  255 255 255
-80.5735 23.9132 -37.9779  255 255 255
-81.556 23.6485 -38.7453  255 255 255
59.0765 -0.334074 12.2075  255 255 255
58.595 -0.421522 11.1177  255 255 255
49.9156 1.09216 -7.9134  255 255 255
60.6175 -2.70019 13.7485  255 255 255
50.1886 0.684928 -7.61809  255 255 255
-40.4812 13.705 -45.1956  255 255 255
60.5172 -3.01319 13.1369  255 255 255
61.2012 -3.53925 14.6684  255 255 255
-74.2697 16.4348 -46.9395  255 255 255
60.3913 -3.82199 12.5753  255 255 255
58.3697 -4.56625 8.04676  255 255 255
-70.9555 11.9473 -41.8061  255 255 255
60.3917 -6.68807 10.9508  255 255 255
54.0601 -7.37938 -4.72303  255 255 255
58.1927 -9.0539 4.69203  255 255 255
56.6646 -10.1954 -0.719733  255 255 255
61.628 -11.7596 10.1652  255 255 255
49.8121 -11.5527 -17.5801  255 255 255
47.9476 -11.3069 -21.4068  255 255 255
-4.96236 -7.91838 33.7054  255 255 255
3.35309 -9.05041 34.2173  255 255 255
61.372 -14.1263 7.23245  255 255 255
-9.71227 -8.61407 32.6512  255 255 255
61.4921 -15.4034 6.42807  255 255 255
-17.0977 -8.62658 26.7828  255 255 255
-3.43868 -10.5732 35.1572  255 255 255
-3.43868 -10.5732 35.1572  255 255 255
-10.147 -11.0528 33.2914  255 255 255
52.7089 -17.9742 -14.7125  255 255 255
64.5395 -21.6422 9.17201  255 255 255
1.36634 -15.1582 35.9046  255 255 255
56.4456 -22.9137 -9.68793  255 255 255
-42.306 -15.3481 -11.8051  255 255 255
-70.9405 -15.613 -10.4534  255 255 255
-18.1841 -19.086 31.2241  255 255 255
-12.9373 -21.89 34.1085  255 255 255
-21.3425 -22.056 30.3926  255 255 255
-55.8896 -22.2892 -3.33142  255 255 255
-55.9599 -22.411 -2.70131  255 255 255
-21.8156 -22.8875 31.3097  255 255 255
53.8713 -35.1661 2.08516  255 255 255
3.88581 -26.9461 35.882  255 255 255
-15.7855 -26.0944 34.4924  255 255 255
6.3168 -31.3434 38.3103  255 255 255
-40.3028 -49.5349 26.6722  255 255 255
16.5586 -58.0037 31.5545  255 255 255
17.4864 -58.5273 32.2806  255 255 255
15.9086 -58.6997 32.6604  255 255 255
12.9525 -59.1561 33.2854  255 255 255
7.54747 -60.0222 34.8508  255 255 255
1.84029 -60.393 35.7542  255 255 255
13.9298 -62.1961 36.9321  255 255 255
11.0917 -61.9799 36.8033  255 255 255
11.0917 -61.9799 36.8033  255 255 255
7.14165 -63.8246 39.3773  255 255 255
49.5937 19.5636 4.17625  255 255 255
4.91155 44.9864 -82.9168  255 255 255
-6.96921 40.7048 -76.8944  255 255 255
-76.7079 36.717 -29.6148  255 255 255
18.6072 37.3727 -75.5819  255 255 255
-2.04103 39.2348 -75.796  255 255 255
-14.5667 38.9929 -74.1492  255 255 255
-10.0858 37.665 -73.077  255 255 255
-63.6518 35.2313 -38.3278  255 255 255
-69.909 32.9052 -35.9589  255 255 255
-54.2085 30.7539 -52.4772  255 255 255
-54.2085 30.7539 -52.4772  255 255 255
-82.3505 27.0843 -33.411  255 255 255
-71.8082 26.9209 -46.32  255 255 255
55.0654 1.08009 4.88645  255 255 255
-8.15575 13.6578 -46.7283  255 255 255
-78.9545 17.918 -45.3707  255 255 255
-76.5519 17.3775 -47.517  255 255 255
-57.7943 15.0643 -46.0793  255 255 255
-73.7602 12.9112 -42.236  255 255 255
-18.1134 -1.12833 10.1948  255 255 255
49.8405 -13.8211 -18.8846  255 255 255
6.36334 -12.4793 33.8345  255 255 255
19.1345 -15.7594 24.0282  255 255 255
-74.4569 -7.15853 -19.7494  255 255 255
11.0715 -17.5801 31.3118  255 255 255
-39.7457 -17.7143 -9.34792  255 255 255
-76.549 -15.9226 -9.55153  255 255 255
52.0882 -30.1312 -3.92126  255 255 255
19.5753 -26.0931 30.9369  255 255 255
-56.4358 -21.8799 -4.39  255 255 255
16.9201 -28.4827 34.046  255 255 255
-19.5545 -25.7706 34.0859  255 255 255
-4.2579 -28.9914 37.0416  255 255 255
-24.0967 -33.2981 23.8856  255 255 255
-27.8708 -40.9279 21.6181  255 255 255
14.6326 -61.8659 36.3074  255 255 255
11.5496 -62.5131 37.3272  255 255 255
15.7969 44.8444 -83.6102  255 255 255
-74.8741 38.8668 -27.918  255 255 255
-13.957 36.3326 -71.5966  255 255 255
-76.1639 34.0715 -32.265  255 255 255
14.2142 29.4074 -65.9284  255 255 255
9.91141 25.8749 -62.2016  255 255 255
-32.7016 27.5921 -61.2224  255 255 255
-72.5424 27.1083 -46.1982  255 255 255
-78.083 24.999 -39.1591  255 255 255
-19.7951 20.5934 -53.6598  255 255 255
-38.0562 22.263 -54.3497  255 255 255
-2.56741 16.4486 -50.2989  255 255 255
-78.1437 21.2752 -42.362  255 255 255
-35.3194 12.2933 -44.1769  255 255 255
-78.4932 14.9768 -44.2255  255 255 255
12.4109 -12.2527 30.6495  255 255 255
6.47584 -12.0139 33.9788  255 255 255
-66.522 -4.54097 -23.2361  255 255 255
6.27655 -15.0502 34.6243  255 255 255
-64.7177 -8.79994 -18.7046  255 255 255
-40.1193 -18.3386 -8.42253  255 255 255
6.61577 -20.9795 33.9568  255 255 255
-9.61912 -20.2451 33.9393  255 255 255
-14.4325 -21.1774 33.2506  255 255 255
-1.13449 -31.2328 38.7574  255 255 255
-65.3427 -31.6066 7.54106  255 255 255
-8.70368 -37.2733 32.2112  255 255 255
-71.9383 -35.1554 12.5716  255 255 255
10.005 -61.6132 36.5659  255 255 255
-6.22318 39.6447 -76.4899  255 255 255
-5.79996 38.7871 -75.0996  255 255 255
-5.79996 38.7871 -75.0996  255 255 255
-74.4147 18.5678 -48.0256  255 255 255
-74.6043 16.1574 -45.9526  255 255 255
60.12 -15.1467 3.28443  255 255 255
-65.099 -5.5614 -21.746  255 255 255
-26.8959 -10.5012 17.4254  255 255 255
11.8807 -20.0553 30.2997  255 255 255
-59.9543 -17.243 -8.95616  255 255 255
13.3879 -22.4361 32.0295  255 255 255
-71.9693 -16.4579 -8.6679  255 255 255
51.6224 22.4054 -29.6313  255 255 255
-16.8988 10.0659 -42.0799  255 255 255
13.8447 -21.1467 30.3483  255 255 255
0.66963 -20.2505 35.4655  255 255 255
-23.6825 -22.7356 31.3165  255 255 255
10.6808 -27.2676 33.5779  255 255 255
-41.4739 -40.1508 15.5273  255 255 255
-33.6658 28.182 -61.9993  255 255 255
-91.2934 14.6551 -43.3491  255 255 255
7.61238 -4.86658 30.3729  255 255 255
-64.7497 5.21761 -34.3089  255 255 255
59.5473 -11.4127 5.36771  255 255 255
4.60785 -12.2441 34.436  255 255 255
-67.3775 -28.0491 3.99384  255 255 255
-90.6208 13.2007 -41.5323  255 255 255
62.1637 -17.8546 6.40706  255 255 255
-60.5558 -4.9651 -22.113  255 255 255
-73.1979 -15.6098 -9.94342  255 255 255
5.18741 -23.8988 35.0004  255 255 255
7.00704 -36.3046 34.4644  255 255 255
-50.5436 205.939 -104.05  255 255 255
-65.9819 222.775 -123.101  255 255 255
-96.9559 193.644 -101.1  255 255 255
-22.1456 193.665 -114.913  255 255 255
-24.6198 192.16 -114.286  255 255 255
-29.76 190.923 -112.64  255 255 255
-25.4486 191.063 -114.607  255 255 255
86.6617 209.979 -164.494  255 255 255
-124.862 183.833 -98.5195  255 255 255
86.7788 208.196 -164.524  255 255 255
86.7788 208.196 -164.524  255 255 255
-126.786 165.985 -81.535  255 255 255
-57.0112 138.244 -65.0074  255 255 255
-109.313 127.597 -41.7145  255 255 255
-64.9309 105.387 -16.5407  255 255 255
11.7722 118.178 -48.9518  255 255 255
12.1518 117.993 -49.4331  255 255 255
-94.2412 120.804 -40.8068  255 255 255
-94.2 120.84 -41.7687  255 255 255
-13.9708 107.814 -35.6752  255 255 255
5.01725 111.459 -44.5237  255 255 255
8.08749 110.504 -44.9283  255 255 255
-97.8826 118.084 -41.9682  255 255 255
18.7592 110.786 -48.7768  255 255 255
-113.366 123.723 -51.8132  255 255 255
-113.366 123.723 -51.8132  255 255 255
-113.485 122.306 -51.8822  255 255 255
-0.884008 102.301 -38.7409  255 255 255
-113.517 119.783 -50.4082  255 255 255
-157.442 140.993 -80.7466  255 255 255
-121.441 121.464 -53.587  255 255 255
-144.153 136.757 -77.1027  255 255 255
-146.136 136.564 -78.2191  255 255 255
-157.069 138.38 -79.6786  255 255 255
-149.08 134.759 -75.6716  255 255 255
-115.517 112.293 -46.973  255 255 255
34.9449 102.318 -54.246  255 255 255
32.5367 101.669 -53.3826  255 255 255
-19.485 103.138 -50.5273  255 255 255
37.5143 101.899 -58.3161  255 255 255
-116.568 105.956 -44.1617  255 255 255
8.47507 93.9831 -43.6127  255 255 255
1.31905 91.8197 -38.5942  255 255 255
36.9683 99.8558 -59.9962  255 255 255
47.9423 102.148 -65.8489  255 255 255
51.638 102.59 -68.1073  255 255 255
37.121 98.6093 -60.0003  255 255 255
9.12481 92.7018 -45.9543  255 255 255
17.6963 93.385 -50.9191  255 255 255
19.2297 93.7138 -52.1597  255 255 255
8.74776 90.7656 -47.2391  255 255 255
5.05504 89.7608 -45.2724  255 255 255
51.187 97.7735 -72.0378  255 255 255
8.2474 88.5496 -48.7637  255 255 255
19.2923 91.0226 -55.952  255 255 255
-30.5522 79.1038 -25.4698  255 255 255
62.116 98.5173 -79.5957  255 255 255
-97.9617 79.1047 -16.5552  255 255 255
36.6964 92.5102 -65.9486  255 255 255
42.1378 93.1209 -69.8436  255 255 255
12.6656 86.6713 -54.1037  255 255 255
-55.4035 70.1254 -15.9806  255 255 255
-34.9032 20.5203 88.371  255 255 255
30.4635 84.7679 -68.8312  255 255 255
19.9133 82.2591 -63.196  255 255 255
-80.0259 62.0103 -3.98665  255 255 255
53.3533 87.5207 -83.1271  255 255 255
27.3296 82.7262 -68.6859  255 255 255
-44.1971 66.6394 -26.6689  255 255 255
-73.3488 61.2385 -10.0844  255 255 255
57.4729 84.9 -88.0379  255 255 255
12.3339 76.5141 -63.0378  255 255 255
12.3339 76.5141 -63.0378  255 255 255
-63.9614 61.4191 -16.8448  255 255 255
-41.9821 65.4621 -30.4082  255 255 255
0.917344 72.8971 -56.4287  255 255 255
-37.7979 65.5855 -32.9432  255 255 255
-0.163198 72.5407 -56.5312  255 255 255
-0.895457 72.1343 -55.7009  255 255 255
-80.3721 56.9192 -6.87382  255 255 255
-46.5091 63.3682 -28.3914  255 255 255
-91.2245 60.1245 -15.85  255 255 255
-66.8238 58.4279 -18.2085  255 255 255
-52.7798 60.7553 -26.0934  255 255 255
-52.7798 60.7553 -26.0934  255 255 255
-40.0122 62.2183 -35.0064  255 255 255
37.9855 72.4587 -85.5445  255 255 255
-56.0135 56.3321 -27.7668  255 255 255
-75.0997 52.0687 -16.156  255 255 255
-5.85991 64.3649 -60.8724  255 255 255
-5.33293 63.8448 -61.2662  255 255 255
25.1419 68.2891 -79.94  255 255 255
-74.1861 51.6669 -17.8828  255 255 255
10.1611 65.6627 -71.5737  255 255 255
43.973 68.9685 -92.6367  255 255 255
-41.4905 55.4237 -39.8604  255 255 255
-3.31775 59.1382 -66.3385  255 255 255
-66.8233 46.2606 -28.0437  255 255 255
-79.5723 44.2516 -20.4233  255 255 255
-34.9329 50.1315 -49.1781  255 255 255
-35.8418 50.0395 -48.8834  255 255 255
-41.3904 48.4446 -45.8898  255 255 255
-152.8 66.7007 -97.3465  255 255 255
-50.0204 43.0323 -43.4871  255 255 255
-60.1764 40.3429 -37.3932  255 255 255
-82.9503 34.7609 -24.6884  255 255 255
-53.5329 34.6972 -48.3094  255 255 255
-3.2313 26.0711 -61.614  255 255 255
-59.6903 25.5395 -51.9801  255 255 255
-3.90438 16.1249 -50.8329  255 255 255
82.5506 216.364 -167.836  255 255 255
81.2441 216.428 -170.027  255 255 255
-37.7912 131.984 -38.2002  255 255 255
-47.1402 159.582 -75.3372  255 255 255
-57.2212 156.087 -70.6488  255 255 255
-96.5074 138.492 -46.3788  255 255 255
-1.72493 127.792 -47.1479  255 255 255
-6.36464 127.534 -46.3184  255 255 255
-11.8525 124.111 -43.1176  255 255 255
-94.336 121.374 -40.4208  255 255 255
11.3995 114.834 -48.3757  255 255 255
4.70197 111.526 -43.5406  255 255 255
11.1939 112.838 -47.094  255 255 255
8.24465 112.05 -45.9021  255 255 255
6.12301 110.813 -44.4074  255 255 255
10.8245 107.893 -44.7759  255 255 255
-57.9811 99.7407 -21.112  255 255 255
-74.4984 96.9136 -14.3515  255 255 255
-111.131 121.915 -51.709  255 255 255
-111.186 120.566 -51.2447  255 255 255
-43.6717 93.7671 -19.3741  255 255 255
-27.6603 51.3358 49.4564  255 255 255
-115.167 110.143 -46.7813  255 255 255
-2.27676 90.2869 -38.3164  255 255 255
47.0557 100.655 -66.4812  255 255 255
19.6289 94.7339 -51.9677  255 255 255
-7.45057 87.1457 -35.3602  255 255 255
-6.27864 87.5799 -36.5692  255 255 255
25.4251 87.4493 -62.3811  255 255 255
-56.3372 68.6512 -16.27  255 255 255
44.7461 87.7502 -76.3903  255 255 255
39.1653 86.4116 -73.9655  255 255 255
-52.0191 66.3272 -21.2979  255 255 255
-66.0639 63.443 -13.0239  255 255 255
-51.1304 66.5295 -22.3244  255 255 255
-44.4368 65.3836 -28.6916  255 255 255
-78.7993 58.3555 -8.08459  255 255 255
-5.3581 71.8675 -52.8946  255 255 255
-10.6425 70.7442 -49.8328  255 255 255
-91.1761 60.6571 -15.6182  255 255 255
-153.993 91.0408 -108.685  255 255 255
-154.08 89.889 -109.594  255 255 255
-62.888 44.7653 -32.1714  255 255 255
-46.6684 44.134 -45.4763  255 255 255
-13.6258 37.3669 -73.6404  255 255 255
-52.3602 30.2434 -53.6914  255 255 255
-66.0373 22.8741 -49.4965  255 255 255
-6.47316 13.8829 -47.4239  255 255 255
-34.9878 212.557 -121.195  255 255 255
27.9725 215.367 -142.921  255 255 255
27.9725 215.367 -142.921  255 255 255
-30.7116 189.169 -111.817  255 255 255
-43.0693 185.911 -106.876  255 255 255
90.152 212.632 -165.753  255 255 255
-73.1502 147.004 -60.4931  255 255 255
-97.266 140.706 -49.1701  255 255 255
-10.8205 125.644 -44.0795  255 255 255
-15.8697 123.303 -41.3154  255 255 255
-5.91443 124.971 -45.7755  255 255 255
-4.25551 124.249 -45.4333  255 255 255
-11.0489 122.164 -42.517  255 255 255
15.5336 123.364 -52.2741  255 255 255
-82.6396 116.77 -28.7501  255 255 255
-14.9738 116.193 -38.9839  255 255 255
11.1667 118.521 -48.7263  255 255 255
10.8883 115.238 -47.4784  255 255 255
-93.0366 121.249 -41.04  255 255 255
12.736 115.161 -48.6111  255 255 255
5.98319 113.492 -45.737  255 255 255
-99.9642 119.843 -39.2169  255 255 255
-8.03556 108.392 -38.4606  255 255 255
-12.3923 106.8 -36.0555  255 255 255
0.601756 104.829 -40.286  255 255 255
-5.68795 102.102 -36.9111  255 255 255
2.90462 103.076 -40.2135  255 255 255
-2.94529 101.248 -37.5024  255 255 255
-99.7766 113.639 -44.7979  255 255 255
6.02338 99.6887 -39.4503  255 255 255
23.1394 100.959 -47.1013  255 255 255
-135.401 122.978 -61.1809  255 255 255
-111.954 106.685 -45.7036  255 255 255
9.44023 91.1681 -47.5879  255 255 255
-119.322 97.0721 -42.3986  255 255 255
58.3192 96.9012 -78.4714  255 255 255
-33.5371 77.9484 -25.402  255 255 255
-48.4563 74.3628 -18.0275  255 255 255
47.4179 91.9849 -74.1305  255 255 255
-4.83045 80.9384 -44.5864  255 255 255
-54.6135 67.459 -18.6246  255 255 255
-73.3632 61.6509 -9.91746  255 255 255
-47.1799 65.4725 -25.6002  255 255 255
-78.3127 58.4395 -8.67668  255 255 255
-50.5358 59.8036 -28.5081  255 255 255
-50.5067 59.7728 -28.4689  255 255 255
-44.5749 61.146 -32.3158  255 255 255
45.4475 73.9736 -89.5721  255 255 255
-154.697 67.2025 -97.6469  255 255 255
-123.986 49.4818 -78.624  255 255 255
-127.922 49.271 -79.5117  255 255 255
8.4489 29.8082 -66.9622  255 255 255
-64.0975 21.8691 -51.6916  255 255 255
-33.3108 21.6893 -54.8142  255 255 255
-38.7917 14.707 -46.1077  255 255 255
-59.7028 196.044 -111.751  255 255 255
-21.6139 112.375 -38.0197  255 255 255
0.661504 107.684 -40.7256  255 255 255
-22.2122 95.5678 -32.2265  255 255 255
51.343 106.84 -64.1685  255 255 255
8.50548 96.5792 -41.0256  255 255 255
25.1699 99.7046 -50.6081  255 255 255
12.4596 92.4579 -49.2581  255 255 255
-6.14342 87.0452 -36.9574  255 255 255
8.80131 87.0642 -50.5235  255 255 255
-82.5068 63.9002 1.43623  255 255 255
-74.8222 64.9548 -4.08688  255 255 255
-20.264 75.8103 -37.7308  255 255 255
-101.012 73.5076 -25.5119  255 255 255
-137.978 90.6933 -80.6143  255 255 255
-71.571 54.1424 -17.2681  255 255 255
-66.3906 42.0843 -31.7822  255 255 255
-74.2771 187.542 -102.713  255 255 255
92.0554 210.621 -166.5  255 255 255
-49.2133 144.998 -66.8025  255 255 255
-49.1507 144.741 -66.5193  255 255 255
16.6315 127.556 -53.6428  255 255 255
12.0433 118.66 -48.7316  255 255 255
21.5888 113.269 -50.8081  255 255 255
-43.4454 87.7466 -21.4782  255 255 255
-8.81446 86.1056 -37.2577  255 255 255
16.6363 88.0733 -55.0382  255 255 255
-82.9519 70.1807 -3.40818  255 255 255
-38.0096 76.7914 -23.5474  255 255 255
-81.9696 68.6979 -2.76959  255 255 255
0.389732 84.1637 -47.5661  255 255 255
-76.0944 40.9591 -25.4353  255 255 255
-50.5731 189.823 -104.894  255 255 255
-44.9408 150.553 -70.8208  255 255 255
10.7232 116.295 -47.9403  255 255 255
-68.2166 20.8989 -49.4333  255 255 255
-25.8776 194.53 -106.757  255 255 255
-57.7042 153.914 -67.3888  255 255 255
-80.7391 143.24 -56.4714  255 255 255
-3.29379 90.0931 -37.4552  255 255 255
60.4118 90.3396 -85.4372  255 255 255
95.4801 213.377 -167.107  255 255 255
95.4801 213.377 -167.107  255 255 255
18.8641 126.739 -54.8166  255 255 255
16.0061 119.191 -52.3339  255 255 255
15.9361 118.666 -51.6765  255 255 255
-97.0304 121.238 -38.5486  255 255 255
9.26665 110.747 -46.2618  255 255 255
-23.121 41.8408 -60.421  255 255 255
2.063 103.863 -40.8722  255 255 255
24.3397 95.634 -53.0686  255 255 255
-65.3835 104.389 -18.9882  255 255 255
-5.14389 89.2183 -35.959  255 255 255
-1.22984 50.2845 6.4663  255 255 255
14.5923 68.6799 -71.5181  255 255 255
-13.1075 58.8537 -59.4561  255 255 255
-71.142 38.9389 -31.7203  255 255 255
-58.8867 33.4693 -44.0637  255 255 255
-58.8867 33.4693 -44.0637  255 255 255
-56.8545 33.5629 -46.1377  255 255 255
-53.3162 33.4912 -49.1822  255 255 255
-53.455 33.1887 -49.2062  255 255 255
-53.455 33.1887 -49.2062  255 255 255
-61.9834 33.3071 -42.6911  255 255 255
46.3334 1.16972 -15.8813  255 255 255
-69.8475 31.2099 -39.5313  255 255 255
-64.7233 30.773 -42.5249  255 255 255
-64.7233 30.773 -42.5249  255 255 255
-9.66738 -0.45889 25.5793  255 255 255
-66.2815 28.4779 -43.3758  255 255 255
-65.5578 28.576 -44.8714  255 255 255
-66.5933 27.9978 -43.6765  255 255 255
-70.1609 27.2275 -42.6723  255 255 255
-70.1886 27.0478 -43.1292  255 255 255
-73.0754 27.6261 -44.5677  255 255 255
3.34603 -9.04409 34.223  255 255 255
-18.935 12.6014 -45.6049  255 255 255
55.8065 -15.7779 -5.92247  255 255 255
-3.7564 -11.5025 35.4719  255 255 255
52.6283 -17.9693 -14.5886  255 255 255
-2.7652 -13.9103 35.9412  255 255 255
1.78402 -15.1861 35.9361  255 255 255
-36.7642 4.9201 -34.5575  255 255 255
17.8464 -18.9084 27.6103  255 255 255
56.1254 -22.5066 -9.78146  255 255 255
56.3767 -23.5361 -9.83791  255 255 255
1.17646 -20.5288 35.4028  255 255 255
4.85583 -22.6061 33.9841  255 255 255
8.03054 -23.9663 34.4327  255 255 255
52.8601 -32.0276 -0.846526  255 255 255
-4.42486 -22.5719 34.8759  255 255 255
-7.56049 -25.8271 36.0028  255 255 255
-23.3209 -21.6521 29.9544  255 255 255
-23.5696 -23.1412 31.9695  255 255 255
-3.67535 -30.7288 38.5328  255 255 255
-1.73701 -33.65 36.8612  255 255 255
3.17549 -37.8521 32.7943  255 255 255
-10.4945 -34.4735 33.8797  255 255 255
-44.7015 -26.0099 0.626097  255 255 255
-54.168 -23.7243 -1.53988  255 255 255
-54.5568 -23.814 -1.26419  255 255 255
-44.6625 -26.4202 1.00536  255 255 255
-56.8944 -23.3373 -1.64814  255 255 255
40.0983 -50.994 21.85  255 255 255
-65.8968 -22.3924 -2.07525  255 255 255
54.1046 70.617 -94.4776  255 255 255
18.4063 66.7824 -74.2922  255 255 255
6.73591 63.0517 -67.5876  255 255 255
-52.5689 55.537 -31.9711  255 255 255
-54.234 40.644 -43.3854  255 255 255
-71.2199 38.3953 -31.8688  255 255 255
-70.5908 36.0496 -34.1904  255 255 255
-2.39012 18.4242 -50.7407  255 255 255
-72.5287 26.2407 -46.7583  255 255 255
4.37035 -12.2557 34.7646  255 255 255
-21.0607 -1.04681 6.17766  255 255 255
-17.3777 -11.4598 27.8632  255 255 255
-33.1368 -8.96923 -17.9017  255 255 255
-8.66639 1.77317 22.07  255 255 255
9.25125 -5.12946 29.2771  255 255 255
-61.8787 28.3632 -62.4447  255 255 255
-25.8917 -17.8862 25.3299  255 255 255
-18.4362 -21.6851 31.1616  255 255 255
-19.9615 -31.0306 29.2562  255 255 255
-44.1907 -26.4803 0.764889  255 255 255
-43.2604 -29.5771 4.45163  255 255 255
10.0961 25.8325 -62.9825  255 255 255
-29.5016 -30.8622 13.6046  255 255 255
-7.3986 43.9469 -71.874  255 255 255
-50.9269 37.2501 -48.3327  255 255 255
52.7715 -17.5723 -13.6062  255 255 255
-44.0396 -30.2425 4.99638  255 255 255
11.6754 -12.5343 30.4695  255 255 255
-18.0401 -15.5172 27.0788  255 255 255
71.6333 76.3385 -107.309  255 255 255
-7.38788 28.465 -64.2068  255 255 255
-32.9255 23.562 -56.6157  255 255 255
48.7256 10.0313 -45.0835  255 255 255
-84.2583 21.6299 -37.8168  255 255 255
-63.1436 16.0711 -46.4859  255 255 255
-13.5721 -6.90779 29.4142  255 255 255
-68.3414 -5.98649 -21.208  255 255 255
-75.6078 -7.00379 -19.9725  255 255 255
-75.7642 -7.35949 -19.476  255 255 255
-15.3655 -17.9978 30.4692  255 255 255
-41.2831 -15.0493 -12.823  255 255 255
-14.938 -18.363 30.8173  255 255 255
-58.5479 -13.9459 -12.6906  255 255 255
-42.4216 -15.7116 -11.9512  255 255 255
-12.9133 -19.4882 32.0514  255 255 255
-70.5834 -14.0743 -12.2337  255 255 255
-0.312191 -23.444 34.9863  255 255 255
-10.0088 -22.8287 34.9859  255 255 255
-37.7422 -36.8811 13.6232  255 255 255
45.8212 15.1116 -49.0025  255 255 255
-41.6388 -13.8247 -14.2642  255 255 255
-51.9223 -22.7755 -3.11967  255 255 255
-71.5884 -23.8024 -0.828125  255 255 255
-41.3711 -5.66622 -23.2118  255 255 255
-70.1012 -14.5071 -11.6186  255 255 255
-54.3981 -25.0954 -0.664348  255 255 255
48.544 11.207 -44.6696  255 255 255
-60.6834 -4.61544 -23.3909  255 255 255
-66.0209 -8.48858 -18.9905  255 255 255
-39.9768 -16.982 -10.3182  255 255 255
-8.98723 -14.5038 34.4427  255 255 255
-41.4763 -40.0627 15.9531  255 255 255
-39.1832 -43.5017 19.4238  255 255 255
-40.0358 -44.6289 21.0109  255 255 255
8.40586 26.5358 -61.6086  255 255 255
-83.2753 33.0608 -27.9927  255 255 255
-48.7365 29.4587 -59.1477  255 255 255
-45.8187 28.8343 -61.4276  255 255 255
-48.2596 25.6296 -58.4523  255 255 255
-34.0666 18.1475 -50.5329  255 255 255
-46.265 13.1454 -44.7239  255 255 255
-27.9801 26.4471 -60.8441  255 255 255
